meeting_key,session_key,stint_number,driver_number,lap_start,lap_end,compound,tyre_age_at_start,stint_id,stint_length_laps
1141,7953,1,2,1,12,SOFT,0,7953_2_1,12
1141,7953,1,22,1,10,SOFT,0,7953_22_1,10
1141,7953,1,23,1,11,SOFT,0,7953_23_1,11
1141,7953,1,63,1,13,SOFT,3,7953_63_1,13
1141,7953,1,18,1,15,SOFT,3,7953_18_1,15
1141,7953,1,4,1,10,SOFT,0,7953_4_1,10
1141,7953,1,24,1,12,SOFT,0,7953_24_1,12
1141,7953,1,44,1,12,SOFT,3,7953_44_1,12
1141,7953,1,14,1,14,SOFT,3,7953_14_1,14
1141,7953,1,20,1,15,HARD,0,7953_20_1,15
1141,7953,1,55,1,13,SOFT,3,7953_55_1,13
1141,7953,1,10,1,9,SOFT,0,7953_10_1,9
1141,7953,1,21,1,11,SOFT,0,7953_21_1,11
1141,7953,1,81,1,13,SOFT,0,7953_81_1,13
1141,7953,1,16,1,13,SOFT,0,7953_16_1,13
1141,7953,1,11,1,17,SOFT,3,7953_11_1,17
1141,7953,1,31,1,12,SOFT,3,7953_31_1,12
1141,7953,1,77,1,11,SOFT,0,7953_77_1,11
1141,7953,1,1,1,14,SOFT,3,7953_1_1,14
1141,7953,1,27,1,11,SOFT,3,7953_27_1,11
1141,7953,2,10,10,25,HARD,0,7953_10_2,16
1141,7953,2,22,11,26,HARD,0,7953_22_2,16
1141,7953,2,4,11,17,HARD,0,7953_4_2,7
1141,7953,2,77,12,29,HARD,0,7953_77_2,18
1141,7953,2,23,12,26,SOFT,0,7953_23_2,15
1141,7953,2,27,12,26,HARD,0,7953_27_2,15
1141,7953,2,21,12,27,HARD,0,7953_21_2,16
1141,7953,2,44,13,30,HARD,0,7953_44_2,18
1141,7953,2,31,13,15,HARD,0,7953_31_2,3
1141,7953,2,2,13,30,SOFT,0,7953_2_2,18
1141,7953,2,24,13,32,HARD,0,7953_24_2,20
1141,7953,2,16,14,33,HARD,0,7953_16_2,20
1141,7953,2,55,14,31,HARD,0,7953_55_2,18
1141,7953,2,63,14,31,HARD,0,7953_63_2,18
1141,7953,2,1,15,36,SOFT,2,7953_1_2,22
1141,7953,2,14,15,34,HARD,0,7953_14_2,20
1141,7953,2,18,16,30,HARD,0,7953_18_2,15
1141,7953,2,20,16,29,HARD,0,7953_20_2,14
1141,7953,3,31,16,32,HARD,0,7953_31_3,17
1141,7953,2,11,18,34,SOFT,2,7953_11_2,17
1141,7953,3,4,18,27,SOFT,3,7953_4_3,10
1141,7953,3,10,26,40,HARD,0,7953_10_3,15
1141,7953,3,23,27,40,HARD,0,7953_23_3,14
1141,7953,3,22,27,40,HARD,0,7953_22_3,14
1141,7953,3,27,27,40,HARD,0,7953_27_3,14
1141,7953,3,21,28,56,HARD,0,7953_21_3,29
1141,7953,4,4,28,37,MEDIUM,0,7953_4_4,10
1141,7953,3,77,30,57,HARD,0,7953_77_3,28
1141,7953,3,20,30,40,SOFT,0,7953_20_3,11
1141,7953,3,44,31,57,HARD,0,7953_44_3,27
1141,7953,3,18,31,57,HARD,0,7953_18_3,27
1141,7953,3,2,31,40,HARD,0,7953_2_3,10
1141,7953,3,55,32,57,HARD,0,7953_55_3,26
1141,7953,3,63,32,57,HARD,0,7953_63_3,26
1141,7953,3,24,33,54,SOFT,3,7953_24_3,22
1141,7953,3,16,34,39,HARD,0,7953_16_3,6
1141,7953,4,31,33,41,HARD,0,7953_31_4,9
1141,7953,3,11,35,57,HARD,0,7953_11_3,23
1141,7953,3,14,35,57,HARD,0,7953_14_3,23
1141,7953,3,1,37,57,HARD,0,7953_1_3,21
1141,7953,5,4,38,47,HARD,0,7953_4_5,10
1141,7953,4,10,41,57,SOFT,0,7953_10_4,17
1141,7953,4,23,41,57,SOFT,0,7953_23_4,17
1141,7953,4,22,41,57,SOFT,3,7953_22_4,17
1141,7953,4,2,41,56,SOFT,0,7953_2_4,16
1141,7953,4,20,41,56,SOFT,0,7953_20_4,16
1141,7953,4,27,41,56,SOFT,3,7953_27_4,16
1141,7953,6,4,48,54,SOFT,4,7953_4_6,7
1141,7953,4,24,55,56,SOFT,3,7953_24_4,2
1141,7953,7,4,55,55,SOFT,6,7953_4_7,1
1142,7779,1,77,1,9,MEDIUM,0,7779_77_1,9
1142,7779,1,63,1,18,MEDIUM,0,7779_63_1,18
1142,7779,1,27,1,11,MEDIUM,0,7779_27_1,11
1142,7779,1,2,1,18,HARD,0,7779_2_1,18
1142,7779,1,23,1,17,MEDIUM,0,7779_23_1,17
1142,7779,1,18,1,13,MEDIUM,0,7779_18_1,13
1142,7779,1,4,1,2,SOFT,0,7779_4_1,2
1142,7779,1,55,1,15,MEDIUM,0,7779_55_1,15
1142,7779,1,24,1,11,MEDIUM,0,7779_24_1,11
1142,7779,1,44,1,18,HARD,0,7779_44_1,18
1142,7779,1,14,1,18,MEDIUM,0,7779_14_1,18
1142,7779,1,20,1,8,MEDIUM,0,7779_20_1,8
1142,7779,1,10,1,14,MEDIUM,0,7779_10_1,14
1142,7779,1,1,1,18,MEDIUM,0,7779_1_1,18
1142,7779,1,21,1,17,MEDIUM,0,7779_21_1,17
1142,7779,1,16,1,16,SOFT,0,7779_16_1,16
1142,7779,1,81,1,1,MEDIUM,0,7779_81_1,1
1142,7779,1,11,1,18,MEDIUM,0,7779_11_1,18
1142,7779,1,22,1,17,MEDIUM,0,7779_22_1,17
1142,7779,1,31,1,16,MEDIUM,0,7779_31_1,16
1142,7779,2,81,2,50,HARD,0,7779_81_2,49
1142,7779,2,4,3,19,HARD,0,7779_4_2,17
1142,7779,2,20,9,50,HARD,0,7779_20_2,42
1142,7779,2,77,10,17,HARD,0,7779_77_2,8
1142,7779,2,24,12,18,HARD,0,7779_24_2,7
1142,7779,2,27,12,50,HARD,0,7779_27_2,39
1142,7779,2,18,14,16,HARD,0,7779_18_2,3
1142,7779,2,10,15,50,HARD,0,7779_10_2,36
1142,7779,2,55,16,50,HARD,0,7779_55_2,35
1142,7779,2,16,17,50,HARD,0,7779_16_2,34
1142,7779,2,31,17,50,HARD,0,7779_31_2,34
1142,7779,2,22,18,50,HARD,0,7779_22_2,33
1142,7779,2,23,18,27,HARD,0,7779_23_2,10
1142,7779,2,21,18,50,HARD,0,7779_21_2,33
1142,7779,3,77,18,35,MEDIUM,0,7779_77_3,18
1142,7779,2,11,19,50,HARD,0,7779_11_2,32
1142,7779,2,14,19,50,HARD,1,7779_14_2,32
1142,7779,2,63,19,50,HARD,0,7779_63_2,32
1142,7779,2,1,19,50,HARD,0,7779_1_2,32
1142,7779,2,44,19,50,MEDIUM,0,7779_44_2,32
1142,7779,2,2,19,50,MEDIUM,0,7779_2_2,32
1142,7779,3,24,19,50,MEDIUM,0,7779_24_3,32
1142,7779,3,4,20,50,MEDIUM,0,7779_4_3,31
1142,7779,4,77,36,49,SOFT,0,7779_77_4,14
1143,7787,1,77,1,1,SOFT,0,7787_77_1,1
1143,7787,1,21,1,8,HARD,0,7787_21_1,8
1143,7787,1,1,1,8,MEDIUM,0,7787_1_1,8
1143,7787,1,27,1,8,MEDIUM,0,7787_27_1,8
1143,7787,1,22,1,8,MEDIUM,0,7787_22_1,8
1143,7787,1,2,1,1,HARD,0,7787_2_1,1
1143,7787,1,11,1,1,HARD,0,7787_11_1,1
1143,7787,1,23,1,6,MEDIUM,0,7787_23_1,6
1143,7787,1,63,1,7,MEDIUM,0,7787_63_1,7
1143,7787,1,18,1,8,MEDIUM,1,7787_18_1,8
1143,7787,1,14,1,8,MEDIUM,1,7787_14_1,8
1143,7787,1,4,1,8,MEDIUM,0,7787_4_1,8
1143,7787,1,24,1,1,SOFT,0,7787_24_1,1
1143,7787,1,55,1,7,MEDIUM,0,7787_55_1,7
1143,7787,1,44,1,8,MEDIUM,0,7787_44_1,8
1143,7787,1,10,1,8,SOFT,0,7787_10_1,8
1143,7787,1,81,1,8,MEDIUM,0,7787_81_1,8
1143,7787,1,31,1,1,SOFT,0,7787_31_1,1
1143,7787,1,20,1,7,MEDIUM,0,7787_20_1,7
1143,7787,2,31,1,8,HARD,0,7787_31_2,8
1143,7787,2,11,1,2,MEDIUM,0,7787_11_2,2
1143,7787,2,2,1,2,MEDIUM,0,7787_2_2,2
1143,7787,2,24,1,8,HARD,0,7787_24_2,8
1143,7787,2,77,1,8,HARD,0,7787_77_2,8
1143,7787,3,2,2,8,HARD,1,7787_2_3,7
1143,7787,3,11,2,8,HARD,0,7787_11_3,7
1143,7787,2,63,7,8,HARD,0,7787_63_2,2
1143,7787,2,55,7,8,HARD,0,7787_55_2,2
1143,7787,2,20,7,8,HARD,0,7787_20_2,2
1143,7787,2,1,8,55,HARD,0,7787_1_2,48
1143,7787,2,44,9,55,HARD,0,7787_44_2,47
1143,7787,2,14,8,55,HARD,0,7787_14_2,48
1143,7787,2,10,8,55,HARD,0,7787_10_2,48
1143,7787,2,27,8,55,HARD,0,7787_27_2,48
1143,7787,2,18,8,55,HARD,0,7787_18_2,48
1143,7787,3,63,8,17,HARD,1,7787_63_3,10
1143,7787,2,22,8,54,HARD,0,7787_22_2,47
1143,7787,2,4,8,55,HARD,0,7787_4_2,48
1143,7787,2,81,8,54,HARD,0,7787_81_2,47
1143,7787,3,55,8,55,HARD,1,7787_55_3,48
1143,7787,3,31,8,55,HARD,7,7787_31_3,48
1143,7787,2,21,8,45,MEDIUM,0,7787_21_2,38
1143,7787,4,11,8,55,HARD,1,7787_11_4,48
1143,7787,3,24,8,54,HARD,7,7787_24_3,47
1143,7787,4,2,8,36,MEDIUM,0,7787_2_4,29
1143,7787,3,77,8,53,HARD,7,7787_77_3,46
1143,7787,3,20,8,52,HARD,1,7787_20_3,45
1143,7787,5,2,36,54,HARD,7,7787_2_5,19
1143,7787,3,21,45,54,SOFT,0,7787_21_3,10
1143,7787,4,77,53,54,SOFT,0,7787_77_4,2
1143,7787,3,81,54,55,SOFT,0,7787_81_3,2
1143,7787,4,24,54,55,SOFT,0,7787_24_4,2
1143,7787,3,22,54,55,SOFT,0,7787_22_3,2
1143,7787,6,2,55,55,SOFT,0,7787_2_6,1
1143,7787,5,77,55,54,SOFT,0,7787_77_5,0
1143,7787,4,21,55,55,SOFT,4,7787_21_4,1
1143,7787,3,1,56,57,SOFT,3,7787_1_3,2
1143,7787,3,44,56,57,SOFT,4,7787_44_3,2
1143,7787,3,14,55,57,SOFT,4,7787_14_3,3
1143,7787,4,55,55,57,SOFT,4,7787_55_4,3
1143,7787,3,10,55,56,SOFT,0,7787_10_3,2
1143,7787,3,18,55,57,SOFT,5,7787_18_3,3
1143,7787,5,11,55,57,SOFT,0,7787_11_5,3
1143,7787,3,4,55,57,SOFT,0,7787_4_3,3
1143,7787,4,31,55,56,SOFT,0,7787_31_4,2
1143,7787,3,27,55,57,SOFT,4,7787_27_3,3
1143,7787,4,81,55,57,SOFT,0,7787_81_4,3
1143,7787,5,24,55,57,SOFT,0,7787_24_5,3
1143,7787,4,22,55,57,SOFT,4,7787_22_4,3
1143,7787,6,77,55,57,SOFT,2,7787_77_6,3
1143,7787,7,2,55,56,SOFT,1,7787_2_7,2
1143,7787,5,21,55,56,SOFT,0,7787_21_5,2
1143,7787,4,1,58,58,SOFT,5,7787_1_4,1
1143,7787,4,14,57,58,SOFT,4,7787_14_4,2
1143,7787,4,44,58,58,SOFT,4,7787_44_4,1
1143,7787,4,18,57,58,SOFT,6,7787_18_4,2
1143,7787,5,55,57,58,SOFT,4,7787_55_5,2
1143,7787,6,11,57,58,SOFT,0,7787_11_6,2
1143,7787,4,27,57,58,SOFT,0,7787_27_4,2
1143,7787,4,4,57,58,SOFT,4,7787_4_4,2
1143,7787,5,22,57,58,SOFT,8,7787_22_5,2
1143,7787,6,24,57,58,SOFT,2,7787_24_6,2
1143,7787,5,81,57,58,SOFT,0,7787_81_5,2
1143,7787,7,77,57,58,SOFT,4,7787_77_7,2
1207,9070,1,20,1,10,MEDIUM,0,9070_20_1,10
1207,9070,1,55,1,11,MEDIUM,0,9070_55_1,11
1207,9070,1,10,1,5,MEDIUM,0,9070_10_1,5
1207,9070,1,16,1,11,MEDIUM,0,9070_16_1,11
1207,9070,1,81,1,8,MEDIUM,0,9070_81_1,8
1207,9070,1,11,1,11,MEDIUM,0,9070_11_1,11
1207,9070,1,31,1,50,HARD,0,9070_31_1,50
1207,9070,1,77,1,6,MEDIUM,0,9070_77_1,6
1207,9070,1,1,1,10,MEDIUM,0,9070_1_1,10
1207,9070,1,21,1,9,HARD,0,9070_21_1,9
1207,9070,1,27,1,49,HARD,0,9070_27_1,49
1207,9070,1,22,1,8,MEDIUM,0,9070_22_1,8
1207,9070,1,2,1,8,MEDIUM,0,9070_2_1,8
1207,9070,1,23,1,7,MEDIUM,0,9070_23_1,7
1207,9070,1,63,1,11,MEDIUM,0,9070_63_1,11
1207,9070,1,18,1,11,MEDIUM,0,9070_18_1,11
1207,9070,1,4,1,9,MEDIUM,0,9070_4_1,9
1207,9070,1,44,1,9,MEDIUM,0,9070_44_1,9
1207,9070,1,24,1,11,MEDIUM,0,9070_24_1,11
1207,9070,1,14,1,11,MEDIUM,0,9070_14_1,11
1207,9070,2,10,6,23,HARD,0,9070_10_2,18
1207,9070,2,77,7,12,HARD,0,9070_77_2,6
1207,9070,2,23,8,51,HARD,0,9070_23_2,44
1207,9070,2,22,9,51,HARD,0,9070_22_2,43
1207,9070,2,81,9,51,HARD,0,9070_81_2,43
1207,9070,2,2,9,51,HARD,0,9070_2_2,43
1207,9070,2,44,10,51,HARD,0,9070_44_2,42
1207,9070,2,4,10,51,HARD,0,9070_4_2,42
1207,9070,2,1,11,51,HARD,0,9070_1_2,41
1207,9070,2,20,11,51,HARD,0,9070_20_2,41
1207,9070,2,11,12,51,HARD,0,9070_11_2,40
1207,9070,2,16,12,51,HARD,0,9070_16_2,40
1207,9070,2,55,12,51,HARD,0,9070_55_2,40
1207,9070,2,14,12,51,HARD,0,9070_14_2,40
1207,9070,2,63,12,49,HARD,0,9070_63_2,38
1207,9070,2,18,12,51,HARD,3,9070_18_2,40
1207,9070,2,24,12,36,HARD,0,9070_24_2,25
1207,9070,3,77,13,34,HARD,0,9070_77_3,22
1207,9070,3,10,24,51,HARD,0,9070_10_3,28
1207,9070,4,77,35,50,MEDIUM,0,9070_77_4,16
1207,9070,3,63,50,51,SOFT,0,9070_63_3,2
1207,9070,2,27,50,50,SOFT,0,9070_27_2,1
1207,9070,2,31,51,51,SOFT,0,9070_31_2,1
1208,9078,1,18,1,42,HARD,1,9078_18_1,42
1208,9078,1,4,1,4,SOFT,0,9078_4_1,4
1208,9078,1,44,1,37,HARD,0,9078_44_1,37
1208,9078,1,55,1,18,MEDIUM,0,9078_55_1,18
1208,9078,1,24,1,31,HARD,0,9078_24_1,31
1208,9078,1,14,1,24,MEDIUM,1,9078_14_1,24
1208,9078,1,20,1,14,MEDIUM,0,9078_20_1,14
1208,9078,1,21,1,15,MEDIUM,0,9078_21_1,15
1208,9078,1,10,1,15,MEDIUM,0,9078_10_1,15
1208,9078,1,81,1,5,SOFT,0,9078_81_1,5
1208,9078,1,16,1,17,MEDIUM,0,9078_16_1,17
1208,9078,1,11,1,20,MEDIUM,0,9078_11_1,20
1208,9078,1,31,1,39,HARD,0,9078_31_1,39
1208,9078,1,77,1,15,MEDIUM,0,9078_77_1,15
1208,9078,1,63,1,17,MEDIUM,0,9078_63_1,17
1208,9078,1,1,1,45,HARD,0,9078_1_1,45
1208,9078,1,27,1,33,HARD,0,9078_27_1,33
1208,9078,1,2,1,2,MEDIUM,0,9078_2_1,2
1208,9078,1,22,1,36,HARD,0,9078_22_1,36
1208,9078,1,23,1,22,MEDIUM,0,9078_23_1,22
1208,9078,2,2,3,56,HARD,0,9078_2_2,54
1208,9078,2,4,5,57,HARD,0,9078_4_2,53
1208,9078,2,81,6,56,HARD,0,9078_81_2,51
1208,9078,2,20,15,57,HARD,0,9078_20_2,43
1208,9078,2,10,16,57,HARD,0,9078_10_2,42
1208,9078,2,77,16,57,HARD,0,9078_77_2,42
1208,9078,2,21,16,57,HARD,0,9078_21_2,42
1208,9078,2,63,18,57,HARD,0,9078_63_2,40
1208,9078,2,16,18,57,HARD,0,9078_16_2,40
1208,9078,2,55,19,57,HARD,0,9078_55_2,39
1208,9078,2,11,21,57,HARD,0,9078_11_2,37
1208,9078,2,23,23,57,HARD,0,9078_23_2,35
1208,9078,2,14,25,57,HARD,1,9078_14_2,33
1208,9078,2,24,32,57,MEDIUM,0,9078_24_2,26
1208,9078,2,27,34,57,MEDIUM,0,9078_27_2,24
1208,9078,2,22,37,57,MEDIUM,0,9078_22_2,21
1208,9078,2,44,38,57,MEDIUM,0,9078_44_2,20
1208,9078,2,31,40,57,MEDIUM,0,9078_31_2,18
1208,9078,2,18,43,57,MEDIUM,1,9078_18_2,15
1208,9078,2,1,46,57,MEDIUM,0,9078_1_2,12
1210,9094,1,27,1,1,MEDIUM,0,9094_27_1,1
1210,9094,1,16,1,44,HARD,0,9094_16_1,44
1210,9094,1,2,1,20,MEDIUM,0,9094_2_1,20
1210,9094,1,11,1,1,MEDIUM,0,9094_11_1,1
1210,9094,1,22,1,53,MEDIUM,0,9094_22_1,53
1210,9094,1,63,1,54,HARD,0,9094_63_1,54
1210,9094,1,23,1,18,MEDIUM,0,9094_23_1,18
1210,9094,1,18,1,51,HARD,1,9094_18_1,51
1210,9094,1,44,1,31,MEDIUM,0,9094_44_1,31
1210,9094,1,14,1,54,HARD,1,9094_14_1,54
1210,9094,1,4,1,50,MEDIUM,0,9094_4_1,50
1210,9094,1,24,1,1,SOFT,0,9094_24_1,1
1210,9094,1,55,1,33,HARD,0,9094_55_1,33
1210,9094,1,10,1,47,HARD,0,9094_10_1,47
1210,9094,1,81,1,54,HARD,0,9094_81_1,54
1210,9094,1,31,1,32,MEDIUM,0,9094_31_1,32
1210,9094,1,20,1,56,HARD,0,9094_20_1,56
1210,9094,1,77,1,51,HARD,0,9094_77_1,51
1210,9094,1,1,1,55,MEDIUM,0,9094_1_1,55
1210,9094,1,21,1,53,MEDIUM,0,9094_21_1,53
1210,9094,2,11,1,34,HARD,0,9094_11_2,34
1210,9094,2,24,1,52,HARD,0,9094_24_2,52
1210,9094,2,27,1,54,HARD,0,9094_27_2,54
1210,9094,2,23,18,52,HARD,0,9094_23_2,35
1210,9094,2,2,20,23,HARD,0,9094_2_2,4
1210,9094,3,2,23,52,SOFT,0,9094_2_3,30
1210,9094,2,44,31,54,HARD,0,9094_44_2,24
1210,9094,2,31,32,54,HARD,0,9094_31_2,23
1210,9094,2,55,33,55,MEDIUM,0,9094_55_2,23
1210,9094,3,11,34,53,MEDIUM,1,9094_11_3,20
1210,9094,2,16,44,55,MEDIUM,0,9094_16_2,12
1210,9094,2,10,47,54,MEDIUM,0,9094_10_2,8
1210,9094,2,4,50,54,HARD,0,9094_4_2,5
1210,9094,2,18,51,53,INTERMEDIATE,0,9094_18_2,3
1210,9094,2,77,51,77,INTERMEDIATE,0,9094_77_2,27
1210,9094,3,24,52,77,INTERMEDIATE,0,9094_24_3,26
1210,9094,3,23,52,77,INTERMEDIATE,0,9094_23_3,26
1210,9094,4,2,52,76,INTERMEDIATE,0,9094_2_4,25
1210,9094,2,22,53,76,INTERMEDIATE,0,9094_22_2,24
1210,9094,2,14,54,55,MEDIUM,1,9094_14_2,2
1210,9094,2,21,53,77,INTERMEDIATE,0,9094_21_2,25
1210,9094,2,63,54,78,INTERMEDIATE,0,9094_63_2,25
1210,9094,3,31,54,78,INTERMEDIATE,0,9094_31_3,25
1210,9094,3,44,54,78,INTERMEDIATE,0,9094_44_3,25
1210,9094,4,11,53,57,INTERMEDIATE,0,9094_11_4,5
1210,9094,3,10,54,78,INTERMEDIATE,0,9094_10_3,25
1210,9094,2,1,55,78,INTERMEDIATE,0,9094_1_2,24
1210,9094,2,81,54,77,INTERMEDIATE,0,9094_81_2,24
1210,9094,3,4,54,77,INTERMEDIATE,0,9094_4_3,24
1210,9094,3,14,55,78,INTERMEDIATE,0,9094_14_3,24
1210,9094,3,16,55,78,INTERMEDIATE,0,9094_16_3,24
1210,9094,3,55,55,78,INTERMEDIATE,0,9094_55_3,24
1210,9094,3,27,54,59,INTERMEDIATE,0,9094_27_3,6
1210,9094,2,20,56,70,WET,0,9094_20_2,15
1210,9094,5,11,57,70,WET,0,9094_11_5,14
1210,9094,4,27,59,76,WET,0,9094_27_4,18
1210,9094,6,11,70,76,INTERMEDIATE,0,9094_11_6,7
1211,9102,1,11,1,27,MEDIUM,0,9102_11_1,27
1211,9102,1,31,1,13,SOFT,3,9102_31_1,13
1211,9102,1,77,1,5,SOFT,0,9102_77_1,5
1211,9102,1,21,1,9,SOFT,0,9102_21_1,9
1211,9102,1,1,1,26,MEDIUM,0,9102_1_1,26
1211,9102,1,16,1,16,HARD,0,9102_16_1,16
1211,9102,1,27,1,8,SOFT,3,9102_27_1,8
1211,9102,1,2,1,17,MEDIUM,0,9102_2_1,17
1211,9102,1,22,1,10,SOFT,0,9102_22_1,10
1211,9102,1,23,1,16,SOFT,0,9102_23_1,16
1211,9102,1,63,1,25,SOFT,0,9102_63_1,25
1211,9102,1,18,1,14,SOFT,3,9102_18_1,14
1211,9102,1,24,1,9,SOFT,0,9102_24_1,9
1211,9102,1,44,1,24,SOFT,3,9102_44_1,24
1211,9102,1,14,1,19,SOFT,3,9102_14_1,19
1211,9102,1,20,1,10,SOFT,0,9102_20_1,10
1211,9102,1,4,1,1,SOFT,2,9102_4_1,1
1211,9102,1,55,1,15,SOFT,3,9102_55_1,15
1211,9102,1,10,1,19,SOFT,3,9102_10_1,19
1211,9102,1,81,1,17,SOFT,2,9102_81_1,17
1211,9102,2,4,2,22,HARD,0,9102_4_2,21
1211,9102,2,77,6,39,HARD,0,9102_77_2,34
1211,9102,2,27,9,26,MEDIUM,0,9102_27_2,18
1211,9102,2,24,10,36,HARD,0,9102_24_2,27
1211,9102,2,21,10,38,HARD,0,9102_21_2,29
1211,9102,2,22,11,34,HARD,0,9102_22_2,24
1211,9102,2,20,11,24,MEDIUM,0,9102_20_2,14
1211,9102,2,31,14,35,MEDIUM,0,9102_31_2,22
1211,9102,2,18,15,34,SOFT,0,9102_18_2,20
1211,9102,2,55,16,41,MEDIUM,0,9102_55_2,26
1211,9102,2,16,17,41,SOFT,0,9102_16_2,25
1211,9102,2,23,17,37,HARD,0,9102_23_2,21
1211,9102,2,81,18,39,HARD,0,9102_81_2,22
1211,9102,2,2,18,36,HARD,0,9102_2_2,19
1211,9102,2,14,20,44,SOFT,0,9102_14_2,25
1211,9102,2,10,20,39,MEDIUM,0,9102_10_2,20
1211,9102,3,4,23,50,MEDIUM,0,9102_4_3,28
1211,9102,2,44,25,50,MEDIUM,0,9102_44_2,26
1211,9102,3,20,25,42,HARD,0,9102_20_3,18
1211,9102,2,63,26,45,MEDIUM,0,9102_63_2,20
1211,9102,2,1,27,52,HARD,0,9102_1_2,26
1211,9102,3,27,27,43,HARD,0,9102_27_3,17
1211,9102,2,11,28,50,HARD,0,9102_11_2,23
1211,9102,3,22,35,66,MEDIUM,0,9102_22_3,32
1211,9102,3,18,35,66,HARD,0,9102_18_3,32
1211,9102,3,31,36,66,HARD,0,9102_31_3,31
1211,9102,3,24,37,66,HARD,0,9102_24_3,30
1211,9102,3,2,37,65,HARD,0,9102_2_3,29
1211,9102,3,23,38,65,MEDIUM,0,9102_23_3,28
1211,9102,3,21,39,65,MEDIUM,0,9102_21_3,27
1211,9102,3,81,40,65,MEDIUM,0,9102_81_3,26
1211,9102,3,10,40,66,HARD,0,9102_10_3,27
1211,9102,3,77,40,65,HARD,0,9102_77_3,26
1211,9102,3,55,42,66,HARD,0,9102_55_3,25
1211,9102,3,16,42,66,HARD,0,9102_16_3,25
1211,9102,4,20,43,65,MEDIUM,0,9102_20_4,23
1211,9102,4,27,44,65,MEDIUM,0,9102_27_4,22
1211,9102,3,14,45,66,HARD,0,9102_14_3,22
1211,9102,3,63,46,66,SOFT,3,9102_63_3,21
1211,9102,3,44,51,66,SOFT,3,9102_44_3,16
1211,9102,3,11,51,66,SOFT,0,9102_11_3,16
1211,9102,4,4,51,65,SOFT,0,9102_4_4,15
1211,9102,3,1,53,66,SOFT,2,9102_1_3,14
1212,9110,1,81,1,12,MEDIUM,0,9110_81_1,12
1212,9110,1,22,1,1,MEDIUM,0,9110_22_1,1
1212,9110,1,11,1,37,HARD,0,9110_11_1,37
1212,9110,1,31,1,12,MEDIUM,0,9110_31_1,12
1212,9110,1,77,1,36,HARD,0,9110_77_1,36
1212,9110,1,63,1,12,MEDIUM,0,9110_63_1,12
1212,9110,1,18,1,11,MEDIUM,0,9110_18_1,11
1212,9110,1,27,1,11,MEDIUM,0,9110_27_1,11
1212,9110,1,2,1,6,MEDIUM,0,9110_2_1,6
1212,9110,1,14,1,12,MEDIUM,0,9110_14_1,12
1212,9110,1,23,1,12,MEDIUM,1,9110_23_1,12
1212,9110,1,55,1,38,MEDIUM,0,9110_55_1,38
1212,9110,1,1,1,12,MEDIUM,0,9110_1_1,12
1212,9110,1,4,1,12,MEDIUM,0,9110_4_1,12
1212,9110,1,24,1,12,MEDIUM,0,9110_24_1,12
1212,9110,1,44,1,12,MEDIUM,0,9110_44_1,12
1212,9110,1,20,1,35,HARD,0,9110_20_1,35
1212,9110,1,10,1,10,SOFT,0,9110_10_1,10
1212,9110,1,21,1,11,MEDIUM,0,9110_21_1,11
1212,9110,1,16,1,39,MEDIUM,0,9110_16_1,39
1212,9110,2,22,1,2,HARD,0,9110_22_2,2
1212,9110,3,22,3,70,HARD,0,9110_22_3,68
1212,9110,2,10,10,33,HARD,0,9110_10_2,24
1212,9110,2,27,11,31,HARD,0,9110_27_2,21
1212,9110,2,18,11,27,HARD,0,9110_18_2,17
1212,9110,2,21,11,50,HARD,0,9110_21_2,40
1212,9110,2,1,12,42,HARD,0,9110_1_2,31
1212,9110,2,14,12,41,HARD,0,9110_14_2,30
1212,9110,2,44,12,40,HARD,0,9110_44_2,29
1212,9110,2,31,12,36,HARD,0,9110_31_2,25
1212,9110,2,81,12,37,HARD,0,9110_81_2,26
1212,9110,2,23,12,70,HARD,0,9110_23_2,59
1212,9110,2,4,12,35,HARD,0,9110_4_2,24
1212,9110,2,24,12,32,HARD,0,9110_24_2,21
1212,9110,2,63,12,53,HARD,0,9110_63_2,42
1212,9110,3,18,27,70,HARD,0,9110_18_3,44
1212,9110,3,27,31,69,HARD,0,9110_27_3,39
1212,9110,3,24,32,69,HARD,0,9110_24_3,38
1212,9110,3,10,33,70,HARD,0,9110_10_3,38
1212,9110,3,4,35,70,HARD,0,9110_4_3,36
1212,9110,2,20,35,53,MEDIUM,0,9110_20_2,19
1212,9110,3,31,36,70,HARD,0,9110_31_3,35
1212,9110,2,77,36,70,MEDIUM,0,9110_77_2,35
1212,9110,2,11,37,68,MEDIUM,0,9110_11_2,32
1212,9110,3,81,37,70,HARD,0,9110_81_3,34
1212,9110,2,55,38,70,HARD,0,9110_55_2,33
1212,9110,2,16,39,70,HARD,0,9110_16_2,32
1212,9110,3,44,40,70,MEDIUM,0,9110_44_3,31
1212,9110,3,14,41,70,HARD,0,9110_14_3,30
1212,9110,3,1,42,70,MEDIUM,0,9110_1_3,29
1212,9110,3,21,50,69,HARD,0,9110_21_3,20
1212,9110,3,20,53,69,MEDIUM,0,9110_20_3,17
1212,9110,3,11,68,70,SOFT,0,9110_11_3,3
1213,9118,1,14,1,2,HARD,0,9118_14_1,2
1213,9118,1,27,1,2,MEDIUM,3,9118_27_1,2
1213,9118,1,18,1,2,MEDIUM,0,9118_18_1,2
1213,9118,1,16,1,2,MEDIUM,0,9118_16_1,2
1213,9118,1,2,1,2,MEDIUM,0,9118_2_1,2
1213,9118,1,22,1,1,MEDIUM,0,9118_22_1,1
1213,9118,1,31,1,2,MEDIUM,0,9118_31_1,2
1213,9118,1,44,1,2,MEDIUM,0,9118_44_1,2
1213,9118,1,20,1,1,HARD,0,9118_20_1,1
1213,9118,1,23,1,2,MEDIUM,0,9118_23_1,2
1213,9118,1,24,1,2,MEDIUM,0,9118_24_1,2
1213,9118,1,55,1,2,MEDIUM,0,9118_55_1,2
1213,9118,1,77,1,2,HARD,0,9118_77_1,2
1213,9118,1,10,1,2,MEDIUM,0,9118_10_1,2
1213,9118,1,1,1,2,MEDIUM,0,9118_1_1,2
1213,9118,1,21,1,2,MEDIUM,0,9118_21_1,2
1213,9118,1,63,1,2,MEDIUM,0,9118_63_1,2
1213,9118,1,4,1,2,MEDIUM,0,9118_4_1,2
1213,9118,1,81,1,2,MEDIUM,0,9118_81_1,2
1213,9118,1,11,1,2,MEDIUM,0,9118_11_1,2
1213,9118,2,20,2,2,MEDIUM,0,9118_20_2,1
1213,9118,2,22,2,2,HARD,0,9118_22_2,1
1213,9118,2,1,3,24,MEDIUM,0,9118_1_2,22
1213,9118,2,55,3,15,MEDIUM,0,9118_55_2,13
1213,9118,2,16,3,15,MEDIUM,0,9118_16_2,13
1213,9118,2,44,3,14,MEDIUM,2,9118_44_2,12
1213,9118,2,4,3,14,MEDIUM,2,9118_4_2,12
1213,9118,2,27,3,11,MEDIUM,0,9118_27_2,9
1213,9118,2,18,3,15,MEDIUM,2,9118_18_2,13
1213,9118,2,14,3,15,HARD,2,9118_14_2,13
1213,9118,2,10,3,14,MEDIUM,0,9118_10_2,12
1213,9118,2,23,3,14,MEDIUM,0,9118_23_2,12
1213,9118,2,11,3,25,MEDIUM,2,9118_11_2,23
1213,9118,2,63,3,14,MEDIUM,2,9118_63_2,12
1213,9118,2,31,3,14,MEDIUM,2,9118_31_2,12
1213,9118,2,24,3,8,MEDIUM,0,9118_24_2,6
1213,9118,2,77,3,21,HARD,0,9118_77_2,19
1213,9118,2,81,3,14,MEDIUM,2,9118_81_2,12
1213,9118,2,2,3,14,MEDIUM,0,9118_2_2,12
1213,9118,2,21,3,12,MEDIUM,2,9118_21_2,10
1213,9118,3,22,3,23,HARD,1,9118_22_3,21
1213,9118,3,20,3,34,HARD,0,9118_20_3,32
1213,9118,3,24,9,38,HARD,0,9118_24_3,30
1213,9118,3,27,12,12,HARD,0,9118_27_3,1
1213,9118,3,21,13,37,HARD,0,9118_21_3,25
1213,9118,3,4,15,41,HARD,0,9118_4_3,27
1213,9118,3,44,15,42,HARD,0,9118_44_3,28
1213,9118,3,10,15,44,HARD,0,9118_10_3,30
1213,9118,3,31,15,40,HARD,0,9118_31_3,26
1213,9118,3,63,15,41,HARD,0,9118_63_3,27
1213,9118,3,23,15,41,HARD,0,9118_23_3,27
1213,9118,3,81,15,22,HARD,0,9118_81_3,8
1213,9118,3,2,15,43,HARD,0,9118_2_3,29
1213,9118,3,16,16,47,MEDIUM,0,9118_16_3,32
1213,9118,3,55,16,45,MEDIUM,0,9118_55_3,30
1213,9118,3,14,16,44,MEDIUM,0,9118_14_3,29
1213,9118,3,18,16,36,HARD,0,9118_18_3,21
1213,9118,3,77,22,40,MEDIUM,0,9118_77_3,19
1213,9118,4,81,23,41,HARD,0,9118_81_4,19
1213,9118,4,22,24,43,HARD,0,9118_22_4,20
1213,9118,3,1,25,49,HARD,0,9118_1_3,25
1213,9118,3,11,26,50,MEDIUM,0,9118_11_3,25
1213,9118,4,20,35,70,HARD,1,9118_20_4,36
1213,9118,4,18,37,54,HARD,0,9118_18_4,18
1213,9118,4,21,38,70,MEDIUM,0,9118_21_4,33
1213,9118,4,24,39,70,HARD,0,9118_24_4,32
1213,9118,4,31,41,70,HARD,0,9118_31_4,30
1213,9118,4,77,41,70,HARD,0,9118_77_4,30
1213,9118,4,4,42,71,HARD,0,9118_4_4,30
1213,9118,4,63,42,71,MEDIUM,0,9118_63_4,30
1213,9118,4,23,42,71,HARD,0,9118_23_4,30
1213,9118,5,81,42,70,MEDIUM,0,9118_81_5,29
1213,9118,4,44,43,71,MEDIUM,0,9118_44_4,29
1213,9118,4,2,44,70,HARD,0,9118_2_4,27
1213,9118,5,22,44,70,MEDIUM,0,9118_22_5,27
1213,9118,4,14,45,71,MEDIUM,0,9118_14_4,27
1213,9118,4,10,45,71,MEDIUM,0,9118_10_4,27
1213,9118,4,55,46,71,HARD,0,9118_55_4,26
1213,9118,4,16,48,71,HARD,0,9118_16_4,24
1213,9118,4,1,50,69,MEDIUM,0,9118_1_4,20
1213,9118,4,11,51,71,HARD,0,9118_11_4,21
1213,9118,5,18,55,71,MEDIUM,0,9118_18_5,17
1213,9118,5,1,70,71,SOFT,3,9118_1_5,2
1214,9126,1,31,1,9,SOFT,0,9126_31_1,9
1214,9126,1,10,1,31,MEDIUM,0,9126_10_1,31
1214,9126,1,21,1,27,SOFT,0,9126_21_1,27
1214,9126,1,77,1,32,HARD,0,9126_77_1,32
1214,9126,1,14,1,33,MEDIUM,1,9126_14_1,33
1214,9126,1,23,1,32,MEDIUM,0,9126_23_1,32
1214,9126,1,18,1,31,MEDIUM,0,9126_18_1,31
1214,9126,1,22,1,14,SOFT,0,9126_22_1,14
1214,9126,1,20,1,31,MEDIUM,0,9126_20_1,31
1214,9126,1,27,1,7,HARD,0,9126_27_1,7
1214,9126,1,2,1,29,MEDIUM,0,9126_2_1,29
1214,9126,1,44,1,33,MEDIUM,0,9126_44_1,33
1214,9126,1,4,1,33,MEDIUM,0,9126_4_1,33
1214,9126,1,55,1,26,MEDIUM,0,9126_55_1,26
1214,9126,1,24,1,24,MEDIUM,0,9126_24_1,24
1214,9126,1,1,1,33,MEDIUM,0,9126_1_1,33
1214,9126,1,81,1,29,MEDIUM,0,9126_81_1,29
1214,9126,1,63,1,28,SOFT,3,9126_63_1,28
1214,9126,1,16,1,18,MEDIUM,0,9126_16_1,18
1214,9126,1,11,1,28,MEDIUM,0,9126_11_1,28
1214,9126,2,27,8,32,MEDIUM,0,9126_27_2,25
1214,9126,2,22,15,32,HARD,0,9126_22_2,18
1214,9126,2,16,19,32,HARD,0,9126_16_2,14
1214,9126,2,24,25,33,HARD,0,9126_24_2,9
1214,9126,2,55,27,52,HARD,0,9126_55_2,26
1214,9126,2,21,28,32,MEDIUM,0,9126_21_2,5
1214,9126,2,63,29,52,MEDIUM,0,9126_63_2,24
1214,9126,2,11,29,52,SOFT,0,9126_11_2,24
1214,9126,2,81,30,52,HARD,0,9126_81_2,23
1214,9126,2,2,30,52,SOFT,0,9126_2_2,23
1214,9126,2,10,32,46,SOFT,3,9126_10_2,15
1214,9126,2,18,32,52,SOFT,3,9126_18_2,21
1214,9126,2,23,33,52,SOFT,4,9126_23_2,20
1214,9126,3,16,33,52,MEDIUM,0,9126_16_3,20
1214,9126,2,77,33,52,SOFT,0,9126_77_2,20
1214,9126,3,22,33,52,SOFT,0,9126_22_3,20
1214,9126,3,21,33,52,SOFT,0,9126_21_3,20
1214,9126,3,27,33,52,SOFT,0,9126_27_3,20
1214,9126,2,1,34,52,SOFT,3,9126_1_2,19
1214,9126,2,4,34,52,HARD,0,9126_4_2,19
1214,9126,2,44,34,52,SOFT,3,9126_44_2,19
1214,9126,2,14,34,52,SOFT,3,9126_14_2,19
1214,9126,3,24,34,36,SOFT,0,9126_24_3,3
1214,9126,4,24,37,52,SOFT,3,9126_24_4,16
1215,9133,1,1,1,23,MEDIUM,3,9133_1_1,23
1215,9133,1,81,1,18,MEDIUM,2,9133_81_1,18
1215,9133,1,23,1,8,MEDIUM,0,9133_23_1,8
1215,9133,1,27,1,16,MEDIUM,3,9133_27_1,16
1215,9133,1,20,1,14,MEDIUM,0,9133_20_1,14
1215,9133,1,11,1,24,HARD,3,9133_11_1,24
1215,9133,1,2,1,13,MEDIUM,0,9133_2_1,13
1215,9133,1,4,1,17,MEDIUM,0,9133_4_1,17
1215,9133,1,55,1,15,SOFT,0,9133_55_1,15
1215,9133,1,77,1,9,MEDIUM,3,9133_77_1,9
1215,9133,1,3,1,18,MEDIUM,3,9133_3_1,18
1215,9133,1,10,1,1,SOFT,0,9133_10_1,1
1215,9133,1,63,1,28,HARD,0,9133_63_1,28
1215,9133,1,14,1,20,MEDIUM,3,9133_14_1,20
1215,9133,1,18,1,9,SOFT,0,9133_18_1,9
1215,9133,1,16,1,17,MEDIUM,3,9133_16_1,17
1215,9133,1,22,1,9,SOFT,0,9133_22_1,9
1215,9133,1,44,1,16,MEDIUM,3,9133_44_1,16
1215,9133,1,31,1,2,MEDIUM,3,9133_31_1,2
1215,9133,1,24,1,10,MEDIUM,3,9133_24_1,10
1215,9133,2,23,9,31,HARD,3,9133_23_2,23
1215,9133,2,18,10,34,HARD,5,9133_18_2,25
1215,9133,2,77,10,40,HARD,5,9133_77_2,31
1215,9133,2,22,10,44,HARD,3,9133_22_2,35
1215,9133,2,24,11,38,HARD,5,9133_24_2,28
1215,9133,2,2,14,34,HARD,3,9133_2_2,21
1215,9133,2,20,15,41,HARD,3,9133_20_2,27
1215,9133,2,55,16,44,HARD,0,9133_55_2,29
1215,9133,2,44,17,49,HARD,0,9133_44_2,33
1215,9133,2,27,17,38,HARD,3,9133_27_2,22
1215,9133,2,4,18,44,HARD,0,9133_4_2,27
1215,9133,2,16,18,43,HARD,0,9133_16_2,26
1215,9133,2,81,19,42,HARD,0,9133_81_2,24
1215,9133,2,3,19,29,HARD,3,9133_3_2,11
1215,9133,2,14,21,43,HARD,4,9133_14_2,23
1215,9133,2,1,24,51,HARD,0,9133_1_2,28
1215,9133,2,11,25,42,MEDIUM,6,9133_11_2,18
1215,9133,2,63,29,46,MEDIUM,0,9133_63_2,18
1215,9133,3,3,30,69,MEDIUM,3,9133_3_3,40
1215,9133,3,23,32,69,HARD,0,9133_23_3,38
1215,9133,3,18,35,69,HARD,4,9133_18_3,35
1215,9133,3,2,35,67,HARD,0,9133_2_3,33
1215,9133,3,27,39,69,HARD,5,9133_27_3,31
1215,9133,3,24,39,69,HARD,5,9133_24_3,31
1215,9133,3,77,41,69,HARD,3,9133_77_3,29
1215,9133,3,20,42,69,HARD,5,9133_20_3,28
1215,9133,3,81,43,70,MEDIUM,3,9133_81_3,28
1215,9133,3,11,43,70,MEDIUM,3,9133_11_3,28
1215,9133,3,16,44,70,HARD,4,9133_16_3,27
1215,9133,3,14,44,70,HARD,0,9133_14_3,27
1215,9133,3,4,45,70,MEDIUM,3,9133_4_3,26
1215,9133,3,55,45,70,HARD,3,9133_55_3,26
1215,9133,3,22,45,69,MEDIUM,0,9133_22_3,25
1215,9133,3,63,47,70,MEDIUM,0,9133_63_3,24
1215,9133,3,44,50,70,MEDIUM,3,9133_44_3,21
1215,9133,3,1,52,70,MEDIUM,3,9133_1_3,19
1216,9141,1,20,1,5,SOFT,0,9141_20_1,5
1216,9141,1,1,1,14,SOFT,0,9141_1_1,14
1216,9141,1,10,1,23,SOFT,0,9141_10_1,23
1216,9141,1,16,1,13,SOFT,0,9141_16_1,13
1216,9141,1,11,1,13,SOFT,0,9141_11_1,13
1216,9141,1,22,1,9,MEDIUM,0,9141_22_1,9
1216,9141,1,31,1,6,SOFT,0,9141_31_1,6
1216,9141,1,77,1,6,SOFT,0,9141_77_1,6
1216,9141,1,63,1,22,MEDIUM,0,9141_63_1,22
1216,9141,1,18,1,20,MEDIUM,0,9141_18_1,20
1216,9141,1,27,1,12,MEDIUM,0,9141_27_1,12
1216,9141,1,2,1,8,SOFT,0,9141_2_1,8
1216,9141,1,14,1,10,MEDIUM,0,9141_14_1,10
1216,9141,1,23,1,7,SOFT,0,9141_23_1,7
1216,9141,1,3,1,5,SOFT,0,9141_3_1,5
1216,9141,1,44,1,12,SOFT,0,9141_44_1,12
1216,9141,1,4,1,5,MEDIUM,0,9141_4_1,5
1216,9141,1,55,1,7,SOFT,0,9141_55_1,7
1216,9141,1,24,1,7,SOFT,0,9141_24_1,7
1216,9141,2,4,6,17,HARD,0,9141_4_2,12
1216,9141,2,3,6,22,MEDIUM,0,9141_3_2,17
1216,9141,2,20,6,25,MEDIUM,0,9141_20_2,20
1216,9141,2,31,7,25,MEDIUM,0,9141_31_2,19
1216,9141,2,77,7,24,MEDIUM,0,9141_77_2,18
1216,9141,2,23,8,23,MEDIUM,0,9141_23_2,16
1216,9141,2,55,8,23,MEDIUM,0,9141_55_2,16
1216,9141,2,24,8,25,MEDIUM,0,9141_24_2,18
1216,9141,2,2,9,24,MEDIUM,0,9141_2_2,16
1216,9141,2,22,10,24,MEDIUM,0,9141_22_2,15
1216,9141,2,14,11,29,MEDIUM,0,9141_14_2,19
1216,9141,2,44,13,27,MEDIUM,0,9141_44_2,15
1216,9141,2,27,13,24,SOFT,0,9141_27_2,12
1216,9141,2,11,14,29,MEDIUM,0,9141_11_2,16
1216,9141,2,16,14,28,MEDIUM,0,9141_16_2,15
1216,9141,2,1,15,30,MEDIUM,0,9141_1_2,16
1216,9141,3,4,18,44,SOFT,0,9141_4_3,27
1216,9141,2,18,21,44,SOFT,0,9141_18_2,24
1216,9141,2,63,23,44,SOFT,0,9141_63_2,22
1216,9141,3,3,23,44,MEDIUM,0,9141_3_3,22
1216,9141,3,23,24,33,MEDIUM,0,9141_23_3,10
1216,9141,2,10,24,44,MEDIUM,0,9141_10_2,21
1216,9141,3,22,25,44,SOFT,0,9141_22_3,20
1216,9141,3,77,25,44,MEDIUM,0,9141_77_3,20
1216,9141,3,27,25,44,SOFT,0,9141_27_3,20
1216,9141,3,2,25,34,MEDIUM,0,9141_2_3,10
1216,9141,3,31,26,44,SOFT,0,9141_31_3,19
1216,9141,3,20,26,44,MEDIUM,0,9141_20_3,19
1216,9141,3,24,26,44,SOFT,0,9141_24_3,19
1216,9141,3,44,28,42,SOFT,0,9141_44_3,15
1216,9141,3,16,29,44,SOFT,0,9141_16_3,16
1216,9141,3,11,30,44,SOFT,0,9141_11_3,15
1216,9141,3,14,30,44,SOFT,0,9141_14_3,15
1216,9141,3,1,31,44,SOFT,0,9141_1_3,14
1216,9141,4,23,34,44,SOFT,0,9141_23_4,11
1216,9141,4,2,35,44,SOFT,0,9141_2_4,10
1216,9141,4,44,43,44,MEDIUM,0,9141_44_4,2
1217,9149,1,14,1,2,SOFT,0,9149_14_1,2
1217,9149,1,18,1,4,SOFT,0,9149_18_1,4
1217,9149,1,40,1,1,SOFT,0,9149_40_1,1
1217,9149,1,27,1,16,SOFT,0,9149_27_1,16
1217,9149,1,20,1,1,SOFT,0,9149_20_1,1
1217,9149,1,22,1,1,SOFT,0,9149_22_1,1
1217,9149,1,24,1,1,SOFT,0,9149_24_1,1
1217,9149,1,10,1,1,SOFT,0,9149_10_1,1
1217,9149,1,1,1,2,SOFT,0,9149_1_1,2
1217,9149,1,81,1,15,SOFT,0,9149_81_1,15
1217,9149,1,63,1,4,SOFT,0,9149_63_1,4
1217,9149,1,23,1,44,SOFT,0,9149_23_1,44
1217,9149,1,16,1,1,SOFT,0,9149_16_1,1
1217,9149,1,44,1,3,MEDIUM,0,9149_44_1,3
1217,9149,1,11,1,1,SOFT,0,9149_11_1,1
1217,9149,1,31,1,2,SOFT,0,9149_31_1,2
1217,9149,1,2,1,14,SOFT,0,9149_2_1,14
1217,9149,1,4,1,3,SOFT,0,9149_4_1,3
1217,9149,1,55,1,2,SOFT,0,9149_55_1,2
1217,9149,1,77,1,16,SOFT,0,9149_77_1,16
1217,9149,2,11,2,12,INTERMEDIATE,0,9149_11_2,11
1217,9149,2,24,2,10,INTERMEDIATE,0,9149_24_2,9
1217,9149,2,10,2,11,INTERMEDIATE,0,9149_10_2,10
1217,9149,2,22,2,10,INTERMEDIATE,5,9149_22_2,9
1217,9149,2,16,2,11,INTERMEDIATE,8,9149_16_2,10
1217,9149,2,20,2,9,INTERMEDIATE,0,9149_20_2,8
1217,9149,2,40,2,10,INTERMEDIATE,5,9149_40_2,9
1217,9149,2,1,3,11,INTERMEDIATE,0,9149_1_2,9
1217,9149,2,14,3,10,INTERMEDIATE,0,9149_14_2,8
1217,9149,2,55,3,10,INTERMEDIATE,7,9149_55_2,8
1217,9149,2,31,3,10,INTERMEDIATE,0,9149_31_2,8
1217,9149,2,4,4,10,INTERMEDIATE,0,9149_4_2,7
1217,9149,2,44,4,9,INTERMEDIATE,0,9149_44_2,6
1217,9149,2,63,5,10,INTERMEDIATE,0,9149_63_2,6
1217,9149,2,18,5,9,INTERMEDIATE,0,9149_18_2,5
1217,9149,3,20,10,35,SOFT,0,9149_20_3,26
1217,9149,3,44,10,45,SOFT,0,9149_44_3,36
1217,9149,3,18,10,16,SOFT,0,9149_18_3,7
1217,9149,3,24,11,37,MEDIUM,0,9149_24_3,27
1217,9149,3,14,11,48,SOFT,0,9149_14_3,38
1217,9149,3,55,11,41,SOFT,0,9149_55_3,31
1217,9149,3,22,11,60,SOFT,0,9149_22_3,50
1217,9149,3,31,11,43,SOFT,0,9149_31_3,33
1217,9149,3,4,11,42,SOFT,0,9149_4_3,32
1217,9149,3,40,11,17,SOFT,0,9149_40_3,7
1217,9149,3,63,11,16,SOFT,0,9149_63_3,6
1217,9149,3,1,12,49,SOFT,0,9149_1_3,38
1217,9149,3,10,12,46,SOFT,0,9149_10_3,35
1217,9149,3,16,12,41,SOFT,0,9149_16_3,30
1217,9149,3,11,13,45,SOFT,0,9149_11_3,33
1217,9149,2,81,16,46,SOFT,0,9149_81_2,31
1217,9149,2,77,17,47,MEDIUM,0,9149_77_2,31
1217,9149,2,27,17,48,MEDIUM,0,9149_27_2,32
1217,9149,4,63,17,60,HARD,0,9149_63_4,44
1217,9149,4,18,17,34,MEDIUM,0,9149_18_4,18
1217,9149,4,40,18,46,MEDIUM,0,9149_40_4,29
1217,9149,5,18,35,60,SOFT,0,9149_18_5,26
1217,9149,4,20,36,60,MEDIUM,0,9149_20_4,25
1217,9149,4,24,38,60,SOFT,0,9149_24_4,23
1217,9149,4,55,42,60,SOFT,2,9149_55_4,19
1217,9149,4,4,43,60,SOFT,3,9149_4_4,18
1217,9149,4,31,44,61,SOFT,0,9149_31_4,18
1217,9149,2,23,45,61,MEDIUM,0,9149_23_2,17
1217,9149,4,11,46,60,SOFT,1,9149_11_4,15
1217,9149,4,44,46,60,SOFT,3,9149_44_4,15
1217,9149,4,10,47,60,SOFT,0,9149_10_4,14
1217,9149,3,81,47,60,MEDIUM,0,9149_81_3,14
1217,9149,5,40,47,59,SOFT,0,9149_40_5,13
1217,9149,3,77,48,59,SOFT,0,9149_77_3,12
1217,9149,4,14,49,61,SOFT,2,9149_14_4,13
1217,9149,3,27,49,60,SOFT,0,9149_27_3,12
1217,9149,4,1,50,61,SOFT,1,9149_1_4,12
1217,9149,4,77,60,63,INTERMEDIATE,0,9149_77_4,4
1217,9149,6,40,60,63,INTERMEDIATE,7,9149_40_6,4
1217,9149,5,11,61,63,INTERMEDIATE,6,9149_11_5,3
1217,9149,5,55,61,64,INTERMEDIATE,15,9149_55_5,4
1217,9149,5,10,61,64,INTERMEDIATE,0,9149_10_5,4
1217,9149,5,44,61,64,INTERMEDIATE,6,9149_44_5,4
1217,9149,5,63,61,63,INTERMEDIATE,12,9149_63_5,3
1217,9149,5,4,61,63,INTERMEDIATE,4,9149_4_5,3
1217,9149,4,81,61,63,INTERMEDIATE,5,9149_81_4,3
1217,9149,4,22,61,63,INTERMEDIATE,5,9149_22_4,3
1217,9149,5,24,61,62,INTERMEDIATE,0,9149_24_5,2
1217,9149,6,18,61,63,INTERMEDIATE,5,9149_18_6,3
1217,9149,4,27,61,63,INTERMEDIATE,3,9149_27_4,3
1217,9149,5,1,62,63,INTERMEDIATE,12,9149_1_5,2
1217,9149,5,20,61,63,INTERMEDIATE,0,9149_20_5,3
1217,9149,5,14,62,64,INTERMEDIATE,3,9149_14_5,3
1217,9149,3,23,62,63,INTERMEDIATE,5,9149_23_3,2
1217,9149,5,31,62,63,WET,0,9149_31_5,2
1217,9149,6,1,64,64,WET,0,9149_1_6,1
1217,9149,6,11,64,64,INTERMEDIATE,6,9149_11_6,1
1217,9149,6,4,64,64,INTERMEDIATE,11,9149_4_6,1
1217,9149,6,63,64,64,INTERMEDIATE,5,9149_63_6,1
1217,9149,4,23,64,64,INTERMEDIATE,5,9149_23_4,1
1217,9149,5,81,64,64,INTERMEDIATE,4,9149_81_5,1
1217,9149,5,22,64,64,INTERMEDIATE,5,9149_22_5,1
1217,9149,6,31,64,64,INTERMEDIATE,0,9149_31_6,1
1217,9149,7,18,64,64,INTERMEDIATE,5,9149_18_7,1
1217,9149,5,27,64,64,INTERMEDIATE,4,9149_27_5,1
1217,9149,7,40,64,64,INTERMEDIATE,0,9149_40_7,1
1217,9149,5,77,64,64,INTERMEDIATE,0,9149_77_5,1
1217,9149,6,20,64,64,INTERMEDIATE,3,9149_20_6,1
1217,9149,7,1,65,72,INTERMEDIATE,4,9149_1_7,8
1217,9149,6,14,65,72,INTERMEDIATE,6,9149_14_6,8
1217,9149,6,10,65,72,INTERMEDIATE,4,9149_10_6,8
1217,9149,7,11,65,72,INTERMEDIATE,7,9149_11_7,8
1217,9149,6,55,65,72,INTERMEDIATE,4,9149_55_6,8
1217,9149,6,44,65,72,INTERMEDIATE,6,9149_44_6,8
1217,9149,7,4,65,72,INTERMEDIATE,12,9149_4_7,8
1217,9149,7,63,65,67,INTERMEDIATE,0,9149_63_7,3
1217,9149,5,23,65,72,INTERMEDIATE,6,9149_23_5,8
1217,9149,6,81,65,72,INTERMEDIATE,5,9149_81_6,8
1217,9149,7,31,65,72,INTERMEDIATE,1,9149_31_7,8
1217,9149,6,22,65,72,INTERMEDIATE,6,9149_22_6,8
1217,9149,6,27,65,72,INTERMEDIATE,5,9149_27_6,8
1217,9149,8,18,65,72,INTERMEDIATE,0,9149_18_8,8
1217,9149,6,77,65,72,INTERMEDIATE,0,9149_77_6,8
1217,9149,8,40,65,72,INTERMEDIATE,8,9149_40_8,8
1217,9149,7,20,65,72,INTERMEDIATE,4,9149_20_7,8
1217,9149,8,63,68,72,INTERMEDIATE,15,9149_63_8,5
1218,9157,1,20,1,12,HARD,4,9157_20_1,12
1218,9157,1,40,1,13,MEDIUM,3,9157_40_1,13
1218,9157,1,1,1,20,MEDIUM,0,9157_1_1,20
1218,9157,1,16,1,20,MEDIUM,0,9157_16_1,20
1218,9157,1,11,1,21,MEDIUM,0,9157_11_1,21
1218,9157,1,31,1,24,MEDIUM,0,9157_31_1,24
1218,9157,1,77,1,25,HARD,3,9157_77_1,25
1218,9157,1,63,1,19,MEDIUM,0,9157_63_1,19
1218,9157,1,18,1,20,MEDIUM,0,9157_18_1,20
1218,9157,1,27,1,14,MEDIUM,3,9157_27_1,14
1218,9157,1,2,1,14,MEDIUM,3,9157_2_1,14
1218,9157,1,14,1,21,MEDIUM,0,9157_14_1,21
1218,9157,1,23,1,15,MEDIUM,3,9157_23_1,15
1218,9157,1,55,1,19,MEDIUM,0,9157_55_1,19
1218,9157,1,24,1,11,MEDIUM,0,9157_24_1,11
1218,9157,1,10,1,10,MEDIUM,0,9157_10_1,10
1218,9157,1,44,1,27,HARD,3,9157_44_1,27
1218,9157,1,81,1,23,MEDIUM,0,9157_81_1,23
1218,9157,1,4,1,22,MEDIUM,0,9157_4_1,22
1218,9157,2,10,11,31,HARD,3,9157_10_2,21
1218,9157,2,24,12,33,HARD,3,9157_24_2,22
1218,9157,2,20,13,33,MEDIUM,0,9157_20_2,21
1218,9157,2,40,14,33,HARD,3,9157_40_2,20
1218,9157,2,2,15,51,HARD,3,9157_2_2,37
1218,9157,2,27,15,39,HARD,5,9157_27_2,25
1218,9157,2,23,16,51,HARD,3,9157_23_2,36
1218,9157,2,63,20,51,HARD,0,9157_63_2,32
1218,9157,2,55,20,51,HARD,0,9157_55_2,32
1218,9157,2,1,21,51,HARD,0,9157_1_2,31
1218,9157,2,16,21,51,HARD,0,9157_16_2,31
1218,9157,2,18,21,51,HARD,4,9157_18_2,31
1218,9157,2,11,22,51,HARD,0,9157_11_2,30
1218,9157,2,14,22,51,HARD,3,9157_14_2,30
1218,9157,2,4,23,51,HARD,4,9157_4_2,29
1218,9157,2,81,24,41,HARD,5,9157_81_2,18
1218,9157,2,31,25,39,HARD,3,9157_31_2,15
1218,9157,2,77,26,51,MEDIUM,3,9157_77_2,26
1218,9157,2,44,28,51,MEDIUM,0,9157_44_2,24
1218,9157,3,10,32,51,MEDIUM,0,9157_10_3,20
1218,9157,3,40,34,51,MEDIUM,0,9157_40_3,18
1218,9157,3,24,34,51,MEDIUM,0,9157_24_3,18
1218,9157,3,20,34,50,MEDIUM,0,9157_20_3,17
1218,9157,3,27,40,50,MEDIUM,3,9157_27_3,11
1218,9157,3,81,42,51,MEDIUM,3,9157_81_3,10
1219,9165,1,10,1,20,MEDIUM,0,9165_10_1,20
1219,9165,1,81,1,20,MEDIUM,0,9165_81_1,20
1219,9165,1,16,1,20,SOFT,3,9165_16_1,20
1219,9165,1,11,1,39,HARD,0,9165_11_1,39
1219,9165,1,31,1,20,MEDIUM,0,9165_31_1,20
1219,9165,1,77,1,40,HARD,0,9165_77_1,40
1219,9165,1,63,1,20,MEDIUM,0,9165_63_1,20
1219,9165,1,27,1,20,MEDIUM,0,9165_27_1,20
1219,9165,1,2,1,19,MEDIUM,0,9165_2_1,19
1219,9165,1,23,1,20,MEDIUM,0,9165_23_1,20
1219,9165,1,4,1,20,MEDIUM,0,9165_4_1,20
1219,9165,1,55,1,20,MEDIUM,0,9165_55_1,20
1219,9165,1,44,1,20,MEDIUM,0,9165_44_1,20
1219,9165,1,24,1,2,SOFT,0,9165_24_1,2
1219,9165,1,14,1,20,MEDIUM,0,9165_14_1,20
1219,9165,1,20,1,20,MEDIUM,0,9165_20_1,20
1219,9165,1,40,1,20,MEDIUM,0,9165_40_1,20
1219,9165,1,1,1,40,HARD,0,9165_1_1,40
1219,9165,2,24,3,20,HARD,0,9165_24_2,18
1219,9165,2,55,21,62,HARD,0,9165_55_2,42
1219,9165,2,2,20,43,HARD,0,9165_2_2,24
1219,9165,2,63,21,44,HARD,0,9165_63_2,24
1219,9165,2,16,21,62,HARD,0,9165_16_2,42
1219,9165,2,4,21,62,HARD,0,9165_4_2,42
1219,9165,2,44,21,44,HARD,0,9165_44_2,24
1219,9165,2,14,21,44,HARD,0,9165_14_2,24
1219,9165,2,31,21,42,HARD,0,9165_31_2,22
1219,9165,2,20,21,43,HARD,0,9165_20_2,23
1219,9165,2,81,21,62,HARD,0,9165_81_2,42
1219,9165,2,40,21,62,HARD,0,9165_40_2,42
1219,9165,2,27,21,62,HARD,0,9165_27_2,42
1219,9165,2,10,21,62,HARD,0,9165_10_2,42
1219,9165,2,23,21,43,HARD,0,9165_23_2,23
1219,9165,3,24,21,62,MEDIUM,0,9165_24_3,42
1219,9165,2,11,40,62,MEDIUM,0,9165_11_2,23
1219,9165,2,1,41,62,MEDIUM,0,9165_1_2,22
1219,9165,2,77,41,51,MEDIUM,0,9165_77_2,11
1219,9165,3,23,44,62,MEDIUM,0,9165_23_3,19
1219,9165,3,20,44,62,SOFT,3,9165_20_3,19
1219,9165,3,2,44,62,MEDIUM,0,9165_2_3,19
1219,9165,3,63,45,61,MEDIUM,0,9165_63_3,17
1219,9165,3,44,45,62,MEDIUM,0,9165_44_3,18
1219,9165,3,14,45,62,SOFT,2,9165_14_3,18
1220,9173,1,20,1,12,MEDIUM,0,9173_20_1,12
1220,9173,1,40,1,10,SOFT,0,9173_40_1,10
1220,9173,1,2,1,2,MEDIUM,0,9173_2_1,2
1220,9173,1,22,1,9,SOFT,3,9173_22_1,9
1220,9173,1,10,1,18,MEDIUM,0,9173_10_1,18
1220,9173,1,23,1,1,MEDIUM,0,9173_23_1,1
1220,9173,1,27,1,8,SOFT,0,9173_27_1,8
1220,9173,1,55,1,18,MEDIUM,0,9173_55_1,18
1220,9173,1,11,1,2,MEDIUM,0,9173_11_1,2
1220,9173,1,24,1,1,SOFT,0,9173_24_1,1
1220,9173,1,4,1,17,MEDIUM,0,9173_4_1,17
1220,9173,1,44,1,16,MEDIUM,0,9173_44_1,16
1220,9173,1,31,1,1,MEDIUM,0,9173_31_1,1
1220,9173,1,77,1,1,SOFT,0,9173_77_1,1
1220,9173,1,63,1,24,MEDIUM,0,9173_63_1,24
1220,9173,1,1,1,16,MEDIUM,0,9173_1_1,16
1220,9173,1,81,1,13,MEDIUM,0,9173_81_1,13
1220,9173,1,14,1,11,SOFT,3,9173_14_1,11
1220,9173,1,16,1,17,MEDIUM,0,9173_16_1,17
1220,9173,1,18,1,14,SOFT,0,9173_18_1,14
1220,9173,2,31,2,28,HARD,0,9173_31_2,27
1220,9173,2,24,2,10,SOFT,0,9173_24_2,9
1220,9173,2,23,2,13,MEDIUM,0,9173_23_2,12
1220,9173,2,77,2,6,SOFT,0,9173_77_2,5
1220,9173,2,11,3,12,HARD,0,9173_11_2,10
1220,9173,2,2,3,5,MEDIUM,2,9173_2_2,3
1220,9173,3,2,6,21,MEDIUM,0,9173_2_3,16
1220,9173,3,77,7,7,HARD,0,9173_77_3,1
1220,9173,2,27,9,21,MEDIUM,0,9173_27_2,13
1220,9173,2,22,10,30,MEDIUM,0,9173_22_2,21
1220,9173,2,40,11,25,MEDIUM,0,9173_40_2,15
1220,9173,3,24,11,29,SOFT,0,9173_24_3,19
1220,9173,2,14,12,25,HARD,0,9173_14_2,14
1220,9173,2,20,13,31,HARD,0,9173_20_2,19
1220,9173,3,11,13,13,SOFT,3,9173_11_3,1
1220,9173,2,81,14,35,HARD,0,9173_81_2,22
1220,9173,3,23,14,26,SOFT,0,9173_23_3,13
1220,9173,2,18,15,20,MEDIUM,0,9173_18_2,6
1220,9173,2,1,17,37,MEDIUM,0,9173_1_2,21
1220,9173,2,44,17,34,HARD,0,9173_44_2,18
1220,9173,2,4,18,36,HARD,0,9173_4_2,19
1220,9173,2,16,18,34,MEDIUM,0,9173_16_2,17
1220,9173,2,55,19,38,MEDIUM,0,9173_55_2,20
1220,9173,2,10,19,34,HARD,0,9173_10_2,16
1220,9173,3,27,22,37,HARD,0,9173_27_3,16
1220,9173,4,2,22,22,HARD,0,9173_2_4,1
1220,9173,2,63,25,53,HARD,0,9173_63_2,29
1220,9173,3,14,26,53,HARD,0,9173_14_3,28
1220,9173,3,40,26,52,HARD,0,9173_40_3,27
1220,9173,3,31,29,53,HARD,0,9173_31_3,25
1220,9173,4,24,30,52,HARD,0,9173_24_4,23
1220,9173,3,22,31,52,HARD,0,9173_22_3,22
1220,9173,3,20,32,52,HARD,0,9173_20_3,21
1220,9173,3,16,35,53,HARD,0,9173_16_3,19
1220,9173,3,44,35,53,HARD,0,9173_44_3,19
1220,9173,3,10,35,53,HARD,0,9173_10_3,19
1220,9173,3,81,36,53,HARD,0,9173_81_3,18
1220,9173,3,4,37,53,HARD,0,9173_4_3,17
1220,9173,3,1,38,53,HARD,0,9173_1_3,16
1220,9173,4,27,38,52,MEDIUM,0,9173_27_4,15
1220,9173,3,55,39,53,HARD,0,9173_55_3,15
1220,9173,4,11,14,14,SOFT,3,9173_11_4,1
1220,9173,5,11,15,15,SOFT,6,9173_11_5,1
1221,9221,1,24,1,18,MEDIUM,0,9221_24_1,18
1221,9221,1,4,1,13,MEDIUM,7,9221_4_1,13
1221,9221,1,10,1,11,MEDIUM,7,9221_10_1,11
1221,9221,1,81,1,12,MEDIUM,6,9221_81_1,12
1221,9221,1,31,1,10,MEDIUM,7,9221_31_1,10
1221,9221,1,20,1,3,SOFT,0,9221_20_1,3
1221,9221,1,40,1,3,SOFT,0,9221_40_1,3
1221,9221,1,77,1,3,SOFT,3,9221_77_1,3
1221,9221,1,1,1,17,MEDIUM,3,9221_1_1,17
1221,9221,1,16,1,12,MEDIUM,8,9221_16_1,12
1221,9221,1,11,1,17,HARD,0,9221_11_1,17
1221,9221,1,22,1,9,MEDIUM,0,9221_22_1,9
1221,9221,1,63,1,1,MEDIUM,7,9221_63_1,1
1221,9221,1,18,1,3,MEDIUM,8,9221_18_1,3
1221,9221,1,27,1,13,MEDIUM,7,9221_27_1,13
1221,9221,1,2,1,13,MEDIUM,0,9221_2_1,13
1221,9221,1,14,1,11,MEDIUM,5,9221_14_1,11
1221,9221,1,23,1,18,MEDIUM,0,9221_23_1,18
1221,9221,2,63,2,14,MEDIUM,7,9221_63_2,13
1221,9221,2,77,4,21,MEDIUM,0,9221_77_2,18
1221,9221,2,40,4,21,HARD,0,9221_40_2,18
1221,9221,2,20,4,21,MEDIUM,0,9221_20_2,18
1221,9221,2,18,4,21,MEDIUM,0,9221_18_2,18
1221,9221,2,22,10,22,MEDIUM,0,9221_22_2,13
1221,9221,2,31,11,25,MEDIUM,5,9221_31_2,15
1221,9221,2,14,12,26,MEDIUM,5,9221_14_2,15
1221,9221,2,10,12,26,MEDIUM,5,9221_10_2,15
1221,9221,2,16,13,25,MEDIUM,0,9221_16_2,13
1221,9221,2,81,13,25,MEDIUM,7,9221_81_2,13
1221,9221,2,4,14,27,MEDIUM,6,9221_4_2,14
1221,9221,2,2,14,26,MEDIUM,0,9221_2_2,13
1221,9221,2,27,14,27,HARD,0,9221_27_2,14
1221,9221,3,63,15,32,MEDIUM,0,9221_63_3,18
1221,9221,2,1,18,34,MEDIUM,3,9221_1_2,17
1221,9221,2,11,18,31,MEDIUM,6,9221_11_2,14
1221,9221,2,23,19,31,MEDIUM,0,9221_23_2,13
1221,9221,2,24,19,35,HARD,0,9221_24_2,17
1221,9221,3,77,22,39,HARD,0,9221_77_3,18
1221,9221,3,18,22,39,HARD,0,9221_18_3,18
1221,9221,3,40,22,39,HARD,0,9221_40_3,18
1221,9221,3,20,22,39,HARD,0,9221_20_3,18
1221,9221,3,22,23,40,HARD,0,9221_22_3,18
1221,9221,3,81,26,43,MEDIUM,0,9221_81_3,18
1221,9221,3,31,26,43,HARD,0,9221_31_3,18
1221,9221,3,16,26,43,HARD,0,9221_16_3,18
1221,9221,3,14,27,44,HARD,0,9221_14_3,18
1221,9221,3,10,27,44,HARD,0,9221_10_3,18
1221,9221,3,2,27,40,HARD,0,9221_2_3,14
1221,9221,3,4,28,44,MEDIUM,0,9221_4_3,17
1221,9221,3,27,28,39,MEDIUM,6,9221_27_3,12
1221,9221,3,11,32,43,MEDIUM,0,9221_11_3,12
1221,9221,3,23,32,44,HARD,0,9221_23_3,13
1221,9221,4,63,33,50,HARD,0,9221_63_4,18
1221,9221,3,1,35,51,HARD,0,9221_1_3,17
1221,9221,3,24,36,52,HARD,0,9221_24_3,17
1221,9221,4,77,40,57,HARD,1,9221_77_4,18
1221,9221,4,18,40,57,MEDIUM,0,9221_18_4,18
1221,9221,4,20,40,56,HARD,0,9221_20_4,17
1221,9221,4,40,40,56,MEDIUM,0,9221_40_4,17
1221,9221,4,27,40,56,HARD,0,9221_27_4,17
1221,9221,4,22,41,56,HARD,0,9221_22_4,16
1221,9221,4,81,44,57,HARD,0,9221_81_4,14
1221,9221,4,16,44,57,MEDIUM,0,9221_16_4,14
1221,9221,4,31,44,57,MEDIUM,0,9221_31_4,14
1221,9221,4,11,44,57,MEDIUM,0,9221_11_4,14
1221,9221,4,4,45,57,HARD,0,9221_4_4,13
1221,9221,4,14,45,57,MEDIUM,0,9221_14_4,13
1221,9221,4,10,45,57,MEDIUM,0,9221_10_4,13
1221,9221,4,23,45,57,HARD,0,9221_23_4,13
1221,9221,5,63,51,57,SOFT,3,9221_63_5,7
1221,9221,4,1,52,57,MEDIUM,0,9221_1_4,6
1221,9221,4,24,53,57,SOFT,0,9221_24_4,5
1222,9213,1,14,1,19,MEDIUM,0,9213_14_1,19
1222,9213,1,3,1,22,MEDIUM,0,9213_3_1,22
1222,9213,1,23,1,10,MEDIUM,3,9213_23_1,10
1222,9213,1,4,1,17,MEDIUM,0,9213_4_1,17
1222,9213,1,55,1,17,MEDIUM,0,9213_55_1,17
1222,9213,1,24,1,9,MEDIUM,0,9213_24_1,9
1222,9213,1,44,1,20,MEDIUM,0,9213_44_1,20
1222,9213,1,10,1,18,MEDIUM,0,9213_10_1,18
1222,9213,1,81,1,10,MEDIUM,0,9213_81_1,10
1222,9213,1,31,1,6,MEDIUM,0,9213_31_1,6
1222,9213,1,20,1,10,MEDIUM,0,9213_20_1,10
1222,9213,1,77,1,10,MEDIUM,0,9213_77_1,10
1222,9213,1,1,1,16,MEDIUM,0,9213_1_1,16
1222,9213,1,16,1,23,MEDIUM,0,9213_16_1,23
1222,9213,1,27,1,19,HARD,0,9213_27_1,19
1222,9213,1,2,1,11,MEDIUM,0,9213_2_1,11
1222,9213,1,22,1,17,MEDIUM,0,9213_22_1,17
1222,9213,1,11,1,17,MEDIUM,0,9213_11_1,17
1222,9213,1,18,1,20,HARD,0,9213_18_1,20
1222,9213,1,63,1,21,MEDIUM,0,9213_63_1,21
1222,9213,2,24,10,27,HARD,0,9213_24_2,18
1222,9213,2,23,11,29,HARD,0,9213_23_2,19
1222,9213,2,77,11,28,HARD,0,9213_77_2,18
1222,9213,2,20,11,29,HARD,0,9213_20_2,19
1222,9213,2,2,12,32,HARD,0,9213_2_2,21
1222,9213,2,1,17,35,MEDIUM,0,9213_1_2,19
1222,9213,2,4,18,34,HARD,0,9213_4_2,17
1222,9213,2,55,18,35,MEDIUM,0,9213_55_2,18
1222,9213,2,11,18,37,MEDIUM,0,9213_11_2,20
1222,9213,2,22,18,34,HARD,0,9213_22_2,17
1222,9213,2,10,19,37,MEDIUM,0,9213_10_2,19
1222,9213,2,14,20,42,MEDIUM,0,9213_14_2,23
1222,9213,2,27,20,34,MEDIUM,0,9213_27_2,15
1222,9213,2,44,21,38,HARD,0,9213_44_2,18
1222,9213,2,18,21,40,MEDIUM,0,9213_18_2,20
1222,9213,2,63,22,39,HARD,0,9213_63_2,18
1222,9213,2,3,23,47,HARD,0,9213_3_2,25
1222,9213,2,16,24,56,HARD,0,9213_16_2,33
1222,9213,3,24,28,55,HARD,0,9213_24_3,28
1222,9213,3,77,29,56,HARD,0,9213_77_3,28
1222,9213,3,23,30,56,MEDIUM,6,9213_23_3,27
1222,9213,3,20,30,55,MEDIUM,0,9213_20_3,26
1222,9213,3,2,33,56,MEDIUM,0,9213_2_3,24
1222,9213,3,4,35,56,HARD,0,9213_4_3,22
1222,9213,3,22,35,54,MEDIUM,0,9213_22_3,20
1222,9213,3,27,35,56,MEDIUM,6,9213_27_3,22
1222,9213,3,1,36,56,HARD,0,9213_1_3,21
1222,9213,3,55,36,56,HARD,0,9213_55_3,21
1222,9213,3,11,38,56,HARD,0,9213_11_3,19
1222,9213,3,10,38,56,HARD,0,9213_10_3,19
1222,9213,3,44,39,56,MEDIUM,0,9213_44_3,18
1222,9213,3,63,40,56,MEDIUM,0,9213_63_3,17
1222,9213,3,18,41,56,MEDIUM,0,9213_18_3,16
1222,9213,3,14,43,49,HARD,0,9213_14_3,7
1222,9213,3,3,48,55,SOFT,0,9213_3_3,8
1222,9213,4,22,55,56,SOFT,0,9213_22_4,2
1223,9181,1,18,1,30,MEDIUM,1,9181_18_1,30
1223,9181,1,23,1,33,HARD,0,9181_23_1,33
1223,9181,1,27,1,23,MEDIUM,0,9181_27_1,23
1223,9181,1,22,1,9,MEDIUM,0,9181_22_1,9
1223,9181,1,20,1,23,MEDIUM,0,9181_20_1,23
1223,9181,1,11,1,1,MEDIUM,0,9181_11_1,1
1223,9181,1,2,1,22,MEDIUM,0,9181_2_1,22
1223,9181,1,31,1,34,HARD,0,9181_31_1,34
1223,9181,1,55,1,30,MEDIUM,0,9181_55_1,30
1223,9181,1,24,1,21,MEDIUM,0,9181_24_1,21
1223,9181,1,44,1,24,MEDIUM,0,9181_44_1,24
1223,9181,1,14,1,29,MEDIUM,1,9181_14_1,29
1223,9181,1,1,1,19,MEDIUM,0,9181_1_1,19
1223,9181,1,3,1,27,MEDIUM,0,9181_3_1,27
1223,9181,1,63,1,26,MEDIUM,0,9181_63_1,26
1223,9181,1,10,1,28,MEDIUM,0,9181_10_1,28
1223,9181,1,77,1,31,MEDIUM,0,9181_77_1,31
1223,9181,1,16,1,31,MEDIUM,0,9181_16_1,31
1223,9181,1,4,1,11,SOFT,0,9181_4_1,11
1223,9181,1,81,1,25,MEDIUM,0,9181_81_1,25
1223,9181,2,22,10,34,HARD,0,9181_22_2,25
1223,9181,2,4,12,33,HARD,0,9181_4_2,22
1223,9181,2,1,20,33,HARD,0,9181_1_2,14
1223,9181,2,24,22,34,HARD,0,9181_24_2,13
1223,9181,2,2,23,34,HARD,0,9181_2_2,12
1223,9181,2,27,24,34,HARD,0,9181_27_2,11
1223,9181,2,20,24,31,HARD,0,9181_20_2,8
1223,9181,2,44,25,34,HARD,0,9181_44_2,10
1223,9181,2,81,26,34,HARD,0,9181_81_2,9
1223,9181,2,63,27,34,HARD,0,9181_63_2,8
1223,9181,2,3,28,34,HARD,0,9181_3_2,7
1223,9181,2,10,29,34,HARD,0,9181_10_2,6
1223,9181,2,14,30,34,HARD,1,9181_14_2,5
1223,9181,2,55,31,34,HARD,0,9181_55_2,4
1223,9181,2,18,31,34,HARD,1,9181_18_2,4
1223,9181,2,16,32,34,HARD,0,9181_16_2,3
1223,9181,2,77,32,34,HARD,0,9181_77_2,3
1223,9181,3,1,34,34,HARD,0,9181_1_3,1
1223,9181,3,4,34,34,MEDIUM,0,9181_4_3,1
1223,9181,2,23,34,34,MEDIUM,0,9181_23_2,1
1223,9181,4,1,35,71,HARD,1,9181_1_4,37
1223,9181,3,16,35,71,HARD,3,9181_16_3,37
1223,9181,3,44,35,71,MEDIUM,4,9181_44_3,37
1223,9181,3,55,35,71,HARD,4,9181_55_3,37
1223,9181,3,81,35,71,MEDIUM,3,9181_81_3,37
1223,9181,3,3,35,71,HARD,7,9181_3_3,37
1223,9181,3,63,35,71,MEDIUM,5,9181_63_3,37
1223,9181,3,22,35,71,HARD,0,9181_22_3,37
1223,9181,3,27,35,71,MEDIUM,0,9181_27_3,37
1223,9181,4,4,35,71,MEDIUM,1,9181_4_4,37
1223,9181,3,10,35,71,HARD,6,9181_10_3,37
1223,9181,3,23,35,71,MEDIUM,1,9181_23_3,37
1223,9181,3,24,35,71,HARD,13,9181_24_3,37
1223,9181,2,31,35,71,MEDIUM,0,9181_31_2,37
1223,9181,3,2,35,70,MEDIUM,0,9181_2_3,36
1223,9181,3,18,35,66,HARD,5,9181_18_3,32
1223,9181,3,77,35,71,HARD,3,9181_77_3,37
1223,9181,3,14,35,47,HARD,6,9181_14_3,13
1224,9205,1,3,1,1,SOFT,0,9205_3_1,1
1224,9205,1,63,1,1,SOFT,3,9205_63_1,1
1224,9205,1,18,1,1,SOFT,0,9205_18_1,1
1224,9205,1,4,1,1,SOFT,3,9205_4_1,1
1224,9205,1,24,1,1,SOFT,0,9205_24_1,1
1224,9205,1,44,1,1,SOFT,3,9205_44_1,1
1224,9205,1,14,1,1,SOFT,3,9205_14_1,1
1224,9205,1,55,1,1,SOFT,2,9205_55_1,1
1224,9205,1,10,1,1,SOFT,2,9205_10_1,1
1224,9205,1,81,1,1,SOFT,2,9205_81_1,1
1224,9205,1,11,1,1,SOFT,3,9205_11_1,1
1224,9205,1,31,1,1,SOFT,3,9205_31_1,1
1224,9205,1,77,1,1,SOFT,0,9205_77_1,1
1224,9205,1,1,1,1,SOFT,3,9205_1_1,1
1224,9205,1,2,1,1,MEDIUM,0,9205_2_1,1
1224,9205,1,27,1,1,SOFT,0,9205_27_1,1
1224,9205,1,22,1,1,SOFT,3,9205_22_1,1
1224,9205,2,1,2,2,SOFT,0,9205_1_2,1
1224,9205,2,44,2,2,SOFT,4,9205_44_2,1
1224,9205,2,4,2,2,SOFT,0,9205_4_2,1
1224,9205,2,18,2,2,SOFT,1,9205_18_2,1
1224,9205,2,14,2,2,SOFT,4,9205_14_2,1
1224,9205,2,11,2,2,SOFT,0,9205_11_2,1
1224,9205,2,63,2,2,SOFT,4,9205_63_2,1
1224,9205,2,55,2,2,SOFT,3,9205_55_2,1
1224,9205,2,31,2,2,SOFT,4,9205_31_2,1
1224,9205,2,77,2,2,SOFT,1,9205_77_2,1
1224,9205,2,22,2,2,SOFT,4,9205_22_2,1
1224,9205,2,10,2,2,SOFT,3,9205_10_2,1
1224,9205,2,24,2,2,SOFT,1,9205_24_2,1
1224,9205,2,2,2,2,MEDIUM,1,9205_2_2,1
1224,9205,2,27,2,2,MEDIUM,0,9205_27_2,1
1224,9205,3,1,3,27,SOFT,3,9205_1_3,25
1224,9205,3,4,3,27,SOFT,0,9205_4_3,25
1224,9205,3,44,3,18,SOFT,3,9205_44_3,16
1224,9205,3,14,3,25,SOFT,3,9205_14_3,23
1224,9205,3,18,3,22,SOFT,3,9205_18_3,20
1224,9205,3,63,3,19,SOFT,3,9205_63_3,17
1224,9205,3,11,3,20,SOFT,3,9205_11_3,18
1224,9205,3,55,3,26,SOFT,4,9205_55_3,24
1224,9205,3,31,3,14,SOFT,3,9205_31_3,12
1224,9205,3,22,3,26,SOFT,0,9205_22_3,24
1224,9205,3,10,3,26,SOFT,3,9205_10_3,24
1224,9205,3,77,3,18,SOFT,0,9205_77_3,16
1224,9205,3,24,3,15,SOFT,0,9205_24_3,13
1224,9205,3,2,3,17,SOFT,0,9205_2_3,15
1224,9205,3,27,3,21,SOFT,3,9205_27_3,19
1224,9205,2,81,2,2,MEDIUM,0,9205_81_2,1
1224,9205,2,3,2,2,SOFT,3,9205_3_2,1
1224,9205,3,81,3,24,MEDIUM,1,9205_81_3,22
1224,9205,3,3,3,26,SOFT,4,9205_3_3,24
1224,9205,4,31,15,31,MEDIUM,0,9205_31_4,17
1224,9205,4,24,16,22,MEDIUM,0,9205_24_4,7
1224,9205,4,2,18,44,SOFT,0,9205_2_4,27
1224,9205,4,44,19,46,MEDIUM,0,9205_44_4,28
1224,9205,4,77,19,39,MEDIUM,0,9205_77_4,21
1224,9205,4,63,20,45,MEDIUM,0,9205_63_4,26
1224,9205,4,11,21,46,MEDIUM,0,9205_11_4,26
1224,9205,4,27,22,46,SOFT,3,9205_27_4,25
1224,9205,4,18,23,52,MEDIUM,0,9205_18_4,30
1224,9205,4,14,26,47,MEDIUM,0,9205_14_4,22
1224,9205,4,81,25,52,SOFT,2,9205_81_4,28
1224,9205,4,55,27,51,MEDIUM,0,9205_55_4,25
1224,9205,4,10,27,46,MEDIUM,0,9205_10_4,20
1224,9205,4,22,27,55,MEDIUM,0,9205_22_4,29
1224,9205,4,1,28,56,MEDIUM,0,9205_1_4,29
1224,9205,4,4,28,59,MEDIUM,3,9205_4_4,32
1224,9205,4,3,27,55,MEDIUM,0,9205_3_4,29
1224,9205,5,31,32,51,SOFT,3,9205_31_5,20
1224,9205,5,2,45,70,SOFT,0,9205_2_5,26
1224,9205,5,63,46,57,SOFT,3,9205_63_5,12
1224,9205,5,11,47,71,SOFT,3,9205_11_5,25
1224,9205,5,44,47,71,SOFT,3,9205_44_5,25
1224,9205,5,10,47,71,SOFT,0,9205_10_5,25
1224,9205,5,27,47,70,SOFT,0,9205_27_5,24
1224,9205,5,14,48,71,SOFT,0,9205_14_5,24
1224,9205,5,55,52,71,SOFT,3,9205_55_5,20
1224,9205,6,31,52,70,SOFT,0,9205_31_6,19
1224,9205,5,18,53,71,SOFT,2,9205_18_5,19
1224,9205,5,81,53,69,SOFT,5,9205_81_5,17
1224,9205,5,22,56,71,SOFT,0,9205_22_5,16
1224,9205,5,1,57,71,SOFT,0,9205_1_5,15
1224,9205,5,3,56,70,SOFT,0,9205_3_5,15
1224,9205,5,4,60,71,SOFT,3,9205_4_5,12
1225,9189,1,10,1,17,MEDIUM,0,9189_10_1,17
1225,9189,1,81,1,16,HARD,1,9189_81_1,16
1225,9189,1,16,1,21,MEDIUM,0,9189_16_1,21
1225,9189,1,11,1,1,MEDIUM,0,9189_11_1,1
1225,9189,1,31,1,20,MEDIUM,0,9189_31_1,20
1225,9189,1,77,1,1,MEDIUM,0,9189_77_1,1
1225,9189,1,63,1,15,MEDIUM,0,9189_63_1,15
1225,9189,1,1,1,16,MEDIUM,0,9189_1_1,16
1225,9189,1,27,1,12,MEDIUM,0,9189_27_1,12
1225,9189,1,22,1,10,SOFT,0,9189_22_1,10
1225,9189,1,2,1,15,MEDIUM,0,9189_2_1,15
1225,9189,1,3,1,17,MEDIUM,0,9189_3_1,17
1225,9189,1,23,1,16,MEDIUM,0,9189_23_1,16
1225,9189,1,18,1,3,SOFT,4,9189_18_1,3
1225,9189,1,55,1,3,MEDIUM,0,9189_55_1,3
1225,9189,1,44,1,17,HARD,0,9189_44_1,17
1225,9189,1,4,1,2,MEDIUM,1,9189_4_1,2
1225,9189,1,24,1,26,HARD,0,9189_24_1,26
1225,9189,1,14,1,1,MEDIUM,0,9189_14_1,1
1225,9189,1,20,1,14,MEDIUM,0,9189_20_1,14
1225,9189,2,11,2,26,HARD,0,9189_11_2,25
1225,9189,2,14,2,26,HARD,0,9189_14_2,25
1225,9189,2,77,2,24,HARD,0,9189_77_2,23
1225,9189,2,18,4,26,HARD,1,9189_18_2,23
1225,9189,2,55,4,26,HARD,0,9189_55_2,23
1225,9189,2,22,11,21,MEDIUM,0,9189_22_2,11
1225,9189,2,27,13,26,HARD,0,9189_27_2,14
1225,9189,2,20,15,26,HARD,0,9189_20_2,12
1225,9189,2,63,16,26,HARD,0,9189_63_2,11
1225,9189,2,2,16,50,HARD,0,9189_2_2,35
1225,9189,2,1,17,26,HARD,0,9189_1_2,10
1225,9189,2,23,17,50,HARD,0,9189_23_2,34
1225,9189,2,81,17,43,HARD,1,9189_81_2,27
1225,9189,2,10,18,50,HARD,0,9189_10_2,33
1225,9189,2,3,18,50,HARD,0,9189_3_2,33
1225,9189,2,44,18,26,MEDIUM,0,9189_44_2,9
1225,9189,2,31,21,50,HARD,0,9189_31_2,30
1225,9189,2,16,22,50,HARD,0,9189_16_2,29
1225,9189,3,22,22,46,HARD,0,9189_22_3,25
1225,9189,3,77,25,50,MEDIUM,0,9189_77_3,26
1225,9189,3,11,27,50,HARD,0,9189_11_3,24
1225,9189,3,1,27,50,HARD,0,9189_1_3,24
1225,9189,3,18,27,50,HARD,0,9189_18_3,24
1225,9189,3,55,27,50,HARD,0,9189_55_3,24
1225,9189,3,63,27,50,HARD,0,9189_63_3,24
1225,9189,3,14,27,50,HARD,0,9189_14_3,24
1225,9189,2,24,27,50,MEDIUM,0,9189_24_2,24
1225,9189,3,20,27,50,HARD,0,9189_20_3,24
1225,9189,3,27,27,45,HARD,0,9189_27_3,19
1225,9189,3,44,27,50,HARD,0,9189_44_3,24
1225,9189,3,81,44,50,MEDIUM,1,9189_81_3,7
1226,9197,1,20,1,5,MEDIUM,0,9197_20_1,5
1226,9197,1,11,1,17,MEDIUM,0,9197_11_1,17
1226,9197,1,44,1,15,MEDIUM,0,9197_44_1,15
1226,9197,1,4,1,14,MEDIUM,0,9197_4_1,14
1226,9197,1,24,1,13,MEDIUM,0,9197_24_1,13
1226,9197,1,31,1,15,MEDIUM,0,9197_31_1,15
1226,9197,1,22,1,22,MEDIUM,0,9197_22_1,22
1226,9197,1,55,1,23,HARD,0,9197_55_1,23
1226,9197,1,3,1,7,MEDIUM,0,9197_3_1,7
1226,9197,1,63,1,14,MEDIUM,0,9197_63_1,14
1226,9197,1,77,1,29,HARD,0,9197_77_1,29
1226,9197,1,10,1,17,MEDIUM,0,9197_10_1,17
1226,9197,1,1,1,16,MEDIUM,0,9197_1_1,16
1226,9197,1,81,1,13,MEDIUM,0,9197_81_1,13
1226,9197,1,14,1,12,MEDIUM,0,9197_14_1,12
1226,9197,1,16,1,17,MEDIUM,0,9197_16_1,17
1226,9197,1,27,1,13,MEDIUM,0,9197_27_1,13
1226,9197,1,18,1,22,HARD,1,9197_18_1,22
1226,9197,1,23,1,16,MEDIUM,1,9197_23_1,16
1226,9197,1,2,1,15,MEDIUM,1,9197_2_1,15
1226,9197,2,20,6,22,HARD,0,9197_20_2,17
1226,9197,2,3,8,31,HARD,0,9197_3_2,24
1226,9197,2,14,13,36,HARD,1,9197_14_2,24
1226,9197,2,81,14,36,HARD,0,9197_81_2,23
1226,9197,2,27,14,33,HARD,0,9197_27_2,20
1226,9197,2,24,14,37,HARD,0,9197_24_2,24
1226,9197,2,4,15,33,HARD,0,9197_4_2,19
1226,9197,2,63,15,34,HARD,0,9197_63_2,20
1226,9197,2,31,16,58,HARD,0,9197_31_2,43
1226,9197,2,44,16,35,HARD,0,9197_44_2,20
1226,9197,2,2,16,41,HARD,0,9197_2_2,26
1226,9197,2,1,17,43,HARD,0,9197_1_2,27
1226,9197,2,23,17,43,HARD,0,9197_23_2,27
1226,9197,2,16,18,35,HARD,0,9197_16_2,18
1226,9197,2,11,18,42,HARD,0,9197_11_2,25
1226,9197,2,10,18,32,HARD,0,9197_10_2,15
1226,9197,2,22,23,58,HARD,0,9197_22_2,36
1226,9197,2,18,23,42,HARD,1,9197_18_2,20
1226,9197,3,20,23,57,HARD,0,9197_20_3,35
1226,9197,2,55,24,56,HARD,0,9197_55_2,33
1226,9197,2,77,30,57,MEDIUM,0,9197_77_2,28
1226,9197,3,3,32,58,HARD,0,9197_3_3,27
1226,9197,3,10,33,58,HARD,0,9197_10_3,26
1226,9197,3,4,34,58,HARD,0,9197_4_3,25
1226,9197,3,27,34,58,HARD,0,9197_27_3,25
1226,9197,3,63,35,58,HARD,0,9197_63_3,24
1226,9197,3,16,36,58,HARD,0,9197_16_3,23
1226,9197,3,44,36,58,HARD,0,9197_44_3,23
1226,9197,3,81,37,58,HARD,0,9197_81_3,22
1226,9197,3,14,37,58,HARD,1,9197_14_3,22
1226,9197,3,24,38,58,MEDIUM,0,9197_24_3,21
1226,9197,3,2,42,58,HARD,0,9197_2_3,17
1226,9197,3,11,43,58,HARD,0,9197_11_3,16
1226,9197,3,18,43,58,MEDIUM,0,9197_18_3,16
1226,9197,3,1,44,58,HARD,0,9197_1_3,15
1226,9197,3,23,44,58,HARD,0,9197_23_3,15
1226,9197,3,55,57,57,SOFT,0,9197_55_3,1
1229,9472,1,1,1,17,SOFT,3,9472_1_1,17
1229,9472,1,3,1,13,SOFT,3,9472_3_1,13
1229,9472,1,14,1,15,SOFT,3,9472_14_1,15
1229,9472,1,10,1,12,SOFT,0,9472_10_1,12
1229,9472,1,81,1,12,SOFT,3,9472_81_1,12
1229,9472,1,18,1,9,SOFT,0,9472_18_1,9
1229,9472,1,27,1,1,SOFT,0,9472_27_1,1
1229,9472,1,22,1,14,SOFT,0,9472_22_1,14
1229,9472,1,31,1,10,SOFT,0,9472_31_1,10
1229,9472,1,4,1,13,SOFT,3,9472_4_1,13
1229,9472,1,2,1,10,SOFT,0,9472_2_1,10
1229,9472,1,77,1,12,SOFT,0,9472_77_1,12
1229,9472,1,63,1,11,SOFT,3,9472_63_1,11
1229,9472,1,23,1,15,SOFT,0,9472_23_1,15
1229,9472,1,16,1,11,SOFT,3,9472_16_1,11
1229,9472,1,44,1,12,SOFT,3,9472_44_1,12
1229,9472,1,20,1,11,SOFT,0,9472_20_1,11
1229,9472,1,11,1,12,SOFT,3,9472_11_1,12
1229,9472,1,24,1,9,SOFT,0,9472_24_1,9
1229,9472,1,55,1,14,SOFT,3,9472_55_1,14
1229,9472,2,27,2,20,HARD,0,9472_27_2,19
1229,9472,2,24,10,28,HARD,0,9472_24_2,19
1229,9472,2,18,10,27,HARD,0,9472_18_2,18
1229,9472,2,31,11,30,HARD,0,9472_31_2,20
1229,9472,2,2,11,28,HARD,0,9472_2_2,18
1229,9472,2,63,12,31,HARD,0,9472_63_2,20
1229,9472,2,16,12,34,HARD,0,9472_16_2,23
1229,9472,2,20,12,32,HARD,0,9472_20_2,21
1229,9472,2,11,13,36,HARD,0,9472_11_2,24
1229,9472,2,81,13,34,HARD,0,9472_81_2,22
1229,9472,2,44,13,33,HARD,0,9472_44_2,21
1229,9472,2,77,13,30,HARD,0,9472_77_2,18
1229,9472,2,10,13,31,HARD,0,9472_10_2,19
1229,9472,2,4,14,33,HARD,0,9472_4_2,20
1229,9472,2,3,14,35,HARD,0,9472_3_2,22
1229,9472,2,55,15,35,HARD,0,9472_55_2,21
1229,9472,2,22,15,34,HARD,0,9472_22_2,20
1229,9472,2,14,16,41,HARD,0,9472_14_2,26
1229,9472,2,23,16,36,HARD,0,9472_23_2,21
1229,9472,2,1,18,37,HARD,0,9472_1_2,20
1229,9472,3,27,21,41,HARD,0,9472_27_3,21
1229,9472,3,18,28,57,HARD,0,9472_18_3,30
1229,9472,3,24,29,56,HARD,0,9472_24_3,28
1229,9472,3,2,29,40,HARD,0,9472_2_3,12
1229,9472,3,31,31,56,HARD,0,9472_31_3,26
1229,9472,3,63,32,57,HARD,0,9472_63_3,26
1229,9472,3,77,31,56,HARD,0,9472_77_3,26
1229,9472,3,10,32,43,HARD,0,9472_10_3,12
1229,9472,3,20,33,56,HARD,0,9472_20_3,24
1229,9472,3,4,34,57,HARD,0,9472_4_3,24
1229,9472,3,44,34,57,HARD,0,9472_44_3,24
1229,9472,3,16,35,57,HARD,0,9472_16_3,23
1229,9472,3,81,35,57,HARD,0,9472_81_3,23
1229,9472,3,22,35,56,HARD,0,9472_22_3,22
1229,9472,3,55,36,57,HARD,0,9472_55_3,22
1229,9472,3,3,36,56,SOFT,0,9472_3_3,21
1229,9472,3,11,37,57,SOFT,0,9472_11_3,21
1229,9472,3,23,37,56,HARD,0,9472_23_3,20
1229,9472,3,1,38,57,SOFT,0,9472_1_3,20
1229,9472,3,14,42,57,HARD,0,9472_14_3,16
1229,9472,4,2,41,55,SOFT,0,9472_2_4,15
1229,9472,4,27,42,56,SOFT,0,9472_27_4,15
1229,9472,4,10,44,56,SOFT,0,9472_10_4,13
1230,9480,1,22,1,7,MEDIUM,0,9480_22_1,7
1230,9480,1,2,1,7,MEDIUM,0,9480_2_1,7
1230,9480,1,11,1,7,MEDIUM,0,9480_11_1,7
1230,9480,1,23,1,7,MEDIUM,0,9480_23_1,7
1230,9480,1,63,1,7,MEDIUM,0,9480_63_1,7
1230,9480,1,18,1,5,MEDIUM,1,9480_18_1,5
1230,9480,1,44,1,36,MEDIUM,0,9480_44_1,36
1230,9480,1,3,1,7,MEDIUM,0,9480_3_1,7
1230,9480,1,14,1,7,MEDIUM,1,9480_14_1,7
1230,9480,1,4,1,37,MEDIUM,0,9480_4_1,37
1230,9480,1,24,1,41,MEDIUM,0,9480_24_1,41
1230,9480,1,10,1,1,MEDIUM,0,9480_10_1,1
1230,9480,1,81,1,7,MEDIUM,0,9480_81_1,7
1230,9480,1,20,1,7,MEDIUM,0,9480_20_1,7
1230,9480,1,31,1,7,MEDIUM,0,9480_31_1,7
1230,9480,1,77,1,7,SOFT,0,9480_77_1,7
1230,9480,1,1,1,7,MEDIUM,0,9480_1_1,7
1230,9480,1,27,1,33,MEDIUM,0,9480_27_1,33
1230,9480,1,16,1,7,MEDIUM,0,9480_16_1,7
1230,9480,1,38,1,7,SOFT,0,9480_38_1,7
1230,9480,2,1,8,50,HARD,0,9480_1_2,43
1230,9480,2,11,8,50,HARD,0,9480_11_2,43
1230,9480,2,16,8,50,HARD,0,9480_16_2,43
1230,9480,2,14,8,50,HARD,1,9480_14_2,43
1230,9480,2,81,8,50,HARD,1,9480_81_2,43
1230,9480,2,63,8,50,HARD,0,9480_63_2,43
1230,9480,2,20,8,50,HARD,0,9480_20_2,43
1230,9480,2,22,8,49,HARD,0,9480_22_2,42
1230,9480,2,38,8,50,HARD,0,9480_38_2,43
1230,9480,2,23,8,50,HARD,0,9480_23_2,43
1230,9480,2,77,8,35,HARD,0,9480_77_2,28
1230,9480,2,2,8,49,HARD,0,9480_2_2,42
1230,9480,2,31,8,49,HARD,0,9480_31_2,42
1230,9480,2,3,8,49,HARD,0,9480_3_2,42
1230,9480,2,27,34,50,HARD,0,9480_27_2,17
1230,9480,3,77,36,49,SOFT,0,9480_77_3,14
1230,9480,2,44,37,50,SOFT,3,9480_44_2,14
1230,9480,2,4,38,50,SOFT,1,9480_4_2,13
1230,9480,2,24,42,49,SOFT,0,9480_24_2,8
1231,9488,1,27,1,17,HARD,0,9488_27_1,17
1231,9488,1,16,1,9,MEDIUM,0,9488_16_1,9
1231,9488,1,11,1,14,MEDIUM,0,9488_11_1,14
1231,9488,1,22,1,9,MEDIUM,0,9488_22_1,9
1231,9488,1,63,1,8,MEDIUM,0,9488_63_1,8
1231,9488,1,18,1,8,MEDIUM,1,9488_18_1,8
1231,9488,1,14,1,17,HARD,1,9488_14_1,17
1231,9488,1,23,1,6,MEDIUM,0,9488_23_1,6
1231,9488,1,3,1,5,SOFT,0,9488_3_1,5
1231,9488,1,4,1,14,MEDIUM,0,9488_4_1,14
1231,9488,1,24,1,6,SOFT,1,9488_24_1,6
1231,9488,1,55,1,16,MEDIUM,0,9488_55_1,16
1231,9488,1,44,1,7,SOFT,0,9488_44_1,7
1231,9488,1,10,1,17,MEDIUM,0,9488_10_1,17
1231,9488,1,81,1,9,MEDIUM,0,9488_81_1,9
1231,9488,1,20,1,7,MEDIUM,0,9488_20_1,7
1231,9488,1,31,1,9,MEDIUM,0,9488_31_1,9
1231,9488,1,77,1,8,MEDIUM,1,9488_77_1,8
1231,9488,1,1,1,3,MEDIUM,0,9488_1_1,3
1231,9488,2,3,5,29,HARD,0,9488_3_2,25
1231,9488,2,23,6,27,HARD,0,9488_23_2,22
1231,9488,2,24,6,35,HARD,1,9488_24_2,30
1231,9488,2,44,7,15,HARD,0,9488_44_2,9
1231,9488,2,20,7,33,HARD,0,9488_20_2,27
1231,9488,2,63,8,45,HARD,0,9488_63_2,38
1231,9488,2,18,8,37,HARD,1,9488_18_2,30
1231,9488,2,77,8,36,HARD,0,9488_77_2,29
1231,9488,2,81,9,39,HARD,1,9488_81_2,31
1231,9488,2,16,9,34,HARD,0,9488_16_2,26
1231,9488,2,22,9,36,HARD,0,9488_22_2,28
1231,9488,2,31,9,16,HARD,0,9488_31_2,8
1231,9488,2,4,14,40,HARD,1,9488_4_2,27
1231,9488,2,11,14,35,HARD,0,9488_11_2,22
1231,9488,2,55,16,41,HARD,0,9488_55_2,26
1231,9488,3,31,16,42,HARD,0,9488_31_3,27
1231,9488,2,14,17,41,MEDIUM,1,9488_14_2,25
1231,9488,2,27,17,35,MEDIUM,0,9488_27_2,19
1231,9488,2,10,17,41,HARD,0,9488_10_2,25
1231,9488,3,23,27,57,HARD,0,9488_23_3,31
1231,9488,3,3,29,57,HARD,0,9488_3_3,29
1231,9488,3,20,33,57,HARD,0,9488_20_3,25
1231,9488,3,16,34,58,HARD,0,9488_16_3,25
1231,9488,3,11,35,58,HARD,0,9488_11_3,24
1231,9488,3,27,35,58,HARD,0,9488_27_3,24
1231,9488,3,24,35,57,HARD,0,9488_24_3,23
1231,9488,3,22,36,58,HARD,0,9488_22_3,23
1231,9488,3,77,36,57,HARD,0,9488_77_3,22
1231,9488,3,18,37,58,HARD,0,9488_18_3,22
1231,9488,3,81,39,58,HARD,1,9488_81_3,20
1231,9488,3,4,40,58,HARD,1,9488_4_3,19
1231,9488,3,55,41,58,HARD,0,9488_55_3,18
1231,9488,3,14,41,58,HARD,1,9488_14_3,18
1231,9488,3,10,41,57,HARD,0,9488_10_3,17
1231,9488,4,31,42,57,HARD,7,9488_31_4,16
1231,9488,3,63,45,56,HARD,0,9488_63_3,12
1232,9496,1,1,1,1,MEDIUM,0,9496_1_1,1
1232,9496,1,81,1,1,MEDIUM,0,9496_81_1,1
1232,9496,1,63,1,1,MEDIUM,0,9496_63_1,1
1232,9496,1,4,1,1,MEDIUM,0,9496_4_1,1
1232,9496,1,44,1,1,MEDIUM,0,9496_44_1,1
1232,9496,1,22,1,1,MEDIUM,0,9496_22_1,1
1232,9496,1,24,1,1,MEDIUM,0,9496_24_1,1
1232,9496,1,77,1,1,SOFT,0,9496_77_1,1
1232,9496,1,10,1,1,SOFT,0,9496_10_1,1
1232,9496,1,14,1,1,SOFT,0,9496_14_1,1
1232,9496,1,27,1,1,SOFT,0,9496_27_1,1
1232,9496,1,18,1,1,SOFT,0,9496_18_1,1
1232,9496,1,11,1,1,MEDIUM,0,9496_11_1,1
1232,9496,1,16,1,1,MEDIUM,0,9496_16_1,1
1232,9496,1,31,1,1,SOFT,0,9496_31_1,1
1232,9496,1,2,1,1,SOFT,0,9496_2_1,1
1232,9496,1,20,1,1,MEDIUM,0,9496_20_1,1
1232,9496,1,55,1,1,MEDIUM,0,9496_55_1,1
1232,9496,2,1,2,16,MEDIUM,1,9496_1_2,15
1232,9496,2,11,2,15,MEDIUM,1,9496_11_2,14
1232,9496,2,4,2,11,MEDIUM,0,9496_4_2,10
1232,9496,2,55,2,15,MEDIUM,0,9496_55_2,14
1232,9496,2,14,2,13,SOFT,1,9496_14_2,12
1232,9496,2,81,2,12,MEDIUM,1,9496_81_2,11
1232,9496,2,44,2,23,HARD,0,9496_44_2,22
1232,9496,2,16,2,26,MEDIUM,0,9496_16_2,25
1232,9496,2,63,2,22,HARD,0,9496_63_2,21
1232,9496,2,77,2,6,SOFT,0,9496_77_2,5
1232,9496,2,27,2,5,SOFT,1,9496_27_2,4
1232,9496,2,22,2,7,SOFT,0,9496_22_2,6
1232,9496,2,31,2,19,HARD,0,9496_31_2,18
1232,9496,2,10,2,16,HARD,0,9496_10_2,15
1232,9496,2,18,2,12,SOFT,0,9496_18_2,11
1232,9496,2,20,2,22,MEDIUM,0,9496_20_2,21
1232,9496,2,2,2,22,HARD,0,9496_2_2,21
1232,9496,2,24,2,7,SOFT,0,9496_24_2,6
1232,9496,3,27,6,33,HARD,0,9496_27_3,28
1232,9496,3,77,7,22,HARD,0,9496_77_3,16
1232,9496,3,22,8,22,HARD,0,9496_22_3,15
1232,9496,3,24,8,11,HARD,0,9496_24_3,4
1232,9496,3,4,12,26,HARD,0,9496_4_3,15
1232,9496,4,24,12,12,HARD,4,9496_24_4,1
1232,9496,3,81,13,32,HARD,0,9496_81_3,20
1232,9496,3,18,13,22,MEDIUM,0,9496_18_3,10
1232,9496,3,14,14,33,MEDIUM,0,9496_14_3,20
1232,9496,3,11,16,33,MEDIUM,0,9496_11_3,18
1232,9496,3,55,16,36,MEDIUM,1,9496_55_3,21
1232,9496,3,1,17,34,MEDIUM,0,9496_1_3,18
1232,9496,3,10,17,32,MEDIUM,0,9496_10_3,16
1232,9496,3,31,20,33,HARD,0,9496_31_3,14
1232,9496,3,63,23,37,HARD,0,9496_63_3,15
1232,9496,4,22,23,52,HARD,0,9496_22_4,30
1232,9496,4,77,23,52,HARD,0,9496_77_4,30
1232,9496,3,20,23,52,HARD,0,9496_20_3,30
1232,9496,3,2,23,34,HARD,0,9496_2_3,12
1232,9496,4,18,23,34,HARD,0,9496_18_4,12
1232,9496,3,44,24,39,HARD,0,9496_44_3,16
1232,9496,3,16,27,53,HARD,0,9496_16_3,27
1232,9496,4,4,27,53,HARD,0,9496_4_4,27
1232,9496,4,81,33,53,HARD,0,9496_81_4,21
1232,9496,4,10,33,52,HARD,0,9496_10_4,20
1232,9496,4,11,34,53,HARD,0,9496_11_4,20
1232,9496,4,14,34,53,HARD,0,9496_14_4,20
1232,9496,4,27,34,52,HARD,0,9496_27_4,19
1232,9496,4,31,34,52,MEDIUM,0,9496_31_4,19
1232,9496,4,1,35,53,HARD,0,9496_1_4,19
1232,9496,5,18,35,52,SOFT,0,9496_18_5,18
1232,9496,4,2,35,41,MEDIUM,0,9496_2_4,7
1232,9496,4,55,37,53,HARD,0,9496_55_4,17
1232,9496,4,63,38,53,MEDIUM,1,9496_63_4,16
1232,9496,4,44,40,53,MEDIUM,0,9496_44_4,14
1232,9496,5,2,42,52,SOFT,0,9496_2_5,11
1233,9673,1,24,1,8,MEDIUM,0,9673_24_1,8
1233,9673,1,44,1,9,SOFT,0,9673_44_1,9
1233,9673,1,77,1,9,MEDIUM,0,9673_77_1,9
1233,9673,1,3,1,14,MEDIUM,0,9673_3_1,14
1233,9673,1,10,1,11,MEDIUM,0,9673_10_1,11
1233,9673,1,1,1,13,MEDIUM,0,9673_1_1,13
1233,9673,1,81,1,16,MEDIUM,0,9673_81_1,16
1233,9673,1,16,1,21,MEDIUM,0,9673_16_1,21
1233,9673,1,63,1,11,MEDIUM,0,9673_63_1,11
1233,9673,1,14,1,11,MEDIUM,0,9673_14_1,11
1233,9673,1,11,1,13,MEDIUM,0,9673_11_1,13
1233,9673,1,18,1,9,SOFT,0,9673_18_1,9
1233,9673,1,4,1,22,MEDIUM,0,9673_4_1,22
1233,9673,1,31,1,9,MEDIUM,0,9673_31_1,9
1233,9673,1,22,1,8,SOFT,0,9673_22_1,8
1233,9673,1,55,1,17,MEDIUM,0,9673_55_1,17
1233,9673,1,23,1,9,MEDIUM,0,9673_23_1,9
1233,9673,1,20,1,17,HARD,0,9673_20_1,17
1233,9673,1,27,1,8,MEDIUM,0,9673_27_1,8
1233,9673,1,2,1,12,SOFT,0,9673_2_1,12
1233,9673,2,27,9,23,HARD,0,9673_27_2,15
1233,9673,2,22,9,23,MEDIUM,0,9673_22_2,15
1233,9673,2,24,9,23,HARD,0,9673_24_2,15
1233,9673,2,18,10,21,MEDIUM,0,9673_18_2,12
1233,9673,2,23,10,23,MEDIUM,0,9673_23_2,14
1233,9673,2,77,10,19,HARD,0,9673_77_2,10
1233,9673,2,31,10,23,HARD,0,9673_31_2,14
1233,9673,2,44,10,21,MEDIUM,0,9673_44_2,12
1233,9673,2,63,12,23,MEDIUM,0,9673_63_2,12
1233,9673,2,14,12,23,HARD,0,9673_14_2,12
1233,9673,2,10,12,23,HARD,0,9673_10_2,12
1233,9673,2,2,13,24,MEDIUM,0,9673_2_2,12
1233,9673,2,1,14,23,HARD,0,9673_1_2,10
1233,9673,2,11,14,23,HARD,0,9673_11_2,10
1233,9673,2,3,15,33,MEDIUM,0,9673_3_2,19
1233,9673,2,81,17,24,MEDIUM,1,9673_81_2,8
1233,9673,2,55,18,56,HARD,0,9673_55_2,39
1233,9673,2,20,18,27,HARD,0,9673_20_2,10
1233,9673,2,16,22,56,HARD,0,9673_16_2,35
1233,9673,3,18,22,26,HARD,0,9673_18_3,5
1233,9673,3,44,22,56,HARD,0,9673_44_3,35
1233,9673,2,4,23,56,HARD,0,9673_4_2,34
1233,9673,3,1,24,56,HARD,0,9673_1_3,33
1233,9673,3,11,24,56,HARD,0,9673_11_3,33
1233,9673,3,14,24,43,SOFT,0,9673_14_3,20
1233,9673,3,63,24,56,HARD,0,9673_63_3,33
1233,9673,3,27,24,56,HARD,0,9673_27_3,33
1233,9673,3,31,24,56,HARD,0,9673_31_3,33
1233,9673,3,22,24,26,HARD,0,9673_22_3,3
1233,9673,3,23,24,56,HARD,0,9673_23_3,33
1233,9673,3,24,24,40,HARD,0,9673_24_3,17
1233,9673,3,10,24,38,HARD,0,9673_10_3,15
1233,9673,3,81,25,56,HARD,0,9673_81_3,32
1233,9673,3,2,25,56,HARD,0,9673_2_3,32
1233,9673,4,18,27,35,MEDIUM,0,9673_18_4,9
1233,9673,3,20,28,56,MEDIUM,0,9673_20_3,29
1233,9673,5,18,36,56,HARD,0,9673_18_5,21
1233,9673,4,10,39,56,MEDIUM,0,9673_10_4,18
1233,9673,4,24,41,56,SOFT,0,9673_24_4,16
1233,9673,4,14,44,56,MEDIUM,0,9673_14_4,13
1234,9507,1,10,1,12,MEDIUM,0,9507_10_1,12
1234,9507,1,81,1,27,MEDIUM,0,9507_81_1,27
1234,9507,1,31,1,22,MEDIUM,0,9507_31_1,22
1234,9507,1,20,1,22,HARD,0,9507_20_1,22
1234,9507,1,77,1,11,SOFT,0,9507_77_1,11
1234,9507,1,1,1,23,MEDIUM,0,9507_1_1,23
1234,9507,1,4,1,29,MEDIUM,0,9507_4_1,29
1234,9507,1,16,1,19,MEDIUM,0,9507_16_1,19
1234,9507,1,22,1,28,MEDIUM,0,9507_22_1,28
1234,9507,1,11,1,17,MEDIUM,0,9507_11_1,17
1234,9507,1,63,1,24,MEDIUM,3,9507_63_1,24
1234,9507,1,18,1,11,MEDIUM,0,9507_18_1,11
1234,9507,1,27,1,12,MEDIUM,0,9507_27_1,12
1234,9507,1,2,1,11,MEDIUM,0,9507_2_1,11
1234,9507,1,14,1,22,HARD,1,9507_14_1,22
1234,9507,1,23,1,10,MEDIUM,0,9507_23_1,10
1234,9507,1,3,1,28,HARD,0,9507_3_1,28
1234,9507,1,24,1,28,MEDIUM,0,9507_24_1,28
1234,9507,1,55,1,27,MEDIUM,0,9507_55_1,27
1234,9507,1,44,1,26,HARD,0,9507_44_1,26
1234,9507,2,23,11,53,HARD,0,9507_23_2,43
1234,9507,2,18,12,28,HARD,1,9507_18_2,17
1234,9507,2,2,12,27,HARD,0,9507_2_2,16
1234,9507,2,77,12,29,HARD,0,9507_77_2,18
1234,9507,2,10,13,57,HARD,0,9507_10_2,45
1234,9507,2,27,13,28,HARD,0,9507_27_2,16
1234,9507,2,11,18,28,HARD,0,9507_11_2,11
1234,9507,2,16,20,57,HARD,0,9507_16_2,38
1234,9507,2,31,23,57,HARD,0,9507_31_2,35
1234,9507,2,14,23,57,MEDIUM,1,9507_14_2,35
1234,9507,2,20,23,28,MEDIUM,0,9507_20_2,6
1234,9507,2,1,24,57,HARD,0,9507_1_2,34
1234,9507,2,63,25,57,HARD,0,9507_63_2,33
1234,9507,2,44,27,57,MEDIUM,3,9507_44_2,31
1234,9507,2,55,28,57,HARD,0,9507_55_2,30
1234,9507,2,81,28,40,HARD,0,9507_81_2,13
1234,9507,3,11,29,57,MEDIUM,5,9507_11_3,29
1234,9507,2,22,29,57,HARD,0,9507_22_2,29
1234,9507,2,24,29,57,SOFT,0,9507_24_2,29
1234,9507,2,3,29,57,MEDIUM,5,9507_3_2,29
1234,9507,3,27,29,57,MEDIUM,0,9507_27_3,29
1234,9507,3,18,29,57,MEDIUM,0,9507_18_3,29
1234,9507,3,20,29,31,MEDIUM,0,9507_20_3,3
1234,9507,2,4,30,57,HARD,0,9507_4_2,28
1234,9507,3,77,30,57,MEDIUM,0,9507_77_3,28
1234,9507,4,20,32,57,MEDIUM,3,9507_20_4,26
1234,9507,3,81,41,57,MEDIUM,6,9507_81_3,17
1234,9507,3,23,54,57,SOFT,0,9507_23_3,4
1235,9515,1,14,1,7,SOFT,0,9515_14_1,7
1235,9515,1,18,1,37,MEDIUM,1,9515_18_1,37
1235,9515,1,22,1,12,MEDIUM,0,9515_22_1,12
1235,9515,1,24,1,33,HARD,0,9515_24_1,33
1235,9515,1,31,1,25,MEDIUM,0,9515_31_1,25
1235,9515,1,77,1,8,MEDIUM,0,9515_77_1,8
1235,9515,1,10,1,8,SOFT,0,9515_10_1,8
1235,9515,1,3,1,11,MEDIUM,0,9515_3_1,11
1235,9515,1,63,1,21,MEDIUM,0,9515_63_1,21
1235,9515,1,16,1,25,MEDIUM,0,9515_16_1,25
1235,9515,1,27,1,13,MEDIUM,0,9515_27_1,13
1235,9515,1,20,1,37,MEDIUM,0,9515_20_1,37
1235,9515,1,11,1,37,HARD,0,9515_11_1,37
1235,9515,1,2,1,31,HARD,0,9515_2_1,31
1235,9515,1,4,1,22,MEDIUM,0,9515_4_1,22
1235,9515,1,44,1,27,MEDIUM,0,9515_44_1,27
1235,9515,1,55,1,27,MEDIUM,0,9515_55_1,27
1235,9515,1,1,1,24,MEDIUM,0,9515_1_1,24
1235,9515,1,81,1,23,MEDIUM,0,9515_81_1,23
1235,9515,1,23,1,8,MEDIUM,0,9515_23_1,8
1235,9515,2,14,8,40,HARD,1,9515_14_2,33
1235,9515,2,23,9,9,HARD,0,9515_23_2,1
1235,9515,2,10,9,30,HARD,0,9515_10_2,22
1235,9515,2,77,9,62,HARD,0,9515_77_2,54
1235,9515,3,23,10,23,MEDIUM,8,9515_23_3,14
1235,9515,2,3,12,62,HARD,0,9515_3_2,51
1235,9515,2,22,13,62,HARD,0,9515_22_2,50
1235,9515,2,27,14,62,HARD,0,9515_27_2,49
1235,9515,2,63,22,52,HARD,0,9515_63_2,31
1235,9515,2,4,23,63,HARD,1,9515_4_2,41
1235,9515,2,81,24,63,HARD,1,9515_81_2,40
1235,9515,2,1,25,63,HARD,0,9515_1_2,39
1235,9515,4,23,24,28,MEDIUM,14,9515_23_4,5
1235,9515,2,16,26,63,HARD,0,9515_16_2,38
1235,9515,2,31,26,62,HARD,0,9515_31_2,37
1235,9515,2,55,28,63,HARD,0,9515_55_2,36
1235,9515,2,44,28,63,HARD,0,9515_44_2,36
1235,9515,5,23,29,51,MEDIUM,8,9515_23_5,23
1235,9515,3,10,31,62,MEDIUM,0,9515_10_3,32
1235,9515,2,2,32,62,MEDIUM,0,9515_2_2,31
1235,9515,2,24,34,62,MEDIUM,0,9515_24_2,29
1235,9515,2,11,38,63,MEDIUM,0,9515_11_2,26
1235,9515,2,18,38,63,HARD,1,9515_18_2,26
1235,9515,2,20,38,62,HARD,0,9515_20_2,25
1235,9515,3,14,41,59,MEDIUM,1,9515_14_3,19
1235,9515,3,63,53,63,MEDIUM,2,9515_63_3,11
1235,9515,4,14,60,62,SOFT,0,9515_14_4,3
1236,9523,1,3,1,1,MEDIUM,0,9523_3_1,1
1236,9523,1,63,1,1,HARD,0,9523_63_1,1
1236,9523,1,10,1,1,HARD,0,9523_10_1,1
1236,9523,1,81,1,1,MEDIUM,1,9523_81_1,1
1236,9523,1,44,1,1,HARD,0,9523_44_1,1
1236,9523,1,4,1,1,MEDIUM,1,9523_4_1,1
1236,9523,1,22,1,1,MEDIUM,0,9523_22_1,1
1236,9523,1,24,1,1,MEDIUM,0,9523_24_1,1
1236,9523,1,77,1,1,HARD,0,9523_77_1,1
1236,9523,1,23,1,1,MEDIUM,0,9523_23_1,1
1236,9523,1,16,1,1,MEDIUM,0,9523_16_1,1
1236,9523,1,14,1,1,HARD,1,9523_14_1,1
1236,9523,1,18,1,1,HARD,1,9523_18_1,1
1236,9523,1,55,1,1,MEDIUM,0,9523_55_1,1
1236,9523,1,2,1,1,HARD,0,9523_2_1,1
1236,9523,1,1,1,1,HARD,0,9523_1_1,1
1236,9523,2,16,1,78,HARD,0,9523_16_2,78
1236,9523,2,81,1,78,HARD,1,9523_81_2,78
1236,9523,2,55,1,78,HARD,0,9523_55_2,78
1236,9523,2,4,1,78,HARD,0,9523_4_2,78
1236,9523,2,63,1,78,MEDIUM,0,9523_63_2,78
1236,9523,2,1,1,52,MEDIUM,0,9523_1_2,52
1236,9523,2,44,1,51,MEDIUM,0,9523_44_2,51
1236,9523,2,22,1,77,HARD,1,9523_22_2,77
1236,9523,2,10,1,77,MEDIUM,0,9523_10_2,77
1236,9523,2,23,1,77,HARD,0,9523_23_2,77
1236,9523,2,18,1,42,MEDIUM,1,9523_18_2,42
1236,9523,2,3,1,76,HARD,1,9523_3_2,76
1236,9523,2,2,1,57,HARD,1,9523_2_2,57
1236,9523,2,14,1,76,MEDIUM,1,9523_14_2,76
1236,9523,2,77,1,15,MEDIUM,0,9523_77_2,15
1236,9523,2,24,1,70,HARD,0,9523_24_2,70
1236,9523,3,77,15,76,HARD,1,9523_77_3,62
1236,9523,3,18,42,48,HARD,0,9523_18_3,7
1236,9523,4,18,48,76,SOFT,0,9523_18_4,29
1236,9523,3,44,51,78,HARD,0,9523_44_3,28
1236,9523,3,1,52,78,HARD,0,9523_1_3,27
1236,9523,3,2,57,76,MEDIUM,0,9523_2_3,20
1236,9523,3,24,70,76,SOFT,0,9523_24_3,7
1237,9531,1,11,1,25,INTERMEDIATE,0,9531_11_1,25
1237,9531,1,31,1,44,INTERMEDIATE,0,9531_31_1,44
1237,9531,1,77,1,42,INTERMEDIATE,0,9531_77_1,42
1237,9531,1,1,1,25,INTERMEDIATE,0,9531_1_1,25
1237,9531,1,27,1,12,WET,0,9531_27_1,12
1237,9531,1,2,1,23,INTERMEDIATE,0,9531_2_1,23
1237,9531,1,22,1,44,INTERMEDIATE,0,9531_22_1,44
1237,9531,1,3,1,26,INTERMEDIATE,0,9531_3_1,26
1237,9531,1,23,1,25,INTERMEDIATE,0,9531_23_1,25
1237,9531,1,63,1,25,INTERMEDIATE,0,9531_63_1,25
1237,9531,1,18,1,25,INTERMEDIATE,0,9531_18_1,25
1237,9531,1,4,1,26,INTERMEDIATE,0,9531_4_1,26
1237,9531,1,24,1,24,INTERMEDIATE,0,9531_24_1,24
1237,9531,1,44,1,25,INTERMEDIATE,0,9531_44_1,25
1237,9531,1,14,1,25,INTERMEDIATE,0,9531_14_1,25
1237,9531,1,20,1,7,WET,0,9531_20_1,7
1237,9531,1,55,1,25,INTERMEDIATE,0,9531_55_1,25
1237,9531,1,10,1,25,INTERMEDIATE,0,9531_10_1,25
1237,9531,1,16,1,25,INTERMEDIATE,0,9531_16_1,25
1237,9531,1,81,1,25,INTERMEDIATE,0,9531_81_1,25
1237,9531,2,20,7,25,INTERMEDIATE,0,9531_20_2,19
1237,9531,2,27,12,25,INTERMEDIATE,0,9531_27_2,14
1237,9531,2,24,24,44,INTERMEDIATE,0,9531_24_2,21
1237,9531,2,63,25,45,INTERMEDIATE,0,9531_63_2,21
1237,9531,2,1,25,45,INTERMEDIATE,0,9531_1_2,21
1237,9531,2,81,25,44,INTERMEDIATE,0,9531_81_2,20
1237,9531,2,44,25,43,INTERMEDIATE,0,9531_44_2,19
1237,9531,2,14,25,44,INTERMEDIATE,0,9531_14_2,20
1237,9531,2,18,25,44,INTERMEDIATE,0,9531_18_2,20
1237,9531,2,23,25,44,INTERMEDIATE,0,9531_23_2,20
1237,9531,2,16,25,28,INTERMEDIATE,0,9531_16_2,4
1237,9531,2,10,25,40,INTERMEDIATE,0,9531_10_2,16
1237,9531,2,55,25,43,INTERMEDIATE,0,9531_55_2,19
1237,9531,3,20,25,41,INTERMEDIATE,0,9531_20_3,17
1237,9531,2,11,25,43,INTERMEDIATE,0,9531_11_2,19
1237,9531,3,27,25,44,INTERMEDIATE,0,9531_27_3,20
1237,9531,2,4,26,47,INTERMEDIATE,0,9531_4_2,22
1237,9531,2,3,26,43,INTERMEDIATE,0,9531_3_2,18
1237,9531,3,16,28,31,HARD,0,9531_16_3,4
1237,9531,4,16,31,40,INTERMEDIATE,0,9531_16_4,10
1237,9531,3,10,40,70,HARD,0,9531_10_3,31
1237,9531,4,20,41,54,MEDIUM,0,9531_20_4,14
1237,9531,2,77,42,70,MEDIUM,0,9531_77_2,29
1237,9531,3,44,43,54,MEDIUM,0,9531_44_3,12
1237,9531,3,11,43,51,MEDIUM,0,9531_11_3,9
1237,9531,3,55,43,52,MEDIUM,0,9531_55_3,10
1237,9531,3,3,43,70,MEDIUM,1,9531_3_3,28
1237,9531,3,81,44,70,MEDIUM,0,9531_81_3,27
1237,9531,2,22,44,70,MEDIUM,0,9531_22_2,27
1237,9531,3,14,44,70,HARD,0,9531_14_3,27
1237,9531,2,31,44,70,MEDIUM,0,9531_31_2,27
1237,9531,3,18,44,70,HARD,1,9531_18_3,27
1237,9531,3,23,44,52,MEDIUM,0,9531_23_3,9
1237,9531,4,27,44,70,MEDIUM,0,9531_27_4,27
1237,9531,3,1,45,70,MEDIUM,0,9531_1_3,26
1237,9531,3,24,44,52,MEDIUM,0,9531_24_3,9
1237,9531,3,63,46,54,HARD,0,9531_63_3,9
1237,9531,3,4,47,70,MEDIUM,0,9531_4_3,24
1237,9531,4,24,52,69,MEDIUM,0,9531_24_4,18
1237,9531,4,63,54,70,MEDIUM,0,9531_63_4,17
1237,9531,4,44,54,70,HARD,0,9531_44_4,17
1237,9531,5,20,54,70,MEDIUM,0,9531_20_5,17
1238,9539,1,63,1,15,SOFT,3,9539_63_1,15
1238,9539,1,23,1,18,MEDIUM,0,9539_23_1,18
1238,9539,1,18,1,17,SOFT,0,9539_18_1,17
1238,9539,1,44,1,16,SOFT,8,9539_44_1,16
1238,9539,1,3,1,16,SOFT,0,9539_3_1,16
1238,9539,1,14,1,19,SOFT,0,9539_14_1,19
1238,9539,1,55,1,15,SOFT,0,9539_55_1,15
1238,9539,1,4,1,23,SOFT,0,9539_4_1,23
1238,9539,1,10,1,14,SOFT,3,9539_10_1,14
1238,9539,1,24,1,9,SOFT,0,9539_24_1,9
1238,9539,1,81,1,21,SOFT,3,9539_81_1,21
1238,9539,1,2,1,14,SOFT,0,9539_2_1,14
1238,9539,1,31,1,13,SOFT,3,9539_31_1,13
1238,9539,1,20,1,10,SOFT,0,9539_20_1,10
1238,9539,1,77,1,11,SOFT,0,9539_77_1,11
1238,9539,1,1,1,17,SOFT,3,9539_1_1,17
1238,9539,1,27,1,12,SOFT,0,9539_27_1,12
1238,9539,1,16,1,24,SOFT,0,9539_16_1,24
1238,9539,1,22,1,9,SOFT,0,9539_22_1,9
1238,9539,1,11,1,13,SOFT,3,9539_11_1,13
1238,9539,2,22,10,27,MEDIUM,0,9539_22_2,18
1238,9539,2,24,10,41,MEDIUM,0,9539_24_2,32
1238,9539,2,20,11,29,MEDIUM,0,9539_20_2,19
1238,9539,2,77,12,28,SOFT,3,9539_77_2,17
1238,9539,2,27,13,38,MEDIUM,0,9539_27_2,26
1238,9539,2,31,14,37,MEDIUM,0,9539_31_2,24
1238,9539,2,11,14,31,SOFT,3,9539_11_2,18
1238,9539,2,10,15,38,MEDIUM,0,9539_10_2,24
1238,9539,2,2,15,34,MEDIUM,0,9539_2_2,20
1238,9539,2,55,16,36,MEDIUM,0,9539_55_2,21
1238,9539,2,63,16,36,MEDIUM,0,9539_63_2,21
1238,9539,2,44,17,43,MEDIUM,0,9539_44_2,27
1238,9539,2,3,17,42,MEDIUM,0,9539_3_2,26
1238,9539,2,1,18,44,MEDIUM,0,9539_1_2,27
1238,9539,2,18,18,37,MEDIUM,1,9539_18_2,20
1238,9539,2,23,19,43,SOFT,0,9539_23_2,25
1238,9539,2,14,20,45,MEDIUM,1,9539_14_2,26
1238,9539,2,81,22,46,MEDIUM,0,9539_81_2,25
1238,9539,2,4,24,47,MEDIUM,0,9539_4_2,24
1238,9539,2,16,25,47,MEDIUM,0,9539_16_2,23
1238,9539,3,22,28,44,HARD,0,9539_22_3,17
1238,9539,3,77,29,65,HARD,0,9539_77_3,37
1238,9539,3,20,30,65,HARD,0,9539_20_3,36
1238,9539,3,11,32,49,MEDIUM,0,9539_11_3,18
1238,9539,3,2,35,64,HARD,0,9539_2_3,30
1238,9539,3,63,37,66,HARD,0,9539_63_3,30
1238,9539,3,55,37,66,HARD,0,9539_55_3,30
1238,9539,3,31,38,66,HARD,0,9539_31_3,29
1238,9539,3,18,38,65,HARD,1,9539_18_3,28
1238,9539,3,10,39,66,HARD,0,9539_10_3,28
1238,9539,3,27,39,66,HARD,0,9539_27_3,28
1238,9539,3,24,42,65,HARD,0,9539_24_3,24
1238,9539,3,3,43,65,HARD,0,9539_3_3,23
1238,9539,3,44,44,66,SOFT,3,9539_44_3,23
1238,9539,3,1,45,66,SOFT,0,9539_1_3,22
1238,9539,3,23,44,65,SOFT,0,9539_23_3,22
1238,9539,4,22,45,65,SOFT,0,9539_22_4,21
1238,9539,3,14,46,65,HARD,0,9539_14_3,20
1238,9539,3,81,47,66,SOFT,3,9539_81_3,20
1238,9539,3,4,48,66,SOFT,0,9539_4_3,19
1238,9539,3,16,48,66,SOFT,3,9539_16_3,19
1238,9539,4,11,50,66,SOFT,3,9539_11_4,17
1239,9550,1,11,1,21,MEDIUM,0,9550_11_1,21
1239,9550,1,31,1,19,MEDIUM,0,9550_31_1,19
1239,9550,1,77,1,19,MEDIUM,0,9550_77_1,19
1239,9550,1,63,1,22,MEDIUM,0,9550_63_1,22
1239,9550,1,1,1,23,MEDIUM,0,9550_1_1,23
1239,9550,1,27,1,11,MEDIUM,0,9550_27_1,11
1239,9550,1,22,1,21,MEDIUM,0,9550_22_1,21
1239,9550,1,2,1,1,MEDIUM,0,9550_2_1,1
1239,9550,1,23,1,12,MEDIUM,0,9550_23_1,12
1239,9550,1,3,1,10,MEDIUM,0,9550_3_1,10
1239,9550,1,18,1,20,MEDIUM,1,9550_18_1,20
1239,9550,1,4,1,23,MEDIUM,0,9550_4_1,23
1239,9550,1,44,1,21,MEDIUM,0,9550_44_1,21
1239,9550,1,24,1,28,HARD,0,9550_24_1,28
1239,9550,1,14,1,11,MEDIUM,3,9550_14_1,11
1239,9550,1,20,1,10,MEDIUM,0,9550_20_1,10
1239,9550,1,55,1,22,MEDIUM,0,9550_55_1,22
1239,9550,1,10,1,20,MEDIUM,0,9550_10_1,20
1239,9550,1,81,1,25,MEDIUM,0,9550_81_1,25
1239,9550,1,16,1,1,MEDIUM,0,9550_16_1,1
1239,9550,2,16,2,16,HARD,0,9550_16_2,15
1239,9550,2,2,2,20,MEDIUM,0,9550_2_2,19
1239,9550,2,20,11,38,HARD,0,9550_20_2,28
1239,9550,2,3,11,37,HARD,0,9550_3_2,27
1239,9550,2,27,12,39,HARD,0,9550_27_2,28
1239,9550,2,14,12,35,MEDIUM,0,9550_14_2,24
1239,9550,2,23,13,39,HARD,0,9550_23_2,27
1239,9550,3,16,17,33,MEDIUM,0,9550_16_3,17
1239,9550,2,31,20,43,HARD,0,9550_31_2,24
1239,9550,2,77,20,42,HARD,0,9550_77_2,23
1239,9550,2,10,21,42,HARD,0,9550_10_2,22
1239,9550,2,18,21,43,MEDIUM,0,9550_18_2,23
1239,9550,3,2,21,49,HARD,0,9550_2_3,29
1239,9550,2,44,22,53,HARD,0,9550_44_2,32
1239,9550,2,11,22,51,HARD,0,9550_11_2,30
1239,9550,2,22,22,44,HARD,0,9550_22_2,23
1239,9550,2,55,23,47,HARD,0,9550_55_2,25
1239,9550,2,63,23,46,MEDIUM,0,9550_63_2,24
1239,9550,2,1,24,51,HARD,0,9550_1_2,28
1239,9550,2,4,24,51,HARD,0,9550_4_2,28
1239,9550,2,81,26,51,HARD,0,9550_81_2,26
1239,9550,2,24,29,51,MEDIUM,0,9550_24_2,23
1239,9550,4,16,34,51,MEDIUM,1,9550_16_4,18
1239,9550,3,14,36,68,HARD,1,9550_14_3,33
1239,9550,3,3,38,71,HARD,0,9550_3_3,34
1239,9550,3,20,39,71,HARD,0,9550_20_3,33
1239,9550,3,27,40,71,HARD,0,9550_27_3,32
1239,9550,3,23,40,70,HARD,0,9550_23_3,31
1239,9550,3,10,43,71,MEDIUM,0,9550_10_3,29
1239,9550,3,77,43,70,HARD,0,9550_77_3,28
1239,9550,3,31,44,71,MEDIUM,0,9550_31_3,28
1239,9550,3,18,44,70,HARD,1,9550_18_3,27
1239,9550,3,22,45,70,HARD,0,9550_22_3,26
1239,9550,3,63,47,71,HARD,0,9550_63_3,25
1239,9550,3,55,48,71,MEDIUM,0,9550_55_3,24
1239,9550,4,2,50,69,MEDIUM,0,9550_2_4,20
1239,9550,3,1,52,64,MEDIUM,3,9550_1_3,13
1239,9550,3,4,52,64,MEDIUM,0,9550_4_3,13
1239,9550,3,81,52,71,MEDIUM,0,9550_81_3,20
1239,9550,3,11,52,71,MEDIUM,5,9550_11_3,20
1239,9550,5,16,52,71,MEDIUM,6,9550_16_5,20
1239,9550,3,24,52,70,HARD,0,9550_24_3,19
1239,9550,3,44,54,71,MEDIUM,0,9550_44_3,18
1239,9550,4,1,65,71,SOFT,0,9550_1_4,7
1239,9550,4,14,69,70,SOFT,0,9550_14_4,2
1240,9558,1,77,1,26,MEDIUM,0,9558_77_1,26
1240,9558,1,3,1,26,MEDIUM,0,9558_3_1,26
1240,9558,1,24,1,12,SOFT,0,9558_24_1,12
1240,9558,1,31,1,19,SOFT,0,9558_31_1,19
1240,9558,1,22,1,27,MEDIUM,0,9558_22_1,27
1240,9558,1,4,1,27,MEDIUM,0,9558_4_1,27
1240,9558,1,81,1,28,MEDIUM,0,9558_81_1,28
1240,9558,1,23,1,27,MEDIUM,0,9558_23_1,27
1240,9558,1,14,1,27,MEDIUM,0,9558_14_1,27
1240,9558,1,1,1,26,MEDIUM,0,9558_1_1,26
1240,9558,1,16,1,19,MEDIUM,0,9558_16_1,19
1240,9558,1,63,1,27,MEDIUM,0,9558_63_1,27
1240,9558,1,20,1,27,MEDIUM,0,9558_20_1,27
1240,9558,1,27,1,26,MEDIUM,0,9558_27_1,26
1240,9558,1,18,1,26,MEDIUM,0,9558_18_1,26
1240,9558,1,11,1,19,HARD,0,9558_11_1,19
1240,9558,1,2,1,27,MEDIUM,0,9558_2_1,27
1240,9558,1,44,1,27,MEDIUM,0,9558_44_1,27
1240,9558,1,55,1,26,MEDIUM,0,9558_55_1,26
1240,9558,2,24,13,19,MEDIUM,0,9558_24_2,7
1240,9558,2,16,20,27,INTERMEDIATE,0,9558_16_2,8
1240,9558,2,11,20,28,INTERMEDIATE,0,9558_11_2,9
1240,9558,2,31,20,21,INTERMEDIATE,0,9558_31_2,2
1240,9558,3,24,20,26,INTERMEDIATE,0,9558_24_3,7
1240,9558,3,31,22,26,MEDIUM,0,9558_31_3,5
1240,9558,2,1,27,38,INTERMEDIATE,0,9558_1_2,12
1240,9558,2,55,27,39,INTERMEDIATE,0,9558_55_2,13
1240,9558,2,27,27,39,INTERMEDIATE,0,9558_27_2,13
1240,9558,2,18,27,39,INTERMEDIATE,0,9558_18_2,13
1240,9558,2,3,27,37,INTERMEDIATE,0,9558_3_2,11
1240,9558,2,77,27,37,INTERMEDIATE,0,9558_77_2,11
1240,9558,2,4,28,39,INTERMEDIATE,0,9558_4_2,12
1240,9558,2,44,28,38,INTERMEDIATE,0,9558_44_2,11
1240,9558,2,63,28,33,INTERMEDIATE,0,9558_63_2,6
1240,9558,2,14,28,38,INTERMEDIATE,0,9558_14_2,11
1240,9558,2,22,28,38,INTERMEDIATE,0,9558_22_2,11
1240,9558,2,23,28,38,INTERMEDIATE,0,9558_23_2,11
1240,9558,4,31,27,38,INTERMEDIATE,0,9558_31_4,12
1240,9558,2,20,28,37,INTERMEDIATE,0,9558_20_2,10
1240,9558,2,2,28,38,INTERMEDIATE,0,9558_2_2,11
1240,9558,4,24,27,37,INTERMEDIATE,0,9558_24_4,11
1240,9558,2,81,29,38,INTERMEDIATE,0,9558_81_2,10
1240,9558,3,16,28,37,INTERMEDIATE,0,9558_16_3,10
1240,9558,3,11,29,37,INTERMEDIATE,0,9558_11_3,9
1240,9558,3,20,38,52,SOFT,0,9558_20_3,15
1240,9558,3,3,38,51,SOFT,0,9558_3_3,14
1240,9558,3,77,38,51,SOFT,0,9558_77_3,14
1240,9558,3,44,39,52,SOFT,0,9558_44_3,14
1240,9558,3,1,39,52,HARD,0,9558_1_3,14
1240,9558,3,81,39,52,MEDIUM,0,9558_81_3,14
1240,9558,4,16,38,51,SOFT,0,9558_16_4,14
1240,9558,4,11,38,47,MEDIUM,0,9558_11_4,10
1240,9558,3,14,39,52,MEDIUM,0,9558_14_3,14
1240,9558,3,22,39,52,SOFT,0,9558_22_3,14
1240,9558,3,23,39,52,MEDIUM,0,9558_23_3,14
1240,9558,3,2,39,52,SOFT,0,9558_2_3,14
1240,9558,3,4,40,52,SOFT,2,9558_4_3,13
1240,9558,5,24,38,50,SOFT,1,9558_24_5,13
1240,9558,3,55,40,50,HARD,0,9558_55_3,11
1240,9558,3,27,40,52,SOFT,3,9558_27_3,13
1240,9558,3,18,40,52,MEDIUM,0,9558_18_3,13
1240,9558,5,31,39,50,MEDIUM,0,9558_31_5,12
1240,9558,5,11,48,50,SOFT,0,9558_11_5,3
1240,9558,4,55,51,52,SOFT,3,9558_55_4,2
1241,9566,1,77,1,16,MEDIUM,1,9566_77_1,16
1241,9566,1,63,1,33,HARD,0,9566_63_1,33
1241,9566,1,1,1,21,MEDIUM,0,9566_1_1,21
1241,9566,1,27,1,2,MEDIUM,0,9566_27_1,2
1241,9566,1,22,1,29,MEDIUM,0,9566_22_1,29
1241,9566,1,2,1,8,MEDIUM,0,9566_2_1,8
1241,9566,1,3,1,7,MEDIUM,0,9566_3_1,7
1241,9566,1,23,1,6,SOFT,0,9566_23_1,6
1241,9566,1,18,1,14,SOFT,3,9566_18_1,14
1241,9566,1,4,1,17,MEDIUM,0,9566_4_1,17
1241,9566,1,44,1,16,MEDIUM,0,9566_44_1,16
1241,9566,1,24,1,7,MEDIUM,1,9566_24_1,7
1241,9566,1,14,1,7,SOFT,2,9566_14_1,7
1241,9566,1,20,1,6,SOFT,0,9566_20_1,6
1241,9566,1,55,1,21,MEDIUM,0,9566_55_1,21
1241,9566,1,31,1,6,MEDIUM,0,9566_31_1,6
1241,9566,1,10,1,28,HARD,0,9566_10_1,28
1241,9566,1,81,1,18,MEDIUM,0,9566_81_1,18
1241,9566,1,16,1,23,MEDIUM,0,9566_16_1,23
1241,9566,1,11,1,28,HARD,0,9566_11_1,28
1241,9566,2,27,3,29,HARD,0,9566_27_2,27
1241,9566,2,31,7,30,HARD,0,9566_31_2,24
1241,9566,2,23,7,29,HARD,0,9566_23_2,23
1241,9566,2,20,7,34,HARD,0,9566_20_2,28
1241,9566,2,14,8,37,MEDIUM,1,9566_14_2,30
1241,9566,2,3,8,28,HARD,0,9566_3_2,21
1241,9566,2,24,8,36,HARD,0,9566_24_2,29
1241,9566,2,2,9,33,HARD,0,9566_2_2,25
1241,9566,2,18,15,45,MEDIUM,1,9566_18_2,31
1241,9566,2,44,17,40,HARD,0,9566_44_2,24
1241,9566,2,77,17,45,HARD,0,9566_77_2,29
1241,9566,2,4,18,45,HARD,1,9566_4_2,28
1241,9566,2,81,19,47,HARD,1,9566_81_2,29
1241,9566,2,1,22,49,HARD,0,9566_1_2,28
1241,9566,2,55,22,47,HARD,0,9566_55_2,26
1241,9566,2,16,24,40,HARD,0,9566_16_2,17
1241,9566,2,11,29,47,MEDIUM,0,9566_11_2,19
1241,9566,2,10,29,33,MEDIUM,0,9566_10_2,5
1241,9566,3,3,29,69,HARD,0,9566_3_3,41
1241,9566,2,22,30,70,HARD,0,9566_22_2,41
1241,9566,3,27,30,69,HARD,0,9566_27_3,40
1241,9566,3,23,30,69,HARD,0,9566_23_3,40
1241,9566,3,31,31,64,HARD,0,9566_31_3,34
1241,9566,2,63,34,53,MEDIUM,0,9566_63_2,20
1241,9566,3,2,34,63,HARD,0,9566_2_3,30
1241,9566,3,20,35,69,HARD,0,9566_20_3,35
1241,9566,3,24,37,69,HARD,0,9566_24_3,33
1241,9566,3,14,38,70,HARD,1,9566_14_3,33
1241,9566,3,16,41,70,MEDIUM,0,9566_16_3,30
1241,9566,3,44,41,70,HARD,0,9566_44_3,30
1241,9566,3,4,46,70,MEDIUM,1,9566_4_3,25
1241,9566,3,18,46,70,HARD,1,9566_18_3,25
1241,9566,3,77,46,69,HARD,0,9566_77_3,24
1241,9566,3,81,48,70,MEDIUM,1,9566_81_3,23
1241,9566,3,55,48,70,MEDIUM,0,9566_55_3,23
1241,9566,3,11,48,70,MEDIUM,0,9566_11_3,23
1241,9566,3,1,50,70,MEDIUM,0,9566_1_3,21
1241,9566,3,63,54,70,HARD,0,9566_63_3,17
1241,9566,4,2,64,69,SOFT,0,9566_2_4,6
1241,9566,4,31,65,69,SOFT,0,9566_31_4,5
1242,9574,1,14,1,13,MEDIUM,0,9574_14_1,13
1242,9574,1,63,1,10,MEDIUM,0,9574_63_1,10
1242,9574,1,27,1,7,MEDIUM,0,9574_27_1,7
1242,9574,1,18,1,12,MEDIUM,0,9574_18_1,12
1242,9574,1,31,1,12,MEDIUM,0,9574_31_1,12
1242,9574,1,22,1,15,MEDIUM,0,9574_22_1,15
1242,9574,1,44,1,11,MEDIUM,0,9574_44_1,11
1242,9574,1,20,1,17,MEDIUM,0,9574_20_1,17
1242,9574,1,10,1,9,MEDIUM,0,9574_10_1,9
1242,9574,1,1,1,10,MEDIUM,0,9574_1_1,10
1242,9574,1,3,1,8,SOFT,0,9574_3_1,8
1242,9574,1,11,1,11,MEDIUM,0,9574_11_1,11
1242,9574,1,16,1,12,MEDIUM,0,9574_16_1,12
1242,9574,1,55,1,20,HARD,0,9574_55_1,20
1242,9574,1,77,1,11,MEDIUM,0,9574_77_1,11
1242,9574,1,24,1,5,HARD,0,9574_24_1,5
1242,9574,1,2,1,8,MEDIUM,0,9574_2_1,8
1242,9574,1,4,1,15,MEDIUM,0,9574_4_1,15
1242,9574,1,81,1,11,MEDIUM,0,9574_81_1,11
1242,9574,1,23,1,8,MEDIUM,0,9574_23_1,8
1242,9574,2,27,8,20,HARD,0,9574_27_2,13
1242,9574,2,23,9,23,MEDIUM,0,9574_23_2,15
1242,9574,2,3,9,21,MEDIUM,0,9574_3_2,13
1242,9574,2,2,9,24,MEDIUM,0,9574_2_2,16
1242,9574,2,10,10,28,HARD,0,9574_10_2,19
1242,9574,2,63,11,44,HARD,0,9574_63_2,34
1242,9574,2,1,11,28,HARD,0,9574_1_2,18
1242,9574,2,44,12,26,HARD,0,9574_44_2,15
1242,9574,2,11,12,21,MEDIUM,0,9574_11_2,10
1242,9574,2,81,12,30,HARD,0,9574_81_2,19
1242,9574,2,77,12,35,HARD,0,9574_77_2,24
1242,9574,2,16,13,25,HARD,0,9574_16_2,13
1242,9574,2,31,13,30,HARD,0,9574_31_2,18
1242,9574,2,18,13,44,HARD,0,9574_18_2,32
1242,9574,2,14,14,44,HARD,0,9574_14_2,31
1242,9574,2,4,16,29,HARD,0,9574_4_2,14
1242,9574,2,22,16,44,HARD,1,9574_22_2,29
1242,9574,2,20,18,44,HARD,0,9574_20_2,27
1242,9574,2,55,21,28,MEDIUM,0,9574_55_2,8
1242,9574,3,27,21,44,MEDIUM,0,9574_27_3,24
1242,9574,3,11,22,42,HARD,0,9574_11_3,21
1242,9574,3,3,22,44,HARD,1,9574_3_3,23
1242,9574,3,23,24,44,HARD,0,9574_23_3,21
1242,9574,3,2,25,44,HARD,0,9574_2_3,20
1242,9574,3,16,26,44,HARD,0,9574_16_3,19
1242,9574,3,44,27,44,HARD,0,9574_44_3,18
1242,9574,3,1,29,44,MEDIUM,0,9574_1_3,16
1242,9574,3,55,29,44,HARD,0,9574_55_3,16
1242,9574,3,10,29,44,HARD,0,9574_10_3,16
1242,9574,3,4,30,44,HARD,0,9574_4_3,15
1242,9574,3,81,31,44,HARD,0,9574_81_3,14
1242,9574,3,31,31,44,HARD,0,9574_31_3,14
1242,9574,3,77,36,44,MEDIUM,0,9574_77_3,9
1242,9574,4,11,43,44,SOFT,0,9574_11_4,2
1242,9574,3,14,45,45,MEDIUM,0,9574_14_3,1
1242,9574,4,3,45,45,SOFT,0,9574_3_4,1
1242,9574,3,18,45,45,MEDIUM,0,9574_18_3,1
1242,9574,3,22,45,45,SOFT,0,9574_22_3,1
1243,9582,1,77,1,15,SOFT,0,9582_77_1,15
1243,9582,1,1,1,27,MEDIUM,0,9582_1_1,27
1243,9582,1,27,1,14,MEDIUM,0,9582_27_1,14
1243,9582,1,22,1,14,SOFT,0,9582_22_1,14
1243,9582,1,2,1,22,MEDIUM,0,9582_2_1,22
1243,9582,1,3,1,29,MEDIUM,0,9582_3_1,29
1243,9582,1,23,1,12,MEDIUM,0,9582_23_1,12
1243,9582,1,63,1,25,MEDIUM,0,9582_63_1,25
1243,9582,1,18,1,30,MEDIUM,0,9582_18_1,30
1243,9582,1,24,1,18,MEDIUM,0,9582_24_1,18
1243,9582,1,44,1,23,SOFT,0,9582_44_1,23
1243,9582,1,14,1,31,MEDIUM,0,9582_14_1,31
1243,9582,1,20,1,40,HARD,0,9582_20_1,40
1243,9582,1,4,1,28,MEDIUM,0,9582_4_1,28
1243,9582,1,55,1,30,MEDIUM,0,9582_55_1,30
1243,9582,1,10,1,32,MEDIUM,0,9582_10_1,32
1243,9582,1,81,1,33,MEDIUM,0,9582_81_1,33
1243,9582,1,16,1,24,MEDIUM,0,9582_16_1,24
1243,9582,1,11,1,29,MEDIUM,0,9582_11_1,29
1243,9582,1,31,1,30,MEDIUM,0,9582_31_1,30
1243,9582,2,23,13,54,HARD,0,9582_23_2,42
1243,9582,2,22,15,32,MEDIUM,0,9582_22_2,18
1243,9582,2,27,15,71,HARD,0,9582_27_2,57
1243,9582,2,77,16,43,HARD,0,9582_77_2,28
1243,9582,2,24,19,51,HARD,0,9582_24_2,33
1243,9582,2,2,23,71,HARD,0,9582_2_2,49
1243,9582,2,44,24,48,HARD,0,9582_44_2,25
1243,9582,2,16,25,72,HARD,0,9582_16_2,48
1243,9582,2,63,26,54,HARD,0,9582_63_2,29
1243,9582,2,1,28,72,HARD,0,9582_1_2,45
1243,9582,2,4,29,72,HARD,0,9582_4_2,44
1243,9582,2,11,30,72,HARD,0,9582_11_2,43
1243,9582,2,3,30,71,HARD,0,9582_3_2,42
1243,9582,2,55,31,72,HARD,0,9582_55_2,42
1243,9582,2,18,31,71,HARD,0,9582_18_2,41
1243,9582,2,31,31,71,HARD,0,9582_31_2,41
1243,9582,2,14,32,71,HARD,0,9582_14_2,40
1243,9582,2,10,33,71,HARD,0,9582_10_2,39
1243,9582,3,22,33,71,HARD,0,9582_22_3,39
1243,9582,2,81,34,72,HARD,0,9582_81_2,39
1243,9582,2,20,41,71,MEDIUM,0,9582_20_2,31
1243,9582,3,77,44,70,MEDIUM,0,9582_77_3,27
1243,9582,3,44,49,72,SOFT,0,9582_44_3,24
1243,9582,3,24,52,70,SOFT,0,9582_24_3,19
1243,9582,3,63,55,72,SOFT,3,9582_63_3,18
1243,9582,3,23,55,71,MEDIUM,0,9582_23_3,17
1244,9590,1,18,1,19,HARD,1,9590_18_1,19
1244,9590,1,31,1,31,HARD,0,9590_31_1,31
1244,9590,1,22,1,7,HARD,1,9590_22_1,7
1244,9590,1,44,1,15,MEDIUM,0,9590_44_1,15
1244,9590,1,77,1,33,HARD,1,9590_77_1,33
1244,9590,1,4,1,14,MEDIUM,0,9590_4_1,14
1244,9590,1,10,1,10,MEDIUM,0,9590_10_1,10
1244,9590,1,24,1,15,MEDIUM,1,9590_24_1,15
1244,9590,1,81,1,16,MEDIUM,0,9590_81_1,16
1244,9590,1,3,1,11,MEDIUM,0,9590_3_1,11
1244,9590,1,14,1,12,MEDIUM,1,9590_14_1,12
1244,9590,1,63,1,11,MEDIUM,0,9590_63_1,11
1244,9590,1,16,1,15,MEDIUM,0,9590_16_1,15
1244,9590,1,11,1,23,HARD,0,9590_11_1,23
1244,9590,1,55,1,19,MEDIUM,0,9590_55_1,19
1244,9590,1,20,1,14,MEDIUM,0,9590_20_1,14
1244,9590,1,23,1,17,MEDIUM,0,9590_23_1,17
1244,9590,1,1,1,22,HARD,0,9590_1_1,22
1244,9590,1,43,1,16,MEDIUM,0,9590_43_1,16
1244,9590,1,27,1,5,MEDIUM,0,9590_27_1,5
1244,9590,2,27,6,32,HARD,0,9590_27_2,27
1244,9590,2,10,11,30,HARD,0,9590_10_2,20
1244,9590,2,63,12,33,HARD,0,9590_63_2,22
1244,9590,2,3,12,53,HARD,1,9590_3_2,42
1244,9590,2,14,13,35,HARD,1,9590_14_2,23
1244,9590,2,4,15,32,HARD,0,9590_4_2,18
1244,9590,2,20,15,53,HARD,0,9590_20_2,39
1244,9590,2,16,16,53,HARD,0,9590_16_2,38
1244,9590,2,44,16,37,HARD,0,9590_44_2,22
1244,9590,2,24,16,52,HARD,1,9590_24_2,37
1244,9590,2,81,17,38,HARD,0,9590_81_2,22
1244,9590,2,43,17,53,HARD,0,9590_43_2,37
1244,9590,2,23,18,53,HARD,0,9590_23_2,36
1244,9590,2,55,20,53,HARD,0,9590_55_2,34
1244,9590,2,18,20,36,HARD,1,9590_18_2,17
1244,9590,2,1,23,41,HARD,0,9590_1_2,19
1244,9590,2,11,24,35,HARD,0,9590_11_2,12
1244,9590,3,10,31,52,HARD,0,9590_10_3,22
1244,9590,2,31,32,52,MEDIUM,0,9590_31_2,21
1244,9590,3,4,33,53,HARD,0,9590_4_3,21
1244,9590,3,27,33,52,HARD,0,9590_27_3,20
1244,9590,3,63,34,53,HARD,0,9590_63_3,20
1244,9590,2,77,34,52,MEDIUM,1,9590_77_2,19
1244,9590,3,11,36,53,MEDIUM,0,9590_11_3,18
1244,9590,3,14,36,53,HARD,2,9590_14_3,18
1244,9590,3,18,37,50,MEDIUM,1,9590_18_3,14
1244,9590,3,44,38,53,HARD,0,9590_44_3,16
1244,9590,3,81,39,53,HARD,0,9590_81_3,15
1244,9590,3,1,42,53,MEDIUM,0,9590_1_3,12
1244,9590,4,18,51,52,SOFT,0,9590_18_4,2
1245,9598,1,18,1,1,MEDIUM,1,9598_18_1,1
1245,9598,1,44,1,12,MEDIUM,0,9598_44_1,12
1245,9598,1,3,1,49,HARD,1,9598_3_1,49
1245,9598,1,14,1,11,MEDIUM,1,9598_14_1,11
1245,9598,1,22,1,12,MEDIUM,1,9598_22_1,12
1245,9598,1,4,1,37,HARD,0,9598_4_1,37
1245,9598,1,24,1,34,HARD,1,9598_24_1,34
1245,9598,1,55,1,17,MEDIUM,0,9598_55_1,17
1245,9598,1,11,1,13,MEDIUM,0,9598_11_1,13
1245,9598,1,31,1,49,HARD,3,9598_31_1,49
1245,9598,1,50,1,14,MEDIUM,0,9598_50_1,14
1245,9598,1,1,1,12,MEDIUM,0,9598_1_1,12
1245,9598,1,77,1,11,MEDIUM,1,9598_77_1,11
1245,9598,1,43,1,10,MEDIUM,0,9598_43_1,10
1245,9598,1,10,1,50,HARD,0,9598_10_1,50
1245,9598,1,81,1,15,MEDIUM,0,9598_81_1,15
1245,9598,1,23,1,31,HARD,0,9598_23_1,31
1245,9598,1,63,1,12,MEDIUM,0,9598_63_1,12
1245,9598,1,16,1,16,MEDIUM,0,9598_16_1,16
1245,9598,1,27,1,15,MEDIUM,0,9598_27_1,15
1245,9598,2,18,2,22,HARD,1,9598_18_2,21
1245,9598,2,43,11,51,HARD,0,9598_43_2,41
1245,9598,2,14,12,51,HARD,0,9598_14_2,40
1245,9598,2,77,12,50,HARD,1,9598_77_2,39
1245,9598,2,1,13,49,HARD,0,9598_1_2,37
1245,9598,2,63,13,51,HARD,0,9598_63_2,39
1245,9598,2,44,13,51,HARD,0,9598_44_2,39
1245,9598,2,22,13,14,HARD,1,9598_22_2,2
1245,9598,2,11,14,49,HARD,0,9598_11_2,36
1245,9598,2,50,15,51,HARD,0,9598_50_2,37
1245,9598,2,81,16,51,HARD,0,9598_81_2,36
1245,9598,2,27,16,51,HARD,0,9598_27_2,36
1245,9598,2,16,17,51,HARD,0,9598_16_2,35
1245,9598,2,55,18,49,HARD,0,9598_55_2,32
1245,9598,3,18,23,45,HARD,0,9598_18_3,23
1245,9598,2,23,32,51,MEDIUM,0,9598_23_2,20
1245,9598,2,24,35,51,MEDIUM,1,9598_24_2,17
1245,9598,2,4,38,51,MEDIUM,0,9598_4_2,14
1245,9598,3,1,50,51,SOFT,3,9598_1_3,2
1245,9598,2,3,50,51,SOFT,0,9598_3_2,2
1245,9598,2,31,50,50,SOFT,0,9598_31_2,1
1245,9598,2,10,51,51,SOFT,0,9598_10_2,1
1246,9606,1,31,1,29,MEDIUM,0,9606_31_1,29
1246,9606,1,22,1,33,MEDIUM,0,9606_22_1,33
1246,9606,1,11,1,28,MEDIUM,0,9606_11_1,28
1246,9606,1,44,1,17,SOFT,2,9606_44_1,17
1246,9606,1,10,1,37,MEDIUM,0,9606_10_1,37
1246,9606,1,1,1,29,MEDIUM,0,9606_1_1,29
1246,9606,1,14,1,25,MEDIUM,1,9606_14_1,25
1246,9606,1,18,1,26,HARD,1,9606_18_1,26
1246,9606,1,16,1,36,MEDIUM,0,9606_16_1,36
1246,9606,1,20,1,28,HARD,0,9606_20_1,28
1246,9606,1,55,1,13,MEDIUM,0,9606_55_1,13
1246,9606,1,77,1,33,HARD,0,9606_77_1,33
1246,9606,1,4,1,30,MEDIUM,0,9606_4_1,30
1246,9606,1,24,1,34,HARD,0,9606_24_1,34
1246,9606,1,81,1,38,MEDIUM,0,9606_81_1,38
1246,9606,1,3,1,10,SOFT,0,9606_3_1,10
1246,9606,1,23,1,11,MEDIUM,0,9606_23_1,11
1246,9606,1,43,1,29,MEDIUM,0,9606_43_1,29
1246,9606,1,27,1,29,MEDIUM,0,9606_27_1,29
1246,9606,1,63,1,27,MEDIUM,0,9606_63_1,27
1246,9606,2,3,11,46,MEDIUM,0,9606_3_2,36
1246,9606,2,23,12,15,HARD,0,9606_23_2,4
1246,9606,2,55,14,62,HARD,0,9606_55_2,49
1246,9606,2,44,18,62,HARD,0,9606_44_2,45
1246,9606,2,14,26,61,HARD,1,9606_14_2,36
1246,9606,2,18,27,61,MEDIUM,1,9606_18_2,35
1246,9606,2,63,28,62,HARD,0,9606_63_2,35
1246,9606,2,11,29,61,HARD,0,9606_11_2,33
1246,9606,2,20,29,49,MEDIUM,0,9606_20_2,21
1246,9606,2,1,30,62,HARD,0,9606_1_2,33
1246,9606,2,43,30,61,HARD,0,9606_43_2,32
1246,9606,2,27,30,61,HARD,0,9606_27_2,32
1246,9606,2,31,30,61,HARD,0,9606_31_2,32
1246,9606,2,4,31,62,HARD,0,9606_4_2,32
1246,9606,2,22,34,61,SOFT,0,9606_22_2,28
1246,9606,2,77,34,61,MEDIUM,0,9606_77_2,28
1246,9606,2,24,35,61,MEDIUM,0,9606_24_2,27
1246,9606,2,16,37,62,HARD,0,9606_16_2,26
1246,9606,2,10,38,61,SOFT,0,9606_10_2,24
1246,9606,2,81,39,62,HARD,0,9606_81_2,24
1246,9606,3,3,47,58,SOFT,0,9606_3_3,12
1246,9606,3,20,50,57,SOFT,0,9606_20_3,8
1246,9606,4,3,59,61,SOFT,3,9606_3_4,3
1247,9617,1,22,1,18,MEDIUM,0,9617_22_1,18
1247,9617,1,4,1,31,MEDIUM,0,9617_4_1,31
1247,9617,1,44,1,1,HARD,0,9617_44_1,1
1247,9617,1,55,1,21,MEDIUM,0,9617_55_1,21
1247,9617,1,11,1,26,MEDIUM,0,9617_11_1,26
1247,9617,1,24,1,13,MEDIUM,0,9617_24_1,13
1247,9617,1,77,1,15,MEDIUM,0,9617_77_1,15
1247,9617,1,10,1,18,MEDIUM,0,9617_10_1,18
1247,9617,1,1,1,25,MEDIUM,0,9617_1_1,25
1247,9617,1,81,1,32,MEDIUM,0,9617_81_1,32
1247,9617,1,30,1,36,HARD,0,9617_30_1,36
1247,9617,1,14,1,26,MEDIUM,0,9617_14_1,26
1247,9617,1,16,1,26,MEDIUM,0,9617_16_1,26
1247,9617,1,27,1,27,MEDIUM,0,9617_27_1,27
1247,9617,1,63,1,40,HARD,0,9617_63_1,40
1247,9617,1,31,1,31,MEDIUM,0,9617_31_1,31
1247,9617,1,18,1,27,HARD,1,9617_18_1,27
1247,9617,1,20,1,17,MEDIUM,0,9617_20_1,17
1247,9617,1,23,1,3,MEDIUM,0,9617_23_1,3
1247,9617,1,43,1,39,HARD,0,9617_43_1,39
1247,9617,2,23,4,33,MEDIUM,0,9617_23_2,30
1247,9617,2,24,14,35,MEDIUM,0,9617_24_2,22
1247,9617,2,77,16,55,HARD,0,9617_77_2,40
1247,9617,2,20,18,38,HARD,0,9617_20_2,21
1247,9617,2,10,19,56,HARD,0,9617_10_2,38
1247,9617,2,22,19,55,HARD,0,9617_22_2,37
1247,9617,2,55,22,56,HARD,0,9617_55_2,35
1247,9617,2,1,26,56,HARD,0,9617_1_2,31
1247,9617,2,16,27,56,HARD,0,9617_16_2,30
1247,9617,2,11,27,56,HARD,0,9617_11_2,30
1247,9617,2,14,27,55,HARD,1,9617_14_2,29
1247,9617,2,27,28,56,HARD,0,9617_27_2,29
1247,9617,2,18,28,55,MEDIUM,0,9617_18_2,28
1247,9617,2,4,32,56,HARD,0,9617_4_2,25
1247,9617,2,31,32,51,HARD,0,9617_31_2,20
1247,9617,2,81,33,56,HARD,0,9617_81_2,24
1247,9617,3,23,34,55,HARD,0,9617_23_3,22
1247,9617,3,24,36,55,HARD,0,9617_24_3,20
1247,9617,2,30,37,56,MEDIUM,0,9617_30_2,20
1247,9617,3,20,39,56,MEDIUM,0,9617_20_3,18
1247,9617,2,43,40,56,MEDIUM,0,9617_43_2,17
1247,9617,2,63,41,56,MEDIUM,0,9617_63_2,16
1247,9617,3,31,52,55,SOFT,3,9617_31_3,4
1248,9625,1,18,1,26,MEDIUM,1,9625_18_1,26
1248,9625,1,24,1,43,HARD,1,9625_24_1,43
1248,9625,1,44,1,28,MEDIUM,0,9625_44_1,28
1248,9625,1,14,1,15,MEDIUM,1,9625_14_1,15
1248,9625,1,20,1,30,MEDIUM,0,9625_20_1,30
1248,9625,1,55,1,32,MEDIUM,0,9625_55_1,32
1248,9625,1,4,1,30,MEDIUM,0,9625_4_1,30
1248,9625,1,10,1,28,MEDIUM,0,9625_10_1,28
1248,9625,1,81,1,39,MEDIUM,0,9625_81_1,39
1248,9625,1,30,1,39,HARD,0,9625_30_1,39
1248,9625,1,11,1,20,HARD,0,9625_11_1,20
1248,9625,1,31,1,48,HARD,0,9625_31_1,48
1248,9625,1,77,1,49,HARD,1,9625_77_1,49
1248,9625,1,1,1,26,MEDIUM,0,9625_1_1,26
1248,9625,1,27,1,29,MEDIUM,0,9625_27_1,29
1248,9625,1,16,1,31,MEDIUM,0,9625_16_1,31
1248,9625,1,43,1,47,HARD,0,9625_43_1,47
1248,9625,1,63,1,31,MEDIUM,0,9625_63_1,31
1248,9625,2,11,21,43,MEDIUM,0,9625_11_2,23
1248,9625,2,1,27,71,HARD,0,9625_1_2,45
1248,9625,2,18,27,70,HARD,1,9625_18_2,44
1248,9625,2,44,29,71,HARD,0,9625_44_2,43
1248,9625,2,10,29,70,HARD,0,9625_10_2,42
1248,9625,2,27,30,70,HARD,0,9625_27_2,41
1248,9625,2,4,31,71,HARD,0,9625_4_2,41
1248,9625,2,20,31,71,HARD,0,9625_20_2,41
1248,9625,2,16,32,69,HARD,0,9625_16_2,38
1248,9625,2,63,32,71,HARD,0,9625_63_2,40
1248,9625,2,55,33,71,HARD,0,9625_55_2,39
1248,9625,2,81,40,71,HARD,0,9625_81_2,32
1248,9625,2,30,40,65,MEDIUM,0,9625_30_2,26
1248,9625,2,24,44,70,MEDIUM,1,9625_24_2,27
1248,9625,3,11,44,68,MEDIUM,0,9625_11_3,25
1248,9625,2,43,48,70,MEDIUM,0,9625_43_2,23
1248,9625,2,31,49,70,MEDIUM,0,9625_31_2,22
1248,9625,2,77,50,70,MEDIUM,0,9625_77_2,21
1248,9625,3,30,66,70,SOFT,0,9625_30_3,5
1248,9625,3,16,70,71,SOFT,0,9625_16_3,2
1248,9625,4,11,69,70,SOFT,0,9625_11_4,2
1249,9636,1,43,1,26,INTERMEDIATE,0,9636_43_1,26
1249,9636,1,4,1,28,INTERMEDIATE,4,9636_4_1,28
1249,9636,1,55,1,27,INTERMEDIATE,0,9636_55_1,27
1249,9636,1,24,1,27,INTERMEDIATE,0,9636_24_1,27
1249,9636,1,30,1,28,INTERMEDIATE,0,9636_30_1,28
1249,9636,1,44,1,27,INTERMEDIATE,0,9636_44_1,27
1249,9636,1,50,1,27,INTERMEDIATE,0,9636_50_1,27
1249,9636,1,14,1,27,INTERMEDIATE,0,9636_14_1,27
1249,9636,1,10,1,32,INTERMEDIATE,0,9636_10_1,32
1249,9636,1,16,1,24,INTERMEDIATE,2,9636_16_1,24
1249,9636,1,81,1,27,INTERMEDIATE,2,9636_81_1,27
1249,9636,1,11,1,27,INTERMEDIATE,0,9636_11_1,27
1249,9636,1,31,1,32,INTERMEDIATE,2,9636_31_1,32
1249,9636,1,77,1,32,INTERMEDIATE,0,9636_77_1,32
1249,9636,1,63,1,28,INTERMEDIATE,3,9636_63_1,28
1249,9636,1,1,1,32,INTERMEDIATE,0,9636_1_1,32
1249,9636,1,27,1,25,INTERMEDIATE,0,9636_27_1,25
1249,9636,1,22,1,28,INTERMEDIATE,3,9636_22_1,28
1249,9636,2,16,25,32,INTERMEDIATE,3,9636_16_2,8
1249,9636,2,27,26,27,INTERMEDIATE,0,9636_27_2,2
1249,9636,2,43,27,30,INTERMEDIATE,0,9636_43_2,4
1249,9636,2,81,28,32,INTERMEDIATE,4,9636_81_2,5
1249,9636,2,14,28,32,INTERMEDIATE,3,9636_14_2,5
1249,9636,2,44,28,32,INTERMEDIATE,0,9636_44_2,5
1249,9636,2,50,28,32,INTERMEDIATE,0,9636_50_2,5
1249,9636,2,55,28,32,INTERMEDIATE,0,9636_55_2,5
1249,9636,2,11,28,32,WET,5,9636_11_2,5
1249,9636,2,24,28,28,INTERMEDIATE,0,9636_24_2,1
1249,9636,2,4,29,32,INTERMEDIATE,4,9636_4_2,4
1249,9636,2,63,29,32,INTERMEDIATE,3,9636_63_2,4
1249,9636,2,22,29,32,WET,0,9636_22_2,4
1249,9636,2,30,29,32,WET,0,9636_30_2,4
1249,9636,3,24,29,31,WET,5,9636_24_3,3
1249,9636,3,27,28,29,WET,0,9636_27_3,2
1249,9636,3,43,31,31,INTERMEDIATE,0,9636_43_3,1
1249,9636,4,27,30,30,INTERMEDIATE,0,9636_27_4,1
1249,9636,4,24,32,32,INTERMEDIATE,0,9636_24_4,1
1249,9636,2,31,33,69,INTERMEDIATE,2,9636_31_2,37
1249,9636,2,1,33,69,INTERMEDIATE,0,9636_1_2,37
1249,9636,2,10,33,69,INTERMEDIATE,0,9636_10_2,37
1249,9636,3,4,33,69,INTERMEDIATE,4,9636_4_3,37
1249,9636,3,63,33,69,INTERMEDIATE,3,9636_63_3,37
1249,9636,3,22,33,69,INTERMEDIATE,3,9636_22_3,37
1249,9636,3,16,33,69,INTERMEDIATE,3,9636_16_3,37
1249,9636,3,81,33,69,INTERMEDIATE,0,9636_81_3,37
1249,9636,3,14,33,69,INTERMEDIATE,0,9636_14_3,37
1249,9636,3,30,33,69,INTERMEDIATE,3,9636_30_3,37
1249,9636,2,77,33,69,INTERMEDIATE,0,9636_77_2,37
1249,9636,3,44,33,69,INTERMEDIATE,0,9636_44_3,37
1249,9636,3,11,33,69,INTERMEDIATE,0,9636_11_3,37
1249,9636,3,55,33,38,INTERMEDIATE,0,9636_55_3,6
1249,9636,3,50,33,69,INTERMEDIATE,0,9636_50_3,37
1249,9636,5,24,33,69,INTERMEDIATE,0,9636_24_5,37
1250,9644,1,77,1,17,HARD,0,9644_77_1,17
1250,9644,1,63,1,12,MEDIUM,1,9644_63_1,12
1250,9644,1,1,1,11,MEDIUM,0,9644_1_1,11
1250,9644,1,27,1,14,MEDIUM,0,9644_27_1,14
1250,9644,1,22,1,10,MEDIUM,0,9644_22_1,10
1250,9644,1,23,1,9,MEDIUM,0,9644_23_1,9
1250,9644,1,43,1,16,HARD,0,9644_43_1,16
1250,9644,1,11,1,17,HARD,0,9644_11_1,17
1250,9644,1,18,1,9,MEDIUM,1,9644_18_1,9
1250,9644,1,4,1,9,MEDIUM,0,9644_4_1,9
1250,9644,1,44,1,13,MEDIUM,0,9644_44_1,13
1250,9644,1,24,1,11,MEDIUM,1,9644_24_1,11
1250,9644,1,55,1,10,MEDIUM,0,9644_55_1,10
1250,9644,1,30,1,11,MEDIUM,0,9644_30_1,11
1250,9644,1,14,1,4,SOFT,0,9644_14_1,4
1250,9644,1,20,1,17,MEDIUM,0,9644_20_1,17
1250,9644,1,10,1,10,MEDIUM,0,9644_10_1,10
1250,9644,1,16,1,9,MEDIUM,0,9644_16_1,9
1250,9644,1,81,1,10,MEDIUM,0,9644_81_1,10
1250,9644,1,31,1,11,MEDIUM,0,9644_31_1,11
1250,9644,2,14,5,24,HARD,0,9644_14_2,20
1250,9644,2,16,10,31,HARD,0,9644_16_2,22
1250,9644,2,4,10,30,HARD,0,9644_4_2,21
1250,9644,2,23,10,25,HARD,0,9644_23_2,16
1250,9644,2,18,10,28,HARD,0,9644_18_2,19
1250,9644,2,55,11,28,HARD,0,9644_55_2,18
1250,9644,2,22,11,29,HARD,0,9644_22_2,19
1250,9644,2,10,11,15,HARD,0,9644_10_2,5
1250,9644,2,81,11,25,HARD,0,9644_81_2,15
1250,9644,2,1,12,27,HARD,0,9644_1_2,16
1250,9644,2,31,12,12,MEDIUM,0,9644_31_2,1
1250,9644,2,24,12,34,HARD,0,9644_24_2,23
1250,9644,2,30,12,38,HARD,1,9644_30_2,27
1250,9644,2,63,13,32,HARD,1,9644_63_2,20
1250,9644,3,31,13,45,HARD,0,9644_31_3,33
1250,9644,2,44,14,27,HARD,1,9644_44_2,14
1250,9644,2,27,15,33,HARD,0,9644_27_2,19
1250,9644,2,43,17,26,MEDIUM,0,9644_43_2,10
1250,9644,2,11,18,32,MEDIUM,0,9644_11_2,15
1250,9644,2,77,18,35,MEDIUM,0,9644_77_2,18
1250,9644,2,20,18,50,HARD,0,9644_20_2,33
1250,9644,3,14,25,50,HARD,1,9644_14_3,26
1250,9644,3,81,26,50,HARD,0,9644_81_3,25
1250,9644,3,43,27,50,HARD,0,9644_43_3,24
1250,9644,3,1,28,50,HARD,0,9644_1_3,23
1250,9644,3,44,28,50,HARD,1,9644_44_3,23
1250,9644,3,55,29,50,HARD,0,9644_55_3,22
1250,9644,3,18,29,50,HARD,0,9644_18_3,22
1250,9644,3,22,30,50,HARD,1,9644_22_3,21
1250,9644,3,4,31,48,HARD,0,9644_4_3,18
1250,9644,3,16,32,50,HARD,0,9644_16_3,19
1250,9644,3,63,33,50,HARD,0,9644_63_3,18
1250,9644,3,11,33,50,HARD,0,9644_11_3,18
1250,9644,3,27,34,50,HARD,0,9644_27_3,17
1250,9644,3,24,35,50,HARD,0,9644_24_3,16
1250,9644,3,77,36,49,HARD,0,9644_77_3,14
1250,9644,3,30,39,50,HARD,1,9644_30_3,12
1250,9644,4,31,46,49,SOFT,0,9644_31_4,4
1250,9644,4,4,49,50,SOFT,4,9644_4_4,2
1251,9655,1,22,1,35,MEDIUM,0,9655_22_1,35
1251,9655,1,30,1,35,MEDIUM,0,9655_30_1,35
1251,9655,1,14,1,35,MEDIUM,0,9655_14_1,35
1251,9655,1,44,1,34,MEDIUM,0,9655_44_1,34
1251,9655,1,1,1,35,MEDIUM,0,9655_1_1,35
1251,9655,1,77,1,24,MEDIUM,0,9655_77_1,24
1251,9655,1,63,1,23,MEDIUM,1,9655_63_1,23
1251,9655,1,10,1,35,MEDIUM,0,9655_10_1,35
1251,9655,1,81,1,34,MEDIUM,0,9655_81_1,34
1251,9655,1,23,1,35,MEDIUM,0,9655_23_1,35
1251,9655,1,16,1,35,MEDIUM,1,9655_16_1,35
1251,9655,1,27,1,1,HARD,0,9655_27_1,1
1251,9655,1,18,1,1,MEDIUM,0,9655_18_1,1
1251,9655,1,20,1,27,MEDIUM,0,9655_20_1,27
1251,9655,1,11,1,35,MEDIUM,0,9655_11_1,35
1251,9655,1,24,1,35,MEDIUM,0,9655_24_1,35
1251,9655,1,55,1,34,MEDIUM,1,9655_55_1,34
1251,9655,1,4,1,35,MEDIUM,0,9655_4_1,35
1251,9655,2,18,2,7,HARD,0,9655_18_2,6
1251,9655,2,27,2,31,HARD,0,9655_27_2,30
1251,9655,3,18,8,8,HARD,0,9655_18_3,1
1251,9655,2,63,24,35,HARD,0,9655_63_2,12
1251,9655,2,77,25,35,HARD,0,9655_77_2,11
1251,9655,2,20,28,36,HARD,0,9655_20_2,9
1251,9655,3,27,32,36,MEDIUM,0,9655_27_3,5
1251,9655,2,81,35,36,HARD,0,9655_81_2,2
1251,9655,2,55,35,36,HARD,0,9655_55_2,2
1251,9655,2,4,36,36,HARD,0,9655_4_2,1
1251,9655,2,44,35,35,HARD,0,9655_44_2,1
1251,9655,2,1,36,36,HARD,0,9655_1_2,1
1251,9655,2,16,36,36,HARD,0,9655_16_2,1
1251,9655,2,11,36,36,HARD,0,9655_11_2,1
1251,9655,2,10,36,36,HARD,0,9655_10_2,1
1251,9655,2,14,36,36,HARD,0,9655_14_2,1
1251,9655,3,63,36,36,HARD,0,9655_63_3,1
1251,9655,2,24,36,36,HARD,0,9655_24_2,1
1251,9655,2,23,36,36,SOFT,0,9655_23_2,1
1251,9655,2,22,36,36,HARD,0,9655_22_2,1
1251,9655,2,30,36,36,HARD,0,9655_30_2,1
1251,9655,3,44,36,36,HARD,0,9655_44_3,1
1251,9655,3,1,37,37,HARD,1,9655_1_3,1
1251,9655,3,4,37,37,HARD,0,9655_4_3,1
1251,9655,3,77,36,36,MEDIUM,0,9655_77_3,1
1251,9655,3,16,37,37,HARD,0,9655_16_3,1
1251,9655,3,81,37,37,HARD,0,9655_81_3,1
1251,9655,3,11,37,37,HARD,1,9655_11_3,1
1251,9655,3,10,37,37,HARD,0,9655_10_3,1
1251,9655,4,63,37,37,HARD,1,9655_63_4,1
1251,9655,3,55,37,37,HARD,2,9655_55_3,1
1251,9655,3,24,37,37,HARD,0,9655_24_3,1
1251,9655,3,20,37,37,HARD,27,9655_20_3,1
1251,9655,3,14,37,37,MEDIUM,6,9655_14_3,1
1251,9655,3,22,37,37,HARD,1,9655_22_3,1
1251,9655,3,23,37,37,SOFT,0,9655_23_3,1
1251,9655,4,27,37,37,MEDIUM,5,9655_27_4,1
1251,9655,3,30,37,37,HARD,1,9655_30_3,1
1251,9655,4,1,38,57,HARD,0,9655_1_4,20
1251,9655,4,44,37,47,HARD,0,9655_44_4,11
1251,9655,4,77,37,57,MEDIUM,0,9655_77_4,21
1251,9655,4,4,38,45,HARD,2,9655_4_4,8
1251,9655,4,16,38,57,HARD,2,9655_16_4,20
1251,9655,4,11,38,38,HARD,0,9655_11_4,1
1251,9655,4,81,38,57,HARD,3,9655_81_4,20
1251,9655,4,10,38,57,HARD,2,9655_10_4,20
1251,9655,5,63,38,57,HARD,2,9655_63_5,20
1251,9655,4,55,38,57,HARD,3,9655_55_4,20
1251,9655,4,14,38,57,MEDIUM,7,9655_14_4,20
1251,9655,4,24,38,57,HARD,0,9655_24_4,20
1251,9655,4,20,38,57,HARD,28,9655_20_4,20
1251,9655,4,22,38,40,HARD,2,9655_22_4,3
1251,9655,4,23,38,55,SOFT,0,9655_23_4,18
1251,9655,4,30,38,40,HARD,0,9655_30_4,3
1251,9655,5,27,38,39,MEDIUM,6,9655_27_5,2
1251,9655,5,22,41,57,SOFT,0,9655_22_5,17
1251,9655,5,30,41,57,SOFT,0,9655_30_5,17
1251,9655,5,4,46,57,HARD,0,9655_4_5,12
1251,9655,5,44,48,57,HARD,13,9655_44_5,10
1251,9655,5,23,56,56,SOFT,0,9655_23_5,1
1252,9662,1,18,1,11,MEDIUM,1,9662_18_1,11
1252,9662,1,4,1,26,MEDIUM,0,9662_4_1,26
1252,9662,1,24,1,12,MEDIUM,0,9662_24_1,12
1252,9662,1,44,1,34,HARD,0,9662_44_1,34
1252,9662,1,14,1,13,MEDIUM,1,9662_14_1,13
1252,9662,1,63,1,26,MEDIUM,1,9662_63_1,26
1252,9662,1,20,1,12,MEDIUM,0,9662_20_1,12
1252,9662,1,55,1,25,MEDIUM,0,9662_55_1,25
1252,9662,1,10,1,14,MEDIUM,0,9662_10_1,14
1252,9662,1,61,1,22,MEDIUM,0,9662_61_1,22
1252,9662,1,81,1,4,MEDIUM,0,9662_81_1,4
1252,9662,1,30,1,23,MEDIUM,0,9662_30_1,23
1252,9662,1,16,1,20,MEDIUM,0,9662_16_1,20
1252,9662,1,43,1,3,MEDIUM,0,9662_43_1,3
1252,9662,1,77,1,6,MEDIUM,0,9662_77_1,6
1252,9662,1,1,1,29,MEDIUM,0,9662_1_1,29
1252,9662,1,27,1,13,MEDIUM,0,9662_27_1,13
1252,9662,1,22,1,22,MEDIUM,0,9662_22_1,22
1252,9662,1,23,1,12,MEDIUM,0,9662_23_1,12
1252,9662,2,43,4,26,HARD,0,9662_43_2,23
1252,9662,2,81,5,32,HARD,0,9662_81_2,28
1252,9662,2,77,7,30,HARD,0,9662_77_2,24
1252,9662,2,18,12,32,HARD,1,9662_18_2,21
1252,9662,2,20,13,29,HARD,0,9662_20_2,17
1252,9662,2,23,13,57,HARD,0,9662_23_2,45
1252,9662,2,24,13,39,HARD,0,9662_24_2,27
1252,9662,2,27,14,58,HARD,0,9662_27_2,45
1252,9662,2,14,14,37,HARD,1,9662_14_2,24
1252,9662,2,10,15,58,HARD,0,9662_10_2,44
1252,9662,2,16,21,58,HARD,0,9662_16_2,38
1252,9662,2,61,23,57,HARD,0,9662_61_2,35
1252,9662,2,22,23,57,HARD,0,9662_22_2,35
1252,9662,2,30,24,24,HARD,0,9662_30_2,1
1252,9662,3,30,25,29,HARD,1,9662_30_3,5
1252,9662,2,55,26,58,HARD,0,9662_55_2,33
1252,9662,2,4,27,58,HARD,0,9662_4_2,32
1252,9662,2,63,27,58,HARD,0,9662_63_2,32
1252,9662,2,1,30,58,HARD,0,9662_1_2,29
1252,9662,3,20,30,30,HARD,0,9662_20_3,1
1252,9662,4,30,30,55,HARD,6,9662_30_4,26
1252,9662,4,20,31,55,SOFT,0,9662_20_4,25
1252,9662,3,18,33,57,HARD,0,9662_18_3,25
1252,9662,3,81,33,58,HARD,0,9662_81_3,26
1252,9662,2,44,35,58,MEDIUM,1,9662_44_2,24
1252,9662,3,14,38,58,HARD,1,9662_14_3,21
1252,9662,3,24,40,57,HARD,0,9662_24_3,18
1252,9662,5,20,56,57,SOFT,3,9662_20_5,2
1254,9693,1,18,1,2,INTERMEDIATE,0,9693_18_1,2
1254,9693,1,12,1,2,INTERMEDIATE,0,9693_12_1,2
1254,9693,1,14,1,2,INTERMEDIATE,0,9693_14_1,2
1254,9693,1,63,1,2,INTERMEDIATE,0,9693_63_1,2
1254,9693,1,4,1,2,INTERMEDIATE,0,9693_4_1,2
1254,9693,1,27,1,2,INTERMEDIATE,0,9693_27_1,2
1254,9693,1,31,1,2,INTERMEDIATE,0,9693_31_1,2
1254,9693,1,22,1,2,INTERMEDIATE,0,9693_22_1,2
1254,9693,1,10,1,2,INTERMEDIATE,0,9693_10_1,2
1254,9693,1,44,1,2,INTERMEDIATE,0,9693_44_1,2
1254,9693,1,1,1,2,INTERMEDIATE,0,9693_1_1,2
1254,9693,1,23,1,2,INTERMEDIATE,0,9693_23_1,2
1254,9693,1,16,1,2,INTERMEDIATE,0,9693_16_1,2
1254,9693,1,81,1,2,INTERMEDIATE,0,9693_81_1,2
1254,9693,1,87,1,2,INTERMEDIATE,0,9693_87_1,2
1254,9693,1,5,1,2,INTERMEDIATE,0,9693_5_1,2
1254,9693,3,30,1,2,INTERMEDIATE,0,9693_30_3,2
1254,9693,2,4,2,3,INTERMEDIATE,0,9693_4_2,2
1254,9693,2,1,2,3,INTERMEDIATE,2,9693_1_2,2
1254,9693,2,81,2,3,INTERMEDIATE,0,9693_81_2,2
1254,9693,2,63,2,3,INTERMEDIATE,2,9693_63_2,2
1254,9693,2,16,2,3,INTERMEDIATE,2,9693_16_2,2
1254,9693,2,23,2,3,INTERMEDIATE,0,9693_23_2,2
1254,9693,2,22,2,3,INTERMEDIATE,2,9693_22_2,2
1254,9693,2,10,2,3,INTERMEDIATE,0,9693_10_2,2
1254,9693,2,44,2,3,INTERMEDIATE,2,9693_44_2,2
1254,9693,2,14,2,3,INTERMEDIATE,2,9693_14_2,2
1254,9693,2,27,2,3,INTERMEDIATE,0,9693_27_2,2
1254,9693,2,18,2,3,INTERMEDIATE,2,9693_18_2,2
1254,9693,2,5,2,2,INTERMEDIATE,0,9693_5_2,1
1254,9693,2,31,2,3,INTERMEDIATE,2,9693_31_2,2
1254,9693,2,12,2,3,INTERMEDIATE,2,9693_12_2,2
1254,9693,4,30,2,3,INTERMEDIATE,2,9693_30_4,2
1254,9693,2,87,2,2,INTERMEDIATE,0,9693_87_2,1
1254,9693,3,5,3,3,INTERMEDIATE,0,9693_5_3,1
1254,9693,3,87,3,3,INTERMEDIATE,0,9693_87_3,1
1254,9693,3,1,3,4,INTERMEDIATE,0,9693_1_3,2
1254,9693,3,4,3,4,INTERMEDIATE,0,9693_4_3,2
1254,9693,3,81,3,4,INTERMEDIATE,0,9693_81_3,2
1254,9693,3,63,3,4,INTERMEDIATE,3,9693_63_3,2
1254,9693,3,16,3,4,INTERMEDIATE,3,9693_16_3,2
1254,9693,3,22,3,4,INTERMEDIATE,0,9693_22_3,2
1254,9693,3,23,3,4,INTERMEDIATE,1,9693_23_3,2
1254,9693,3,44,3,4,INTERMEDIATE,3,9693_44_3,2
1254,9693,3,14,3,4,INTERMEDIATE,3,9693_14_3,2
1254,9693,3,10,3,4,INTERMEDIATE,3,9693_10_3,2
1254,9693,3,27,3,4,INTERMEDIATE,3,9693_27_3,2
1254,9693,3,18,3,4,INTERMEDIATE,3,9693_18_3,2
1254,9693,3,12,3,4,INTERMEDIATE,0,9693_12_3,2
1254,9693,4,5,3,3,INTERMEDIATE,0,9693_5_4,1
1254,9693,3,31,3,4,INTERMEDIATE,3,9693_31_3,2
1254,9693,4,87,3,3,INTERMEDIATE,0,9693_87_4,1
1254,9693,5,30,3,4,INTERMEDIATE,3,9693_30_5,2
1254,9693,5,5,4,4,INTERMEDIATE,3,9693_5_5,1
1254,9693,5,87,4,4,INTERMEDIATE,3,9693_87_5,1
1254,9693,4,4,4,34,INTERMEDIATE,0,9693_4_4,31
1254,9693,4,1,4,34,INTERMEDIATE,0,9693_1_4,31
1254,9693,4,63,4,34,INTERMEDIATE,4,9693_63_4,31
1254,9693,4,81,4,34,INTERMEDIATE,0,9693_81_4,31
1254,9693,4,22,4,33,INTERMEDIATE,0,9693_22_4,30
1254,9693,4,16,4,34,INTERMEDIATE,4,9693_16_4,31
1254,9693,4,23,4,33,INTERMEDIATE,2,9693_23_4,30
1254,9693,4,44,4,33,INTERMEDIATE,4,9693_44_4,30
1254,9693,4,14,4,32,INTERMEDIATE,4,9693_14_4,29
1254,9693,4,10,4,33,INTERMEDIATE,4,9693_10_4,30
1254,9693,4,27,4,33,INTERMEDIATE,4,9693_27_4,30
1254,9693,4,18,4,33,INTERMEDIATE,4,9693_18_4,30
1254,9693,6,5,4,44,MEDIUM,4,9693_5_6,41
1254,9693,4,12,4,33,INTERMEDIATE,4,9693_12_4,30
1254,9693,6,30,4,33,INTERMEDIATE,0,9693_30_6,30
1254,9693,4,31,4,39,INTERMEDIATE,0,9693_31_4,36
1254,9693,6,87,4,44,MEDIUM,0,9693_87_6,41
1254,9693,5,44,33,47,HARD,1,9693_44_5,15
1254,9693,5,23,33,44,MEDIUM,0,9693_23_5,12
1254,9693,5,22,33,47,MEDIUM,0,9693_22_5,15
1254,9693,5,10,33,46,HARD,0,9693_10_5,14
1254,9693,5,12,33,44,HARD,0,9693_12_5,12
1254,9693,5,18,33,44,HARD,1,9693_18_5,12
1254,9693,5,27,33,44,MEDIUM,0,9693_27_5,12
1254,9693,5,4,34,44,HARD,1,9693_4_5,11
1254,9693,5,81,34,44,HARD,1,9693_81_5,11
1254,9693,7,30,33,46,MEDIUM,0,9693_30_7,14
1254,9693,5,1,34,46,MEDIUM,0,9693_1_5,13
1254,9693,5,63,34,44,HARD,0,9693_63_5,11
1254,9693,5,16,34,47,HARD,1,9693_16_5,14
1254,9693,5,31,39,46,MEDIUM,0,9693_31_5,8
1254,9693,6,4,44,57,INTERMEDIATE,0,9693_4_6,14
1254,9693,6,23,44,57,INTERMEDIATE,0,9693_23_6,14
1254,9693,6,63,44,57,INTERMEDIATE,0,9693_63_6,14
1254,9693,6,18,44,57,INTERMEDIATE,0,9693_18_6,14
1254,9693,6,27,44,57,INTERMEDIATE,0,9693_27_6,14
1254,9693,6,12,44,57,INTERMEDIATE,0,9693_12_6,14
1254,9693,7,5,44,45,INTERMEDIATE,0,9693_5_7,2
1254,9693,6,81,44,57,INTERMEDIATE,0,9693_81_6,14
1254,9693,7,87,44,57,INTERMEDIATE,0,9693_87_7,14
1254,9693,6,1,46,57,INTERMEDIATE,0,9693_1_6,12
1254,9693,6,10,46,57,INTERMEDIATE,0,9693_10_6,12
1254,9693,6,31,46,57,INTERMEDIATE,0,9693_31_6,12
1254,9693,6,44,47,57,INTERMEDIATE,0,9693_44_6,11
1254,9693,6,22,47,57,INTERMEDIATE,0,9693_22_6,11
1254,9693,6,16,47,57,INTERMEDIATE,0,9693_16_6,11
1255,9998,1,23,1,20,MEDIUM,0,9998_23_1,20
1255,9998,1,14,1,4,MEDIUM,5,9998_14_1,4
1255,9998,1,16,1,15,MEDIUM,0,9998_16_1,15
1255,9998,1,27,1,20,MEDIUM,0,9998_27_1,20
1255,9998,1,18,1,36,HARD,0,9998_18_1,36
1255,9998,1,7,1,11,MEDIUM,0,9998_7_1,11
1255,9998,1,44,1,13,MEDIUM,0,9998_44_1,13
1255,9998,1,55,1,17,MEDIUM,0,9998_55_1,17
1255,9998,1,22,1,11,MEDIUM,0,9998_22_1,11
1255,9998,1,30,1,18,HARD,0,9998_30_1,18
1255,9998,1,1,1,13,MEDIUM,0,9998_1_1,13
1255,9998,1,6,1,12,MEDIUM,0,9998_6_1,12
1255,9998,1,63,1,14,MEDIUM,0,9998_63_1,14
1255,9998,1,10,1,10,MEDIUM,0,9998_10_1,10
1255,9998,1,5,1,1,MEDIUM,0,9998_5_1,1
1255,9998,1,12,1,12,MEDIUM,0,9998_12_1,12
1255,9998,1,31,1,11,MEDIUM,0,9998_31_1,11
1255,9998,1,81,1,14,MEDIUM,0,9998_81_1,14
1255,9998,1,87,1,26,HARD,0,9998_87_1,26
1255,9998,1,4,1,15,MEDIUM,0,9998_4_1,15
1255,9998,2,5,2,26,HARD,0,9998_5_2,25
1255,9998,2,10,11,56,HARD,0,9998_10_2,46
1255,9998,2,22,12,35,HARD,0,9998_22_2,24
1255,9998,2,31,12,56,HARD,0,9998_31_2,45
1255,9998,2,7,12,56,HARD,0,9998_7_2,45
1255,9998,2,6,13,33,HARD,0,9998_6_2,21
1255,9998,2,12,13,56,HARD,0,9998_12_2,44
1255,9998,2,44,14,37,HARD,0,9998_44_2,24
1255,9998,2,1,14,56,HARD,0,9998_1_2,43
1255,9998,2,81,15,56,HARD,0,9998_81_2,42
1255,9998,2,63,15,56,HARD,0,9998_63_2,42
1255,9998,2,4,16,56,HARD,0,9998_4_2,41
1255,9998,2,16,16,56,HARD,0,9998_16_2,41
1255,9998,2,55,18,56,HARD,0,9998_55_2,39
1255,9998,2,30,19,30,MEDIUM,0,9998_30_2,12
1255,9998,2,23,21,56,HARD,0,9998_23_2,36
1255,9998,2,27,21,55,HARD,0,9998_27_2,35
1255,9998,2,87,27,56,MEDIUM,0,9998_87_2,30
1255,9998,3,5,27,55,HARD,0,9998_5_3,29
1255,9998,3,30,31,56,HARD,0,9998_30_3,26
1255,9998,3,6,34,56,HARD,0,9998_6_3,23
1255,9998,3,22,36,46,HARD,0,9998_22_3,11
1255,9998,2,18,37,56,MEDIUM,0,9998_18_2,20
1255,9998,3,44,38,56,HARD,0,9998_44_3,19
1255,9998,4,22,47,55,MEDIUM,6,9998_22_4,9
1256,10006,1,12,1,31,MEDIUM,0,10006_12_1,31
1256,10006,1,63,1,19,MEDIUM,0,10006_63_1,19
1256,10006,1,7,1,15,SOFT,0,10006_7_1,15
1256,10006,1,18,1,9,SOFT,0,10006_18_1,9
1256,10006,1,14,1,24,MEDIUM,1,10006_14_1,24
1256,10006,1,23,1,24,MEDIUM,0,10006_23_1,24
1256,10006,1,4,1,21,MEDIUM,0,10006_4_1,21
1256,10006,1,55,1,33,MEDIUM,0,10006_55_1,33
1256,10006,1,44,1,30,HARD,0,10006_44_1,30
1256,10006,1,10,1,24,MEDIUM,0,10006_10_1,24
1256,10006,1,30,1,33,MEDIUM,0,10006_30_1,33
1256,10006,1,81,1,20,MEDIUM,0,10006_81_1,20
1256,10006,1,5,1,31,HARD,0,10006_5_1,31
1256,10006,1,31,1,32,HARD,1,10006_31_1,32
1256,10006,1,6,1,25,MEDIUM,0,10006_6_1,25
1256,10006,1,1,1,21,MEDIUM,0,10006_1_1,21
1256,10006,1,16,1,21,MEDIUM,0,10006_16_1,21
1256,10006,1,87,1,23,MEDIUM,0,10006_87_1,23
1256,10006,1,27,1,22,MEDIUM,0,10006_27_1,22
1256,10006,1,22,1,23,MEDIUM,0,10006_22_1,23
1256,10006,2,18,10,30,HARD,1,10006_18_2,21
1256,10006,2,7,16,53,HARD,0,10006_7_2,38
1256,10006,2,63,20,53,HARD,0,10006_63_2,34
1256,10006,2,81,21,53,HARD,0,10006_81_2,33
1256,10006,2,1,22,53,HARD,0,10006_1_2,32
1256,10006,2,4,22,53,HARD,0,10006_4_2,32
1256,10006,2,16,22,53,HARD,0,10006_16_2,32
1256,10006,2,27,23,53,HARD,0,10006_27_2,31
1256,10006,2,87,24,53,HARD,1,10006_87_2,30
1256,10006,2,22,24,53,HARD,0,10006_22_2,30
1256,10006,2,23,25,53,HARD,0,10006_23_2,29
1256,10006,2,14,25,53,HARD,1,10006_14_2,29
1256,10006,2,10,25,53,HARD,0,10006_10_2,29
1256,10006,2,6,26,53,HARD,0,10006_6_2,28
1256,10006,2,44,31,53,MEDIUM,0,10006_44_2,23
1256,10006,3,18,31,52,MEDIUM,0,10006_18_3,22
1256,10006,2,12,32,53,HARD,0,10006_12_2,22
1256,10006,2,5,32,53,MEDIUM,0,10006_5_2,22
1256,10006,2,31,33,53,MEDIUM,0,10006_31_2,21
1256,10006,2,55,34,53,SOFT,0,10006_55_2,20
1256,10006,2,30,34,53,SOFT,0,10006_30_2,20
1257,10014,1,18,1,12,SOFT,0,10014_18_1,12
1257,10014,1,4,1,10,SOFT,3,10014_4_1,10
1257,10014,1,55,1,14,SOFT,3,10014_55_1,14
1257,10014,1,44,1,17,MEDIUM,0,10014_44_1,17
1257,10014,1,30,1,14,MEDIUM,0,10014_30_1,14
1257,10014,1,5,1,13,MEDIUM,0,10014_5_1,13
1257,10014,1,14,1,16,MEDIUM,0,10014_14_1,16
1257,10014,1,10,1,10,SOFT,3,10014_10_1,10
1257,10014,1,81,1,14,SOFT,3,10014_81_1,14
1257,10014,1,16,1,17,MEDIUM,0,10014_16_1,17
1257,10014,1,22,1,11,SOFT,3,10014_22_1,11
1257,10014,1,87,1,14,SOFT,0,10014_87_1,14
1257,10014,1,31,1,8,SOFT,0,10014_31_1,8
1257,10014,1,6,1,6,SOFT,0,10014_6_1,6
1257,10014,1,12,1,12,SOFT,3,10014_12_1,12
1257,10014,1,63,1,13,SOFT,3,10014_63_1,13
1257,10014,1,7,1,9,SOFT,0,10014_7_1,9
1257,10014,1,27,1,5,SOFT,0,10014_27_1,5
1257,10014,1,23,1,16,SOFT,0,10014_23_1,16
1257,10014,1,1,1,10,SOFT,3,10014_1_1,10
1257,10014,2,27,6,27,MEDIUM,0,10014_27_2,22
1257,10014,2,6,7,28,MEDIUM,0,10014_6_2,22
1257,10014,2,31,9,27,MEDIUM,0,10014_31_2,19
1257,10014,2,7,10,28,MEDIUM,0,10014_7_2,19
1257,10014,2,4,11,32,MEDIUM,0,10014_4_2,22
1257,10014,2,1,11,26,HARD,0,10014_1_2,16
1257,10014,2,10,11,28,MEDIUM,0,10014_10_2,18
1257,10014,2,22,12,32,MEDIUM,0,10014_22_2,21
1257,10014,2,12,13,27,MEDIUM,0,10014_12_2,15
1257,10014,2,18,13,32,MEDIUM,0,10014_18_2,20
1257,10014,2,63,14,32,MEDIUM,0,10014_63_2,19
1257,10014,2,5,14,32,HARD,0,10014_5_2,19
1257,10014,2,81,15,32,MEDIUM,0,10014_81_2,18
1257,10014,2,55,15,32,MEDIUM,0,10014_55_2,18
1257,10014,2,87,15,32,HARD,0,10014_87_2,18
1257,10014,2,30,15,32,HARD,0,10014_30_2,18
1257,10014,2,23,17,32,HARD,0,10014_23_2,16
1257,10014,2,14,17,32,MEDIUM,0,10014_14_2,16
1257,10014,2,16,18,32,MEDIUM,0,10014_16_2,15
1257,10014,2,44,18,32,MEDIUM,0,10014_44_2,15
1257,10014,3,1,27,57,MEDIUM,0,10014_1_3,31
1257,10014,3,12,28,32,SOFT,3,10014_12_3,5
1257,10014,3,31,28,57,HARD,0,10014_31_3,30
1257,10014,3,27,28,57,MEDIUM,0,10014_27_3,30
1257,10014,3,10,29,57,HARD,0,10014_10_3,29
1257,10014,3,7,29,57,HARD,0,10014_7_3,29
1257,10014,3,6,29,57,HARD,0,10014_6_3,29
1257,10014,3,81,33,57,MEDIUM,0,10014_81_3,25
1257,10014,3,63,33,57,SOFT,3,10014_63_3,25
1257,10014,3,16,33,57,HARD,0,10014_16_3,25
1257,10014,3,4,33,57,MEDIUM,0,10014_4_3,25
1257,10014,3,44,33,57,HARD,0,10014_44_3,25
1257,10014,3,55,33,44,HARD,0,10014_55_3,12
1257,10014,3,22,33,57,SOFT,0,10014_22_3,25
1257,10014,3,87,33,57,SOFT,0,10014_87_3,25
1257,10014,4,12,33,57,SOFT,3,10014_12_4,25
1257,10014,3,23,33,57,MEDIUM,0,10014_23_3,25
1257,10014,3,14,33,57,HARD,0,10014_14_3,25
1257,10014,3,30,33,57,SOFT,0,10014_30_3,25
1257,10014,3,18,33,57,HARD,0,10014_18_3,25
1257,10014,3,5,33,57,MEDIUM,0,10014_5_3,25
1257,10014,4,55,45,45,SOFT,3,10014_55_4,1
1258,10022,1,7,1,1,MEDIUM,0,10022_7_1,1
1258,10022,1,31,1,1,MEDIUM,0,10022_31_1,1
1258,10022,1,5,1,1,MEDIUM,0,10022_5_1,1
1258,10022,1,22,1,1,MEDIUM,0,10022_22_1,1
1258,10022,1,87,1,18,MEDIUM,0,10022_87_1,18
1258,10022,1,81,1,19,MEDIUM,0,10022_81_1,19
1258,10022,1,12,1,19,MEDIUM,0,10022_12_1,19
1258,10022,1,14,1,19,MEDIUM,1,10022_14_1,19
1258,10022,1,63,1,20,MEDIUM,0,10022_63_1,20
1258,10022,1,30,1,20,MEDIUM,0,10022_30_1,20
1258,10022,1,1,1,21,MEDIUM,0,10022_1_1,21
1258,10022,1,55,1,21,MEDIUM,0,10022_55_1,21
1258,10022,1,23,1,22,MEDIUM,0,10022_23_1,22
1258,10022,1,44,1,23,MEDIUM,0,10022_44_1,23
1258,10022,1,16,1,29,MEDIUM,0,10022_16_1,29
1258,10022,2,7,2,32,HARD,0,10022_7_2,31
1258,10022,1,27,1,33,HARD,0,10022_27_1,33
1258,10022,1,4,1,34,HARD,0,10022_4_1,34
1258,10022,1,6,1,34,HARD,0,10022_6_1,34
1258,10022,1,18,1,39,HARD,1,10022_18_1,39
1258,10022,2,81,20,50,HARD,0,10022_81_2,31
1258,10022,2,1,22,50,HARD,0,10022_1_2,29
1258,10022,2,27,34,49,MEDIUM,0,10022_27_2,16
1258,10022,2,18,40,49,MEDIUM,1,10022_18_2,10
1258,10022,2,16,30,50,HARD,0,10022_16_2,21
1258,10022,2,4,35,50,MEDIUM,0,10022_4_2,16
1258,10022,3,7,33,49,HARD,0,10022_7_3,17
1258,10022,2,5,2,49,HARD,0,10022_5_2,48
1258,10022,2,63,21,50,HARD,0,10022_63_2,30
1258,10022,2,12,20,50,HARD,0,10022_12_2,31
1258,10022,2,44,24,50,HARD,0,10022_44_2,27
1258,10022,2,55,22,50,HARD,0,10022_55_2,29
1258,10022,2,23,23,50,HARD,0,10022_23_2,28
1258,10022,2,6,35,50,MEDIUM,0,10022_6_2,16
1258,10022,2,30,21,50,HARD,1,10022_30_2,30
1258,10022,2,14,20,50,HARD,1,10022_14_2,31
1258,10022,2,87,19,50,HARD,0,10022_87_2,32
1258,10022,2,31,2,50,HARD,0,10022_31_2,49
1259,10033,1,1,1,32,MEDIUM,24,10033_1_1,32
1259,10033,1,12,1,32,MEDIUM,24,10033_12_1,32
1259,10033,1,81,1,32,MEDIUM,24,10033_81_1,32
1259,10033,1,63,1,32,HARD,24,10033_63_1,32
1259,10033,1,23,1,32,MEDIUM,24,10033_23_1,32
1259,10033,1,4,1,32,MEDIUM,24,10033_4_1,32
1259,10033,1,55,1,32,MEDIUM,30,10033_55_1,32
1259,10033,1,16,1,32,MEDIUM,24,10033_16_1,32
1259,10033,1,22,1,32,MEDIUM,24,10033_22_1,32
1259,10033,1,31,1,23,MEDIUM,23,10033_31_1,23
1259,10033,1,6,1,23,MEDIUM,22,10033_6_1,23
1259,10033,1,44,1,32,HARD,23,10033_44_1,32
1259,10033,1,5,1,23,MEDIUM,19,10033_5_1,23
1259,10033,1,27,1,36,HARD,23,10033_27_1,36
1259,10033,1,18,1,23,MEDIUM,21,10033_18_1,23
1259,10033,1,87,1,27,HARD,23,10033_87_1,27
1259,10033,1,14,1,32,HARD,24,10033_14_1,32
1259,10033,1,10,1,32,HARD,23,10033_10_1,32
1259,10033,1,30,1,31,HARD,23,10033_30_1,31
1259,10033,2,5,24,30,HARD,4,10033_5_2,7
1259,10033,2,31,24,57,HARD,0,10033_31_2,34
1259,10033,2,6,24,57,HARD,1,10033_6_2,34
1259,10033,2,18,24,56,HARD,4,10033_18_2,33
1259,10033,1,7,1,1,MEDIUM,0,10033_7_1,1
1259,10033,2,63,33,57,MEDIUM,3,10033_63_2,25
1259,10033,2,14,33,56,MEDIUM,5,10033_14_2,24
1259,10033,2,10,33,57,MEDIUM,0,10033_10_2,25
1259,10033,2,81,33,57,HARD,3,10033_81_2,25
1259,10033,2,12,33,57,HARD,7,10033_12_2,25
1259,10033,2,23,33,57,HARD,6,10033_23_2,25
1259,10033,2,16,33,57,HARD,3,10033_16_2,25
1259,10033,2,22,33,57,HARD,5,10033_22_2,25
1259,10033,2,4,33,57,HARD,3,10033_4_2,25
1259,10033,2,55,33,57,HARD,7,10033_55_2,25
1259,10033,2,44,33,57,MEDIUM,4,10033_44_2,25
1259,10033,2,30,32,36,MEDIUM,3,10033_30_2,5
1259,10033,2,1,33,57,HARD,6,10033_1_2,25
1259,10033,2,27,37,56,MEDIUM,0,10033_27_2,20
1260,9987,1,31,1,1,MEDIUM,0,9987_31_1,1
1260,9987,1,10,1,9,MEDIUM,0,9987_10_1,9
1260,9987,1,16,1,10,MEDIUM,0,9987_16_1,10
1260,9987,1,30,1,10,MEDIUM,0,9987_30_1,10
1260,9987,1,63,1,11,MEDIUM,3,9987_63_1,11
1260,9987,1,55,1,11,MEDIUM,0,9987_55_1,11
1260,9987,1,14,1,12,MEDIUM,3,9987_14_1,12
1260,9987,1,5,1,12,MEDIUM,0,9987_5_1,12
1260,9987,1,81,1,13,MEDIUM,0,9987_81_1,13
1260,9987,1,18,1,14,MEDIUM,3,9987_18_1,14
1260,9987,1,43,1,22,MEDIUM,0,9987_43_1,22
1260,9987,2,31,2,27,HARD,0,9987_31_2,26
1260,9987,1,4,1,28,MEDIUM,0,9987_4_1,28
1260,9987,1,1,1,29,MEDIUM,0,9987_1_1,29
1260,9987,1,23,1,29,MEDIUM,0,9987_23_1,29
1260,9987,1,6,1,29,MEDIUM,0,9987_6_1,29
1260,9987,1,12,1,29,HARD,0,9987_12_1,29
1260,9987,1,44,1,29,HARD,0,9987_44_1,29
1260,9987,2,16,11,29,HARD,0,9987_16_2,19
1260,9987,1,27,1,29,HARD,0,9987_27_1,29
1260,9987,1,87,1,29,HARD,0,9987_87_1,29
1260,9987,2,63,12,29,HARD,0,9987_63_2,18
1260,9987,1,22,1,29,HARD,0,9987_22_1,29
1260,9987,2,55,12,29,HARD,0,9987_55_2,18
1260,9987,2,10,10,29,HARD,0,9987_10_2,20
1260,9987,2,30,11,29,HARD,0,9987_30_2,19
1260,9987,2,5,13,29,HARD,0,9987_5_2,17
1260,9987,2,81,14,30,HARD,0,9987_81_2,17
1260,9987,2,87,30,31,MEDIUM,0,9987_87_2,2
1260,9987,2,12,30,44,MEDIUM,0,9987_12_2,15
1260,9987,2,1,30,46,HARD,0,9987_1_2,17
1260,9987,2,4,29,46,HARD,0,9987_4_2,18
1260,9987,2,44,30,46,MEDIUM,0,9987_44_2,17
1260,9987,2,6,30,46,HARD,0,9987_6_2,17
1260,9987,2,14,13,46,HARD,1,9987_14_2,34
1260,9987,2,18,15,46,HARD,1,9987_18_2,32
1260,9987,2,43,23,46,HARD,0,9987_43_2,24
1260,9987,3,5,30,46,HARD,0,9987_5_3,17
1260,9987,2,23,30,47,HARD,0,9987_23_2,18
1260,9987,3,1,47,63,HARD,0,9987_1_3,17
1260,9987,3,4,47,63,HARD,1,9987_4_3,17
1260,9987,3,81,31,63,HARD,0,9987_81_3,33
1260,9987,3,44,47,63,HARD,0,9987_44_3,17
1260,9987,3,23,48,63,HARD,0,9987_23_3,16
1260,9987,3,16,30,63,HARD,0,9987_16_3,34
1260,9987,3,63,30,63,HARD,0,9987_63_3,34
1260,9987,3,55,30,63,HARD,0,9987_55_3,34
1260,9987,3,6,47,63,HARD,0,9987_6_3,17
1260,9987,2,22,30,63,MEDIUM,0,9987_22_2,34
1260,9987,3,14,47,63,MEDIUM,4,9987_14_3,17
1260,9987,2,27,30,63,MEDIUM,0,9987_27_2,34
1260,9987,3,10,30,63,HARD,0,9987_10_3,34
1260,9987,3,30,30,63,HARD,0,9987_30_3,34
1260,9987,3,18,47,63,MEDIUM,6,9987_18_3,17
1260,9987,3,43,47,63,HARD,0,9987_43_3,17
1260,9987,3,87,32,63,HARD,0,9987_87_3,32
1260,9987,4,5,47,63,MEDIUM,12,9987_5_4,17
1261,9979,1,22,1,0,SOFT,0,9979_22_1,0
1261,9979,1,10,1,0,MEDIUM,6,9979_10_1,0
1261,9979,1,87,1,0,MEDIUM,0,9979_87_1,0
1261,9979,1,5,1,0,MEDIUM,0,9979_5_1,0
1261,9979,2,10,1,7,MEDIUM,0,9979_10_2,7
1261,9979,1,27,1,11,MEDIUM,0,9979_27_1,11
1261,9979,1,43,1,12,HARD,0,9979_43_1,12
1261,9979,1,6,1,13,MEDIUM,0,9979_6_1,13
1261,9979,1,14,1,15,HARD,1,9979_14_1,15
1261,9979,1,31,1,15,MEDIUM,0,9979_31_1,15
1261,9979,1,18,1,16,HARD,1,9979_18_1,16
1261,9979,2,87,1,16,HARD,0,9979_87_2,16
1261,9979,1,44,1,17,HARD,0,9979_44_1,17
1261,9979,1,4,1,18,MEDIUM,0,9979_4_1,18
1261,9979,2,6,14,18,SOFT,3,9979_6_2,5
1261,9979,1,81,1,19,MEDIUM,0,9979_81_1,19
1261,9979,1,16,1,21,MEDIUM,0,9979_16_1,21
1261,9979,2,43,13,25,MEDIUM,7,9979_43_2,13
1261,9979,2,5,1,25,HARD,0,9979_5_2,25
1261,9979,1,1,1,27,HARD,0,9979_1_1,27
1261,9979,2,31,16,27,MEDIUM,4,9979_31_2,12
1261,9979,1,30,1,30,MEDIUM,6,9979_30_1,30
1261,9979,1,23,1,31,MEDIUM,4,9979_23_1,31
1261,9979,2,14,16,36,HARD,1,9979_14_2,21
1261,9979,3,5,26,34,SOFT,0,9979_5_3,9
1261,9979,2,23,32,39,MEDIUM,8,9979_23_2,8
1261,9979,2,30,31,39,SOFT,3,9979_30_2,9
1261,9979,2,27,12,43,HARD,0,9979_27_2,32
1261,9979,2,81,20,47,HARD,0,9979_81_2,28
1261,9979,2,16,22,48,HARD,0,9979_16_2,27
1261,9979,1,55,1,47,HARD,0,9979_55_1,47
1261,9979,2,4,19,49,HARD,0,9979_4_2,31
1261,9979,2,55,48,52,MEDIUM,0,9979_55_2,5
1261,9979,1,63,1,52,HARD,0,9979_63_1,52
1261,9979,2,44,18,55,HARD,1,9979_44_2,38
1261,9979,2,18,17,63,HARD,1,9979_18_2,47
1261,9979,2,63,53,67,MEDIUM,53,9979_63_2,15
1261,9979,1,12,1,68,HARD,0,9979_12_1,68
1261,9979,2,12,69,70,MEDIUM,0,9979_12_2,2
1261,9979,2,22,1,72,HARD,0,9979_22_2,72
1261,9979,2,1,28,76,MEDIUM,0,9979_1_2,49
1261,9979,3,4,50,78,HARD,0,9979_4_3,29
1261,9979,3,16,49,78,MEDIUM,0,9979_16_3,30
1261,9979,3,81,48,78,HARD,0,9979_81_3,31
1261,9979,3,12,71,75,HARD,0,9979_12_3,5
1261,9979,3,23,40,76,HARD,0,9979_23_3,37
1261,9979,3,55,53,76,MEDIUM,8,9979_55_3,24
1261,9979,3,1,77,78,SOFT,3,9979_1_3,2
1261,9979,3,63,68,76,HARD,0,9979_63_3,9
1261,9979,3,44,56,78,MEDIUM,0,9979_44_3,23
1261,9979,3,87,17,76,MEDIUM,0,9979_87_3,60
1261,9979,3,43,26,76,MEDIUM,0,9979_43_3,51
1261,9979,3,6,19,77,HARD,1,9979_6_3,59
1261,9979,3,31,28,77,HARD,0,9979_31_3,50
1261,9979,3,30,40,77,HARD,1,9979_30_3,38
1261,9979,4,5,35,76,MEDIUM,0,9979_5_4,42
1261,9979,3,18,64,76,MEDIUM,1,9979_18_3,13
1261,9979,3,27,44,76,SOFT,0,9979_27_3,33
1261,9979,3,22,73,76,MEDIUM,0,9979_22_3,4
1262,9971,1,23,1,6,SOFT,3,9971_23_1,6
1262,9971,1,87,1,8,SOFT,0,9971_87_1,8
1262,9971,1,22,1,8,MEDIUM,0,9971_22_1,8
1262,9971,1,27,1,9,SOFT,0,9971_27_1,9
1262,9971,1,55,1,9,SOFT,0,9971_55_1,9
1262,9971,1,10,1,10,SOFT,2,9971_10_1,10
1262,9971,1,1,1,13,SOFT,3,9971_1_1,13
1262,9971,1,43,1,14,SOFT,0,9971_43_1,14
1262,9971,1,14,1,15,SOFT,2,9971_14_1,15
1262,9971,1,44,1,16,SOFT,3,9971_44_1,16
1262,9971,1,16,1,17,SOFT,1,9971_16_1,17
1262,9971,1,30,1,18,SOFT,0,9971_30_1,18
1262,9971,1,6,1,19,SOFT,3,9971_6_1,19
1262,9971,1,5,1,19,SOFT,3,9971_5_1,19
1262,9971,1,63,1,20,SOFT,3,9971_63_1,20
1262,9971,1,31,1,20,SOFT,0,9971_31_1,20
1262,9971,1,4,1,21,SOFT,0,9971_4_1,21
1262,9971,1,12,1,21,SOFT,3,9971_12_1,21
1262,9971,1,81,1,22,SOFT,0,9971_81_1,22
1262,9971,2,22,9,24,SOFT,0,9971_22_2,16
1262,9971,2,23,7,26,SOFT,0,9971_23_2,20
1262,9971,3,23,27,27,SOFT,20,9971_23_3,1
1262,9971,2,1,14,29,SOFT,0,9971_1_2,16
1262,9971,2,10,11,31,SOFT,3,9971_10_2,21
1262,9971,2,55,10,34,SOFT,0,9971_55_2,25
1262,9971,2,87,9,35,MEDIUM,0,9971_87_2,27
1262,9971,2,16,18,40,MEDIUM,0,9971_16_2,23
1262,9971,2,43,15,39,MEDIUM,0,9971_43_2,25
1262,9971,2,63,21,41,MEDIUM,0,9971_63_2,21
1262,9971,2,14,16,42,MEDIUM,1,9971_14_2,27
1262,9971,2,31,21,43,MEDIUM,0,9971_31_2,23
1262,9971,2,30,19,44,MEDIUM,0,9971_30_2,26
1262,9971,3,22,25,44,SOFT,0,9971_22_3,20
1262,9971,2,27,10,45,MEDIUM,0,9971_27_2,36
1262,9971,2,44,17,46,MEDIUM,0,9971_44_2,30
1262,9971,3,1,30,47,MEDIUM,0,9971_1_3,18
1262,9971,2,4,22,48,MEDIUM,0,9971_4_2,27
1262,9971,2,6,20,48,MEDIUM,0,9971_6_2,29
1262,9971,2,81,23,49,MEDIUM,0,9971_81_2,27
1262,9971,2,12,22,49,MEDIUM,0,9971_12_2,28
1262,9971,2,5,20,49,MEDIUM,0,9971_5_2,30
1262,9971,3,12,50,53,SOFT,3,9971_12_3,4
1262,9971,3,81,50,55,SOFT,3,9971_81_3,6
1262,9971,3,4,49,55,SOFT,3,9971_4_3,7
1262,9971,4,1,48,55,SOFT,3,9971_1_4,8
1262,9971,3,14,43,54,SOFT,3,9971_14_3,12
1262,9971,3,87,36,54,MEDIUM,0,9971_87_3,19
1262,9971,4,22,45,54,SOFT,0,9971_22_4,10
1262,9971,3,16,41,55,MEDIUM,0,9971_16_3,15
1262,9971,3,63,42,55,SOFT,0,9971_63_3,14
1262,9971,3,44,47,55,SOFT,3,9971_44_3,9
1262,9971,3,43,40,54,SOFT,0,9971_43_3,15
1262,9971,3,6,49,55,SOFT,0,9971_6_3,7
1262,9971,3,10,32,55,MEDIUM,0,9971_10_3,24
1262,9971,3,55,35,55,MEDIUM,0,9971_55_3,21
1262,9971,3,27,46,56,SOFT,0,9971_27_3,11
1262,9971,4,81,56,66,SOFT,3,9971_81_4,11
1262,9971,4,4,56,66,SOFT,3,9971_4_4,11
1262,9971,4,16,56,66,SOFT,3,9971_16_4,11
1262,9971,4,63,56,66,SOFT,0,9971_63_4,11
1262,9971,5,1,56,66,HARD,0,9971_1_5,11
1262,9971,4,27,57,66,SOFT,0,9971_27_4,10
1262,9971,4,44,56,66,SOFT,3,9971_44_4,11
1262,9971,4,6,56,66,SOFT,3,9971_6_4,11
1262,9971,4,10,56,66,SOFT,3,9971_10_4,11
1262,9971,4,14,55,66,SOFT,3,9971_14_4,12
1262,9971,3,30,45,66,SOFT,0,9971_30_3,22
1262,9971,3,5,50,66,SOFT,0,9971_5_3,17
1262,9971,4,87,55,66,SOFT,6,9971_87_4,12
1262,9971,5,22,55,66,SOFT,3,9971_22_5,12
1262,9971,4,55,56,66,SOFT,0,9971_55_4,11
1262,9971,4,43,55,66,SOFT,1,9971_43_4,12
1262,9971,3,31,44,66,MEDIUM,0,9971_31_3,23
1263,9963,1,1,1,11,MEDIUM,3,9963_1_1,11
1263,9963,1,63,1,12,MEDIUM,3,9963_63_1,12
1263,9963,1,6,1,12,MEDIUM,0,9963_6_1,12
1263,9963,1,12,1,13,MEDIUM,6,9963_12_1,13
1263,9963,1,43,1,13,MEDIUM,5,9963_43_1,13
1263,9963,1,44,1,14,MEDIUM,0,9963_44_1,14
1263,9963,1,14,1,14,MEDIUM,4,9963_14_1,14
1263,9963,1,81,1,15,MEDIUM,0,9963_81_1,15
1263,9963,1,87,1,17,MEDIUM,0,9963_87_1,17
1263,9963,1,27,1,18,MEDIUM,0,9963_27_1,18
1263,9963,1,23,1,22,MEDIUM,4,9963_23_1,22
1263,9963,1,18,1,23,HARD,1,9963_18_1,23
1263,9963,1,16,1,27,HARD,0,9963_16_1,27
1263,9963,1,4,1,28,HARD,0,9963_4_1,28
1263,9963,2,1,12,36,HARD,0,9963_1_2,25
1263,9963,2,12,14,37,HARD,1,9963_12_2,24
1263,9963,1,30,1,37,HARD,1,9963_30_1,37
1263,9963,2,63,13,41,HARD,1,9963_63_2,29
1263,9963,2,81,16,44,HARD,0,9963_81_2,29
1263,9963,2,44,15,44,HARD,0,9963_44_2,30
1263,9963,2,23,23,46,HARD,0,9963_23_2,24
1263,9963,2,4,29,46,MEDIUM,0,9963_4_2,18
1263,9963,1,5,1,48,HARD,0,9963_5_1,48
1263,9963,2,14,15,49,HARD,1,9963_14_2,35
1263,9963,2,18,24,50,HARD,1,9963_18_2,27
1263,9963,2,16,28,52,HARD,0,9963_16_2,25
1263,9963,1,10,1,52,HARD,0,9963_10_1,52
1263,9963,2,30,38,53,MEDIUM,0,9963_30_2,16
1263,9963,1,22,1,55,HARD,0,9963_22_1,55
1263,9963,1,31,1,56,HARD,0,9963_31_1,56
1263,9963,1,55,1,56,HARD,0,9963_55_1,56
1263,9963,3,4,47,66,HARD,0,9963_4_3,20
1263,9963,3,14,50,65,HARD,1,9963_14_3,16
1263,9963,3,63,42,66,HARD,0,9963_63_3,25
1263,9963,2,27,19,65,HARD,0,9963_27_2,47
1263,9963,3,1,37,66,HARD,0,9963_1_3,30
1263,9963,3,12,38,66,HARD,0,9963_12_3,29
1263,9963,2,55,57,65,MEDIUM,0,9963_55_2,9
1263,9963,2,31,57,65,MEDIUM,0,9963_31_2,9
1263,9963,3,81,45,66,HARD,0,9963_81_3,22
1263,9963,3,16,53,66,MEDIUM,0,9963_16_3,14
1263,9963,2,87,18,65,HARD,0,9963_87_2,48
1263,9963,2,22,56,65,MEDIUM,0,9963_22_2,10
1263,9963,2,10,53,65,MEDIUM,0,9963_10_2,13
1263,9963,2,43,14,65,HARD,0,9963_43_2,52
1263,9963,2,5,49,65,MEDIUM,0,9963_5_2,17
1263,9963,3,18,51,65,MEDIUM,0,9963_18_3,15
1263,9963,2,6,13,65,HARD,1,9963_6_2,53
1263,9963,3,44,45,66,HARD,0,9963_44_3,22
1263,9963,3,27,66,66,HARD,47,9963_27_3,1
1263,9963,4,14,66,66,HARD,17,9963_14_4,1
1263,9963,4,1,67,67,HARD,0,9963_1_4,1
1263,9963,4,63,67,67,HARD,25,9963_63_4,1
1263,9963,4,12,67,67,HARD,29,9963_12_4,1
1263,9963,4,81,67,67,SOFT,0,9963_81_4,1
1263,9963,3,55,66,66,MEDIUM,9,9963_55_3,1
1263,9963,3,31,66,66,MEDIUM,9,9963_31_3,1
1263,9963,4,16,67,67,MEDIUM,14,9963_16_4,1
1263,9963,3,22,66,66,MEDIUM,10,9963_22_3,1
1263,9963,3,87,66,66,SOFT,0,9963_87_3,1
1263,9963,3,5,66,66,MEDIUM,0,9963_5_3,1
1263,9963,3,43,66,66,HARD,52,9963_43_3,1
1263,9963,3,10,66,66,MEDIUM,13,9963_10_3,1
1263,9963,3,6,66,66,SOFT,3,9963_6_3,1
1263,9963,4,18,66,66,SOFT,0,9963_18_4,1
1263,9963,4,44,67,67,HARD,22,9963_44_4,1
1263,9963,4,27,67,67,HARD,0,9963_27_4,1
1263,9963,5,14,67,67,HARD,18,9963_14_5,1
1263,9963,5,1,68,68,HARD,0,9963_1_5,1
1263,9963,4,31,67,67,MEDIUM,10,9963_31_4,1
1263,9963,4,55,67,67,MEDIUM,10,9963_55_4,1
1263,9963,5,12,68,68,HARD,30,9963_12_5,1
1263,9963,5,63,68,68,HARD,26,9963_63_5,1
1263,9963,5,16,68,68,MEDIUM,15,9963_16_5,1
1263,9963,5,81,68,68,SOFT,0,9963_81_5,1
1263,9963,4,87,67,67,SOFT,1,9963_87_4,1
1263,9963,4,43,67,67,HARD,53,9963_43_4,1
1263,9963,4,5,67,67,MEDIUM,0,9963_5_4,1
1263,9963,4,22,67,67,MEDIUM,0,9963_22_4,1
1263,9963,4,6,67,67,SOFT,0,9963_6_4,1
1263,9963,4,10,67,67,MEDIUM,14,9963_10_4,1
1263,9963,5,44,68,68,HARD,0,9963_44_5,1
1263,9963,5,18,67,67,SOFT,1,9963_18_5,1
1263,9963,5,27,68,68,HARD,0,9963_27_5,1
1263,9963,6,14,68,68,HARD,19,9963_14_6,1
1263,9963,6,63,69,70,HARD,27,9963_63_6,2
1263,9963,6,1,69,70,HARD,32,9963_1_6,2
1263,9963,6,12,69,70,HARD,31,9963_12_6,2
1263,9963,5,31,68,69,MEDIUM,11,9963_31_5,2
1263,9963,5,55,68,69,MEDIUM,0,9963_55_5,2
1263,9963,6,81,69,70,SOFT,5,9963_81_6,2
1263,9963,6,16,69,70,MEDIUM,16,9963_16_6,2
1263,9963,5,87,68,69,SOFT,2,9963_87_5,2
1263,9963,5,22,68,69,MEDIUM,12,9963_22_5,2
1263,9963,5,43,68,69,HARD,54,9963_43_5,2
1263,9963,5,5,68,69,MEDIUM,0,9963_5_5,2
1263,9963,5,10,68,69,MEDIUM,15,9963_10_5,2
1263,9963,5,6,68,69,SOFT,0,9963_6_5,2
1263,9963,6,18,68,69,SOFT,2,9963_18_6,2
1263,9963,6,44,69,70,HARD,24,9963_44_6,2
1263,9963,7,14,69,70,HARD,20,9963_14_7,2
1263,9963,6,27,69,70,HARD,0,9963_27_6,2
1264,9955,1,12,1,1,MEDIUM,0,9955_12_1,1
1264,9955,1,55,1,1,MEDIUM,0,9955_55_1,1
1264,9955,1,1,1,1,MEDIUM,0,9955_1_1,1
1264,9955,1,6,1,2,SOFT,0,9955_6_1,2
1264,9955,1,87,1,11,SOFT,0,9955_87_1,11
1264,9955,1,10,1,12,SOFT,3,9955_10_1,12
1264,9955,1,27,1,12,SOFT,0,9955_27_1,12
1264,9955,1,23,1,13,MEDIUM,0,9955_23_1,13
1264,9955,1,43,1,13,SOFT,0,9955_43_1,13
1264,9955,2,23,14,15,MEDIUM,0,9955_23_2,2
1264,9955,1,63,1,18,MEDIUM,0,9955_63_1,18
1264,9955,1,22,1,18,MEDIUM,0,9955_22_1,18
1264,9955,1,31,1,19,MEDIUM,0,9955_31_1,19
1264,9955,1,4,1,20,MEDIUM,0,9955_4_1,20
1264,9955,1,5,1,21,MEDIUM,0,9955_5_1,21
1264,9955,1,81,1,24,MEDIUM,0,9955_81_1,24
1264,9955,1,16,1,25,MEDIUM,0,9955_16_1,25
1264,9955,1,44,1,26,MEDIUM,0,9955_44_1,26
1264,9955,1,18,1,26,MEDIUM,1,9955_18_1,26
1264,9955,2,6,3,28,MEDIUM,0,9955_6_2,26
1264,9955,2,22,19,30,HARD,0,9955_22_2,12
1264,9955,1,30,1,32,MEDIUM,0,9955_30_1,32
1264,9955,1,14,1,33,MEDIUM,1,9955_14_1,33
1264,9955,2,10,13,38,HARD,0,9955_10_2,26
1264,9955,2,87,12,39,HARD,0,9955_87_2,28
1264,9955,2,43,14,39,MEDIUM,0,9955_43_2,26
1264,9955,2,27,13,42,MEDIUM,0,9955_27_2,30
1264,9955,2,63,19,45,MEDIUM,0,9955_63_2,27
1264,9955,2,16,26,49,HARD,0,9955_16_2,24
1264,9955,2,5,22,49,MEDIUM,0,9955_5_2,28
1264,9955,2,44,27,50,HARD,0,9955_44_2,24
1264,9955,2,31,20,50,HARD,0,9955_31_2,31
1264,9955,2,4,21,52,HARD,0,9955_4_2,32
1264,9955,2,81,25,53,HARD,0,9955_81_2,29
1264,9955,2,18,27,53,HARD,1,9955_18_2,27
1264,9955,3,22,31,60,MEDIUM,0,9955_22_3,30
1264,9955,3,4,53,70,MEDIUM,0,9955_4_3,18
1264,9955,2,14,34,69,HARD,1,9955_14_2,36
1264,9955,3,5,50,69,HARD,0,9955_5_3,20
1264,9955,3,81,54,70,MEDIUM,0,9955_81_3,17
1264,9955,4,22,61,68,SOFT,0,9955_22_4,8
1264,9955,3,27,43,69,MEDIUM,0,9955_27_3,27
1264,9955,3,31,51,69,HARD,0,9955_31_3,19
1264,9955,3,16,50,70,MEDIUM,0,9955_16_3,21
1264,9955,3,87,40,69,MEDIUM,0,9955_87_3,30
1264,9955,3,6,29,69,HARD,0,9955_6_3,41
1264,9955,3,44,51,70,MEDIUM,0,9955_44_3,20
1264,9955,3,10,39,69,MEDIUM,0,9955_10_3,31
1264,9955,3,18,54,69,SOFT,0,9955_18_3,16
1264,9955,3,43,40,69,HARD,0,9955_43_3,30
1264,9955,3,63,46,70,HARD,0,9955_63_3,25
1264,9955,2,30,33,70,HARD,0,9955_30_2,38
1277,9947,1,30,1,1,INTERMEDIATE,0,9947_30_1,1
1277,9947,1,43,1,1,HARD,0,9947_43_1,1
1277,9947,1,12,1,2,INTERMEDIATE,0,9947_12_1,2
1277,9947,1,5,1,3,MEDIUM,0,9947_5_1,3
1277,9947,1,18,1,6,INTERMEDIATE,0,9947_18_1,6
1277,9947,1,27,1,9,INTERMEDIATE,0,9947_27_1,9
1277,9947,2,12,3,9,HARD,0,9947_12_2,7
1277,9947,2,18,7,10,SOFT,0,9947_18_2,4
1277,9947,1,63,1,10,HARD,0,9947_63_1,10
1277,9947,1,16,1,10,MEDIUM,0,9947_16_1,10
1277,9947,1,6,1,10,MEDIUM,0,9947_6_1,10
1277,9947,1,87,1,10,HARD,0,9947_87_1,10
1277,9947,1,81,1,11,INTERMEDIATE,0,9947_81_1,11
1277,9947,1,4,1,11,INTERMEDIATE,0,9947_4_1,11
1277,9947,1,1,1,11,INTERMEDIATE,0,9947_1_1,11
1277,9947,1,44,1,11,INTERMEDIATE,0,9947_44_1,11
1277,9947,1,10,1,11,INTERMEDIATE,0,9947_10_1,11
1277,9947,1,14,1,11,INTERMEDIATE,0,9947_14_1,11
1277,9947,1,55,1,11,INTERMEDIATE,0,9947_55_1,11
1277,9947,1,22,1,11,INTERMEDIATE,0,9947_22_1,11
1277,9947,1,23,1,12,INTERMEDIATE,0,9947_23_1,12
1277,9947,2,6,11,17,INTERMEDIATE,0,9947_6_2,7
1277,9947,1,31,1,18,INTERMEDIATE,0,9947_31_1,18
1277,9947,3,12,10,20,INTERMEDIATE,0,9947_12_3,11
1277,9947,4,12,21,23,INTERMEDIATE,0,9947_12_4,3
1277,9947,2,14,12,37,INTERMEDIATE,0,9947_14_2,26
1277,9947,2,63,11,38,INTERMEDIATE,0,9947_63_2,28
1277,9947,2,44,12,41,INTERMEDIATE,0,9947_44_2,30
1277,9947,3,18,11,41,INTERMEDIATE,0,9947_18_3,31
1277,9947,2,1,12,41,INTERMEDIATE,0,9947_1_2,30
1277,9947,2,10,12,41,INTERMEDIATE,0,9947_10_2,30
1277,9947,2,55,12,41,INTERMEDIATE,0,9947_55_2,30
1277,9947,2,87,11,41,INTERMEDIATE,0,9947_87_2,31
1277,9947,2,22,12,41,INTERMEDIATE,0,9947_22_2,30
1277,9947,2,27,10,42,INTERMEDIATE,0,9947_27_2,33
1277,9947,2,16,11,42,INTERMEDIATE,0,9947_16_2,32
1277,9947,2,23,13,42,INTERMEDIATE,0,9947_23_2,30
1277,9947,2,31,19,42,INTERMEDIATE,0,9947_31_2,24
1277,9947,2,81,12,43,INTERMEDIATE,0,9947_81_2,32
1277,9947,2,4,12,44,INTERMEDIATE,0,9947_4_2,33
1277,9947,3,4,45,52,MEDIUM,0,9947_4_3,8
1277,9947,3,81,44,52,MEDIUM,0,9947_81_3,9
1277,9947,3,22,42,51,MEDIUM,0,9947_22_3,10
1277,9947,3,27,43,52,MEDIUM,0,9947_27_3,10
1277,9947,3,44,42,52,SOFT,3,9947_44_3,11
1277,9947,3,1,42,52,MEDIUM,0,9947_1_3,11
1277,9947,3,10,42,52,MEDIUM,0,9947_10_3,11
1277,9947,4,18,42,52,SOFT,0,9947_18_4,11
1277,9947,3,23,43,52,MEDIUM,0,9947_23_3,10
1277,9947,3,14,38,52,MEDIUM,1,9947_14_3,15
1277,9947,3,63,39,52,HARD,0,9947_63_3,14
1277,9947,3,87,42,52,MEDIUM,0,9947_87_3,11
1277,9947,3,55,42,52,MEDIUM,0,9947_55_3,11
1277,9947,3,31,43,52,MEDIUM,0,9947_31_3,10
1277,9947,3,16,43,52,SOFT,3,9947_16_3,10
1265,9939,1,44,1,1,INTERMEDIATE,0,9939_44_1,1
1265,9939,1,14,1,1,INTERMEDIATE,0,9939_14_1,1
1265,9939,1,4,1,1,INTERMEDIATE,0,9939_4_1,1
1265,9939,1,55,1,1,INTERMEDIATE,0,9939_55_1,1
1265,9939,1,30,1,1,INTERMEDIATE,0,9939_30_1,1
1265,9939,1,10,1,1,INTERMEDIATE,0,9939_10_1,1
1265,9939,1,81,1,1,INTERMEDIATE,0,9939_81_1,1
1265,9939,1,5,1,1,INTERMEDIATE,0,9939_5_1,1
1265,9939,1,31,1,1,INTERMEDIATE,0,9939_31_1,1
1265,9939,1,6,1,1,INTERMEDIATE,0,9939_6_1,1
1265,9939,1,1,1,1,INTERMEDIATE,0,9939_1_1,1
1265,9939,1,27,1,1,INTERMEDIATE,0,9939_27_1,1
1265,9939,1,16,1,1,INTERMEDIATE,0,9939_16_1,1
1265,9939,1,22,1,1,INTERMEDIATE,0,9939_22_1,1
1265,9939,1,23,1,1,INTERMEDIATE,0,9939_23_1,1
1265,9939,1,63,1,1,INTERMEDIATE,0,9939_63_1,1
1265,9939,1,12,1,1,INTERMEDIATE,0,9939_12_1,1
1265,9939,1,18,1,1,INTERMEDIATE,0,9939_18_1,1
1265,9939,1,43,1,1,INTERMEDIATE,0,9939_43_1,1
1265,9939,1,87,1,1,INTERMEDIATE,0,9939_87_1,1
1265,9939,2,1,2,12,MEDIUM,0,9939_1_2,11
1265,9939,2,87,2,12,MEDIUM,0,9939_87_2,11
1265,9939,2,4,2,13,HARD,0,9939_4_2,12
1265,9939,2,5,2,12,MEDIUM,0,9939_5_2,11
1265,9939,2,6,2,13,MEDIUM,0,9939_6_2,12
1265,9939,2,10,2,11,MEDIUM,0,9939_10_2,10
1265,9939,2,12,2,12,MEDIUM,0,9939_12_2,11
1265,9939,2,14,2,11,MEDIUM,0,9939_14_2,10
1265,9939,2,18,2,12,MEDIUM,0,9939_18_2,11
1265,9939,2,22,2,13,MEDIUM,0,9939_22_2,12
1265,9939,2,23,2,12,MEDIUM,0,9939_23_2,11
1265,9939,2,27,2,11,MEDIUM,0,9939_27_2,10
1265,9939,2,30,2,12,MEDIUM,0,9939_30_2,11
1265,9939,2,31,2,13,MEDIUM,0,9939_31_2,12
1265,9939,2,43,2,12,MEDIUM,0,9939_43_2,11
1265,9939,2,55,2,12,MEDIUM,0,9939_55_2,11
1265,9939,2,63,2,12,MEDIUM,0,9939_63_2,11
1265,9939,2,81,2,12,MEDIUM,0,9939_81_2,11
1265,9939,2,16,2,12,MEDIUM,0,9939_16_2,11
1265,9939,2,44,2,11,MEDIUM,0,9939_44_2,10
1265,9939,3,81,13,44,MEDIUM,0,9939_81_3,32
1265,9939,3,4,14,44,HARD,0,9939_4_3,31
1265,9939,3,6,14,43,HARD,3,9939_6_3,30
1265,9939,3,16,13,44,MEDIUM,0,9939_16_3,32
1265,9939,3,1,13,44,MEDIUM,0,9939_1_3,32
1265,9939,3,63,13,44,MEDIUM,0,9939_63_3,32
1265,9939,3,23,13,44,MEDIUM,0,9939_23_3,32
1265,9939,3,44,12,44,MEDIUM,0,9939_44_3,33
1265,9939,3,30,13,44,MEDIUM,0,9939_30_3,32
1265,9939,3,5,13,44,MEDIUM,0,9939_5_3,32
1265,9939,3,10,12,44,MEDIUM,0,9939_10_3,33
1265,9939,3,87,13,44,MEDIUM,0,9939_87_3,32
1265,9939,3,27,12,44,MEDIUM,0,9939_27_3,33
1265,9939,3,22,14,44,MEDIUM,0,9939_22_3,31
1265,9939,3,18,13,44,MEDIUM,0,9939_18_3,32
1265,9939,3,31,14,44,MEDIUM,7,9939_31_3,31
1265,9939,3,12,13,44,MEDIUM,0,9939_12_3,32
1265,9939,3,14,12,44,MEDIUM,0,9939_14_3,33
1265,9939,3,55,13,44,HARD,0,9939_55_3,32
1265,9939,3,43,13,44,MEDIUM,0,9939_43_3,32
1266,9928,1,27,1,5,SOFT,0,9928_27_1,5
1266,9928,1,43,1,13,MEDIUM,0,9928_43_1,13
1266,9928,1,31,1,14,MEDIUM,0,9928_31_1,14
1266,9928,1,23,1,14,SOFT,0,9928_23_1,14
1266,9928,1,55,1,15,SOFT,0,9928_55_1,15
1266,9928,1,1,1,17,MEDIUM,0,9928_1_1,17
1266,9928,1,81,1,18,MEDIUM,0,9928_81_1,18
1266,9928,1,16,1,19,MEDIUM,0,9928_16_1,19
1266,9928,1,63,1,19,MEDIUM,0,9928_63_1,19
1266,9928,1,22,1,20,MEDIUM,0,9928_22_1,20
1266,9928,1,12,1,21,MEDIUM,0,9928_12_1,21
1266,9928,1,87,1,30,MEDIUM,0,9928_87_1,30
1266,9928,1,4,1,31,MEDIUM,0,9928_4_1,31
1266,9928,1,10,1,32,HARD,0,9928_10_1,32
1266,9928,1,6,1,33,MEDIUM,0,9928_6_1,33
1266,9928,2,43,14,35,HARD,0,9928_43_2,22
1266,9928,1,18,1,36,MEDIUM,1,9928_18_1,36
1266,9928,2,22,21,37,SOFT,0,9928_22_2,17
1266,9928,2,23,15,38,MEDIUM,0,9928_23_2,24
1266,9928,1,14,1,39,MEDIUM,1,9928_14_1,39
1266,9928,2,16,20,40,HARD,0,9928_16_2,21
1266,9928,1,5,1,40,MEDIUM,0,9928_5_1,40
1266,9928,1,30,1,40,MEDIUM,0,9928_30_1,40
1266,9928,2,27,6,41,MEDIUM,0,9928_27_2,36
1266,9928,1,44,1,42,HARD,0,9928_44_1,42
1266,9928,2,63,20,43,HARD,0,9928_63_2,24
1266,9928,2,81,19,45,HARD,1,9928_81_2,27
1266,9928,2,1,18,48,HARD,0,9928_1_2,31
1266,9928,2,87,31,48,HARD,0,9928_87_2,18
1266,9928,2,55,16,51,HARD,0,9928_55_2,36
1266,9928,2,4,32,70,HARD,0,9928_4_2,39
1266,9928,3,81,46,70,HARD,0,9928_81_3,25
1266,9928,2,12,22,69,HARD,0,9928_12_2,48
1266,9928,2,6,34,69,HARD,0,9928_6_2,36
1266,9928,2,44,43,69,MEDIUM,0,9928_44_2,27
1266,9928,3,63,44,70,HARD,0,9928_63_3,27
1266,9928,3,27,42,69,MEDIUM,0,9928_27_3,28
1266,9928,3,55,52,69,MEDIUM,0,9928_55_3,18
1266,9928,3,16,41,70,HARD,0,9928_16_3,30
1266,9928,3,23,39,69,HARD,0,9928_23_3,31
1266,9928,2,31,15,69,HARD,0,9928_31_2,55
1266,9928,2,10,33,69,MEDIUM,0,9928_10_2,37
1266,9928,3,22,38,69,HARD,0,9928_22_3,32
1266,9928,3,43,36,69,HARD,0,9928_43_3,34
1266,9928,2,14,40,70,HARD,1,9928_14_2,31
1266,9928,2,5,41,70,HARD,0,9928_5_2,30
1266,9928,2,18,37,70,HARD,1,9928_18_2,34
1266,9928,2,30,41,70,HARD,0,9928_30_2,30
1266,9928,3,1,49,70,HARD,0,9928_1_3,22
1267,9920,1,43,1,19,SOFT,0,9920_43_1,19
1267,9920,1,14,1,18,MEDIUM,0,9920_14_1,18
1267,9920,1,27,1,19,SOFT,0,9920_27_1,19
1267,9920,1,18,1,8,MEDIUM,0,9920_18_1,8
1267,9920,1,5,1,22,MEDIUM,0,9920_5_1,22
1267,9920,1,30,1,23,MEDIUM,0,9920_30_1,23
1267,9920,1,55,1,23,MEDIUM,0,9920_55_1,23
1267,9920,1,6,1,23,MEDIUM,0,9920_6_1,23
1267,9920,1,12,1,23,MEDIUM,0,9920_12_1,23
1267,9920,1,23,1,23,MEDIUM,0,9920_23_1,23
1267,9920,1,63,1,23,MEDIUM,0,9920_63_1,23
1267,9920,1,10,1,23,MEDIUM,0,9920_10_1,23
1267,9920,1,81,1,23,MEDIUM,0,9920_81_1,23
1267,9920,1,87,1,53,HARD,0,9920_87_1,53
1267,9920,1,4,1,23,MEDIUM,0,9920_4_1,23
1267,9920,1,31,1,52,HARD,0,9920_31_1,52
1267,9920,1,44,1,22,MEDIUM,0,9920_44_1,22
1267,9920,1,16,1,22,MEDIUM,0,9920_16_1,22
1267,9920,1,1,1,23,SOFT,0,9920_1_1,23
1267,9920,1,22,1,19,SOFT,0,9920_22_1,19
1267,9920,2,18,9,52,HARD,0,9920_18_2,44
1267,9920,2,14,19,40,HARD,0,9920_14_2,22
1267,9920,2,43,20,53,HARD,0,9920_43_2,34
1267,9920,2,22,20,53,HARD,0,9920_22_2,34
1267,9920,2,27,20,53,HARD,0,9920_27_2,34
1267,9920,2,16,23,52,HARD,1,9920_16_2,30
1267,9920,2,5,23,60,HARD,0,9920_5_2,38
1267,9920,2,81,24,53,HARD,0,9920_81_2,30
1267,9920,2,4,24,53,HARD,0,9920_4_2,30
1267,9920,2,6,24,53,HARD,0,9920_6_2,30
1267,9920,2,1,24,53,MEDIUM,0,9920_1_2,30
1267,9920,2,63,24,53,HARD,0,9920_63_2,30
1267,9920,2,30,24,27,HARD,0,9920_30_2,4
1267,9920,2,55,24,27,HARD,0,9920_55_2,4
1267,9920,2,12,24,51,HARD,0,9920_12_2,28
1267,9920,2,23,24,53,HARD,0,9920_23_2,30
1267,9920,2,10,24,72,HARD,0,9920_10_2,49
1267,9920,3,30,28,52,SOFT,3,9920_30_3,25
1267,9920,3,55,28,51,SOFT,3,9920_55_3,24
1267,9920,3,14,41,72,HARD,0,9920_14_3,32
1267,9920,3,12,52,53,SOFT,0,9920_12_3,2
1267,9920,3,16,53,53,SOFT,3,9920_16_3,1
1267,9920,3,18,53,72,HARD,0,9920_18_3,20
1267,9920,4,55,52,65,SOFT,3,9920_55_4,14
1267,9920,2,31,53,72,MEDIUM,0,9920_31_2,20
1267,9920,3,81,54,72,HARD,0,9920_81_3,19
1267,9920,3,4,54,64,HARD,1,9920_4_3,11
1267,9920,3,1,54,72,SOFT,0,9920_1_3,19
1267,9920,3,6,54,72,SOFT,2,9920_6_3,19
1267,9920,3,23,54,72,SOFT,0,9920_23_3,19
1267,9920,3,63,54,72,SOFT,3,9920_63_3,19
1267,9920,4,30,53,72,SOFT,3,9920_30_4,20
1267,9920,4,12,54,72,SOFT,0,9920_12_4,19
1267,9920,3,22,54,72,SOFT,3,9920_22_3,19
1267,9920,2,87,54,72,MEDIUM,0,9920_87_2,19
1267,9920,3,43,54,65,MEDIUM,0,9920_43_3,12
1267,9920,3,27,54,72,MEDIUM,0,9920_27_3,19
1267,9920,3,5,61,72,SOFT,0,9920_5_3,12
1267,9920,4,43,66,72,SOFT,0,9920_43_4,7
1267,9920,5,55,66,72,SOFT,3,9920_55_5,7
1268,9912,1,27,1,1,MEDIUM,0,9912_27_1,1
1268,9912,1,30,1,9,SOFT,0,9912_30_1,9
1268,9912,1,87,1,18,MEDIUM,0,9912_87_1,18
1268,9912,1,22,1,19,MEDIUM,0,9912_22_1,19
1268,9912,1,5,1,20,MEDIUM,0,9912_5_1,20
1268,9912,1,14,1,20,MEDIUM,1,9912_14_1,20
1268,9912,2,14,21,24,HARD,1,9912_14_2,4
1268,9912,1,63,1,27,MEDIUM,0,9912_63_1,27
1268,9912,1,12,1,28,MEDIUM,0,9912_12_1,28
1268,9912,1,55,1,30,MEDIUM,0,9912_55_1,30
1268,9912,1,6,1,32,HARD,1,9912_6_1,32
1268,9912,1,16,1,33,MEDIUM,0,9912_16_1,33
1268,9912,1,43,1,33,MEDIUM,0,9912_43_1,33
1268,9912,1,1,1,37,MEDIUM,0,9912_1_1,37
1268,9912,1,44,1,38,MEDIUM,0,9912_44_1,38
1268,9912,1,23,1,41,HARD,0,9912_23_1,41
1268,9912,1,81,1,45,MEDIUM,0,9912_81_1,45
1268,9912,1,4,1,46,MEDIUM,0,9912_4_1,46
1268,9912,1,18,1,49,HARD,1,9912_18_1,49
1268,9912,1,10,1,49,HARD,0,9912_10_1,49
1268,9912,1,31,1,51,HARD,0,9912_31_1,51
1268,9912,2,1,38,53,HARD,0,9912_1_2,16
1268,9912,2,31,52,52,SOFT,0,9912_31_2,1
1268,9912,2,10,50,52,SOFT,0,9912_10_2,3
1268,9912,2,43,34,52,HARD,0,9912_43_2,19
1268,9912,2,18,50,52,SOFT,0,9912_18_2,3
1268,9912,2,4,47,53,SOFT,2,9912_4_2,7
1268,9912,2,81,46,53,SOFT,3,9912_81_2,8
1268,9912,2,16,34,53,HARD,0,9912_16_2,20
1268,9912,2,63,28,53,HARD,0,9912_63_2,26
1268,9912,2,44,39,53,HARD,0,9912_44_2,15
1268,9912,2,23,42,53,MEDIUM,0,9912_23_2,12
1268,9912,2,12,29,53,HARD,0,9912_12_2,25
1268,9912,2,5,21,53,HARD,0,9912_5_2,33
1268,9912,2,6,33,53,MEDIUM,0,9912_6_2,21
1268,9912,2,55,31,53,HARD,0,9912_55_2,23
1268,9912,2,87,19,53,HARD,0,9912_87_2,35
1268,9912,2,22,20,53,HARD,0,9912_22_2,34
1268,9912,2,30,10,53,HARD,0,9912_30_2,44
1269,9904,1,31,1,1,HARD,0,9904_31_1,1
1269,9904,1,23,1,1,MEDIUM,0,9904_23_1,1
1269,9904,2,31,2,2,MEDIUM,0,9904_31_2,1
1269,9904,2,23,2,15,MEDIUM,0,9904_23_2,14
1269,9904,1,43,1,16,MEDIUM,0,9904_43_1,16
1269,9904,1,12,1,18,MEDIUM,5,9904_12_1,18
1269,9904,1,16,1,19,MEDIUM,3,9904_16_1,19
1269,9904,1,30,1,20,MEDIUM,6,9904_30_1,20
1269,9904,1,14,1,21,MEDIUM,3,9904_14_1,21
1269,9904,1,81,1,1,MEDIUM,0,9904_81_1,1
1269,9904,1,5,1,26,HARD,0,9904_5_1,26
1269,9904,1,55,1,27,MEDIUM,5,9904_55_1,27
1269,9904,1,87,1,28,HARD,0,9904_87_1,28
1269,9904,1,6,1,29,MEDIUM,4,9904_6_1,29
1269,9904,1,10,1,35,HARD,0,9904_10_1,35
1269,9904,1,44,1,36,HARD,0,9904_44_1,36
1269,9904,1,27,1,36,HARD,0,9904_27_1,36
1269,9904,1,4,1,37,MEDIUM,0,9904_4_1,37
1269,9904,1,18,1,37,MEDIUM,3,9904_18_1,37
1269,9904,1,22,1,38,HARD,0,9904_22_1,38
1269,9904,1,63,1,39,HARD,0,9904_63_1,39
1269,9904,1,1,1,40,HARD,0,9904_1_1,40
1269,9904,2,1,41,51,MEDIUM,4,9904_1_2,11
1269,9904,2,10,36,50,MEDIUM,0,9904_10_2,15
1269,9904,2,43,17,50,HARD,0,9904_43_2,34
1269,9904,2,63,40,51,MEDIUM,6,9904_63_2,12
1269,9904,2,55,28,51,HARD,0,9904_55_2,24
1269,9904,2,12,19,51,HARD,0,9904_12_2,33
1269,9904,2,30,21,51,HARD,1,9904_30_2,31
1269,9904,2,22,39,51,MEDIUM,6,9904_22_2,13
1269,9904,2,4,38,51,HARD,0,9904_4_2,14
1269,9904,2,44,37,51,MEDIUM,0,9904_44_2,15
1269,9904,2,16,20,51,HARD,0,9904_16_2,32
1269,9904,2,6,30,51,HARD,1,9904_6_2,22
1269,9904,3,23,16,51,HARD,0,9904_23_3,36
1269,9904,2,5,27,51,MEDIUM,0,9904_5_2,25
1269,9904,2,87,29,51,MEDIUM,0,9904_87_2,23
1269,9904,3,31,3,51,HARD,1,9904_31_3,49
1269,9904,2,14,22,51,HARD,0,9904_14_2,30
1269,9904,2,27,37,51,MEDIUM,0,9904_27_2,15
1269,9904,2,18,38,51,HARD,0,9904_18_2,14
1270,9896,1,5,1,13,MEDIUM,0,9896_5_1,13
1270,9896,1,22,1,13,SOFT,0,9896_22_1,13
1270,9896,1,43,1,14,SOFT,0,9896_43_1,14
1270,9896,1,1,1,19,SOFT,3,9896_1_1,19
1270,9896,1,6,1,20,SOFT,2,9896_6_1,20
1270,9896,1,16,1,21,MEDIUM,0,9896_16_1,21
1270,9896,1,87,1,23,MEDIUM,0,9896_87_1,23
1270,9896,1,44,1,24,MEDIUM,0,9896_44_1,24
1270,9896,1,10,1,24,MEDIUM,0,9896_10_1,24
1270,9896,1,63,1,25,MEDIUM,0,9896_63_1,25
1270,9896,1,12,1,25,MEDIUM,0,9896_12_1,25
1270,9896,1,27,1,25,MEDIUM,0,9896_27_1,25
1270,9896,1,4,1,26,MEDIUM,0,9896_4_1,26
1270,9896,1,81,1,27,MEDIUM,0,9896_81_1,27
1270,9896,1,14,1,27,SOFT,3,9896_14_1,27
1270,9896,1,31,1,30,MEDIUM,0,9896_31_1,30
1270,9896,1,18,1,38,SOFT,0,9896_18_1,38
1270,9896,1,23,1,42,MEDIUM,0,9896_23_1,42
1270,9896,2,27,26,44,HARD,0,9896_27_2,19
1270,9896,2,44,25,46,HARD,0,9896_44_2,22
1270,9896,1,30,1,48,MEDIUM,0,9896_30_1,48
1270,9896,1,55,1,50,MEDIUM,0,9896_55_1,50
1270,9896,2,10,25,51,HARD,0,9896_10_2,27
1270,9896,2,63,26,62,HARD,0,9896_63_2,37
1270,9896,2,1,20,62,HARD,0,9896_1_2,43
1270,9896,2,4,27,62,HARD,0,9896_4_2,36
1270,9896,2,81,28,62,HARD,0,9896_81_2,35
1270,9896,2,55,51,61,SOFT,0,9896_55_2,11
1270,9896,2,6,21,61,HARD,0,9896_6_2,41
1270,9896,2,22,14,61,HARD,0,9896_22_2,48
1270,9896,2,18,39,61,MEDIUM,1,9896_18_2,23
1270,9896,2,23,43,61,SOFT,0,9896_23_2,19
1270,9896,2,30,49,61,SOFT,0,9896_30_2,13
1270,9896,2,12,26,62,HARD,0,9896_12_2,37
1270,9896,2,43,15,61,MEDIUM,0,9896_43_2,47
1270,9896,2,16,22,62,HARD,0,9896_16_2,41
1270,9896,2,5,14,61,HARD,0,9896_5_2,48
1270,9896,2,31,31,61,HARD,0,9896_31_2,31
1270,9896,3,10,52,61,SOFT,0,9896_10_3,10
1270,9896,3,27,45,61,SOFT,0,9896_27_3,17
1270,9896,3,44,47,62,SOFT,3,9896_44_3,16
1270,9896,2,14,28,62,MEDIUM,1,9896_14_2,35
1270,9896,2,87,24,62,HARD,0,9896_87_2,39
1271,9888,1,55,1,5,MEDIUM,0,9888_55_1,5
1271,9888,1,23,1,7,HARD,0,9888_23_1,7
1271,9888,1,5,1,14,SOFT,0,9888_5_1,14
1271,9888,1,16,1,22,SOFT,3,9888_16_1,22
1271,9888,1,31,1,24,HARD,0,9888_31_1,24
1271,9888,1,10,1,27,MEDIUM,0,9888_10_1,27
1271,9888,1,18,1,28,SOFT,0,9888_18_1,28
1271,9888,1,6,1,28,HARD,0,9888_6_1,28
1271,9888,1,22,1,29,MEDIUM,0,9888_22_1,29
1271,9888,1,81,1,30,MEDIUM,0,9888_81_1,30
1271,9888,1,87,1,30,MEDIUM,0,9888_87_1,30
1271,9888,1,14,1,30,MEDIUM,1,9888_14_1,30
1271,9888,1,30,1,30,MEDIUM,0,9888_30_1,30
1271,9888,1,44,1,31,MEDIUM,0,9888_44_1,31
1271,9888,1,12,1,31,MEDIUM,0,9888_12_1,31
1271,9888,1,4,1,32,MEDIUM,0,9888_4_1,32
1271,9888,1,43,1,32,MEDIUM,0,9888_43_1,32
1271,9888,1,1,1,33,MEDIUM,0,9888_1_1,33
1271,9888,1,63,1,33,MEDIUM,0,9888_63_1,33
1271,9888,1,27,1,33,MEDIUM,0,9888_27_1,33
1271,9888,2,23,8,36,MEDIUM,0,9888_23_2,29
1271,9888,2,5,15,36,MEDIUM,0,9888_5_2,22
1271,9888,2,1,34,56,SOFT,2,9888_1_2,23
1271,9888,2,43,33,55,SOFT,2,9888_43_2,23
1271,9888,3,5,37,55,SOFT,0,9888_5_3,19
1271,9888,2,10,28,55,SOFT,2,9888_10_2,28
1271,9888,2,4,33,56,SOFT,6,9888_4_2,24
1271,9888,2,16,23,56,MEDIUM,0,9888_16_2,34
1271,9888,2,44,32,56,SOFT,2,9888_44_2,25
1271,9888,2,81,31,56,SOFT,3,9888_81_2,26
1271,9888,2,63,34,56,SOFT,3,9888_63_2,23
1271,9888,2,22,30,56,SOFT,0,9888_22_2,27
1271,9888,2,27,34,56,SOFT,0,9888_27_2,23
1271,9888,2,87,31,56,SOFT,3,9888_87_2,26
1271,9888,2,14,31,56,SOFT,3,9888_14_2,26
1271,9888,2,30,31,56,SOFT,0,9888_30_2,26
1271,9888,2,18,29,56,MEDIUM,1,9888_18_2,28
1271,9888,2,12,32,56,SOFT,3,9888_12_2,25
1271,9888,3,23,37,56,SOFT,0,9888_23_3,20
1271,9888,2,31,25,56,MEDIUM,0,9888_31_2,32
1271,9888,2,6,29,56,SOFT,0,9888_6_2,28
1272,9877,1,30,1,2,SOFT,0,9877_30_1,2
1272,9877,2,30,3,5,HARD,0,9877_30_2,3
1272,9877,1,55,1,17,MEDIUM,0,9877_55_1,17
1272,9877,1,14,1,20,SOFT,0,9877_14_1,20
1272,9877,1,12,1,22,SOFT,3,9877_12_1,22
1272,9877,1,44,1,23,SOFT,3,9877_44_1,23
1272,9877,1,87,1,24,SOFT,3,9877_87_1,24
1272,9877,1,81,1,24,SOFT,3,9877_81_1,24
1272,9877,1,63,1,25,SOFT,3,9877_63_1,25
1272,9877,1,27,1,25,SOFT,0,9877_27_1,25
1272,9877,1,18,1,26,SOFT,0,9877_18_1,26
1272,9877,1,31,1,27,SOFT,0,9877_31_1,27
1272,9877,1,16,1,31,SOFT,0,9877_16_1,31
1272,9877,1,10,1,33,MEDIUM,0,9877_10_1,33
1272,9877,1,4,1,34,SOFT,0,9877_4_1,34
1272,9877,1,6,1,34,MEDIUM,0,9877_6_1,34
1272,9877,2,14,21,34,MEDIUM,1,9877_14_2,14
1272,9877,1,22,1,36,MEDIUM,0,9877_22_1,36
1272,9877,1,1,1,37,MEDIUM,0,9877_1_1,37
1272,9877,1,5,1,37,MEDIUM,0,9877_5_1,37
1272,9877,1,23,1,41,HARD,0,9877_23_1,41
1272,9877,2,18,27,43,MEDIUM,1,9877_18_2,17
1272,9877,2,55,18,46,SOFT,0,9877_55_2,29
1272,9877,2,12,23,47,MEDIUM,0,9877_12_2,25
1272,9877,2,81,25,47,MEDIUM,0,9877_81_2,23
1272,9877,2,44,24,47,MEDIUM,0,9877_44_2,24
1272,9877,2,87,25,48,MEDIUM,0,9877_87_2,24
1272,9877,2,63,26,48,MEDIUM,0,9877_63_2,23
1272,9877,1,43,1,48,HARD,0,9877_43_1,48
1272,9877,3,55,47,56,SOFT,3,9877_55_3,10
1272,9877,4,55,57,67,SOFT,13,9877_55_4,11
1272,9877,2,4,35,71,MEDIUM,0,9877_4_2,37
1272,9877,2,23,42,70,SOFT,0,9877_23_2,29
1272,9877,2,6,35,70,SOFT,3,9877_6_2,36
1272,9877,3,18,44,70,SOFT,1,9877_18_3,27
1272,9877,2,16,32,71,MEDIUM,0,9877_16_2,40
1272,9877,2,1,38,71,SOFT,3,9877_1_2,34
1272,9877,3,87,49,71,SOFT,3,9877_87_3,23
1272,9877,3,81,48,71,SOFT,3,9877_81_3,24
1272,9877,2,10,34,70,SOFT,0,9877_10_2,37
1272,9877,2,43,49,70,SOFT,0,9877_43_2,22
1272,9877,3,12,48,71,SOFT,3,9877_12_3,24
1272,9877,3,63,49,71,SOFT,3,9877_63_3,23
1272,9877,3,44,48,71,SOFT,3,9877_44_3,24
1272,9877,2,31,28,71,MEDIUM,0,9877_31_2,44
1272,9877,2,5,38,71,SOFT,0,9877_5_2,34
1272,9877,2,22,37,71,SOFT,0,9877_22_2,35
1273,9869,1,63,1,34,MEDIUM,4,9869_63_1,34
1273,9869,1,22,1,2,HARD,0,9869_22_1,2
1273,9869,1,55,1,17,SOFT,0,9869_55_1,17
1273,9869,1,10,1,18,SOFT,3,9869_10_1,18
1273,9869,1,1,1,7,HARD,0,9869_1_1,7
1273,9869,1,43,1,29,MEDIUM,0,9869_43_1,29
1273,9869,1,12,1,21,SOFT,3,9869_12_1,21
1273,9869,1,27,1,36,MEDIUM,0,9869_27_1,36
1273,9869,1,31,1,8,HARD,0,9869_31_1,8
1273,9869,1,16,1,5,MEDIUM,0,9869_16_1,5
1273,9869,1,87,1,17,SOFT,2,9869_87_1,17
1273,9869,1,18,1,29,HARD,0,9869_18_1,29
1273,9869,1,4,1,30,MEDIUM,0,9869_4_1,30
1273,9869,1,44,1,2,SOFT,0,9869_44_1,2
1273,9869,1,6,1,18,SOFT,3,9869_6_1,18
1273,9869,1,30,1,19,SOFT,3,9869_30_1,19
1273,9869,1,81,1,38,MEDIUM,0,9869_81_1,38
1273,9869,1,23,1,35,MEDIUM,6,9869_23_1,35
1273,9869,1,14,1,28,HARD,0,9869_14_1,28
1273,9869,1,5,1,1,SOFT,0,9869_5_1,1
1273,9869,2,22,3,24,MEDIUM,0,9869_22_2,22
1273,9869,2,44,3,14,HARD,0,9869_44_2,12
1273,9869,2,1,8,34,MEDIUM,0,9869_1_2,27
1273,9869,2,31,9,47,MEDIUM,0,9869_31_2,39
1273,9869,3,44,15,32,MEDIUM,0,9869_44_3,18
1273,9869,2,87,18,42,MEDIUM,0,9869_87_2,25
1273,9869,2,55,18,38,MEDIUM,0,9869_55_2,21
1273,9869,2,6,19,37,MEDIUM,6,9869_6_2,19
1273,9869,2,10,19,39,MEDIUM,0,9869_10_2,21
1273,9869,2,30,20,71,MEDIUM,0,9869_30_2,52
1273,9869,2,12,22,47,MEDIUM,0,9869_12_2,26
1273,9869,3,22,25,47,MEDIUM,0,9869_22_3,23
1273,9869,2,14,29,46,MEDIUM,6,9869_14_2,18
1273,9869,2,18,30,54,MEDIUM,0,9869_18_2,25
1273,9869,2,43,30,43,SOFT,0,9869_43_2,14
1273,9869,2,4,31,50,SOFT,3,9869_4_2,20
1273,9869,4,44,33,37,MEDIUM,0,9869_44_4,5
1273,9869,2,63,35,48,SOFT,1,9869_63_2,14
1273,9869,3,1,35,54,MEDIUM,0,9869_1_3,20
1273,9869,2,23,36,55,SOFT,2,9869_23_2,20
1273,9869,2,27,37,71,SOFT,0,9869_27_2,35
1273,9869,3,6,38,71,MEDIUM,0,9869_6_3,34
1273,9869,2,81,39,51,SOFT,2,9869_81_2,13
1273,9869,3,55,39,71,MEDIUM,0,9869_55_3,33
1273,9869,3,10,40,71,MEDIUM,6,9869_10_3,32
1273,9869,3,87,43,71,MEDIUM,0,9869_87_3,29
1273,9869,3,43,44,71,MEDIUM,0,9869_43_3,28
1273,9869,3,14,47,71,MEDIUM,0,9869_14_3,25
1273,9869,3,12,48,71,MEDIUM,5,9869_12_3,24
1273,9869,3,31,48,71,MEDIUM,0,9869_31_3,24
1273,9869,4,22,48,71,MEDIUM,0,9869_22_4,24
1273,9869,3,63,49,71,MEDIUM,3,9869_63_3,23
1273,9869,3,4,51,71,MEDIUM,9,9869_4_3,21
1273,9869,3,81,52,71,MEDIUM,0,9869_81_3,20
1273,9869,4,1,55,71,SOFT,0,9869_1_4,17
1273,9869,3,18,55,71,MEDIUM,0,9869_18_3,17
1273,9869,3,23,56,71,MEDIUM,0,9869_23_3,16
1274,9858,1,5,1,1,HARD,0,9858_5_1,1
1274,9858,1,31,1,27,MEDIUM,0,9858_31_1,27
1274,9858,1,6,1,20,MEDIUM,0,9858_6_1,20
1274,9858,1,12,1,2,SOFT,0,9858_12_1,2
1274,9858,1,1,1,25,MEDIUM,0,9858_1_1,25
1274,9858,1,27,1,30,HARD,0,9858_27_1,30
1274,9858,1,22,1,1,MEDIUM,0,9858_22_1,1
1274,9858,1,23,1,13,HARD,0,9858_23_1,13
1274,9858,1,30,1,2,MEDIUM,0,9858_30_1,2
1274,9858,1,43,1,25,HARD,0,9858_43_1,25
1274,9858,1,63,1,17,MEDIUM,0,9858_63_1,17
1274,9858,1,18,1,1,MEDIUM,0,9858_18_1,1
1274,9858,1,4,1,22,MEDIUM,0,9858_4_1,22
1274,9858,1,44,1,29,HARD,0,9858_44_1,29
1274,9858,1,14,1,16,MEDIUM,0,9858_14_1,16
1274,9858,1,55,1,22,MEDIUM,0,9858_55_1,22
1274,9858,1,10,1,2,MEDIUM,0,9858_10_1,2
1274,9858,1,16,1,24,MEDIUM,0,9858_16_1,24
1274,9858,1,81,1,21,MEDIUM,0,9858_81_1,21
1274,9858,1,87,1,17,MEDIUM,0,9858_87_1,17
1274,9858,2,22,2,27,HARD,0,9858_22_2,26
1274,9858,2,5,2,2,MEDIUM,0,9858_5_2,1
1274,9858,2,12,3,50,HARD,0,9858_12_2,48
1274,9858,2,10,3,50,HARD,0,9858_10_2,48
1274,9858,2,30,3,28,HARD,0,9858_30_2,26
1274,9858,2,23,14,14,MEDIUM,0,9858_23_2,1
1274,9858,3,23,15,34,HARD,0,9858_23_3,20
1274,9858,2,14,17,50,HARD,0,9858_14_2,34
1274,9858,2,63,18,18,HARD,0,9858_63_2,1
1274,9858,3,63,19,50,HARD,0,9858_63_3,32
1274,9858,2,87,18,50,HARD,0,9858_87_2,33
1274,9858,2,6,21,50,HARD,0,9858_6_2,30
1274,9858,2,81,22,50,HARD,0,9858_81_2,29
1274,9858,2,4,23,50,HARD,0,9858_4_2,28
1274,9858,2,55,23,50,HARD,0,9858_55_2,28
1274,9858,2,16,25,50,HARD,0,9858_16_2,26
1274,9858,2,1,26,50,HARD,0,9858_1_2,25
1274,9858,2,43,26,49,MEDIUM,0,9858_43_2,24
1274,9858,2,31,28,50,HARD,0,9858_31_2,23
1274,9858,3,22,28,50,MEDIUM,0,9858_22_3,23
1274,9858,3,30,29,49,HARD,0,9858_30_3,21
1274,9858,2,44,30,50,MEDIUM,0,9858_44_2,21
1274,9858,2,27,31,50,MEDIUM,0,9858_27_2,20
1274,9858,4,23,35,35,MEDIUM,1,9858_23_4,1
1275,9850,1,5,1,7,MEDIUM,0,9850_5_1,7
1275,9850,1,31,1,8,MEDIUM,0,9850_31_1,8
1275,9850,1,6,1,7,MEDIUM,0,9850_6_1,7
1275,9850,1,1,1,7,MEDIUM,0,9850_1_1,7
1275,9850,1,16,1,7,MEDIUM,0,9850_16_1,7
1275,9850,1,87,1,7,MEDIUM,0,9850_87_1,7
1275,9850,1,22,1,7,MEDIUM,0,9850_22_1,7
1275,9850,1,12,1,7,MEDIUM,0,9850_12_1,7
1275,9850,1,63,1,7,MEDIUM,0,9850_63_1,7
1275,9850,1,43,1,7,HARD,0,9850_43_1,7
1275,9850,1,18,1,7,MEDIUM,0,9850_18_1,7
1275,9850,1,27,1,6,SOFT,0,9850_27_1,6
1275,9850,1,23,1,7,HARD,0,9850_23_1,7
1275,9850,1,14,1,7,MEDIUM,0,9850_14_1,7
1275,9850,1,4,1,25,MEDIUM,0,9850_4_1,25
1275,9850,1,44,1,7,SOFT,0,9850_44_1,7
1275,9850,1,10,1,7,MEDIUM,0,9850_10_1,7
1275,9850,1,55,1,7,MEDIUM,0,9850_55_1,7
1275,9850,1,30,1,7,MEDIUM,0,9850_30_1,7
1275,9850,1,81,1,24,MEDIUM,0,9850_81_1,24
1275,9850,2,1,8,32,MEDIUM,0,9850_1_2,25
1275,9850,2,12,8,32,MEDIUM,0,9850_12_2,25
1275,9850,2,55,8,32,MEDIUM,0,9850_55_2,25
1275,9850,2,14,8,32,MEDIUM,0,9850_14_2,25
1275,9850,2,63,8,32,MEDIUM,0,9850_63_2,25
1275,9850,2,6,8,32,MEDIUM,0,9850_6_2,25
1275,9850,2,16,8,32,MEDIUM,0,9850_16_2,25
1275,9850,2,30,8,32,MEDIUM,0,9850_30_2,25
1275,9850,2,87,8,32,MEDIUM,0,9850_87_2,25
1275,9850,2,23,8,32,MEDIUM,0,9850_23_2,25
1275,9850,2,5,8,32,MEDIUM,0,9850_5_2,25
1275,9850,2,18,8,24,MEDIUM,0,9850_18_2,17
1275,9850,2,22,8,32,MEDIUM,0,9850_22_2,25
1275,9850,2,44,8,32,MEDIUM,0,9850_44_2,25
1275,9850,2,43,8,32,MEDIUM,0,9850_43_2,25
1275,9850,2,10,8,32,HARD,0,9850_10_2,25
1275,9850,2,31,9,9,HARD,0,9850_31_2,1
1275,9850,3,31,10,34,MEDIUM,0,9850_31_3,25
1275,9850,2,81,25,42,MEDIUM,0,9850_81_2,18
1275,9850,3,18,25,49,MEDIUM,0,9850_18_3,25
1275,9850,2,4,26,44,MEDIUM,0,9850_4_2,19
1275,9850,3,1,33,57,HARD,0,9850_1_3,25
1275,9850,3,55,33,57,HARD,0,9850_55_3,25
1275,9850,3,12,33,57,HARD,0,9850_12_3,25
1275,9850,3,6,33,55,HARD,0,9850_6_3,23
1275,9850,3,14,33,57,HARD,0,9850_14_3,25
1275,9850,3,63,33,57,HARD,0,9850_63_3,25
1275,9850,3,16,33,57,HARD,0,9850_16_3,25
1275,9850,3,22,33,57,HARD,0,9850_22_3,25
1275,9850,3,30,33,57,HARD,0,9850_30_3,25
1275,9850,3,5,33,57,SOFT,0,9850_5_3,25
1275,9850,3,44,33,57,MEDIUM,0,9850_44_3,25
1275,9850,3,23,33,57,MEDIUM,0,9850_23_3,25
1275,9850,3,43,33,56,MEDIUM,0,9850_43_3,24
1275,9850,3,10,33,56,MEDIUM,0,9850_10_3,24
1275,9850,3,87,33,40,HARD,0,9850_87_3,8
1275,9850,4,31,35,56,HARD,1,9850_31_4,22
1275,9850,4,87,41,41,HARD,8,9850_87_4,1
1275,9850,3,81,43,57,HARD,0,9850_81_3,15
1275,9850,3,4,45,57,HARD,0,9850_4_3,13
1275,9850,4,18,50,55,SOFT,0,9850_18_4,6
1276,9839,1,55,1,18,MEDIUM,0,9839_55_1,18
1276,9839,1,10,1,13,MEDIUM,0,9839_10_1,13
1276,9839,1,43,1,15,MEDIUM,0,9839_43_1,15
1276,9839,1,12,1,32,HARD,0,9839_12_1,32
1276,9839,1,63,1,14,MEDIUM,0,9839_63_1,14
1276,9839,1,44,1,8,SOFT,0,9839_44_1,8
1276,9839,1,6,1,14,MEDIUM,0,9839_6_1,14
1276,9839,1,1,1,23,MEDIUM,0,9839_1_1,23
1276,9839,1,81,1,41,HARD,0,9839_81_1,41
1276,9839,1,23,1,8,SOFT,0,9839_23_1,8
1276,9839,1,5,1,15,MEDIUM,0,9839_5_1,15
1276,9839,1,30,1,21,MEDIUM,0,9839_30_1,21
1276,9839,1,27,1,7,SOFT,0,9839_27_1,7
1276,9839,1,14,1,16,MEDIUM,1,9839_14_1,16
1276,9839,1,16,1,16,MEDIUM,0,9839_16_1,16
1276,9839,1,31,1,19,MEDIUM,0,9839_31_1,19
1276,9839,1,87,1,14,MEDIUM,0,9839_87_1,14
1276,9839,1,18,1,42,HARD,1,9839_18_1,42
1276,9839,1,22,1,32,HARD,0,9839_22_1,32
1276,9839,1,4,1,16,MEDIUM,0,9839_4_1,16
1276,9839,2,27,8,42,HARD,0,9839_27_2,35
1276,9839,2,44,9,31,HARD,0,9839_44_2,23
1276,9839,2,23,9,33,HARD,0,9839_23_2,25
1276,9839,2,10,14,40,HARD,0,9839_10_2,27
1276,9839,2,63,15,58,HARD,0,9839_63_2,44
1276,9839,2,6,15,57,HARD,0,9839_6_2,43
1276,9839,2,87,15,58,HARD,0,9839_87_2,44
1276,9839,2,5,16,58,HARD,0,9839_5_2,43
1276,9839,2,43,16,40,HARD,0,9839_43_2,25
1276,9839,2,4,17,40,HARD,0,9839_4_2,24
1276,9839,2,16,17,39,HARD,0,9839_16_2,23
1276,9839,2,14,17,58,HARD,1,9839_14_2,42
1276,9839,2,55,19,58,HARD,0,9839_55_2,40
1276,9839,2,31,20,58,HARD,0,9839_31_2,39
1276,9839,2,30,22,57,HARD,0,9839_30_2,36
1276,9839,2,1,24,58,HARD,0,9839_1_2,35
1276,9839,3,44,32,58,MEDIUM,0,9839_44_3,27
1276,9839,2,22,33,58,MEDIUM,0,9839_22_2,26
1276,9839,2,12,33,58,MEDIUM,0,9839_12_2,26
1276,9839,3,23,34,58,MEDIUM,0,9839_23_3,25
1276,9839,3,16,40,58,MEDIUM,3,9839_16_3,19
1276,9839,3,4,41,58,HARD,0,9839_4_3,18
1276,9839,3,10,41,57,MEDIUM,3,9839_10_3,17
1276,9839,3,43,41,57,MEDIUM,0,9839_43_3,17
1276,9839,2,81,42,58,MEDIUM,0,9839_81_2,17
1276,9839,2,18,43,58,MEDIUM,0,9839_18_2,16
1276,9839,3,27,43,58,MEDIUM,0,9839_27_3,16
