fact_lap_id,date_id,race_id,circuit_id,driver_id,team_id,stint_id,weather_context_id,session_key,meeting_key,lap_number,lap_start_time_utc,lap_duration_sec,duration_sector_1_sec,duration_sector_2_sec,duration_sector_3_sec,compound,tyre_age_lap,is_pit_out_lap,is_pit_lap,pit_window_flag,pit_window_relative_lap,valid_racing_lap_flag,invalid_reason,track_temperature_c,air_temperature_c,humidity_pct,rainfall_flag,wind_speed_openf1,position_nearest,lap_time_delta_to_stint_best_sec,lap_time_delta_to_driver_median_sec,lap_time_delta_to_race_median_sec
1,20240302,9472,63,1,1,9472_1_1,9472,9472,,1,2024-03-02T15:03:42.341000+00:00,97.759,32.877,41.266,23.616,SOFT,3,False,False,False,0,False,first_lap,23.65286624203822,18.227388535031846,48.82165605095541,0,0.7859872611464969,0,1.4629999999999939,2.1685000000000088,0.8160000000000025
2,20240302,9472,63,16,7,9472_16_1,9472,9472,,1,2024-03-02T15:03:42.341000+00:00,98.679,33.495,41.549,23.635,SOFT,3,False,False,False,0,False,first_lap,23.65286624203822,18.227388535031846,48.82165605095541,0,0.7859872611464969,0,1.8170000000000073,1.902000000000001,1.7360000000000042
3,20240302,9472,63,63,10,9472_63_1,9472,9472,,1,2024-03-02T15:03:42.341000+00:00,99.682,33.889,42.099,23.694,SOFT,3,False,False,False,0,False,first_lap,23.65286624203822,18.227388535031846,48.82165605095541,0,0.7859872611464969,0,3.2759999999999962,3.0360000000000014,2.7390000000000043
4,20240302,9472,63,44,10,9472_44_1,9472,9472,,1,2024-03-02T15:03:42.341000+00:00,103.452,35.45,43.609,24.393,SOFT,3,False,False,False,0,False,first_lap,23.65286624203822,18.227388535031846,48.82165605095541,0,0.7859872611464969,0,5.6129999999999995,6.772999999999996,6.509
5,20240302,9472,63,55,7,9472_55_1,9472,9472,,1,2024-03-02T15:03:42.341000+00:00,101.034,34.408,42.861,23.765,SOFT,3,False,False,False,0,False,first_lap,23.65286624203822,18.227388535031846,48.82165605095541,0,0.7859872611464969,0,3.9540000000000077,4.859500000000011,4.091000000000008
6,20240302,9472,63,11,1,9472_11_1,9472,9472,,1,2024-03-02T15:03:42.341000+00:00,100.537,34.071,42.61,23.856,SOFT,3,False,False,False,0,False,first_lap,23.65286624203822,18.227388535031846,48.82165605095541,0,0.7859872611464969,0,3.9960000000000093,4.3075000000000045,3.5940000000000083
7,20240302,9472,63,27,8,9472_27_1,9472,9472,,1,2024-03-02T15:03:42.341000+00:00,113.929,40.618,45.619,27.692,SOFT,0,False,False,False,0,False,first_lap,23.65286624203822,18.227388535031846,48.82165605095541,0,0.7859872611464969,0,,17.081500000000005,16.986000000000004
8,20240302,9472,63,23,2,9472_23_1,9472,9472,,1,2024-03-02T15:03:42.341000+00:00,104.246,35.861,44.007,24.378,SOFT,0,False,False,False,0,False,first_lap,23.65286624203822,18.227388535031846,48.82165605095541,0,0.7859872611464969,0,5.823999999999998,6.36699999999999,7.302999999999997
9,20240302,9472,63,14,6,9472_14_1,9472,9472,,1,2024-03-02T15:03:42.341000+00:00,102.058,34.628,43.268,24.162,SOFT,3,False,False,False,0,False,first_lap,23.65286624203822,18.227388535031846,48.82165605095541,0,0.7859872611464969,0,4.282000000000011,4.829000000000008,5.115000000000009
10,20240302,9472,63,77,9,9472_77_1,9472,9472,,1,2024-03-02T15:03:42.341000+00:00,108.853,40.994,43.737,24.122,SOFT,0,False,False,False,0,False,first_lap,23.65286624203822,18.227388535031846,48.82165605095541,0,0.7859872611464969,0,10.593999999999994,11.078999999999994,11.909999999999997
11,20240302,9472,63,4,4,9472_4_1,9472,9472,,1,2024-03-02T15:03:42.341000+00:00,102.596,35.043,43.309,24.244,SOFT,3,False,False,False,0,False,first_lap,23.65286624203822,18.227388535031846,48.82165605095541,0,0.7859872611464969,0,5.146000000000001,6.022000000000006,5.653000000000006
12,20240302,9472,63,81,4,9472_81_1,9472,9472,,1,2024-03-02T15:03:42.341000+00:00,102.96,35.247,43.573,24.14,SOFT,3,False,False,False,0,False,first_lap,23.65286624203822,18.227388535031846,48.82165605095541,0,0.7859872611464969,0,5.100999999999999,6.253499999999988,6.016999999999996
13,20240302,9472,63,2,2,9472_2_1,9472,9472,,1,2024-03-02T15:03:42.341000+00:00,106.397,39.057,43.162,24.178,SOFT,0,False,False,False,0,False,first_lap,23.65286624203822,18.227388535031846,48.82165605095541,0,0.7859872611464969,0,8.007000000000005,8.669000000000011,9.454000000000008
14,20240302,9472,63,10,5,9472_10_1,9472,9472,,1,2024-03-02T15:03:42.341000+00:00,107.68,39.583,43.704,24.393,SOFT,0,False,False,False,0,False,first_lap,23.65286624203822,18.227388535031846,48.82165605095541,0,0.7859872611464969,0,9.177000000000007,9.93350000000001,10.737000000000009
15,20240302,9472,63,22,3,9472_22_1,9472,9472,,1,2024-03-02T15:03:42.341000+00:00,103.848,35.661,43.842,24.345,SOFT,0,False,False,False,0,False,first_lap,23.65286624203822,18.227388535031846,48.82165605095541,0,0.7859872611464969,0,5.537999999999997,6.213999999999999,6.905000000000001
16,20240302,9472,63,18,6,9472_18_1,9472,9472,,1,2024-03-02T15:03:42.341000+00:00,110.537,41.8,44.4,24.337,SOFT,0,False,False,False,0,False,first_lap,23.65286624203822,18.227388535031846,48.82165605095541,0,0.7859872611464969,0,12.550000000000011,13.634500000000003,13.594000000000008
17,20240302,9472,63,3,3,9472_3_1,9472,9472,,1,2024-03-02T15:03:42.341000+00:00,106.178,38.568,43.159,24.451,SOFT,3,False,False,False,0,False,first_lap,23.65286624203822,18.227388535031846,48.82165605095541,0,0.7859872611464969,0,7.567999999999998,8.411999999999992,9.235
18,20240302,9472,63,20,8,9472_20_1,9472,9472,,1,2024-03-02T15:03:42.341000+00:00,104.851,36.264,44.375,24.212,SOFT,0,False,False,False,0,False,first_lap,23.65286624203822,18.227388535031846,48.82165605095541,0,0.7859872611464969,0,6.451999999999998,7.0589999999999975,7.908000000000001
19,20240302,9472,63,24,9,9472_24_1,9472,9472,,1,2024-03-02T15:03:42.341000+00:00,105.213,37.343,43.576,24.294,SOFT,0,False,False,False,0,False,first_lap,23.65286624203822,18.227388535031846,48.82165605095541,0,0.7859872611464969,0,6.784999999999997,7.795999999999992,8.269999999999996
20,20240302,9472,63,31,5,9472_31_1,9472,9472,,1,2024-03-02T15:03:42.341000+00:00,107.083,39.278,43.42,24.385,SOFT,0,False,False,False,0,False,first_lap,23.65286624203822,18.227388535031846,48.82165605095541,0,0.7859872611464969,0,8.457999999999998,9.180999999999997,10.14
21,20240302,9472,63,1,1,9472_1_1,9472,9472,,2,2024-03-02T15:05:20.099000+00:00,96.296,30.916,41.661,23.719,SOFT,4,False,False,False,0,True,valid,23.65286624203822,18.227388535031846,48.82165605095541,0,0.7859872611464969,0,0.0,0.7055000000000149,-0.6469999999999914
22,20240302,9472,63,16,7,9472_16_1,9472,9472,,2,2024-03-02T15:05:21.019000+00:00,96.862,31.166,41.864,23.832,SOFT,4,False,False,False,0,True,valid,23.65286624203822,18.227388535031846,48.82165605095541,0,0.7859872611464969,0,0.0,0.08499999999999375,-0.08100000000000307
23,20240302,9472,63,63,10,9472_63_1,9472,9472,,2,2024-03-02T15:05:22.022000+00:00,96.635,30.829,42.038,23.768,SOFT,4,False,False,False,0,True,valid,23.65286624203822,18.227388535031846,48.82165605095541,0,0.7859872611464969,0,0.2289999999999992,-0.01099999999999568,-0.3079999999999927
24,20240302,9472,63,11,1,9472_11_1,9472,9472,,2,2024-03-02T15:05:22.877000+00:00,96.541,30.678,41.867,23.996,SOFT,4,False,False,False,0,True,valid,23.65286624203822,18.227388535031846,48.82165605095541,0,0.7859872611464969,0,0.0,0.3114999999999952,-0.402000000000001
25,20240302,9472,63,55,7,9472_55_1,9472,9472,,2,2024-03-02T15:05:23.374000+00:00,97.236,30.974,42.366,23.896,SOFT,4,False,False,False,0,True,valid,23.65286624203822,18.227388535031846,48.82165605095541,0,0.7859872611464969,0,0.1560000000000059,1.0615000000000094,0.29300000000000637
26,20240302,9472,63,14,6,9472_14_1,9472,9472,,2,2024-03-02T15:05:24.398000+00:00,98.02,31.203,42.896,23.921,SOFT,4,False,False,False,0,True,valid,23.65286624203822,18.227388535031846,48.82165605095541,0,0.7859872611464969,0,0.24399999999999977,0.7909999999999968,1.0769999999999982
27,20240302,9472,63,4,4,9472_4_1,9472,9472,,2,2024-03-02T15:05:24.936000+00:00,98.01,31.353,42.618,24.039,SOFT,4,False,False,False,0,True,valid,23.65286624203822,18.227388535031846,48.82165605095541,0,0.7859872611464969,0,0.5600000000000023,1.436000000000007,1.0670000000000073
28,20240302,9472,63,81,4,9472_81_1,9472,9472,,2,2024-03-02T15:05:25.300000+00:00,98.382,31.429,42.789,24.164,SOFT,4,False,False,False,0,True,valid,23.65286624203822,18.227388535031846,48.82165605095541,0,0.7859872611464969,0,0.5230000000000103,1.6754999999999995,1.4390000000000072
29,20240302,9472,63,44,10,9472_44_1,9472,9472,,2,2024-03-02T15:05:25.792000+00:00,98.273,31.287,42.893,24.093,SOFT,4,False,False,False,0,True,valid,23.65286624203822,18.227388535031846,48.82165605095541,0,0.7859872611464969,0,0.4339999999999975,1.593999999999994,1.3299999999999983
30,20240302,9472,63,22,3,9472_22_1,9472,9472,,2,2024-03-02T15:05:26.188000+00:00,98.689,31.675,42.717,24.297,SOFT,1,False,False,False,0,True,valid,23.65286624203822,18.227388535031846,48.82165605095541,0,0.7859872611464969,0,0.3789999999999907,1.0549999999999926,1.7459999999999951
31,20240302,9472,63,23,2,9472_23_1,9472,9472,,2,2024-03-02T15:05:26.586000+00:00,98.826,31.419,43.106,24.301,SOFT,1,False,False,False,0,True,valid,23.65286624203822,18.227388535031846,48.82165605095541,0,0.7859872611464969,0,0.40399999999999636,0.9469999999999885,1.8829999999999956
32,20240302,9472,63,20,8,9472_20_1,9472,9472,,2,2024-03-02T15:05:27.191000+00:00,98.911,31.591,43.075,24.245,SOFT,1,False,False,False,0,True,valid,23.65286624203822,18.227388535031846,48.82165605095541,0,0.7859872611464969,0,0.5120000000000005,1.1189999999999998,1.9680000000000035
33,20240302,9472,63,24,9,9472_24_1,9472,9472,,2,2024-03-02T15:05:27.553000+00:00,98.92,31.452,43.135,24.333,SOFT,1,False,False,False,0,True,valid,23.65286624203822,18.227388535031846,48.82165605095541,0,0.7859872611464969,0,0.49200000000000443,1.5030000000000001,1.9770000000000039
34,20240302,9472,63,3,3,9472_3_1,9472,9472,,2,2024-03-02T15:05:28.518000+00:00,99.509,31.662,43.353,24.494,SOFT,4,False,False,False,0,True,valid,23.65286624203822,18.227388535031846,48.82165605095541,0,0.7859872611464969,0,0.8990000000000009,1.742999999999995,2.5660000000000025
35,20240302,9472,63,2,2,9472_2_1,9472,9472,,2,2024-03-02T15:05:28.737000+00:00,98.481,31.096,43.005,24.38,SOFT,1,False,False,False,0,True,valid,23.65286624203822,18.227388535031846,48.82165605095541,0,0.7859872611464969,0,0.09099999999999397,0.7530000000000001,1.5379999999999967
36,20240302,9472,63,31,5,9472_31_1,9472,9472,,2,2024-03-02T15:05:29.423000+00:00,99.094,32.005,42.719,24.37,SOFT,1,False,False,False,0,True,valid,23.65286624203822,18.227388535031846,48.82165605095541,0,0.7859872611464969,0,0.4689999999999941,1.191999999999993,2.1509999999999962
37,20240302,9472,63,10,5,9472_10_1,9472,9472,,2,2024-03-02T15:05:30.020000+00:00,99.059,31.86,42.743,24.456,SOFT,1,False,False,False,0,True,valid,23.65286624203822,18.227388535031846,48.82165605095541,0,0.7859872611464969,0,0.5559999999999974,1.3125,2.1159999999999997
38,20240302,9472,63,77,9,9472_77_1,9472,9472,,2,2024-03-02T15:05:31.193000+00:00,98.259,31.351,42.663,24.245,SOFT,1,False,False,False,0,True,valid,23.65286624203822,18.227388535031846,48.82165605095541,0,0.7859872611464969,0,0.0,0.48499999999999943,1.3160000000000025
39,20240302,9472,63,18,6,9472_18_1,9472,9472,,2,2024-03-02T15:05:32.877000+00:00,97.987,31.319,42.653,24.015,SOFT,1,False,False,False,0,True,valid,23.65286624203822,18.227388535031846,48.82165605095541,0,0.7859872611464969,0,0.0,1.0844999999999914,1.043999999999997
40,20240302,9472,63,27,8,9472_27_2,9472,9472,,2,2024-03-02T15:05:36.269000+00:00,130.911,64.092,42.838,23.981,HARD,0,True,False,False,0,False,pit_out_lap,23.65286624203822,18.227388535031846,48.82165605095541,0,0.7859872611464969,0,33.59400000000001,34.063500000000005,33.968
41,20240302,9472,63,1,1,9472_1_1,9472,9472,,3,2024-03-02T15:06:56.378000+00:00,96.753,30.999,41.966,23.788,SOFT,5,False,False,False,0,True,valid,23.65286624203822,18.227388535031846,48.82165605095541,0,0.7859872611464969,0,0.45699999999999363,1.1625000000000085,-0.18999999999999773
42,20240302,9472,63,16,7,9472_16_1,9472,9472,,3,2024-03-02T15:06:57.933000+00:00,98.062,31.223,42.856,23.983,SOFT,5,False,False,False,0,True,valid,23.65286624203822,18.227388535031846,48.82165605095541,0,0.7859872611464969,0,1.2000000000000028,1.2849999999999966,1.1189999999999998
43,20240302,9472,63,63,10,9472_63_1,9472,9472,,3,2024-03-02T15:06:58.696000+00:00,96.406,30.367,42.202,23.837,SOFT,5,False,False,False,0,True,valid,23.65286624203822,18.227388535031846,48.82165605095541,0,0.7859872611464969,0,0.0,-0.23999999999999488,-0.5369999999999919
44,20240302,9472,63,11,1,9472_11_1,9472,9472,,3,2024-03-02T15:06:59.421000+00:00,97.297,30.596,42.478,24.223,SOFT,5,False,False,False,0,True,valid,23.65286624203822,18.227388535031846,48.82165605095541,0,0.7859872611464969,0,0.7560000000000002,1.0674999999999955,0.3539999999999992
45,20240302,9472,63,55,7,9472_55_1,9472,9472,,3,2024-03-02T15:07:00.599000+00:00,97.08,31.049,42.179,23.852,SOFT,5,False,False,False,0,True,valid,23.65286624203822,18.227388535031846,48.82165605095541,0,0.7859872611464969,0,0.0,0.9055000000000035,0.13700000000000045
46,20240302,9472,63,14,6,9472_14_1,9472,9472,,3,2024-03-02T15:07:02.457000+00:00,99.046,32.068,42.719,24.259,SOFT,5,False,False,False,0,True,valid,23.65286624203822,18.227388535031846,48.82165605095541,0,0.7859872611464969,0,1.2700000000000102,1.8170000000000073,2.1030000000000086
47,20240302,9472,63,4,4,9472_4_1,9472,9472,,3,2024-03-02T15:07:02.960000+00:00,97.787,31.112,42.476,24.199,SOFT,5,False,False,False,0,True,valid,23.65286624203822,18.227388535031846,48.82165605095541,0,0.7859872611464969,0,0.3370000000000033,1.213000000000008,0.8440000000000083
48,20240302,9472,63,81,4,9472_81_1,9472,9472,,3,2024-03-02T15:07:03.737000+00:00,98.258,31.147,42.993,24.118,SOFT,5,False,False,False,0,True,valid,23.65286624203822,18.227388535031846,48.82165605095541,0,0.7859872611464969,0,0.3990000000000009,1.55149999999999,1.3149999999999977
49,20240302,9472,63,44,10,9472_44_1,9472,9472,,3,2024-03-02T15:07:04.200000+00:00,98.303,31.062,43.099,24.142,SOFT,5,False,False,False,0,True,valid,23.65286624203822,18.227388535031846,48.82165605095541,0,0.7859872611464969,0,0.46399999999999864,1.6239999999999952,1.3599999999999994
50,20240302,9472,63,22,3,9472_22_1,9472,9472,,3,2024-03-02T15:07:04.993000+00:00,98.431,30.989,43.073,24.369,SOFT,2,False,False,False,0,True,valid,23.65286624203822,18.227388535031846,48.82165605095541,0,0.7859872611464969,0,0.12099999999999511,0.796999999999997,1.4879999999999995
51,20240302,9472,63,23,2,9472_23_1,9472,9472,,3,2024-03-02T15:07:05.531000+00:00,98.507,31.002,43.081,24.424,SOFT,2,False,False,False,0,True,valid,23.65286624203822,18.227388535031846,48.82165605095541,0,0.7859872611464969,0,0.08500000000000796,0.6280000000000001,1.5640000000000072
52,20240302,9472,63,20,8,9472_20_1,9472,9472,,3,2024-03-02T15:07:06.129000+00:00,98.399,30.969,43.118,24.312,SOFT,2,False,False,False,0,True,valid,23.65286624203822,18.227388535031846,48.82165605095541,0,0.7859872611464969,0,0.0,0.6069999999999993,1.456000000000003
53,20240302,9472,63,24,9,9472_24_1,9472,9472,,3,2024-03-02T15:07:06.448000+00:00,98.582,31.044,43.084,24.454,SOFT,2,False,False,False,0,True,valid,23.65286624203822,18.227388535031846,48.82165605095541,0,0.7859872611464969,0,0.15399999999999636,1.164999999999992,1.6389999999999958
54,20240302,9472,63,2,2,9472_2_1,9472,9472,,3,2024-03-02T15:07:07.169000+00:00,98.707,31.105,43.155,24.447,SOFT,2,False,False,False,0,True,valid,23.65286624203822,18.227388535031846,48.82165605095541,0,0.7859872611464969,0,0.31699999999999307,0.9789999999999992,1.7639999999999958
55,20240302,9472,63,3,3,9472_3_1,9472,9472,,3,2024-03-02T15:07:07.994000+00:00,98.76,30.965,43.32,24.475,SOFT,5,False,False,False,0,True,valid,23.65286624203822,18.227388535031846,48.82165605095541,0,0.7859872611464969,0,0.15000000000000568,0.9939999999999998,1.8170000000000073
56,20240302,9472,63,31,5,9472_31_1,9472,9472,,3,2024-03-02T15:07:08.536000+00:00,98.771,31.255,43.007,24.509,SOFT,2,False,False,False,0,True,valid,23.65286624203822,18.227388535031846,48.82165605095541,0,0.7859872611464969,0,0.1460000000000008,0.8689999999999998,1.828000000000003
57,20240302,9472,63,10,5,9472_10_1,9472,9472,,3,2024-03-02T15:07:09.187000+00:00,98.744,31.254,42.848,24.642,SOFT,2,False,False,False,0,True,valid,23.65286624203822,18.227388535031846,48.82165605095541,0,0.7859872611464969,0,0.24099999999999966,0.9975000000000023,1.801000000000002
58,20240302,9472,63,77,9,9472_77_1,9472,9472,,3,2024-03-02T15:07:09.750000+00:00,98.837,31.119,43.321,24.397,SOFT,2,False,False,False,0,True,valid,23.65286624203822,18.227388535031846,48.82165605095541,0,0.7859872611464969,0,0.578000000000003,1.0630000000000024,1.8940000000000055
59,20240302,9472,63,18,6,9472_18_1,9472,9472,,3,2024-03-02T15:07:11.091000+00:00,98.279,31.279,42.79,24.21,SOFT,2,False,False,False,0,True,valid,23.65286624203822,18.227388535031846,48.82165605095541,0,0.7859872611464969,0,0.2920000000000016,1.376499999999993,1.3359999999999985
60,20240302,9472,63,27,8,9472_27_2,9472,9472,,3,2024-03-02T15:07:47.290000+00:00,97.317,30.97,42.434,23.913,HARD,1,False,False,False,0,True,valid,23.65286624203822,18.227388535031846,48.82165605095541,0,0.7859872611464969,0,0.0,0.4694999999999965,0.3739999999999952
61,20240302,9472,63,1,1,9472_1_1,9472,9472,,4,2024-03-02T15:08:33.130000+00:00,96.647,30.931,41.892,23.824,SOFT,6,False,False,False,0,True,valid,23.65286624203822,18.227388535031846,48.82165605095541,0,0.7859872611464969,0,0.3509999999999991,1.056500000000014,-0.29599999999999227
62,20240302,9472,63,63,10,9472_63_1,9472,9472,,4,2024-03-02T15:08:35.058000+00:00,97.738,31.135,42.609,23.994,SOFT,6,False,False,False,0,True,valid,23.65286624203822,18.227388535031846,48.82165605095541,0,0.7859872611464969,0,1.3319999999999936,1.0919999999999987,0.7950000000000017
63,20240302,9472,63,16,7,9472_16_1,9472,9472,,4,2024-03-02T15:08:36.013000+00:00,97.752,30.958,42.784,24.01,SOFT,6,False,False,False,0,True,valid,23.65286624203822,18.227388535031846,48.82165605095541,0,0.7859872611464969,0,0.8900000000000006,0.9749999999999943,0.8089999999999975
64,20240302,9472,63,11,1,9472_11_1,9472,9472,,4,2024-03-02T15:08:36.682000+00:00,97.722,30.716,42.623,24.383,SOFT,6,False,False,False,0,True,valid,23.65286624203822,18.227388535031846,48.82165605095541,0,0.7859872611464969,0,1.1809999999999974,1.4924999999999926,0.7789999999999964
65,20240302,9472,63,55,7,9472_55_1,9472,9472,,4,2024-03-02T15:08:37.735000+00:00,97.264,30.957,42.373,23.934,SOFT,6,False,False,False,0,True,valid,23.65286624203822,18.227388535031846,48.82165605095541,0,0.7859872611464969,0,0.1839999999999975,1.089500000000001,0.32099999999999795
66,20240302,9472,63,4,4,9472_4_1,9472,9472,,4,2024-03-02T15:08:40.628000+00:00,97.45,31.115,42.193,24.142,SOFT,6,False,False,False,0,True,valid,23.65286624203822,18.227388535031846,48.82165605095541,0,0.7859872611464969,0,0.0,0.8760000000000048,0.507000000000005
67,20240302,9472,63,14,6,9472_14_1,9472,9472,,4,2024-03-02T15:08:41.450000+00:00,97.776,30.951,42.58,24.245,SOFT,6,False,False,False,0,True,valid,23.65286624203822,18.227388535031846,48.82165605095541,0,0.7859872611464969,0,0.0,0.546999999999997,0.8329999999999984
68,20240302,9472,63,81,4,9472_81_1,9472,9472,,4,2024-03-02T15:08:42.010000+00:00,97.897,31.113,42.572,24.212,SOFT,6,False,False,False,0,True,valid,23.65286624203822,18.227388535031846,48.82165605095541,0,0.7859872611464969,0,0.038000000000010914,1.1905000000000001,0.9540000000000077
69,20240302,9472,63,44,10,9472_44_1,9472,9472,,4,2024-03-02T15:08:42.487000+00:00,98.287,30.983,43.146,24.158,SOFT,6,False,False,False,0,True,valid,23.65286624203822,18.227388535031846,48.82165605095541,0,0.7859872611464969,0,0.4480000000000075,1.608000000000004,1.3440000000000083
70,20240302,9472,63,22,3,9472_22_1,9472,9472,,4,2024-03-02T15:08:43.327000+00:00,98.31,31.025,42.992,24.293,SOFT,3,False,False,False,0,True,valid,23.65286624203822,18.227388535031846,48.82165605095541,0,0.7859872611464969,0,0.0,0.6760000000000019,1.3670000000000044
71,20240302,9472,63,23,2,9472_23_1,9472,9472,,4,2024-03-02T15:08:44.072000+00:00,98.422,31.023,43.007,24.392,SOFT,3,False,False,False,0,True,valid,23.65286624203822,18.227388535031846,48.82165605095541,0,0.7859872611464969,0,0.0,0.5429999999999922,1.4789999999999992
72,20240302,9472,63,20,8,9472_20_1,9472,9472,,4,2024-03-02T15:08:44.453000+00:00,98.497,30.993,42.992,24.512,SOFT,3,False,False,False,0,True,valid,23.65286624203822,18.227388535031846,48.82165605095541,0,0.7859872611464969,0,0.09799999999999898,0.7049999999999983,1.554000000000002
73,20240302,9472,63,24,9,9472_24_1,9472,9472,,4,2024-03-02T15:08:45.105000+00:00,98.428,30.977,43.004,24.447,SOFT,3,False,False,False,0,True,valid,23.65286624203822,18.227388535031846,48.82165605095541,0,0.7859872611464969,0,0.0,1.0109999999999957,1.4849999999999994
74,20240302,9472,63,2,2,9472_2_1,9472,9472,,4,2024-03-02T15:08:45.974000+00:00,98.39,31.044,42.904,24.442,SOFT,3,False,False,False,0,True,valid,23.65286624203822,18.227388535031846,48.82165605095541,0,0.7859872611464969,0,0.0,0.6620000000000061,1.4470000000000027
75,20240302,9472,63,3,3,9472_3_1,9472,9472,,4,2024-03-02T15:08:46.663000+00:00,98.61,30.922,43.207,24.481,SOFT,6,False,False,False,0,True,valid,23.65286624203822,18.227388535031846,48.82165605095541,0,0.7859872611464969,0,0.0,0.8439999999999941,1.6670000000000016
76,20240302,9472,63,31,5,9472_31_1,9472,9472,,4,2024-03-02T15:08:47.391000+00:00,98.625,31.246,42.915,24.464,SOFT,3,False,False,False,0,True,valid,23.65286624203822,18.227388535031846,48.82165605095541,0,0.7859872611464969,0,0.0,0.722999999999999,1.6820000000000022
77,20240302,9472,63,10,5,9472_10_1,9472,9472,,4,2024-03-02T15:08:47.834000+00:00,98.503,31.305,42.705,24.493,SOFT,3,False,False,False,0,True,valid,23.65286624203822,18.227388535031846,48.82165605095541,0,0.7859872611464969,0,0.0,0.7565000000000026,1.5600000000000023
78,20240302,9472,63,77,9,9472_77_1,9472,9472,,4,2024-03-02T15:08:48.424000+00:00,98.643,31.127,43.121,24.395,SOFT,3,False,False,False,0,True,valid,23.65286624203822,18.227388535031846,48.82165605095541,0,0.7859872611464969,0,0.38400000000000034,0.8689999999999998,1.7000000000000028
79,20240302,9472,63,18,6,9472_18_1,9472,9472,,4,2024-03-02T15:08:49.291000+00:00,98.364,30.944,43.227,24.193,SOFT,3,False,False,False,0,True,valid,23.65286624203822,18.227388535031846,48.82165605095541,0,0.7859872611464969,0,0.37700000000000955,1.461500000000001,1.4210000000000065
80,20240302,9472,63,27,8,9472_27_2,9472,9472,,4,2024-03-02T15:09:24.588000+00:00,97.349,30.901,42.469,23.979,HARD,2,False,False,False,0,True,valid,23.65286624203822,18.227388535031846,48.82165605095541,0,0.7859872611464969,0,0.03200000000001069,0.5015000000000072,0.4060000000000059
81,20240302,9472,63,1,1,9472_1_1,9472,9472,,5,2024-03-02T15:10:09.704000+00:00,97.173,31.255,42.056,23.862,SOFT,7,False,False,False,0,True,valid,23.65286624203822,18.227388535031846,48.82165605095541,0,0.7859872611464969,0,0.8769999999999953,1.5825000000000102,0.23000000000000398
82,20240302,9472,63,63,10,9472_63_1,9472,9472,,5,2024-03-02T15:10:12.768000+00:00,98.116,31.636,42.573,23.907,SOFT,7,False,False,False,0,True,valid,23.65286624203822,18.227388535031846,48.82165605095541,0,0.7859872611464969,0,1.7099999999999937,1.4699999999999989,1.1730000000000018
83,20240302,9472,63,16,7,9472_16_1,9472,9472,,5,2024-03-02T15:10:13.780000+00:00,98.131,31.192,42.872,24.067,SOFT,7,False,False,False,0,True,valid,23.65286624203822,18.227388535031846,48.82165605095541,0,0.7859872611464969,0,1.2690000000000055,1.3539999999999992,1.1880000000000024
84,20240302,9472,63,11,1,9472_11_1,9472,9472,,5,2024-03-02T15:10:14.415000+00:00,98.044,30.997,42.754,24.293,SOFT,7,False,False,False,0,True,valid,23.65286624203822,18.227388535031846,48.82165605095541,0,0.7859872611464969,0,1.5030000000000001,1.8144999999999953,1.100999999999999
85,20240302,9472,63,55,7,9472_55_1,9472,9472,,5,2024-03-02T15:10:14.948000+00:00,98.032,30.967,42.821,24.244,SOFT,7,False,False,False,0,True,valid,23.65286624203822,18.227388535031846,48.82165605095541,0,0.7859872611464969,0,0.9519999999999982,1.8575000000000017,1.0889999999999986
86,20240302,9472,63,4,4,9472_4_1,9472,9472,,5,2024-03-02T15:10:18.228000+00:00,97.794,31.258,42.379,24.157,SOFT,7,False,False,False,0,True,valid,23.65286624203822,18.227388535031846,48.82165605095541,0,0.7859872611464969,0,0.3439999999999941,1.2199999999999989,0.8509999999999991
87,20240302,9472,63,14,6,9472_14_1,9472,9472,,5,2024-03-02T15:10:19.284000+00:00,99.292,32.063,42.806,24.423,SOFT,7,False,False,False,0,True,valid,23.65286624203822,18.227388535031846,48.82165605095541,0,0.7859872611464969,0,1.5160000000000053,2.0630000000000024,2.3490000000000038
88,20240302,9472,63,81,4,9472_81_1,9472,9472,,5,2024-03-02T15:10:19.912000+00:00,97.859,30.894,42.78,24.185,SOFT,7,False,False,False,0,True,valid,23.65286624203822,18.227388535031846,48.82165605095541,0,0.7859872611464969,0,0.0,1.1524999999999892,0.9159999999999968
89,20240302,9472,63,44,10,9472_44_1,9472,9472,,5,2024-03-02T15:10:20.703000+00:00,98.35,31.14,43.01,24.2,SOFT,7,False,False,False,0,True,valid,23.65286624203822,18.227388535031846,48.82165605095541,0,0.7859872611464969,0,0.5109999999999957,1.6709999999999923,1.4069999999999965
90,20240302,9472,63,22,3,9472_22_1,9472,9472,,5,2024-03-02T15:10:21.674000+00:00,98.321,31.023,42.98,24.318,SOFT,4,False,False,False,0,True,valid,23.65286624203822,18.227388535031846,48.82165605095541,0,0.7859872611464969,0,0.01099999999999568,0.6869999999999976,1.3780000000000001
91,20240302,9472,63,23,2,9472_23_1,9472,9472,,5,2024-03-02T15:10:22.387000+00:00,98.509,31.049,43.027,24.433,SOFT,4,False,False,False,0,True,valid,23.65286624203822,18.227388535031846,48.82165605095541,0,0.7859872611464969,0,0.0870000000000033,0.6299999999999955,1.5660000000000025
92,20240302,9472,63,20,8,9472_20_1,9472,9472,,5,2024-03-02T15:10:22.918000+00:00,98.576,31.066,43.108,24.402,SOFT,4,False,False,False,0,True,valid,23.65286624203822,18.227388535031846,48.82165605095541,0,0.7859872611464969,0,0.1769999999999925,0.7839999999999918,1.6329999999999956
93,20240302,9472,63,24,9,9472_24_1,9472,9472,,5,2024-03-02T15:10:23.479000+00:00,98.798,31.116,43.178,24.504,SOFT,4,False,False,False,0,True,valid,23.65286624203822,18.227388535031846,48.82165605095541,0,0.7859872611464969,0,0.37000000000000455,1.3810000000000002,1.855000000000004
94,20240302,9472,63,2,2,9472_2_1,9472,9472,,5,2024-03-02T15:10:24.343000+00:00,98.757,31.048,43.209,24.5,SOFT,4,False,False,False,0,True,valid,23.65286624203822,18.227388535031846,48.82165605095541,0,0.7859872611464969,0,0.36700000000000443,1.0290000000000106,1.8140000000000072
95,20240302,9472,63,3,3,9472_3_1,9472,9472,,5,2024-03-02T15:10:25.323000+00:00,98.704,30.98,43.2,24.524,SOFT,7,False,False,False,0,True,valid,23.65286624203822,18.227388535031846,48.82165605095541,0,0.7859872611464969,0,0.09399999999999409,0.9379999999999882,1.7609999999999957
96,20240302,9472,63,31,5,9472_31_1,9472,9472,,5,2024-03-02T15:10:25.925000+00:00,98.64,31.171,42.891,24.578,SOFT,4,False,False,False,0,True,valid,23.65286624203822,18.227388535031846,48.82165605095541,0,0.7859872611464969,0,0.015000000000000568,0.7379999999999995,1.6970000000000027
97,20240302,9472,63,10,5,9472_10_1,9472,9472,,5,2024-03-02T15:10:26.498000+00:00,98.664,31.344,42.718,24.602,SOFT,4,False,False,False,0,True,valid,23.65286624203822,18.227388535031846,48.82165605095541,0,0.7859872611464969,0,0.16100000000000136,0.917500000000004,1.7210000000000036
98,20240302,9472,63,77,9,9472_77_1,9472,9472,,5,2024-03-02T15:10:27.119000+00:00,100.087,31.083,44.295,24.709,SOFT,4,False,False,False,0,True,valid,23.65286624203822,18.227388535031846,48.82165605095541,0,0.7859872611464969,0,1.828000000000003,2.3130000000000024,3.1440000000000055
99,20240302,9472,63,18,6,9472_18_1,9472,9472,,5,2024-03-02T15:10:27.632000+00:00,98.725,30.987,43.577,24.161,SOFT,4,False,False,False,0,True,valid,23.65286624203822,18.227388535031846,48.82165605095541,0,0.7859872611464969,0,0.7379999999999995,1.822499999999991,1.7819999999999965
100,20240302,9472,63,27,8,9472_27_2,9472,9472,,5,2024-03-02T15:11:01.949000+00:00,97.663,30.928,42.706,24.029,HARD,3,False,False,False,0,True,valid,23.65286624203822,18.227388535031846,48.82165605095541,0,0.7859872611464969,0,0.34600000000000364,0.8155000000000001,0.7199999999999989
101,20240302,9472,63,1,1,9472_1_1,9472,9472,,6,2024-03-02T15:11:46.978000+00:00,97.092,31.041,42.187,23.864,SOFT,8,False,False,False,0,True,valid,23.65286624203822,18.227388535031846,48.82165605095541,0,0.7859872611464969,0,0.7959999999999923,1.5015000000000072,0.1490000000000009
102,20240302,9472,63,63,10,9472_63_1,9472,9472,,6,2024-03-02T15:11:50.905000+00:00,97.784,31.36,42.508,23.916,SOFT,8,False,False,False,0,True,valid,23.65286624203822,18.227388535031846,48.82165605095541,0,0.7859872611464969,0,1.3780000000000001,1.1380000000000052,0.8410000000000082
103,20240302,9472,63,16,7,9472_16_1,9472,9472,,6,2024-03-02T15:11:51.804000+00:00,97.782,30.936,42.751,24.095,SOFT,8,False,False,False,0,True,valid,23.65286624203822,18.227388535031846,48.82165605095541,0,0.7859872611464969,0,0.9200000000000017,1.0049999999999955,0.8389999999999986
104,20240302,9472,63,11,1,9472_11_1,9472,9472,,6,2024-03-02T15:11:52.420000+00:00,97.823,30.843,42.702,24.278,SOFT,8,False,False,False,0,True,valid,23.65286624203822,18.227388535031846,48.82165605095541,0,0.7859872611464969,0,1.2819999999999965,1.5934999999999917,0.8799999999999955
105,20240302,9472,63,55,7,9472_55_1,9472,9472,,6,2024-03-02T15:11:53.110000+00:00,97.741,30.879,42.803,24.059,SOFT,8,False,False,False,0,True,valid,23.65286624203822,18.227388535031846,48.82165605095541,0,0.7859872611464969,0,0.6610000000000014,1.5665000000000049,0.7980000000000018
106,20240302,9472,63,4,4,9472_4_1,9472,9472,,6,2024-03-02T15:11:55.985000+00:00,97.896,31.027,42.622,24.247,SOFT,8,False,False,False,0,True,valid,23.65286624203822,18.227388535031846,48.82165605095541,0,0.7859872611464969,0,0.44599999999999795,1.3220000000000027,0.953000000000003
107,20240302,9472,63,81,4,9472_81_1,9472,9472,,6,2024-03-02T15:11:57.638000+00:00,97.955,31.412,42.35,24.193,SOFT,8,False,False,False,0,True,valid,23.65286624203822,18.227388535031846,48.82165605095541,0,0.7859872611464969,0,0.09600000000000364,1.2484999999999928,1.0120000000000005
108,20240302,9472,63,14,6,9472_14_1,9472,9472,,6,2024-03-02T15:11:58.534000+00:00,98.053,31.076,42.676,24.301,SOFT,8,False,False,False,0,True,valid,23.65286624203822,18.227388535031846,48.82165605095541,0,0.7859872611464969,0,0.277000000000001,0.8239999999999981,1.1099999999999994
109,20240302,9472,63,44,10,9472_44_1,9472,9472,,6,2024-03-02T15:11:59.143000+00:00,98.183,31.124,42.887,24.172,SOFT,8,False,False,False,0,True,valid,23.65286624203822,18.227388535031846,48.82165605095541,0,0.7859872611464969,0,0.3440000000000083,1.5040000000000049,1.240000000000009
110,20240302,9472,63,22,3,9472_22_1,9472,9472,,6,2024-03-02T15:12:00.082000+00:00,98.361,31.132,42.949,24.28,SOFT,5,False,False,False,0,True,valid,23.65286624203822,18.227388535031846,48.82165605095541,0,0.7859872611464969,0,0.05100000000000193,0.7270000000000039,1.4180000000000064
111,20240302,9472,63,23,2,9472_23_1,9472,9472,,6,2024-03-02T15:12:00.934000+00:00,98.575,31.034,43.141,24.4,SOFT,5,False,False,False,0,True,valid,23.65286624203822,18.227388535031846,48.82165605095541,0,0.7859872611464969,0,0.1530000000000058,0.695999999999998,1.632000000000005
112,20240302,9472,63,20,8,9472_20_1,9472,9472,,6,2024-03-02T15:12:01.544000+00:00,98.529,30.952,43.041,24.536,SOFT,5,False,False,False,0,True,valid,23.65286624203822,18.227388535031846,48.82165605095541,0,0.7859872611464969,0,0.12999999999999545,0.7369999999999948,1.5859999999999985
113,20240302,9472,63,24,9,9472_24_1,9472,9472,,6,2024-03-02T15:12:02.417000+00:00,98.488,30.86,43.064,24.564,SOFT,5,False,False,False,0,True,valid,23.65286624203822,18.227388535031846,48.82165605095541,0,0.7859872611464969,0,0.060000000000002274,1.070999999999998,1.5450000000000017
114,20240302,9472,63,2,2,9472_2_1,9472,9472,,6,2024-03-02T15:12:03.067000+00:00,98.582,31.037,42.981,24.564,SOFT,5,False,False,False,0,True,valid,23.65286624203822,18.227388535031846,48.82165605095541,0,0.7859872611464969,0,0.19199999999999307,0.8539999999999992,1.6389999999999958
115,20240302,9472,63,3,3,9472_3_1,9472,9472,,6,2024-03-02T15:12:03.968000+00:00,98.689,31.046,43.099,24.544,SOFT,8,False,False,False,0,True,valid,23.65286624203822,18.227388535031846,48.82165605095541,0,0.7859872611464969,0,0.07899999999999352,0.9229999999999876,1.7459999999999951
116,20240302,9472,63,31,5,9472_31_1,9472,9472,,6,2024-03-02T15:12:04.606000+00:00,98.874,31.245,42.978,24.651,SOFT,5,False,False,False,0,True,valid,23.65286624203822,18.227388535031846,48.82165605095541,0,0.7859872611464969,0,0.24899999999999523,0.9719999999999942,1.9309999999999974
117,20240302,9472,63,10,5,9472_10_1,9472,9472,,6,2024-03-02T15:12:05.094000+00:00,99.099,31.457,42.995,24.647,SOFT,5,False,False,False,0,True,valid,23.65286624203822,18.227388535031846,48.82165605095541,0,0.7859872611464969,0,0.5960000000000036,1.3525000000000063,2.156000000000006
118,20240302,9472,63,18,6,9472_18_1,9472,9472,,6,2024-03-02T15:12:06.338000+00:00,98.925,31.554,43.188,24.183,SOFT,5,False,False,False,0,True,valid,23.65286624203822,18.227388535031846,48.82165605095541,0,0.7859872611464969,0,0.9380000000000024,2.0224999999999937,1.9819999999999993
119,20240302,9472,63,77,9,9472_77_1,9472,9472,,6,2024-03-02T15:12:07.153000+00:00,99.206,31.184,43.504,24.518,SOFT,5,False,False,False,0,True,valid,23.65286624203822,18.227388535031846,48.82165605095541,0,0.7859872611464969,0,0.9470000000000027,1.4320000000000022,2.2630000000000052
120,20240302,9472,63,27,8,9472_27_2,9472,9472,,6,2024-03-02T15:12:39.609000+00:00,97.896,31.013,42.852,24.031,HARD,4,False,False,False,0,True,valid,23.65286624203822,18.227388535031846,48.82165605095541,0,0.7859872611464969,0,0.5790000000000077,1.0485000000000042,0.953000000000003
121,20240302,9472,63,1,1,9472_1_1,9472,9472,,7,2024-03-02T15:13:24.080000+00:00,97.038,31.015,42.118,23.905,SOFT,9,False,False,False,0,True,valid,23.65286624203822,18.227388535031846,48.82165605095541,0,0.7859872611464969,0,0.7419999999999902,1.4475000000000051,0.09499999999999886
122,20240302,9472,63,63,10,9472_63_1,9472,9472,,7,2024-03-02T15:13:28.623000+00:00,98.082,31.48,42.577,24.025,SOFT,9,False,False,False,0,True,valid,23.65286624203822,18.227388535031846,48.82165605095541,0,0.7859872611464969,0,1.6759999999999877,1.4359999999999928,1.1389999999999958
123,20240302,9472,63,16,7,9472_16_1,9472,9472,,7,2024-03-02T15:13:29.724000+00:00,98.957,31.008,43.761,24.188,SOFT,9,False,False,False,0,True,valid,23.65286624203822,18.227388535031846,48.82165605095541,0,0.7859872611464969,0,2.094999999999999,2.1799999999999926,2.013999999999996
124,20240302,9472,63,11,1,9472_11_1,9472,9472,,7,2024-03-02T15:13:30.334000+00:00,97.821,31.013,42.682,24.126,SOFT,9,False,False,False,0,True,valid,23.65286624203822,18.227388535031846,48.82165605095541,0,0.7859872611464969,0,1.2800000000000011,1.5914999999999964,0.8780000000000001
125,20240302,9472,63,55,7,9472_55_1,9472,9472,,7,2024-03-02T15:13:30.813000+00:00,98.26,30.847,43.148,24.265,SOFT,9,False,False,False,0,True,valid,23.65286624203822,18.227388535031846,48.82165605095541,0,0.7859872611464969,0,1.1800000000000068,2.0855000000000103,1.3170000000000073
126,20240302,9472,63,4,4,9472_4_1,9472,9472,,7,2024-03-02T15:13:33.929000+00:00,97.86,31.074,42.514,24.272,SOFT,9,False,False,False,0,True,valid,23.65286624203822,18.227388535031846,48.82165605095541,0,0.7859872611464969,0,0.4099999999999966,1.2860000000000014,0.9170000000000016
127,20240302,9472,63,81,4,9472_81_1,9472,9472,,7,2024-03-02T15:13:35.738000+00:00,97.984,31.164,42.581,24.239,SOFT,9,False,False,False,0,True,valid,23.65286624203822,18.227388535031846,48.82165605095541,0,0.7859872611464969,0,0.125,1.2774999999999892,1.0409999999999968
128,20240302,9472,63,14,6,9472_14_1,9472,9472,,7,2024-03-02T15:13:36.615000+00:00,98.008,30.905,42.7,24.403,SOFT,9,False,False,False,0,True,valid,23.65286624203822,18.227388535031846,48.82165605095541,0,0.7859872611464969,0,0.23199999999999932,0.7789999999999964,1.0649999999999977
129,20240302,9472,63,44,10,9472_44_1,9472,9472,,7,2024-03-02T15:13:37.347000+00:00,97.839,30.829,42.823,24.187,SOFT,9,False,False,False,0,True,valid,23.65286624203822,18.227388535031846,48.82165605095541,0,0.7859872611464969,0,0.0,1.1599999999999966,0.8960000000000008
130,20240302,9472,63,22,3,9472_22_1,9472,9472,,7,2024-03-02T15:13:38.399000+00:00,98.364,31.121,42.887,24.356,SOFT,6,False,False,False,0,True,valid,23.65286624203822,18.227388535031846,48.82165605095541,0,0.7859872611464969,0,0.054000000000002046,0.730000000000004,1.4210000000000065
131,20240302,9472,63,23,2,9472_23_1,9472,9472,,7,2024-03-02T15:13:39.536000+00:00,98.971,31.498,43.186,24.287,SOFT,6,False,False,False,0,True,valid,23.65286624203822,18.227388535031846,48.82165605095541,0,0.7859872611464969,0,0.5490000000000066,1.0919999999999987,2.028000000000006
132,20240302,9472,63,20,8,9472_20_1,9472,9472,,7,2024-03-02T15:13:40.046000+00:00,100.058,32.132,43.112,24.814,SOFT,6,False,False,False,0,True,valid,23.65286624203822,18.227388535031846,48.82165605095541,0,0.7859872611464969,0,1.659000000000006,2.2660000000000053,3.115000000000009
133,20240302,9472,63,24,9,9472_24_1,9472,9472,,7,2024-03-02T15:13:40.801000+00:00,99.517,31.488,43.47,24.559,SOFT,6,False,False,False,0,True,valid,23.65286624203822,18.227388535031846,48.82165605095541,0,0.7859872611464969,0,1.0889999999999986,2.0999999999999943,2.573999999999998
134,20240302,9472,63,2,2,9472_2_1,9472,9472,,7,2024-03-02T15:13:41.625000+00:00,99.464,31.373,43.491,24.6,SOFT,6,False,False,False,0,True,valid,23.65286624203822,18.227388535031846,48.82165605095541,0,0.7859872611464969,0,1.073999999999998,1.7360000000000042,2.521000000000001
135,20240302,9472,63,3,3,9472_3_1,9472,9472,,7,2024-03-02T15:13:42.734000+00:00,99.193,31.372,43.289,24.532,SOFT,9,False,False,False,0,True,valid,23.65286624203822,18.227388535031846,48.82165605095541,0,0.7859872611464969,0,0.5829999999999984,1.4269999999999925,2.25
136,20240302,9472,63,31,5,9472_31_1,9472,9472,,7,2024-03-02T15:13:43.401000+00:00,99.152,31.404,43.089,24.659,SOFT,6,False,False,False,0,True,valid,23.65286624203822,18.227388535031846,48.82165605095541,0,0.7859872611464969,0,0.527000000000001,1.25,2.209000000000003
137,20240302,9472,63,10,5,9472_10_1,9472,9472,,7,2024-03-02T15:13:44.100000+00:00,99.078,31.353,43.11,24.615,SOFT,6,False,False,False,0,True,valid,23.65286624203822,18.227388535031846,48.82165605095541,0,0.7859872611464969,0,0.5750000000000028,1.3315000000000055,2.135000000000005
138,20240302,9472,63,18,6,9472_18_1,9472,9472,,7,2024-03-02T15:13:45.354000+00:00,98.769,31.302,43.186,24.281,SOFT,6,False,False,False,0,True,valid,23.65286624203822,18.227388535031846,48.82165605095541,0,0.7859872611464969,0,0.7820000000000107,1.866500000000002,1.8260000000000076
139,20240302,9472,63,77,9,9472_77_1,9472,9472,,7,2024-03-02T15:13:46.456000+00:00,98.654,31.034,43.072,24.548,SOFT,6,False,False,False,0,True,valid,23.65286624203822,18.227388535031846,48.82165605095541,0,0.7859872611464969,0,0.394999999999996,0.8799999999999955,1.7109999999999985
140,20240302,9472,63,27,8,9472_27_2,9472,9472,,7,2024-03-02T15:14:17.531000+00:00,97.682,30.976,42.75,23.956,HARD,5,False,False,False,0,True,valid,23.65286624203822,18.227388535031846,48.82165605095541,0,0.7859872611464969,0,0.3650000000000091,0.8345000000000056,0.7390000000000043
141,20240302,9472,63,1,1,9472_1_1,9472,9472,,8,2024-03-02T15:15:01.132000+00:00,97.024,31.041,42.077,23.906,SOFT,10,False,False,False,0,True,valid,23.65286624203822,18.227388535031846,48.82165605095541,0,0.7859872611464969,0,0.7279999999999944,1.4335000000000093,0.08100000000000307
142,20240302,9472,63,63,10,9472_63_1,9472,9472,,8,2024-03-02T15:15:06.812000+00:00,97.862,31.238,42.646,23.978,SOFT,10,False,False,False,0,True,valid,23.65286624203822,18.227388535031846,48.82165605095541,0,0.7859872611464969,0,1.4559999999999889,1.215999999999994,0.9189999999999969
143,20240302,9472,63,11,1,9472_11_1,9472,9472,,8,2024-03-02T15:15:08.075000+00:00,97.838,31.305,42.428,24.105,SOFT,10,False,False,False,0,True,valid,23.65286624203822,18.227388535031846,48.82165605095541,0,0.7859872611464969,0,1.296999999999997,1.6084999999999923,0.894999999999996
144,20240302,9472,63,16,7,9472_16_1,9472,9472,,8,2024-03-02T15:15:08.572000+00:00,98.136,31.2,42.753,24.183,SOFT,10,False,False,False,0,True,valid,23.65286624203822,18.227388535031846,48.82165605095541,0,0.7859872611464969,0,1.274000000000001,1.3589999999999947,1.1929999999999978
145,20240302,9472,63,55,7,9472_55_1,9472,9472,,8,2024-03-02T15:15:09.048000+00:00,98.183,31.341,42.701,24.141,SOFT,10,False,False,False,0,True,valid,23.65286624203822,18.227388535031846,48.82165605095541,0,0.7859872611464969,0,1.1030000000000086,2.008500000000012,1.240000000000009
146,20240302,9472,63,4,4,9472_4_1,9472,9472,,8,2024-03-02T15:15:11.730000+00:00,98.134,31.171,42.688,24.275,SOFT,10,False,False,False,0,True,valid,23.65286624203822,18.227388535031846,48.82165605095541,0,0.7859872611464969,0,0.6839999999999975,1.5600000000000023,1.1910000000000025
147,20240302,9472,63,81,4,9472_81_1,9472,9472,,8,2024-03-02T15:15:13.609000+00:00,97.956,31.179,42.533,24.244,SOFT,10,False,False,False,0,True,valid,23.65286624203822,18.227388535031846,48.82165605095541,0,0.7859872611464969,0,0.09700000000000841,1.2494999999999976,1.0130000000000052
148,20240302,9472,63,14,6,9472_14_1,9472,9472,,8,2024-03-02T15:15:14.725000+00:00,98.103,31.024,42.689,24.39,SOFT,10,False,False,False,0,True,valid,23.65286624203822,18.227388535031846,48.82165605095541,0,0.7859872611464969,0,0.3269999999999982,0.8739999999999952,1.1599999999999966
149,20240302,9472,63,44,10,9472_44_1,9472,9472,,8,2024-03-02T15:15:15.137000+00:00,98.221,31.079,42.886,24.256,SOFT,10,False,False,False,0,True,valid,23.65286624203822,18.227388535031846,48.82165605095541,0,0.7859872611464969,0,0.382000000000005,1.5420000000000016,1.2780000000000058
150,20240302,9472,63,22,3,9472_22_1,9472,9472,,8,2024-03-02T15:15:16.764000+00:00,98.513,31.298,42.871,24.344,SOFT,7,False,False,False,0,True,valid,23.65286624203822,18.227388535031846,48.82165605095541,0,0.7859872611464969,0,0.20300000000000296,0.8790000000000049,1.5700000000000074
151,20240302,9472,63,23,2,9472_23_1,9472,9472,,8,2024-03-02T15:15:18.421000+00:00,98.66,31.493,42.899,24.268,SOFT,7,False,False,False,0,True,valid,23.65286624203822,18.227388535031846,48.82165605095541,0,0.7859872611464969,0,0.23799999999999955,0.7809999999999917,1.7169999999999987
152,20240302,9472,63,20,8,9472_20_1,9472,9472,,8,2024-03-02T15:15:20.089000+00:00,99.172,31.557,43.072,24.543,SOFT,7,False,False,False,0,True,valid,23.65286624203822,18.227388535031846,48.82165605095541,0,0.7859872611464969,0,0.7729999999999961,1.3799999999999955,2.228999999999999
153,20240302,9472,63,24,9,9472_24_1,9472,9472,,8,2024-03-02T15:15:20.426000+00:00,99.646,31.786,43.138,24.722,SOFT,7,False,False,False,0,True,valid,23.65286624203822,18.227388535031846,48.82165605095541,0,0.7859872611464969,0,1.2180000000000035,2.228999999999999,2.703000000000003
154,20240302,9472,63,2,2,9472_2_1,9472,9472,,8,2024-03-02T15:15:21.091000+00:00,99.58,31.566,43.336,24.678,SOFT,7,False,False,False,0,True,valid,23.65286624203822,18.227388535031846,48.82165605095541,0,0.7859872611464969,0,1.1899999999999977,1.8520000000000039,2.6370000000000005
155,20240302,9472,63,3,3,9472_3_1,9472,9472,,8,2024-03-02T15:15:21.929000+00:00,99.529,31.254,43.578,24.697,SOFT,10,False,False,False,0,True,valid,23.65286624203822,18.227388535031846,48.82165605095541,0,0.7859872611464969,0,0.9189999999999969,1.762999999999991,2.5859999999999985
156,20240302,9472,63,31,5,9472_31_1,9472,9472,,8,2024-03-02T15:15:22.699000+00:00,99.422,31.252,43.382,24.788,SOFT,7,False,False,False,0,True,valid,23.65286624203822,18.227388535031846,48.82165605095541,0,0.7859872611464969,0,0.796999999999997,1.519999999999996,2.478999999999999
157,20240302,9472,63,10,5,9472_10_1,9472,9472,,8,2024-03-02T15:15:23.253000+00:00,99.287,31.21,43.311,24.766,SOFT,7,False,False,False,0,True,valid,23.65286624203822,18.227388535031846,48.82165605095541,0,0.7859872611464969,0,0.784000000000006,1.5405000000000086,2.3440000000000083
158,20240302,9472,63,18,6,9472_18_1,9472,9472,,8,2024-03-02T15:15:24.026000+00:00,98.857,30.963,43.37,24.524,SOFT,7,False,False,False,0,True,valid,23.65286624203822,18.227388535031846,48.82165605095541,0,0.7859872611464969,0,0.8700000000000045,1.954499999999996,1.9140000000000015
159,20240302,9472,63,77,9,9472_77_1,9472,9472,,8,2024-03-02T15:15:25.115000+00:00,98.968,30.959,43.356,24.653,SOFT,7,False,False,False,0,True,valid,23.65286624203822,18.227388535031846,48.82165605095541,0,0.7859872611464969,0,0.7090000000000032,1.1940000000000026,2.0250000000000057
160,20240302,9472,63,27,8,9472_27_2,9472,9472,,8,2024-03-02T15:15:55.237000+00:00,97.82,31.038,42.737,24.045,HARD,6,False,False,False,0,True,valid,23.65286624203822,18.227388535031846,48.82165605095541,0,0.7859872611464969,0,0.5030000000000001,0.9724999999999966,0.8769999999999953
161,20240302,9472,63,1,1,9472_1_1,9472,9472,,9,2024-03-02T15:16:38.044000+00:00,97.229,31.1,42.166,23.963,SOFT,11,False,False,False,0,True,valid,23.65286624203822,18.227388535031846,48.82165605095541,0,0.7859872611464969,0,0.9329999999999927,1.6385000000000076,0.28600000000000136
162,20240302,9472,63,63,10,9472_63_1,9472,9472,,9,2024-03-02T15:16:44.698000+00:00,97.73,31.12,42.578,24.032,SOFT,11,False,False,False,0,True,valid,23.65286624203822,18.227388535031846,48.82165605095541,0,0.7859872611464969,0,1.323999999999998,1.0840000000000032,0.7870000000000061
163,20240302,9472,63,11,1,9472_11_1,9472,9472,,9,2024-03-02T15:16:45.853000+00:00,97.596,31.145,42.395,24.056,SOFT,11,False,False,False,0,True,valid,23.65286624203822,18.227388535031846,48.82165605095541,0,0.7859872611464969,0,1.0550000000000068,1.366500000000002,0.6530000000000058
164,20240302,9472,63,16,7,9472_16_1,9472,9472,,9,2024-03-02T15:16:46.813000+00:00,97.844,31.147,42.533,24.164,SOFT,11,False,False,False,0,True,valid,23.65286624203822,18.227388535031846,48.82165605095541,0,0.7859872611464969,0,0.9819999999999993,1.066999999999993,0.9009999999999962
165,20240302,9472,63,55,7,9472_55_1,9472,9472,,9,2024-03-02T15:16:47.231000+00:00,98.03,30.99,42.868,24.172,SOFT,11,False,False,False,0,True,valid,23.65286624203822,18.227388535031846,48.82165605095541,0,0.7859872611464969,0,0.9500000000000028,1.8555000000000064,1.0870000000000033
166,20240302,9472,63,4,4,9472_4_1,9472,9472,,9,2024-03-02T15:16:49.846000+00:00,98.064,31.051,42.721,24.292,SOFT,11,False,False,False,0,True,valid,23.65286624203822,18.227388535031846,48.82165605095541,0,0.7859872611464969,0,0.6139999999999901,1.4899999999999949,1.1209999999999951
167,20240302,9472,63,81,4,9472_81_1,9472,9472,,9,2024-03-02T15:16:51.643000+00:00,98.096,31.211,42.534,24.351,SOFT,11,False,False,False,0,True,valid,23.65286624203822,18.227388535031846,48.82165605095541,0,0.7859872611464969,0,0.23700000000000898,1.3894999999999982,1.1530000000000058
168,20240302,9472,63,14,6,9472_14_1,9472,9472,,9,2024-03-02T15:16:52.794000+00:00,98.896,31.464,43.036,24.396,SOFT,11,False,False,False,0,True,valid,23.65286624203822,18.227388535031846,48.82165605095541,0,0.7859872611464969,0,1.1200000000000045,1.6670000000000016,1.953000000000003
169,20240302,9472,63,44,10,9472_44_1,9472,9472,,9,2024-03-02T15:16:53.452000+00:00,98.645,31.088,43.171,24.386,SOFT,11,False,False,False,0,True,valid,23.65286624203822,18.227388535031846,48.82165605095541,0,0.7859872611464969,0,0.8059999999999974,1.965999999999994,1.7019999999999982
170,20240302,9472,63,22,3,9472_22_1,9472,9472,,9,2024-03-02T15:16:55.234000+00:00,98.554,31.329,42.861,24.364,SOFT,8,False,False,False,0,True,valid,23.65286624203822,18.227388535031846,48.82165605095541,0,0.7859872611464969,0,0.24399999999999977,0.9200000000000017,1.6110000000000042
171,20240302,9472,63,23,2,9472_23_1,9472,9472,,9,2024-03-02T15:16:57.147000+00:00,98.652,31.458,42.976,24.218,SOFT,8,False,False,False,0,True,valid,23.65286624203822,18.227388535031846,48.82165605095541,0,0.7859872611464969,0,0.23000000000000398,0.7729999999999961,1.7090000000000032
172,20240302,9472,63,20,8,9472_20_1,9472,9472,,9,2024-03-02T15:16:59.332000+00:00,98.861,31.383,42.932,24.546,SOFT,8,False,False,False,0,True,valid,23.65286624203822,18.227388535031846,48.82165605095541,0,0.7859872611464969,0,0.4620000000000033,1.0690000000000026,1.9180000000000064
173,20240302,9472,63,24,9,9472_24_1,9472,9472,,9,2024-03-02T15:16:59.925000+00:00,101.849,31.33,43.094,27.425,SOFT,8,False,False,False,0,True,valid,23.65286624203822,18.227388535031846,48.82165605095541,0,0.7859872611464969,0,3.4210000000000065,4.432000000000002,4.906000000000006
174,20240302,9472,63,2,2,9472_2_1,9472,9472,,9,2024-03-02T15:17:00.723000+00:00,99.366,31.398,43.299,24.669,SOFT,8,False,False,False,0,True,valid,23.65286624203822,18.227388535031846,48.82165605095541,0,0.7859872611464969,0,0.9759999999999991,1.6380000000000052,2.423000000000002
175,20240302,9472,63,3,3,9472_3_1,9472,9472,,9,2024-03-02T15:17:01.403000+00:00,99.338,31.173,43.519,24.646,SOFT,11,False,False,False,0,True,valid,23.65286624203822,18.227388535031846,48.82165605095541,0,0.7859872611464969,0,0.7279999999999944,1.5719999999999885,2.394999999999996
176,20240302,9472,63,31,5,9472_31_1,9472,9472,,9,2024-03-02T15:17:01.994000+00:00,99.312,31.189,43.409,24.714,SOFT,8,False,False,False,0,True,valid,23.65286624203822,18.227388535031846,48.82165605095541,0,0.7859872611464969,0,0.6869999999999976,1.4099999999999966,2.3689999999999998
177,20240302,9472,63,10,5,9472_10_1,9472,9472,,9,2024-03-02T15:17:02.598000+00:00,99.452,31.4,43.321,24.731,SOFT,8,False,False,False,0,True,valid,23.65286624203822,18.227388535031846,48.82165605095541,0,0.7859872611464969,0,0.9489999999999981,1.7055000000000007,2.5090000000000003
178,20240302,9472,63,18,6,9472_18_1,9472,9472,,9,2024-03-02T15:17:02.856000+00:00,102.112,31.431,43.451,27.23,SOFT,8,False,False,False,0,True,valid,23.65286624203822,18.227388535031846,48.82165605095541,0,0.7859872611464969,0,4.125,5.209499999999991,5.168999999999997
179,20240302,9472,63,77,9,9472_77_1,9472,9472,,9,2024-03-02T15:17:04.011000+00:00,99.425,31.373,43.349,24.703,SOFT,8,False,False,False,0,True,valid,23.65286624203822,18.227388535031846,48.82165605095541,0,0.7859872611464969,0,1.1659999999999968,1.6509999999999962,2.4819999999999993
180,20240302,9472,63,27,8,9472_27_2,9472,9472,,9,2024-03-02T15:17:32.972000+00:00,97.883,31.041,42.691,24.151,HARD,7,False,False,False,0,True,valid,23.65286624203822,18.227388535031846,48.82165605095541,0,0.7859872611464969,0,0.5660000000000025,1.035499999999999,0.9399999999999977
181,20240302,9472,63,1,1,9472_1_1,9472,9472,,10,2024-03-02T15:18:15.404000+00:00,96.96,30.986,42.009,23.965,SOFT,12,False,False,False,0,True,valid,23.65286624203822,18.227388535031846,48.82165605095541,0,0.7859872611464969,0,0.6639999999999873,1.3695000000000022,0.016999999999995907
182,20240302,9472,63,63,10,9472_63_1,9472,9472,,10,2024-03-02T15:18:22.380000+00:00,97.782,31.247,42.538,23.997,SOFT,12,False,False,False,0,True,valid,23.65286624203822,18.227388535031846,48.82165605095541,0,0.7859872611464969,0,1.3759999999999906,1.1359999999999957,0.8389999999999986
183,20240302,9472,63,11,1,9472_11_1,9472,9472,,10,2024-03-02T15:18:23.551000+00:00,97.63,31.178,42.322,24.13,SOFT,12,False,False,False,0,True,valid,23.65286624203822,18.227388535031846,48.82165605095541,0,0.7859872611464969,0,1.0889999999999986,1.4004999999999939,0.6869999999999976
184,20240302,9472,63,16,7,9472_16_1,9472,9472,,10,2024-03-02T15:18:24.582000+00:00,97.884,30.988,42.534,24.362,SOFT,12,False,False,False,0,True,valid,23.65286624203822,18.227388535031846,48.82165605095541,0,0.7859872611464969,0,1.0220000000000056,1.1069999999999993,0.9410000000000025
185,20240302,9472,63,55,7,9472_55_1,9472,9472,,10,2024-03-02T15:18:25.188000+00:00,97.608,30.819,42.638,24.151,SOFT,12,False,False,False,0,True,valid,23.65286624203822,18.227388535031846,48.82165605095541,0,0.7859872611464969,0,0.5280000000000058,1.4335000000000093,0.6650000000000063
186,20240302,9472,63,4,4,9472_4_1,9472,9472,,10,2024-03-02T15:18:27.948000+00:00,97.936,31.019,42.563,24.354,SOFT,12,False,False,False,0,True,valid,23.65286624203822,18.227388535031846,48.82165605095541,0,0.7859872611464969,0,0.4860000000000042,1.362000000000009,0.9930000000000092
187,20240302,9472,63,81,4,9472_81_1,9472,9472,,10,2024-03-02T15:18:29.706000+00:00,98.073,31.294,42.462,24.317,SOFT,12,False,False,False,0,True,valid,23.65286624203822,18.227388535031846,48.82165605095541,0,0.7859872611464969,0,0.21399999999999864,1.3664999999999878,1.1299999999999955
188,20240302,9472,63,14,6,9472_14_1,9472,9472,,10,2024-03-02T15:18:31.590000+00:00,99.325,31.635,43.162,24.528,SOFT,12,False,False,False,0,True,valid,23.65286624203822,18.227388535031846,48.82165605095541,0,0.7859872611464969,0,1.5490000000000066,2.0960000000000036,2.382000000000005
189,20240302,9472,63,44,10,9472_44_1,9472,9472,,10,2024-03-02T15:18:32.076000+00:00,98.037,30.931,42.821,24.285,SOFT,12,False,False,False,0,True,valid,23.65286624203822,18.227388535031846,48.82165605095541,0,0.7859872611464969,0,0.1980000000000075,1.358000000000004,1.0940000000000083
190,20240302,9472,63,22,3,9472_22_1,9472,9472,,10,2024-03-02T15:18:33.869000+00:00,98.912,31.476,43.062,24.374,SOFT,9,False,False,False,0,True,valid,23.65286624203822,18.227388535031846,48.82165605095541,0,0.7859872611464969,0,0.6020000000000039,1.2780000000000058,1.9690000000000083
191,20240302,9472,63,23,2,9472_23_1,9472,9472,,10,2024-03-02T15:18:35.817000+00:00,98.952,31.624,42.955,24.373,SOFT,9,False,False,False,0,True,valid,23.65286624203822,18.227388535031846,48.82165605095541,0,0.7859872611464969,0,0.5300000000000011,1.0729999999999933,2.0090000000000003
192,20240302,9472,63,20,8,9472_20_1,9472,9472,,10,2024-03-02T15:18:38.135000+00:00,98.747,31.307,42.925,24.515,SOFT,9,False,False,False,0,True,valid,23.65286624203822,18.227388535031846,48.82165605095541,0,0.7859872611464969,0,0.347999999999999,0.9549999999999983,1.804000000000002
193,20240302,9472,63,2,2,9472_2_1,9472,9472,,10,2024-03-02T15:18:39.989000+00:00,161.86,83.3,46.732,31.828,SOFT,9,False,False,False,0,True,valid,23.65286624203822,18.227388535031846,48.82165605095541,0,0.7859872611464969,0,63.47000000000001,64.13200000000002,64.91700000000002
194,20240302,9472,63,3,3,9472_3_1,9472,9472,,10,2024-03-02T15:18:40.795000+00:00,98.782,31.211,43.104,24.467,SOFT,12,False,False,False,0,True,valid,23.65286624203822,18.227388535031846,48.82165605095541,0,0.7859872611464969,0,0.17199999999999704,1.0159999999999911,1.8389999999999986
195,20240302,9472,63,31,5,9472_31_1,9472,9472,,10,2024-03-02T15:18:41.340000+00:00,101.642,31.308,42.956,27.378,SOFT,9,False,False,False,0,True,valid,23.65286624203822,18.227388535031846,48.82165605095541,0,0.7859872611464969,0,3.016999999999996,3.739999999999995,4.698999999999998
196,20240302,9472,63,24,9,9472_24_2,9472,9472,,10,2024-03-02T15:18:41.933000+00:00,119.328,53.287,42.225,23.816,HARD,0,True,False,False,0,False,pit_out_lap,23.65286624203822,18.227388535031846,48.82165605095541,0,0.7859872611464969,0,22.963000000000008,21.911,22.385000000000005
197,20240302,9472,63,10,5,9472_10_1,9472,9472,,10,2024-03-02T15:18:42.035000+00:00,98.929,31.383,43.016,24.53,SOFT,9,False,False,False,0,True,valid,23.65286624203822,18.227388535031846,48.82165605095541,0,0.7859872611464969,0,0.42600000000000193,1.1825000000000045,1.9860000000000042
198,20240302,9472,63,77,9,9472_77_1,9472,9472,,10,2024-03-02T15:18:43.373000+00:00,99.112,31.409,43.189,24.514,SOFT,9,False,False,False,0,True,valid,23.65286624203822,18.227388535031846,48.82165605095541,0,0.7859872611464969,0,0.8529999999999944,1.3379999999999939,2.168999999999997
199,20240302,9472,63,18,6,9472_18_2,9472,9472,,10,2024-03-02T15:18:45.037000+00:00,117.815,51.912,42.22,23.683,HARD,0,True,False,False,0,False,pit_out_lap,23.65286624203822,18.227388535031846,48.82165605095541,0,0.7859872611464969,0,21.320999999999998,20.912499999999994,20.872
200,20240302,9472,63,27,8,9472_27_2,9472,9472,,10,2024-03-02T15:19:10.914000+00:00,98.37,31.372,42.839,24.159,HARD,8,False,False,False,0,True,valid,23.65286624203822,18.227388535031846,48.82165605095541,0,0.7859872611464969,0,1.0530000000000115,1.522500000000008,1.4270000000000067
201,20240302,9472,63,1,1,9472_1_1,9472,9472,,11,2024-03-02T15:19:52.275000+00:00,97.085,30.974,42.142,23.969,SOFT,13,False,False,False,0,True,valid,23.65286624203822,18.227388535031846,48.82165605095541,0,0.7859872611464969,0,0.7889999999999873,1.4945000000000022,0.1419999999999959
202,20240302,9472,63,63,10,9472_63_1,9472,9472,,11,2024-03-02T15:20:00.058000+00:00,100.515,31.392,42.646,26.477,SOFT,13,False,False,False,0,True,valid,23.65286624203822,18.227388535031846,48.82165605095541,0,0.7859872611464969,0,4.108999999999995,3.8689999999999998,3.5720000000000027
203,20240302,9472,63,11,1,9472_11_1,9472,9472,,11,2024-03-02T15:20:01.190000+00:00,97.836,31.054,42.473,24.309,SOFT,13,False,False,False,0,True,valid,23.65286624203822,18.227388535031846,48.82165605095541,0,0.7859872611464969,0,1.2950000000000017,1.606499999999997,0.8930000000000007
204,20240302,9472,63,16,7,9472_16_1,9472,9472,,11,2024-03-02T15:20:02.545000+00:00,101.737,32.241,42.647,26.849,SOFT,13,False,False,False,0,True,valid,23.65286624203822,18.227388535031846,48.82165605095541,0,0.7859872611464969,0,4.875,4.959999999999994,4.793999999999997
205,20240302,9472,63,55,7,9472_55_1,9472,9472,,11,2024-03-02T15:20:02.878000+00:00,97.656,31.266,42.386,24.004,SOFT,13,False,False,False,0,True,valid,23.65286624203822,18.227388535031846,48.82165605095541,0,0.7859872611464969,0,0.5760000000000076,1.4815000000000111,0.7130000000000081
206,20240302,9472,63,4,4,9472_4_1,9472,9472,,11,2024-03-02T15:20:05.925000+00:00,98.172,31.163,42.74,24.269,SOFT,13,False,False,False,0,True,valid,23.65286624203822,18.227388535031846,48.82165605095541,0,0.7859872611464969,0,0.7219999999999942,1.597999999999999,1.2289999999999992
207,20240302,9472,63,81,4,9472_81_1,9472,9472,,11,2024-03-02T15:20:07.846000+00:00,98.397,31.276,42.727,24.394,SOFT,13,False,False,False,0,True,valid,23.65286624203822,18.227388535031846,48.82165605095541,0,0.7859872611464969,0,0.5380000000000109,1.6905000000000001,1.4540000000000077
208,20240302,9472,63,44,10,9472_44_1,9472,9472,,11,2024-03-02T15:20:09.948000+00:00,98.236,31.279,42.819,24.138,SOFT,13,False,False,False,0,True,valid,23.65286624203822,18.227388535031846,48.82165605095541,0,0.7859872611464969,0,0.39700000000000557,1.5570000000000022,1.2930000000000064
209,20240302,9472,63,14,6,9472_14_1,9472,9472,,11,2024-03-02T15:20:11.035000+00:00,98.554,31.043,42.972,24.539,SOFT,13,False,False,False,0,True,valid,23.65286624203822,18.227388535031846,48.82165605095541,0,0.7859872611464969,0,0.7780000000000058,1.3250000000000028,1.6110000000000042
210,20240302,9472,63,22,3,9472_22_1,9472,9472,,11,2024-03-02T15:20:12.682000+00:00,98.799,31.342,43.015,24.442,SOFT,10,False,False,False,0,True,valid,23.65286624203822,18.227388535031846,48.82165605095541,0,0.7859872611464969,0,0.4890000000000043,1.1650000000000063,1.8560000000000088
211,20240302,9472,63,23,2,9472_23_1,9472,9472,,11,2024-03-02T15:20:14.778000+00:00,98.835,31.49,42.923,24.422,SOFT,10,False,False,False,0,True,valid,23.65286624203822,18.227388535031846,48.82165605095541,0,0.7859872611464969,0,0.4129999999999967,0.9559999999999889,1.891999999999996
212,20240302,9472,63,20,8,9472_20_1,9472,9472,,11,2024-03-02T15:20:16.971000+00:00,101.088,31.311,42.714,27.063,SOFT,10,False,False,False,0,True,valid,23.65286624203822,18.227388535031846,48.82165605095541,0,0.7859872611464969,0,2.688999999999993,3.2959999999999923,4.144999999999996
213,20240302,9472,63,3,3,9472_3_1,9472,9472,,11,2024-03-02T15:20:19.592000+00:00,99.033,31.472,43.08,24.481,SOFT,13,False,False,False,0,True,valid,23.65286624203822,18.227388535031846,48.82165605095541,0,0.7859872611464969,0,0.4230000000000018,1.266999999999996,2.0900000000000034
214,20240302,9472,63,10,5,9472_10_1,9472,9472,,11,2024-03-02T15:20:20.748000+00:00,98.656,31.329,42.886,24.441,SOFT,10,False,False,False,0,True,valid,23.65286624203822,18.227388535031846,48.82165605095541,0,0.7859872611464969,0,0.1530000000000058,0.9095000000000084,1.713000000000008
215,20240302,9472,63,77,9,9472_77_1,9472,9472,,11,2024-03-02T15:20:22.466000+00:00,99.187,31.524,43.182,24.481,SOFT,10,False,False,False,0,True,valid,23.65286624203822,18.227388535031846,48.82165605095541,0,0.7859872611464969,0,0.9279999999999973,1.4129999999999967,2.2439999999999998
216,20240302,9472,63,31,5,9472_31_2,9472,9472,,11,2024-03-02T15:20:22.824000+00:00,119.014,52.676,42.347,23.991,HARD,0,True,False,False,0,False,pit_out_lap,23.65286624203822,18.227388535031846,48.82165605095541,0,0.7859872611464969,0,21.650999999999996,21.111999999999995,22.070999999999998
217,20240302,9472,63,24,9,9472_24_2,9472,9472,,11,2024-03-02T15:20:41.091000+00:00,96.365,30.815,41.738,23.812,HARD,1,False,False,False,0,True,valid,23.65286624203822,18.227388535031846,48.82165605095541,0,0.7859872611464969,0,0.0,-1.0520000000000067,-0.578000000000003
218,20240302,9472,63,18,6,9472_18_2,9472,9472,,11,2024-03-02T15:20:42.802000+00:00,96.494,30.684,42.077,23.733,HARD,1,False,False,False,0,True,valid,23.65286624203822,18.227388535031846,48.82165605095541,0,0.7859872611464969,0,0.0,-0.40850000000000364,-0.44899999999999807
219,20240302,9472,63,27,8,9472_27_2,9472,9472,,11,2024-03-02T15:20:49.151000+00:00,97.638,31.0,42.573,24.065,HARD,9,False,False,False,0,True,valid,23.65286624203822,18.227388535031846,48.82165605095541,0,0.7859872611464969,0,0.32100000000001216,0.7905000000000086,0.6950000000000074
220,20240302,9472,63,2,2,9472_2_2,9472,9472,,11,2024-03-02T15:21:21.935000+00:00,132.438,64.866,42.959,24.613,HARD,0,True,False,False,0,False,pit_out_lap,23.65286624203822,18.227388535031846,48.82165605095541,0,0.7859872611464969,0,34.843999999999994,34.709999999999994,35.49499999999999
221,20240302,9472,63,1,1,9472_1_1,9472,9472,,12,2024-03-02T15:21:29.336000+00:00,97.045,30.966,42.091,23.988,SOFT,14,False,False,False,0,True,valid,23.65286624203822,18.227388535031846,48.82165605095541,0,0.7859872611464969,0,0.7489999999999952,1.4545000000000101,0.10200000000000387
222,20240302,9472,63,11,1,9472_11_1,9472,9472,,12,2024-03-02T15:21:38.999000+00:00,100.277,30.891,42.506,26.88,SOFT,14,False,False,False,0,True,valid,23.65286624203822,18.227388535031846,48.82165605095541,0,0.7859872611464969,0,3.736000000000004,4.047499999999999,3.334000000000003
223,20240302,9472,63,55,7,9472_55_1,9472,9472,,12,2024-03-02T15:21:40.496000+00:00,97.65,31.089,42.46,24.101,SOFT,14,False,False,False,0,True,valid,23.65286624203822,18.227388535031846,48.82165605095541,0,0.7859872611464969,0,0.5700000000000074,1.475500000000011,0.7070000000000078
224,20240302,9472,63,63,10,9472_63_2,9472,9472,,12,2024-03-02T15:21:40.623000+00:00,118.46,52.57,42.189,23.701,HARD,0,True,False,False,0,False,pit_out_lap,23.65286624203822,18.227388535031846,48.82165605095541,0,0.7859872611464969,0,22.226,21.813999999999993,21.516999999999996
225,20240302,9472,63,4,4,9472_4_1,9472,9472,,12,2024-03-02T15:21:44.002000+00:00,98.082,31.232,42.561,24.289,SOFT,14,False,False,False,0,True,valid,23.65286624203822,18.227388535031846,48.82165605095541,0,0.7859872611464969,0,0.6319999999999908,1.5079999999999956,1.1389999999999958
226,20240302,9472,63,16,7,9472_16_2,9472,9472,,12,2024-03-02T15:21:44.282000+00:00,117.471,51.178,42.371,23.922,HARD,0,True,False,False,0,False,pit_out_lap,23.65286624203822,18.227388535031846,48.82165605095541,0,0.7859872611464969,0,21.039,20.694000000000003,20.528000000000006
227,20240302,9472,63,81,4,9472_81_1,9472,9472,,12,2024-03-02T15:21:46.243000+00:00,100.739,31.364,42.679,26.696,SOFT,14,False,False,False,0,True,valid,23.65286624203822,18.227388535031846,48.82165605095541,0,0.7859872611464969,0,2.8800000000000097,4.032499999999999,3.7960000000000065
228,20240302,9472,63,44,10,9472_44_1,9472,9472,,12,2024-03-02T15:21:48.265000+00:00,100.889,31.206,42.881,26.802,SOFT,14,False,False,False,0,True,valid,23.65286624203822,18.227388535031846,48.82165605095541,0,0.7859872611464969,0,3.049999999999997,4.209999999999994,3.945999999999998
229,20240302,9472,63,14,6,9472_14_1,9472,9472,,12,2024-03-02T15:21:49.570000+00:00,98.543,30.932,43.035,24.576,SOFT,14,False,False,False,0,True,valid,23.65286624203822,18.227388535031846,48.82165605095541,0,0.7859872611464969,0,0.7670000000000101,1.3140000000000072,1.6000000000000085
230,20240302,9472,63,22,3,9472_22_1,9472,9472,,12,2024-03-02T15:21:51.504000+00:00,98.769,31.398,43.001,24.37,SOFT,11,False,False,False,0,True,valid,23.65286624203822,18.227388535031846,48.82165605095541,0,0.7859872611464969,0,0.4590000000000032,1.1350000000000051,1.8260000000000076
231,20240302,9472,63,23,2,9472_23_1,9472,9472,,12,2024-03-02T15:21:53.603000+00:00,98.934,31.51,43.065,24.359,SOFT,11,False,False,False,0,True,valid,23.65286624203822,18.227388535031846,48.82165605095541,0,0.7859872611464969,0,0.5120000000000005,1.0549999999999926,1.9909999999999997
232,20240302,9472,63,20,8,9472_20_2,9472,9472,,12,2024-03-02T15:21:57.941000+00:00,119.682,53.306,42.365,24.011,HARD,0,True,False,False,0,False,pit_out_lap,23.65286624203822,18.227388535031846,48.82165605095541,0,0.7859872611464969,0,22.792,21.89,22.739000000000004
233,20240302,9472,63,3,3,9472_3_1,9472,9472,,12,2024-03-02T15:21:58.583000+00:00,98.893,31.451,42.949,24.493,SOFT,14,False,False,False,0,True,valid,23.65286624203822,18.227388535031846,48.82165605095541,0,0.7859872611464969,0,0.28300000000000125,1.1269999999999953,1.9500000000000028
234,20240302,9472,63,10,5,9472_10_1,9472,9472,,12,2024-03-02T15:21:59.507000+00:00,101.456,31.328,42.787,27.341,SOFT,11,False,False,False,0,True,valid,23.65286624203822,18.227388535031846,48.82165605095541,0,0.7859872611464969,0,2.953000000000003,3.7095000000000056,4.513000000000005
235,20240302,9472,63,77,9,9472_77_1,9472,9472,,12,2024-03-02T15:22:01.819000+00:00,103.145,31.822,43.874,27.449,SOFT,11,False,False,False,0,True,valid,23.65286624203822,18.227388535031846,48.82165605095541,0,0.7859872611464969,0,4.885999999999996,5.370999999999995,6.201999999999998
236,20240302,9472,63,24,9,9472_24_2,9472,9472,,12,2024-03-02T15:22:17.447000+00:00,96.995,31.006,42.207,23.782,HARD,2,False,False,False,0,True,valid,23.65286624203822,18.227388535031846,48.82165605095541,0,0.7859872611464969,0,0.6300000000000097,-0.42199999999999704,0.05200000000000671
237,20240302,9472,63,18,6,9472_18_2,9472,9472,,12,2024-03-02T15:22:19.385000+00:00,97.175,30.961,42.338,23.876,HARD,2,False,False,False,0,True,valid,23.65286624203822,18.227388535031846,48.82165605095541,0,0.7859872611464969,0,0.6809999999999974,0.27249999999999375,0.23199999999999932
238,20240302,9472,63,31,5,9472_31_2,9472,9472,,12,2024-03-02T15:22:21.966000+00:00,97.599,31.175,42.399,24.025,HARD,1,False,False,False,0,True,valid,23.65286624203822,18.227388535031846,48.82165605095541,0,0.7859872611464969,0,0.2360000000000042,-0.30299999999999727,0.6560000000000059
239,20240302,9472,63,27,8,9472_27_2,9472,9472,,12,2024-03-02T15:22:26.890000+00:00,97.706,30.977,42.629,24.1,HARD,10,False,False,False,0,True,valid,23.65286624203822,18.227388535031846,48.82165605095541,0,0.7859872611464969,0,0.38900000000001,0.8585000000000065,0.7630000000000052
240,20240302,9472,63,1,1,9472_1_1,9472,9472,,13,2024-03-02T15:23:06.399000+00:00,97.03,30.964,42.055,24.011,SOFT,15,False,False,False,0,True,valid,23.65286624203822,18.227388535031846,48.82165605095541,0,0.7859872611464969,0,0.7339999999999947,1.4395000000000095,0.0870000000000033
241,20240302,9472,63,55,7,9472_55_1,9472,9472,,13,2024-03-02T15:23:18.127000+00:00,97.243,31.025,42.212,24.006,SOFT,15,False,False,False,0,True,valid,23.65286624203822,18.227388535031846,48.82165605095541,0,0.7859872611464969,0,0.1629999999999967,1.0685000000000002,0.29999999999999716
242,20240302,9472,63,11,1,9472_11_2,9472,9472,,13,2024-03-02T15:23:19.588000+00:00,117.624,51.896,41.803,23.925,HARD,0,True,False,False,0,False,pit_out_lap,23.65286624203822,18.227388535031846,48.82165605095541,0,0.7859872611464969,0,22.018,21.394499999999994,20.680999999999997
243,20240302,9472,63,4,4,9472_4_1,9472,9472,,13,2024-03-02T15:23:22.125000+00:00,100.635,31.225,42.508,26.902,SOFT,15,False,False,False,0,True,valid,23.65286624203822,18.227388535031846,48.82165605095541,0,0.7859872611464969,0,3.1850000000000023,4.061000000000007,3.6920000000000073
244,20240302,9472,63,81,4,9472_81_2,9472,9472,,13,2024-03-02T15:23:26.832000+00:00,118.689,52.735,42.241,23.713,HARD,0,True,False,False,0,False,pit_out_lap,23.65286624203822,18.227388535031846,48.82165605095541,0,0.7859872611464969,0,22.261999999999986,21.982499999999987,21.745999999999995
245,20240302,9472,63,14,6,9472_14_1,9472,9472,,13,2024-03-02T15:23:28.001000+00:00,98.587,31.446,42.808,24.333,SOFT,15,False,False,False,0,True,valid,23.65286624203822,18.227388535031846,48.82165605095541,0,0.7859872611464969,0,0.811000000000007,1.358000000000004,1.6440000000000055
246,20240302,9472,63,44,10,9472_44_2,9472,9472,,13,2024-03-02T15:23:29.125000+00:00,118.645,52.396,42.491,23.758,HARD,0,True,False,False,0,False,pit_out_lap,23.65286624203822,18.227388535031846,48.82165605095541,0,0.7859872611464969,0,22.381,21.965999999999994,21.701999999999998
247,20240302,9472,63,22,3,9472_22_1,9472,9472,,13,2024-03-02T15:23:30.182000+00:00,98.86,31.511,42.985,24.364,SOFT,12,False,False,False,0,True,valid,23.65286624203822,18.227388535031846,48.82165605095541,0,0.7859872611464969,0,0.5499999999999972,1.225999999999999,1.9170000000000016
248,20240302,9472,63,23,2,9472_23_1,9472,9472,,13,2024-03-02T15:23:32.467000+00:00,98.823,31.569,42.884,24.37,SOFT,12,False,False,False,0,True,valid,23.65286624203822,18.227388535031846,48.82165605095541,0,0.7859872611464969,0,0.40099999999999625,0.9439999999999884,1.8799999999999955
249,20240302,9472,63,2,2,9472_2_2,9472,9472,,12,2024-03-02T15:23:34.319000+00:00,98.493,31.666,42.766,24.061,HARD,1,False,False,False,0,True,valid,23.65286624203822,18.227388535031846,48.82165605095541,0,0.7859872611464969,0,0.8990000000000009,0.7650000000000006,1.5499999999999972
250,20240302,9472,63,3,3,9472_3_1,9472,9472,,13,2024-03-02T15:23:37.402000+00:00,102.173,31.46,42.967,27.746,SOFT,15,False,False,False,0,True,valid,23.65286624203822,18.227388535031846,48.82165605095541,0,0.7859872611464969,0,3.5630000000000024,4.4069999999999965,5.230000000000004
251,20240302,9472,63,63,10,9472_63_2,9472,9472,,13,2024-03-02T15:23:39.099000+00:00,97.167,30.759,42.479,23.929,HARD,1,False,False,False,0,True,valid,23.65286624203822,18.227388535031846,48.82165605095541,0,0.7859872611464969,0,0.9330000000000069,0.5210000000000008,0.22400000000000375
252,20240302,9472,63,10,5,9472_10_2,9472,9472,,13,2024-03-02T15:23:41.046000+00:00,124.565,57.71,42.728,24.127,HARD,0,True,False,False,0,False,pit_out_lap,23.65286624203822,18.227388535031846,48.82165605095541,0,0.7859872611464969,0,27.072999999999993,26.8185,27.622
253,20240302,9472,63,16,7,9472_16_2,9472,9472,,13,2024-03-02T15:23:41.713000+00:00,96.432,30.58,42.173,23.679,HARD,1,False,False,False,0,True,valid,23.65286624203822,18.227388535031846,48.82165605095541,0,0.7859872611464969,0,0.0,-0.34499999999999886,-0.5109999999999957
254,20240302,9472,63,77,9,9472_77_2,9472,9472,,13,2024-03-02T15:23:44.914000+00:00,121.081,54.41,42.543,24.128,HARD,0,True,False,False,0,False,pit_out_lap,23.65286624203822,18.227388535031846,48.82165605095541,0,0.7859872611464969,0,24.62700000000001,23.307000000000002,24.138000000000005
255,20240302,9472,63,24,9,9472_24_2,9472,9472,,13,2024-03-02T15:23:54.484000+00:00,97.436,30.982,42.435,24.019,HARD,3,False,False,False,0,True,valid,23.65286624203822,18.227388535031846,48.82165605095541,0,0.7859872611464969,0,1.0710000000000122,0.019000000000005457,0.4930000000000092
256,20240302,9472,63,18,6,9472_18_2,9472,9472,,13,2024-03-02T15:23:56.497000+00:00,97.289,30.988,42.395,23.906,HARD,3,False,False,False,0,True,valid,23.65286624203822,18.227388535031846,48.82165605095541,0,0.7859872611464969,0,0.7950000000000017,0.38649999999999807,0.34600000000000364
257,20240302,9472,63,20,8,9472_20_2,9472,9472,,13,2024-03-02T15:23:57.680000+00:00,96.89,30.905,41.951,24.034,HARD,1,False,False,False,0,True,valid,23.65286624203822,18.227388535031846,48.82165605095541,0,0.7859872611464969,0,0.0,-0.902000000000001,-0.05299999999999727
258,20240302,9472,63,31,5,9472_31_2,9472,9472,,13,2024-03-02T15:23:59.651000+00:00,97.363,31.319,42.14,23.904,HARD,2,False,False,False,0,True,valid,23.65286624203822,18.227388535031846,48.82165605095541,0,0.7859872611464969,0,0.0,-0.5390000000000015,0.4200000000000017
259,20240302,9472,63,27,8,9472_27_2,9472,9472,,13,2024-03-02T15:24:04.536000+00:00,97.801,31.025,42.677,24.099,HARD,11,False,False,False,0,True,valid,23.65286624203822,18.227388535031846,48.82165605095541,0,0.7859872611464969,0,0.48400000000000887,0.9535000000000053,0.8580000000000041
260,20240302,9472,63,1,1,9472_1_1,9472,9472,,14,2024-03-02T15:24:43.393000+00:00,97.028,30.938,42.042,24.048,SOFT,16,False,False,False,0,True,valid,23.65286624203822,18.227388535031846,48.82165605095541,0,0.7859872611464969,0,0.7319999999999993,1.4375000000000142,0.08500000000000796
261,20240302,9472,63,55,7,9472_55_1,9472,9472,,14,2024-03-02T15:24:55.375000+00:00,99.753,31.011,42.119,26.623,SOFT,16,False,False,False,0,True,valid,23.65286624203822,18.227388535031846,48.82165605095541,0,0.7859872611464969,0,2.673000000000002,3.5785000000000053,2.8100000000000023
262,20240302,9472,63,4,4,9472_4_2,9472,9472,,14,2024-03-02T15:25:02.671000+00:00,117.77,51.681,42.243,23.846,HARD,0,True,False,False,0,False,pit_out_lap,23.65286624203822,18.227388535031846,48.82165605095541,0,0.7859872611464969,0,21.354,21.195999999999998,20.826999999999998
263,20240302,9472,63,14,6,9472_14_1,9472,9472,,14,2024-03-02T15:25:06.699000+00:00,98.612,31.516,42.741,24.355,SOFT,16,False,False,False,0,True,valid,23.65286624203822,18.227388535031846,48.82165605095541,0,0.7859872611464969,0,0.8359999999999985,1.3829999999999956,1.668999999999997
264,20240302,9472,63,22,3,9472_22_1,9472,9472,,14,2024-03-02T15:25:09.093000+00:00,101.138,31.394,42.967,26.777,SOFT,13,False,False,False,0,True,valid,23.65286624203822,18.227388535031846,48.82165605095541,0,0.7859872611464969,0,2.828000000000003,3.504000000000005,4.195000000000007
265,20240302,9472,63,23,2,9472_23_1,9472,9472,,14,2024-03-02T15:25:11.288000+00:00,98.977,31.598,42.931,24.448,SOFT,13,False,False,False,0,True,valid,23.65286624203822,18.227388535031846,48.82165605095541,0,0.7859872611464969,0,0.5550000000000068,1.097999999999999,2.034000000000006
266,20240302,9472,63,2,2,9472_2_2,9472,9472,,13,2024-03-02T15:25:12.827000+00:00,100.989,31.427,43.601,25.961,HARD,2,False,False,False,0,True,valid,23.65286624203822,18.227388535031846,48.82165605095541,0,0.7859872611464969,0,3.3950000000000102,3.26100000000001,4.0460000000000065
267,20240302,9472,63,63,10,9472_63_2,9472,9472,,14,2024-03-02T15:25:16.275000+00:00,97.571,30.851,42.74,23.98,HARD,2,False,False,False,0,True,valid,23.65286624203822,18.227388535031846,48.82165605095541,0,0.7859872611464969,0,1.3370000000000033,0.9249999999999972,0.6280000000000001
268,20240302,9472,63,11,1,9472_11_2,9472,9472,,14,2024-03-02T15:25:16.864000+00:00,95.606,30.063,41.855,23.688,HARD,1,False,False,False,0,True,valid,23.65286624203822,18.227388535031846,48.82165605095541,0,0.7859872611464969,0,0.0,-0.623500000000007,-1.3370000000000033
269,20240302,9472,63,16,7,9472_16_2,9472,9472,,14,2024-03-02T15:25:18.300000+00:00,96.756,30.787,42.232,23.737,HARD,2,False,False,False,0,True,valid,23.65286624203822,18.227388535031846,48.82165605095541,0,0.7859872611464969,0,0.32399999999999807,-0.021000000000000796,-0.1869999999999976
270,20240302,9472,63,3,3,9472_3_2,9472,9472,,14,2024-03-02T15:25:19.740000+00:00,119.408,52.992,42.487,23.929,HARD,0,True,False,False,0,False,pit_out_lap,23.65286624203822,18.227388535031846,48.82165605095541,0,0.7859872611464969,0,22.338000000000008,21.641999999999996,22.465000000000003
271,20240302,9472,63,81,4,9472_81_2,9472,9472,,14,2024-03-02T15:25:25.542000+00:00,96.796,30.92,42.057,23.819,HARD,1,False,False,False,0,True,valid,23.65286624203822,18.227388535031846,48.82165605095541,0,0.7859872611464969,0,0.3689999999999998,0.08950000000000102,-0.14699999999999136
272,20240302,9472,63,44,10,9472_44_2,9472,9472,,14,2024-03-02T15:25:27.851000+00:00,97.178,31.073,42.404,23.701,HARD,1,False,False,False,0,True,valid,23.65286624203822,18.227388535031846,48.82165605095541,0,0.7859872611464969,0,0.9140000000000015,0.4989999999999952,0.23499999999999943
273,20240302,9472,63,24,9,9472_24_2,9472,9472,,14,2024-03-02T15:25:31.903000+00:00,97.482,31.086,42.431,23.965,HARD,4,False,False,False,0,True,valid,23.65286624203822,18.227388535031846,48.82165605095541,0,0.7859872611464969,0,1.1170000000000044,0.06499999999999773,0.5390000000000015
274,20240302,9472,63,18,6,9472_18_2,9472,9472,,14,2024-03-02T15:25:33.710000+00:00,97.624,31.039,42.588,23.997,HARD,4,False,False,False,0,True,valid,23.65286624203822,18.227388535031846,48.82165605095541,0,0.7859872611464969,0,1.1299999999999955,0.7214999999999918,0.6809999999999974
275,20240302,9472,63,20,8,9472_20_2,9472,9472,,14,2024-03-02T15:25:34.459000+00:00,97.59,30.826,42.424,24.34,HARD,2,False,False,False,0,True,valid,23.65286624203822,18.227388535031846,48.82165605095541,0,0.7859872611464969,0,0.7000000000000028,-0.20199999999999818,0.6470000000000056
276,20240302,9472,63,31,5,9472_31_2,9472,9472,,14,2024-03-02T15:25:36.904000+00:00,97.537,31.174,42.329,24.034,HARD,3,False,False,False,0,True,valid,23.65286624203822,18.227388535031846,48.82165605095541,0,0.7859872611464969,0,0.1740000000000066,-0.3649999999999949,0.5940000000000083
277,20240302,9472,63,27,8,9472_27_2,9472,9472,,14,2024-03-02T15:25:42.372000+00:00,97.879,30.998,42.63,24.251,HARD,12,False,False,False,0,True,valid,23.65286624203822,18.227388535031846,48.82165605095541,0,0.7859872611464969,0,0.5620000000000118,1.0315000000000083,0.936000000000007
278,20240302,9472,63,10,5,9472_10_2,9472,9472,,14,2024-03-02T15:25:45.604000+00:00,97.689,31.44,42.233,24.016,HARD,1,False,False,False,0,True,valid,23.65286624203822,18.227388535031846,48.82165605095541,0,0.7859872611464969,0,0.19699999999998852,-0.05750000000000455,0.7459999999999951
279,20240302,9472,63,77,9,9472_77_2,9472,9472,,14,2024-03-02T15:25:45.976000+00:00,96.454,30.501,42.067,23.886,HARD,1,False,False,False,0,True,valid,23.65286624203822,18.227388535031846,48.82165605095541,0,0.7859872611464969,0,0.0,-1.3200000000000074,-0.4890000000000043
280,20240302,9472,63,1,1,9472_1_1,9472,9472,,15,2024-03-02T15:26:20.469000+00:00,97.011,30.887,42.058,24.066,SOFT,17,False,False,False,0,True,valid,23.65286624203822,18.227388535031846,48.82165605095541,0,0.7859872611464969,0,0.7149999999999892,1.420500000000004,0.06799999999999784
281,20240302,9472,63,55,7,9472_55_2,9472,9472,,15,2024-03-02T15:26:35.190000+00:00,117.225,51.656,42.013,23.556,HARD,0,True,False,False,0,False,pit_out_lap,23.65286624203822,18.227388535031846,48.82165605095541,0,0.7859872611464969,0,21.71799999999999,21.0505,20.281999999999996
282,20240302,9472,63,14,6,9472_14_1,9472,9472,,15,2024-03-02T15:26:45.326000+00:00,101.101,31.48,42.707,26.914,SOFT,17,False,False,False,0,True,valid,23.65286624203822,18.227388535031846,48.82165605095541,0,0.7859872611464969,0,3.325000000000003,3.872,4.158000000000001
283,20240302,9472,63,22,3,9472_22_2,9472,9472,,15,2024-03-02T15:26:50.268000+00:00,119.588,52.618,42.949,24.021,HARD,0,True,False,False,0,False,pit_out_lap,23.65286624203822,18.227388535031846,48.82165605095541,0,0.7859872611464969,0,22.229,21.953999999999994,22.644999999999996
284,20240302,9472,63,23,2,9472_23_1,9472,9472,,15,2024-03-02T15:26:50.290000+00:00,101.171,31.51,42.741,26.92,SOFT,14,False,False,False,0,True,valid,23.65286624203822,18.227388535031846,48.82165605095541,0,0.7859872611464969,0,2.7490000000000094,3.2920000000000016,4.228000000000009
285,20240302,9472,63,11,1,9472_11_2,9472,9472,,15,2024-03-02T15:26:52.469000+00:00,96.815,30.785,41.795,24.235,HARD,2,False,False,False,0,True,valid,23.65286624203822,18.227388535031846,48.82165605095541,0,0.7859872611464969,0,1.2090000000000032,0.5854999999999961,-0.1280000000000001
286,20240302,9472,63,63,10,9472_63_2,9472,9472,,15,2024-03-02T15:26:53.936000+00:00,96.922,31.038,42.152,23.732,HARD,3,False,False,False,0,True,valid,23.65286624203822,18.227388535031846,48.82165605095541,0,0.7859872611464969,0,0.6880000000000024,0.27599999999999625,-0.021000000000000796
287,20240302,9472,63,2,2,9472_2_2,9472,9472,,14,2024-03-02T15:26:53.936000+00:00,101.47,34.301,43.043,24.126,HARD,3,False,False,False,0,True,valid,23.65286624203822,18.227388535031846,48.82165605095541,0,0.7859872611464969,0,3.8760000000000048,3.7420000000000044,4.527000000000001
288,20240302,9472,63,16,7,9472_16_2,9472,9472,,15,2024-03-02T15:26:54.922000+00:00,96.813,30.831,42.256,23.726,HARD,3,False,False,False,0,True,valid,23.65286624203822,18.227388535031846,48.82165605095541,0,0.7859872611464969,0,0.3810000000000002,0.036000000000001364,-0.12999999999999545
289,20240302,9472,63,4,4,9472_4_2,9472,9472,,15,2024-03-02T15:27:00.555000+00:00,96.912,31.011,42.058,23.843,HARD,1,False,False,False,0,True,valid,23.65286624203822,18.227388535031846,48.82165605095541,0,0.7859872611464969,0,0.4960000000000093,0.33800000000000807,-0.0309999999999917
290,20240302,9472,63,81,4,9472_81_2,9472,9472,,15,2024-03-02T15:27:02.452000+00:00,96.823,31.008,41.928,23.887,HARD,2,False,False,False,0,True,valid,23.65286624203822,18.227388535031846,48.82165605095541,0,0.7859872611464969,0,0.3959999999999866,0.11649999999998784,-0.12000000000000455
291,20240302,9472,63,44,10,9472_44_2,9472,9472,,15,2024-03-02T15:27:04.916000+00:00,97.264,31.095,42.315,23.854,HARD,2,False,False,False,0,True,valid,23.65286624203822,18.227388535031846,48.82165605095541,0,0.7859872611464969,0,1.0,0.5849999999999937,0.32099999999999795
292,20240302,9472,63,24,9,9472_24_2,9472,9472,,15,2024-03-02T15:27:09.327000+00:00,97.5,31.03,42.429,24.041,HARD,5,False,False,False,0,True,valid,23.65286624203822,18.227388535031846,48.82165605095541,0,0.7859872611464969,0,1.1350000000000051,0.08299999999999841,0.5570000000000022
293,20240302,9472,63,18,6,9472_18_2,9472,9472,,15,2024-03-02T15:27:11.408000+00:00,97.533,30.928,42.631,23.974,HARD,5,False,False,False,0,True,valid,23.65286624203822,18.227388535031846,48.82165605095541,0,0.7859872611464969,0,1.0390000000000015,0.6304999999999978,0.5900000000000034
294,20240302,9472,63,20,8,9472_20_2,9472,9472,,15,2024-03-02T15:27:12.091000+00:00,98.332,31.154,42.886,24.292,HARD,3,False,False,False,0,True,valid,23.65286624203822,18.227388535031846,48.82165605095541,0,0.7859872611464969,0,1.441999999999993,0.539999999999992,1.3889999999999958
295,20240302,9472,63,31,5,9472_31_2,9472,9472,,15,2024-03-02T15:27:14.411000+00:00,97.843,31.282,42.383,24.178,HARD,4,False,False,False,0,True,valid,23.65286624203822,18.227388535031846,48.82165605095541,0,0.7859872611464969,0,0.480000000000004,-0.0589999999999975,0.9000000000000057
296,20240302,9472,63,3,3,9472_3_2,9472,9472,,15,2024-03-02T15:27:19.085000+00:00,97.07,31.083,42.053,23.934,HARD,1,False,False,False,0,True,valid,23.65286624203822,18.227388535031846,48.82165605095541,0,0.7859872611464969,0,0.0,-0.6960000000000122,0.12699999999999534
297,20240302,9472,63,27,8,9472_27_2,9472,9472,,15,2024-03-02T15:27:20.329000+00:00,98.11,31.168,42.609,24.333,HARD,13,False,False,False,0,True,valid,23.65286624203822,18.227388535031846,48.82165605095541,0,0.7859872611464969,0,0.7930000000000064,1.2625000000000028,1.1670000000000016
298,20240302,9472,63,77,9,9472_77_2,9472,9472,,15,2024-03-02T15:27:22.430000+00:00,97.287,31.063,42.254,23.97,HARD,2,False,False,False,0,True,valid,23.65286624203822,18.227388535031846,48.82165605095541,0,0.7859872611464969,0,0.8330000000000126,-0.48699999999999477,0.3440000000000083
299,20240302,9472,63,10,5,9472_10_2,9472,9472,,15,2024-03-02T15:27:23.268000+00:00,97.492,30.978,42.383,24.131,HARD,2,False,False,False,0,True,valid,23.65286624203822,18.227388535031846,48.82165605095541,0,0.7859872611464969,0,0.0,-0.25449999999999307,0.5490000000000066
300,20240302,9472,63,1,1,9472_1_1,9472,9472,,16,2024-03-02T15:27:57.507000+00:00,97.168,31.048,42.032,24.088,SOFT,18,False,False,False,0,True,valid,23.65286624203822,18.227388535031846,48.82165605095541,0,0.7859872611464969,0,0.8719999999999999,1.5775000000000148,0.22500000000000853
301,20240302,9472,63,14,6,9472_14_2,9472,9472,,16,2024-03-02T15:28:26.320000+00:00,118.814,52.462,42.357,23.995,HARD,0,True,False,False,0,False,pit_out_lap,23.65286624203822,18.227388535031846,48.82165605095541,0,0.7859872611464969,0,22.014999999999986,21.584999999999994,21.870999999999995
302,20240302,9472,63,11,1,9472_11_2,9472,9472,,16,2024-03-02T15:28:29.313000+00:00,95.783,30.569,41.558,23.656,HARD,3,False,False,False,0,True,valid,23.65286624203822,18.227388535031846,48.82165605095541,0,0.7859872611464969,0,0.1770000000000067,-0.44650000000000034,-1.1599999999999966
303,20240302,9472,63,63,10,9472_63_2,9472,9472,,16,2024-03-02T15:28:30.769000+00:00,96.683,31.03,42.084,23.569,HARD,4,False,False,False,0,True,valid,23.65286624203822,18.227388535031846,48.82165605095541,0,0.7859872611464969,0,0.4490000000000123,0.03700000000000614,-0.2599999999999909
304,20240302,9472,63,23,2,9472_23_2,9472,9472,,16,2024-03-02T15:28:31.478000+00:00,119.341,52.731,42.591,24.019,HARD,0,True,False,False,0,False,pit_out_lap,23.65286624203822,18.227388535031846,48.82165605095541,0,0.7859872611464969,0,21.948999999999998,21.46199999999999,22.397999999999996
305,20240302,9472,63,16,7,9472_16_2,9472,9472,,16,2024-03-02T15:28:31.703000+00:00,96.673,30.606,42.32,23.747,HARD,4,False,False,False,0,True,valid,23.65286624203822,18.227388535031846,48.82165605095541,0,0.7859872611464969,0,0.24099999999999966,-0.1039999999999992,-0.269999999999996
306,20240302,9472,63,55,7,9472_55_2,9472,9472,,16,2024-03-02T15:28:32.415000+00:00,96.376,30.412,42.131,23.833,HARD,1,False,False,False,0,True,valid,23.65286624203822,18.227388535031846,48.82165605095541,0,0.7859872611464969,0,0.8689999999999998,0.20150000000001,-0.5669999999999931
307,20240302,9472,63,2,2,9472_2_2,9472,9472,,15,2024-03-02T15:28:35.301000+00:00,97.594,31.044,42.414,24.136,HARD,4,False,False,False,0,True,valid,23.65286624203822,18.227388535031846,48.82165605095541,0,0.7859872611464969,0,0.0,-0.13400000000000034,0.6509999999999962
308,20240302,9472,63,4,4,9472_4_2,9472,9472,,16,2024-03-02T15:28:37.388000+00:00,96.565,30.716,42.031,23.818,HARD,2,False,False,False,0,True,valid,23.65286624203822,18.227388535031846,48.82165605095541,0,0.7859872611464969,0,0.1490000000000009,-0.009000000000000341,-0.3780000000000001
309,20240302,9472,63,81,4,9472_81_2,9472,9472,,16,2024-03-02T15:28:39.182000+00:00,96.427,30.706,41.849,23.872,HARD,3,False,False,False,0,True,valid,23.65286624203822,18.227388535031846,48.82165605095541,0,0.7859872611464969,0,0.0,-0.27949999999999875,-0.5159999999999911
310,20240302,9472,63,44,10,9472_44_2,9472,9472,,16,2024-03-02T15:28:42.195000+00:00,97.091,31.165,42.207,23.719,HARD,3,False,False,False,0,True,valid,23.65286624203822,18.227388535031846,48.82165605095541,0,0.7859872611464969,0,0.8269999999999982,0.41199999999999193,0.14799999999999613
311,20240302,9472,63,24,9,9472_24_2,9472,9472,,16,2024-03-02T15:28:46.855000+00:00,97.659,31.166,42.398,24.095,HARD,6,False,False,False,0,True,valid,23.65286624203822,18.227388535031846,48.82165605095541,0,0.7859872611464969,0,1.2940000000000111,0.24200000000000443,0.7160000000000082
312,20240302,9472,63,18,6,9472_18_2,9472,9472,,16,2024-03-02T15:28:48.848000+00:00,98.027,31.238,42.753,24.036,HARD,6,False,False,False,0,True,valid,23.65286624203822,18.227388535031846,48.82165605095541,0,0.7859872611464969,0,1.5330000000000013,1.1244999999999976,1.0840000000000032
313,20240302,9472,63,22,3,9472_22_2,9472,9472,,16,2024-03-02T15:28:49.899000+00:00,97.516,30.895,42.677,23.944,HARD,1,False,False,False,0,True,valid,23.65286624203822,18.227388535031846,48.82165605095541,0,0.7859872611464969,0,0.1570000000000107,-0.117999999999995,0.5730000000000075
314,20240302,9472,63,20,8,9472_20_2,9472,9472,,16,2024-03-02T15:28:50.418000+00:00,97.749,30.774,42.696,24.279,HARD,4,False,False,False,0,True,valid,23.65286624203822,18.227388535031846,48.82165605095541,0,0.7859872611464969,0,0.8589999999999947,-0.043000000000006366,0.8059999999999974
315,20240302,9472,63,31,5,9472_31_2,9472,9472,,16,2024-03-02T15:28:52.320000+00:00,97.902,31.35,42.448,24.104,HARD,5,False,False,False,0,True,valid,23.65286624203822,18.227388535031846,48.82165605095541,0,0.7859872611464969,0,0.5390000000000015,0.0,0.9590000000000032
316,20240302,9472,63,3,3,9472_3_2,9472,9472,,16,2024-03-02T15:28:56.218000+00:00,97.176,30.966,42.237,23.973,HARD,2,False,False,False,0,True,valid,23.65286624203822,18.227388535031846,48.82165605095541,0,0.7859872611464969,0,0.10600000000000875,-0.5900000000000034,0.2330000000000041
317,20240302,9472,63,27,8,9472_27_2,9472,9472,,16,2024-03-02T15:28:58.432000+00:00,97.796,31.184,42.535,24.077,HARD,14,False,False,False,0,True,valid,23.65286624203822,18.227388535031846,48.82165605095541,0,0.7859872611464969,0,0.4790000000000134,0.9485000000000099,0.8530000000000086
318,20240302,9472,63,77,9,9472_77_2,9472,9472,,16,2024-03-02T15:28:59.697000+00:00,97.718,31.204,42.422,24.092,HARD,3,False,False,False,0,True,valid,23.65286624203822,18.227388535031846,48.82165605095541,0,0.7859872611464969,0,1.26400000000001,-0.055999999999997385,0.7750000000000057
319,20240302,9472,63,10,5,9472_10_2,9472,9472,,16,2024-03-02T15:29:00.742000+00:00,97.521,30.874,42.396,24.251,HARD,3,False,False,False,0,True,valid,23.65286624203822,18.227388535031846,48.82165605095541,0,0.7859872611464969,0,0.028999999999996362,-0.2254999999999967,0.578000000000003
320,20240302,9472,63,1,1,9472_1_1,9472,9472,,17,2024-03-02T15:29:34.687000+00:00,99.896,31.006,42.06,26.83,SOFT,19,False,False,False,0,True,valid,23.65286624203822,18.227388535031846,48.82165605095541,0,0.7859872611464969,0,3.5999999999999943,4.305500000000009,2.953000000000003
321,20240302,9472,63,11,1,9472_11_2,9472,9472,,17,2024-03-02T15:30:05.086000+00:00,96.454,30.922,41.823,23.709,HARD,4,False,False,False,0,True,valid,23.65286624203822,18.227388535031846,48.82165605095541,0,0.7859872611464969,0,0.847999999999999,0.22449999999999193,-0.4890000000000043
322,20240302,9472,63,63,10,9472_63_2,9472,9472,,17,2024-03-02T15:30:07.342000+00:00,96.234,30.747,41.766,23.721,HARD,5,False,False,False,0,True,valid,23.65286624203822,18.227388535031846,48.82165605095541,0,0.7859872611464969,0,0.0,-0.41200000000000614,-0.7090000000000032
323,20240302,9472,63,16,7,9472_16_2,9472,9472,,17,2024-03-02T15:30:08.227000+00:00,97.302,31.109,42.332,23.861,HARD,5,False,False,False,0,True,valid,23.65286624203822,18.227388535031846,48.82165605095541,0,0.7859872611464969,0,0.8700000000000045,0.5250000000000057,0.35900000000000887
324,20240302,9472,63,55,7,9472_55_2,9472,9472,,17,2024-03-02T15:30:08.672000+00:00,95.507,30.202,41.758,23.547,HARD,2,False,False,False,0,True,valid,23.65286624203822,18.227388535031846,48.82165605095541,0,0.7859872611464969,0,0.0,-0.6674999999999898,-1.4359999999999928
325,20240302,9472,63,2,2,9472_2_2,9472,9472,,16,2024-03-02T15:30:12.933000+00:00,101.37,34.383,42.896,24.091,HARD,5,False,False,False,0,True,valid,23.65286624203822,18.227388535031846,48.82165605095541,0,0.7859872611464969,0,3.7760000000000105,3.64200000000001,4.427000000000007
326,20240302,9472,63,4,4,9472_4_2,9472,9472,,17,2024-03-02T15:30:13.916000+00:00,96.776,31.049,41.973,23.754,HARD,3,False,False,False,0,True,valid,23.65286624203822,18.227388535031846,48.82165605095541,0,0.7859872611464969,0,0.35999999999999943,0.20199999999999818,-0.1670000000000016
327,20240302,9472,63,81,4,9472_81_2,9472,9472,,17,2024-03-02T15:30:15.550000+00:00,96.872,30.863,42.13,23.879,HARD,4,False,False,False,0,True,valid,23.65286624203822,18.227388535031846,48.82165605095541,0,0.7859872611464969,0,0.4449999999999932,0.16549999999999443,-0.07099999999999795
328,20240302,9472,63,44,10,9472_44_2,9472,9472,,17,2024-03-02T15:30:19.310000+00:00,97.111,30.738,42.64,23.733,HARD,4,False,False,False,0,True,valid,23.65286624203822,18.227388535031846,48.82165605095541,0,0.7859872611464969,0,0.8470000000000084,0.43200000000000216,0.16800000000000637
329,20240302,9472,63,24,9,9472_24_2,9472,9472,,17,2024-03-02T15:30:24.608000+00:00,98.475,31.431,42.856,24.188,HARD,7,False,False,False,0,True,valid,23.65286624203822,18.227388535031846,48.82165605095541,0,0.7859872611464969,0,2.1099999999999994,1.0579999999999927,1.5319999999999965
330,20240302,9472,63,14,6,9472_14_2,9472,9472,,17,2024-03-02T15:30:25.266000+00:00,96.97,30.546,42.572,23.852,HARD,1,False,False,False,0,True,valid,23.65286624203822,18.227388535031846,48.82165605095541,0,0.7859872611464969,0,0.17099999999999227,-0.25900000000000034,0.027000000000001023
331,20240302,9472,63,18,6,9472_18_2,9472,9472,,17,2024-03-02T15:30:26.910000+00:00,98.777,31.663,42.958,24.156,HARD,7,False,False,False,0,True,valid,23.65286624203822,18.227388535031846,48.82165605095541,0,0.7859872611464969,0,2.2830000000000013,1.8744999999999976,1.8340000000000032
332,20240302,9472,63,22,3,9472_22_2,9472,9472,,17,2024-03-02T15:30:27.374000+00:00,97.482,30.908,42.625,23.949,HARD,2,False,False,False,0,True,valid,23.65286624203822,18.227388535031846,48.82165605095541,0,0.7859872611464969,0,0.12300000000000466,-0.15200000000000102,0.5390000000000015
333,20240302,9472,63,20,8,9472_20_2,9472,9472,,17,2024-03-02T15:30:28.161000+00:00,98.282,30.953,42.957,24.372,HARD,5,False,False,False,0,True,valid,23.65286624203822,18.227388535031846,48.82165605095541,0,0.7859872611464969,0,1.391999999999996,0.4899999999999949,1.3389999999999986
334,20240302,9472,63,31,5,9472_31_2,9472,9472,,17,2024-03-02T15:30:30.104000+00:00,98.911,31.653,43.083,24.175,HARD,6,False,False,False,0,True,valid,23.65286624203822,18.227388535031846,48.82165605095541,0,0.7859872611464969,0,1.5480000000000018,1.0090000000000003,1.9680000000000035
335,20240302,9472,63,23,2,9472_23_2,9472,9472,,17,2024-03-02T15:30:30.851000+00:00,97.392,30.812,42.564,24.016,HARD,1,False,False,False,0,True,valid,23.65286624203822,18.227388535031846,48.82165605095541,0,0.7859872611464969,0,0.0,-0.487000000000009,0.44899999999999807
336,20240302,9472,63,3,3,9472_3_2,9472,9472,,17,2024-03-02T15:30:33.373000+00:00,97.29,30.789,42.42,24.081,HARD,3,False,False,False,0,True,valid,23.65286624203822,18.227388535031846,48.82165605095541,0,0.7859872611464969,0,0.22000000000001307,-0.4759999999999991,0.3470000000000084
337,20240302,9472,63,27,8,9472_27_2,9472,9472,,17,2024-03-02T15:30:36.112000+00:00,97.891,31.181,42.572,24.138,HARD,15,False,False,False,0,True,valid,23.65286624203822,18.227388535031846,48.82165605095541,0,0.7859872611464969,0,0.5740000000000123,1.0435000000000088,0.9480000000000075
338,20240302,9472,63,77,9,9472_77_2,9472,9472,,17,2024-03-02T15:30:37.457000+00:00,97.765,31.183,42.454,24.128,HARD,4,False,False,False,0,True,valid,23.65286624203822,18.227388535031846,48.82165605095541,0,0.7859872611464969,0,1.311000000000007,-0.009000000000000341,0.8220000000000027
339,20240302,9472,63,10,5,9472_10_2,9472,9472,,17,2024-03-02T15:30:38.229000+00:00,97.949,31.153,42.548,24.248,HARD,4,False,False,False,0,True,valid,23.65286624203822,18.227388535031846,48.82165605095541,0,0.7859872611464969,0,0.45699999999999363,0.20250000000000057,1.0060000000000002
340,20240302,9472,63,1,1,9472_1_2,9472,9472,,18,2024-03-02T15:31:14.461000+00:00,117.854,52.815,41.511,23.528,HARD,0,True,False,False,0,False,pit_out_lap,23.65286624203822,18.227388535031846,48.82165605095541,0,0.7859872611464969,0,22.694000000000003,22.263500000000008,20.911
341,20240302,9472,63,11,1,9472_11_2,9472,9472,,18,2024-03-02T15:31:41.574000+00:00,96.311,30.803,41.835,23.673,HARD,5,False,False,False,0,True,valid,23.65286624203822,18.227388535031846,48.82165605095541,0,0.7859872611464969,0,0.7050000000000125,0.08150000000000546,-0.6319999999999908
342,20240302,9472,63,63,10,9472_63_2,9472,9472,,18,2024-03-02T15:31:43.804000+00:00,97.819,31.462,42.532,23.825,HARD,6,False,False,False,0,True,valid,23.65286624203822,18.227388535031846,48.82165605095541,0,0.7859872611464969,0,1.585000000000008,1.1730000000000018,0.8760000000000048
343,20240302,9472,63,55,7,9472_55_2,9472,9472,,18,2024-03-02T15:31:44.184000+00:00,96.088,30.59,41.964,23.534,HARD,3,False,False,False,0,True,valid,23.65286624203822,18.227388535031846,48.82165605095541,0,0.7859872611464969,0,0.5809999999999889,-0.08650000000000091,-0.855000000000004
344,20240302,9472,63,16,7,9472_16_2,9472,9472,,18,2024-03-02T15:31:45.651000+00:00,97.438,31.18,42.467,23.791,HARD,6,False,False,False,0,True,valid,23.65286624203822,18.227388535031846,48.82165605095541,0,0.7859872611464969,0,1.0060000000000002,0.6610000000000014,0.49500000000000455
345,20240302,9472,63,4,4,9472_4_2,9472,9472,,18,2024-03-02T15:31:50.859000+00:00,96.508,30.803,41.777,23.928,HARD,4,False,False,False,0,True,valid,23.65286624203822,18.227388535031846,48.82165605095541,0,0.7859872611464969,0,0.09199999999999875,-0.0660000000000025,-0.4350000000000023
346,20240302,9472,63,81,4,9472_81_2,9472,9472,,18,2024-03-02T15:31:52.578000+00:00,97.095,30.958,42.15,23.987,HARD,5,False,False,False,0,True,valid,23.65286624203822,18.227388535031846,48.82165605095541,0,0.7859872611464969,0,0.6679999999999922,0.3884999999999934,0.15200000000000102
347,20240302,9472,63,2,2,9472_2_2,9472,9472,,17,2024-03-02T15:31:54.254000+00:00,99.758,31.181,42.77,25.807,HARD,6,False,False,False,0,True,valid,23.65286624203822,18.227388535031846,48.82165605095541,0,0.7859872611464969,0,2.1640000000000015,2.030000000000001,2.8149999999999977
348,20240302,9472,63,44,10,9472_44_2,9472,9472,,18,2024-03-02T15:31:56.534000+00:00,96.85,30.825,42.221,23.804,HARD,5,False,False,False,0,True,valid,23.65286624203822,18.227388535031846,48.82165605095541,0,0.7859872611464969,0,0.5859999999999985,0.17099999999999227,-0.09300000000000352
349,20240302,9472,63,14,6,9472_14_2,9472,9472,,18,2024-03-02T15:32:02.084000+00:00,97.361,31.136,42.381,23.844,HARD,2,False,False,False,0,True,valid,23.65286624203822,18.227388535031846,48.82165605095541,0,0.7859872611464969,0,0.5619999999999976,0.132000000000005,0.41800000000000637
350,20240302,9472,63,24,9,9472_24_2,9472,9472,,18,2024-03-02T15:32:03.062000+00:00,97.552,30.919,42.585,24.048,HARD,8,False,False,False,0,True,valid,23.65286624203822,18.227388535031846,48.82165605095541,0,0.7859872611464969,0,1.1870000000000118,0.13500000000000512,0.6090000000000089
351,20240302,9472,63,22,3,9472_22_2,9472,9472,,18,2024-03-02T15:32:04.756000+00:00,97.359,30.973,42.336,24.05,HARD,3,False,False,False,0,True,valid,23.65286624203822,18.227388535031846,48.82165605095541,0,0.7859872611464969,0,0.0,-0.2750000000000057,0.4159999999999968
352,20240302,9472,63,18,6,9472_18_2,9472,9472,,18,2024-03-02T15:32:05.759000+00:00,97.417,30.775,42.503,24.139,HARD,8,False,False,False,0,True,valid,23.65286624203822,18.227388535031846,48.82165605095541,0,0.7859872611464969,0,0.9230000000000018,0.5144999999999982,0.47400000000000375
353,20240302,9472,63,20,8,9472_20_2,9472,9472,,18,2024-03-02T15:32:06.501000+00:00,97.583,30.69,42.526,24.367,HARD,6,False,False,False,0,True,valid,23.65286624203822,18.227388535031846,48.82165605095541,0,0.7859872611464969,0,0.6929999999999978,-0.20900000000000318,0.6400000000000006
354,20240302,9472,63,23,2,9472_23_2,9472,9472,,18,2024-03-02T15:32:08.194000+00:00,97.59,31.214,42.369,24.007,HARD,2,False,False,False,0,True,valid,23.65286624203822,18.227388535031846,48.82165605095541,0,0.7859872611464969,0,0.1980000000000075,-0.2890000000000015,0.6470000000000056
355,20240302,9472,63,31,5,9472_31_2,9472,9472,,18,2024-03-02T15:32:09.135000+00:00,98.12,31.12,42.845,24.155,HARD,7,False,False,False,0,True,valid,23.65286624203822,18.227388535031846,48.82165605095541,0,0.7859872611464969,0,0.757000000000005,0.21800000000000352,1.1770000000000067
356,20240302,9472,63,3,3,9472_3_2,9472,9472,,18,2024-03-02T15:32:10.639000+00:00,97.7,30.949,42.517,24.234,HARD,4,False,False,False,0,True,valid,23.65286624203822,18.227388535031846,48.82165605095541,0,0.7859872611464969,0,0.6300000000000097,-0.0660000000000025,0.757000000000005
357,20240302,9472,63,27,8,9472_27_2,9472,9472,,18,2024-03-02T15:32:14.045000+00:00,98.216,31.05,42.946,24.22,HARD,16,False,False,False,0,True,valid,23.65286624203822,18.227388535031846,48.82165605095541,0,0.7859872611464969,0,0.8990000000000009,1.3684999999999974,1.2729999999999961
358,20240302,9472,63,77,9,9472_77_2,9472,9472,,18,2024-03-02T15:32:15.210000+00:00,97.918,31.142,42.597,24.179,HARD,5,False,False,False,0,True,valid,23.65286624203822,18.227388535031846,48.82165605095541,0,0.7859872611464969,0,1.4640000000000128,0.14400000000000546,0.9750000000000085
359,20240302,9472,63,10,5,9472_10_2,9472,9472,,18,2024-03-02T15:32:16.230000+00:00,97.791,30.98,42.45,24.361,HARD,5,False,False,False,0,True,valid,23.65286624203822,18.227388535031846,48.82165605095541,0,0.7859872611464969,0,0.2989999999999924,0.04449999999999932,0.847999999999999
360,20240302,9472,63,1,1,9472_1_2,9472,9472,,19,2024-03-02T15:33:12.478000+00:00,95.283,30.628,41.162,23.493,HARD,1,False,False,False,0,True,valid,23.65286624203822,18.227388535031846,48.82165605095541,0,0.7859872611464969,0,0.12300000000000466,-0.30749999999999034,-1.6599999999999966
361,20240302,9472,63,11,1,9472_11_2,9472,9472,,19,2024-03-02T15:33:17.856000+00:00,96.038,30.702,41.633,23.703,HARD,6,False,False,False,0,True,valid,23.65286624203822,18.227388535031846,48.82165605095541,0,0.7859872611464969,0,0.43200000000000216,-0.1915000000000049,-0.9050000000000011
362,20240302,9472,63,55,7,9472_55_2,9472,9472,,19,2024-03-02T15:33:20.251000+00:00,96.236,30.805,41.897,23.534,HARD,4,False,False,False,0,True,valid,23.65286624203822,18.227388535031846,48.82165605095541,0,0.7859872611464969,0,0.7289999999999992,0.061500000000009436,-0.7069999999999936
363,20240302,9472,63,63,10,9472_63_2,9472,9472,,19,2024-03-02T15:33:21.541000+00:00,97.233,31.101,42.267,23.865,HARD,7,False,False,False,0,True,valid,23.65286624203822,18.227388535031846,48.82165605095541,0,0.7859872611464969,0,0.9990000000000094,0.5870000000000033,0.29000000000000625
364,20240302,9472,63,16,7,9472_16_2,9472,9472,,19,2024-03-02T15:33:23.136000+00:00,96.821,30.986,42.03,23.805,HARD,7,False,False,False,0,True,valid,23.65286624203822,18.227388535031846,48.82165605095541,0,0.7859872611464969,0,0.3889999999999958,0.04399999999999693,-0.12199999999999989
365,20240302,9472,63,4,4,9472_4_2,9472,9472,,19,2024-03-02T15:33:27.355000+00:00,96.416,30.87,41.774,23.772,HARD,5,False,False,False,0,True,valid,23.65286624203822,18.227388535031846,48.82165605095541,0,0.7859872611464969,0,0.0,-0.15800000000000125,-0.527000000000001
366,20240302,9472,63,81,4,9472_81_2,9472,9472,,19,2024-03-02T15:33:29.643000+00:00,96.577,30.84,41.863,23.874,HARD,6,False,False,False,0,True,valid,23.65286624203822,18.227388535031846,48.82165605095541,0,0.7859872611464969,0,0.14999999999999147,-0.12950000000000728,-0.36599999999999966
367,20240302,9472,63,44,10,9472_44_2,9472,9472,,19,2024-03-02T15:33:33.304000+00:00,96.694,30.848,42.131,23.715,HARD,6,False,False,False,0,True,valid,23.65286624203822,18.227388535031846,48.82165605095541,0,0.7859872611464969,0,0.4300000000000068,0.015000000000000568,-0.24899999999999523
368,20240302,9472,63,2,2,9472_2_2,9472,9472,,18,2024-03-02T15:33:34.073000+00:00,98.077,31.257,42.709,24.111,HARD,7,False,False,False,0,True,valid,23.65286624203822,18.227388535031846,48.82165605095541,0,0.7859872611464969,0,0.4830000000000041,0.34900000000000375,1.1340000000000003
369,20240302,9472,63,14,6,9472_14_2,9472,9472,,19,2024-03-02T15:33:39.664000+00:00,97.072,30.967,42.236,23.869,HARD,3,False,False,False,0,True,valid,23.65286624203822,18.227388535031846,48.82165605095541,0,0.7859872611464969,0,0.27299999999999613,-0.15699999999999648,0.1290000000000049
370,20240302,9472,63,24,9,9472_24_2,9472,9472,,19,2024-03-02T15:33:40.534000+00:00,97.652,30.887,42.658,24.107,HARD,9,False,False,False,0,True,valid,23.65286624203822,18.227388535031846,48.82165605095541,0,0.7859872611464969,0,1.2870000000000061,0.23499999999999943,0.7090000000000032
371,20240302,9472,63,22,3,9472_22_2,9472,9472,,19,2024-03-02T15:33:42.194000+00:00,97.396,31.096,42.262,24.038,HARD,4,False,False,False,0,True,valid,23.65286624203822,18.227388535031846,48.82165605095541,0,0.7859872611464969,0,0.03700000000000614,-0.23799999999999955,0.45300000000000296
372,20240302,9472,63,18,6,9472_18_2,9472,9472,,19,2024-03-02T15:33:43.194000+00:00,97.554,30.774,42.598,24.182,HARD,9,False,False,False,0,True,valid,23.65286624203822,18.227388535031846,48.82165605095541,0,0.7859872611464969,0,1.0600000000000023,0.6514999999999986,0.6110000000000042
373,20240302,9472,63,20,8,9472_20_2,9472,9472,,19,2024-03-02T15:33:44.091000+00:00,97.792,30.82,42.677,24.295,HARD,7,False,False,False,0,True,valid,23.65286624203822,18.227388535031846,48.82165605095541,0,0.7859872611464969,0,0.902000000000001,0.0,0.8490000000000038
374,20240302,9472,63,23,2,9472_23_2,9472,9472,,19,2024-03-02T15:33:45.833000+00:00,97.763,31.357,42.448,23.958,HARD,3,False,False,False,0,True,valid,23.65286624203822,18.227388535031846,48.82165605095541,0,0.7859872611464969,0,0.3710000000000093,-0.11599999999999966,0.8200000000000074
375,20240302,9472,63,31,5,9472_31_2,9472,9472,,19,2024-03-02T15:33:47.226000+00:00,98.332,31.57,42.478,24.284,HARD,8,False,False,False,0,True,valid,23.65286624203822,18.227388535031846,48.82165605095541,0,0.7859872611464969,0,0.9689999999999941,0.4299999999999926,1.3889999999999958
376,20240302,9472,63,3,3,9472_3_2,9472,9472,,19,2024-03-02T15:33:48.393000+00:00,98.35,31.051,42.983,24.316,HARD,5,False,False,False,0,True,valid,23.65286624203822,18.227388535031846,48.82165605095541,0,0.7859872611464969,0,1.2800000000000011,0.583999999999989,1.4069999999999965
377,20240302,9472,63,27,8,9472_27_2,9472,9472,,19,2024-03-02T15:33:52.305000+00:00,97.862,31.07,42.542,24.25,HARD,17,False,False,False,0,True,valid,23.65286624203822,18.227388535031846,48.82165605095541,0,0.7859872611464969,0,0.5450000000000017,1.0144999999999982,0.9189999999999969
378,20240302,9472,63,77,9,9472_77_2,9472,9472,,19,2024-03-02T15:33:53.037000+00:00,97.662,30.897,42.483,24.282,HARD,6,False,False,False,0,True,valid,23.65286624203822,18.227388535031846,48.82165605095541,0,0.7859872611464969,0,1.2080000000000126,-0.11199999999999477,0.7190000000000083
379,20240302,9472,63,10,5,9472_10_2,9472,9472,,19,2024-03-02T15:33:54.035000+00:00,97.702,30.968,42.47,24.264,HARD,6,False,False,False,0,True,valid,23.65286624203822,18.227388535031846,48.82165605095541,0,0.7859872611464969,0,0.20999999999999375,-0.04449999999999932,0.7590000000000003
380,20240302,9472,63,1,1,9472_1_2,9472,9472,,20,2024-03-02T15:34:47.658000+00:00,95.16,30.585,41.1,23.475,HARD,2,False,False,False,0,True,valid,23.65286624203822,18.227388535031846,48.82165605095541,0,0.7859872611464969,0,0.0,-0.430499999999995,-1.7830000000000013
381,20240302,9472,63,11,1,9472_11_2,9472,9472,,20,2024-03-02T15:34:53.893000+00:00,96.278,30.918,41.686,23.674,HARD,7,False,False,False,0,True,valid,23.65286624203822,18.227388535031846,48.82165605095541,0,0.7859872611464969,0,0.6720000000000113,0.048500000000004206,-0.664999999999992
382,20240302,9472,63,55,7,9472_55_2,9472,9472,,20,2024-03-02T15:34:56.624000+00:00,96.034,30.786,41.66,23.588,HARD,5,False,False,False,0,True,valid,23.65286624203822,18.227388535031846,48.82165605095541,0,0.7859872611464969,0,0.527000000000001,-0.14049999999998875,-0.9089999999999918
383,20240302,9472,63,63,10,9472_63_2,9472,9472,,20,2024-03-02T15:34:58.739000+00:00,96.732,30.862,42.099,23.771,HARD,8,False,False,False,0,True,valid,23.65286624203822,18.227388535031846,48.82165605095541,0,0.7859872611464969,0,0.49800000000000466,0.08599999999999852,-0.21099999999999852
384,20240302,9472,63,16,7,9472_16_2,9472,9472,,20,2024-03-02T15:34:59.925000+00:00,96.794,30.839,42.103,23.852,HARD,8,False,False,False,0,True,valid,23.65286624203822,18.227388535031846,48.82165605095541,0,0.7859872611464969,0,0.36199999999999477,0.016999999999995907,-0.1490000000000009
385,20240302,9472,63,4,4,9472_4_2,9472,9472,,20,2024-03-02T15:35:03.732000+00:00,96.501,30.817,41.871,23.813,HARD,6,False,False,False,0,True,valid,23.65286624203822,18.227388535031846,48.82165605095541,0,0.7859872611464969,0,0.08500000000000796,-0.07299999999999329,-0.44199999999999307
386,20240302,9472,63,81,4,9472_81_2,9472,9472,,20,2024-03-02T15:35:06.210000+00:00,96.644,30.982,41.794,23.868,HARD,7,False,False,False,0,True,valid,23.65286624203822,18.227388535031846,48.82165605095541,0,0.7859872611464969,0,0.21699999999999875,-0.0625,-0.2989999999999924
387,20240302,9472,63,44,10,9472_44_2,9472,9472,,20,2024-03-02T15:35:10.110000+00:00,96.264,30.768,41.794,23.702,HARD,7,False,False,False,0,True,valid,23.65286624203822,18.227388535031846,48.82165605095541,0,0.7859872611464969,0,0.0,-0.41500000000000625,-0.679000000000002
388,20240302,9472,63,2,2,9472_2_2,9472,9472,,19,2024-03-02T15:35:12.065000+00:00,97.742,31.201,42.532,24.009,HARD,8,False,False,False,0,True,valid,23.65286624203822,18.227388535031846,48.82165605095541,0,0.7859872611464969,0,0.14800000000001035,0.014000000000010004,0.7990000000000066
389,20240302,9472,63,14,6,9472_14_2,9472,9472,,20,2024-03-02T15:35:16.631000+00:00,97.357,31.08,42.304,23.973,HARD,4,False,False,False,0,True,valid,23.65286624203822,18.227388535031846,48.82165605095541,0,0.7859872611464969,0,0.5579999999999927,0.1280000000000001,0.4140000000000015
390,20240302,9472,63,24,9,9472_24_2,9472,9472,,20,2024-03-02T15:35:18.352000+00:00,97.749,31.239,42.477,24.033,HARD,10,False,False,False,0,True,valid,23.65286624203822,18.227388535031846,48.82165605095541,0,0.7859872611464969,0,1.3840000000000003,0.33199999999999363,0.8059999999999974
391,20240302,9472,63,22,3,9472_22_2,9472,9472,,20,2024-03-02T15:35:19.661000+00:00,97.766,31.229,42.359,24.178,HARD,5,False,False,False,0,True,valid,23.65286624203822,18.227388535031846,48.82165605095541,0,0.7859872611464969,0,0.4070000000000107,0.132000000000005,0.8230000000000075
392,20240302,9472,63,18,6,9472_18_2,9472,9472,,20,2024-03-02T15:35:20.751000+00:00,97.859,31.219,42.499,24.141,HARD,10,False,False,False,0,True,valid,23.65286624203822,18.227388535031846,48.82165605095541,0,0.7859872611464969,0,1.3649999999999949,0.9564999999999912,0.9159999999999968
393,20240302,9472,63,20,8,9472_20_2,9472,9472,,20,2024-03-02T15:35:21.854000+00:00,98.062,31.168,42.636,24.258,HARD,8,False,False,False,0,True,valid,23.65286624203822,18.227388535031846,48.82165605095541,0,0.7859872611464969,0,1.171999999999997,0.269999999999996,1.1189999999999998
394,20240302,9472,63,23,2,9472_23_2,9472,9472,,20,2024-03-02T15:35:23.534000+00:00,97.701,31.328,42.379,23.994,HARD,4,False,False,False,0,True,valid,23.65286624203822,18.227388535031846,48.82165605095541,0,0.7859872611464969,0,0.3089999999999975,-0.17800000000001148,0.7579999999999956
395,20240302,9472,63,31,5,9472_31_2,9472,9472,,20,2024-03-02T15:35:25.673000+00:00,98.185,31.445,42.472,24.268,HARD,9,False,False,False,0,True,valid,23.65286624203822,18.227388535031846,48.82165605095541,0,0.7859872611464969,0,0.8220000000000027,0.28300000000000125,1.2420000000000044
396,20240302,9472,63,3,3,9472_3_2,9472,9472,,20,2024-03-02T15:35:26.660000+00:00,97.865,31.036,42.538,24.291,HARD,6,False,False,False,0,True,valid,23.65286624203822,18.227388535031846,48.82165605095541,0,0.7859872611464969,0,0.7950000000000017,0.09899999999998954,0.921999999999997
397,20240302,9472,63,27,8,9472_27_2,9472,9472,,20,2024-03-02T15:35:30.115000+00:00,100.798,31.287,42.578,26.933,HARD,18,False,False,False,0,True,valid,23.65286624203822,18.227388535031846,48.82165605095541,0,0.7859872611464969,0,3.4810000000000088,3.9505000000000052,3.855000000000004
398,20240302,9472,63,77,9,9472_77_2,9472,9472,,20,2024-03-02T15:35:30.809000+00:00,98.285,31.078,42.852,24.355,HARD,7,False,False,False,0,True,valid,23.65286624203822,18.227388535031846,48.82165605095541,0,0.7859872611464969,0,1.831000000000003,0.5109999999999957,1.3419999999999987
399,20240302,9472,63,10,5,9472_10_2,9472,9472,,20,2024-03-02T15:35:31.612000+00:00,98.036,31.193,42.487,24.356,HARD,7,False,False,False,0,True,valid,23.65286624203822,18.227388535031846,48.82165605095541,0,0.7859872611464969,0,0.5439999999999969,0.28950000000000387,1.0930000000000035
400,20240302,9472,63,1,1,9472_1_2,9472,9472,,21,2024-03-02T15:36:22.851000+00:00,95.316,30.576,41.24,23.5,HARD,3,False,False,False,0,True,valid,23.65286624203822,18.227388535031846,48.82165605095541,0,0.7859872611464969,0,0.1560000000000059,-0.2744999999999891,-1.6269999999999953
401,20240302,9472,63,11,1,9472_11_2,9472,9472,,21,2024-03-02T15:36:30.284000+00:00,96.165,30.849,41.61,23.706,HARD,8,False,False,False,0,True,valid,23.65286624203822,18.227388535031846,48.82165605095541,0,0.7859872611464969,0,0.5590000000000117,-0.06449999999999534,-0.7779999999999916
402,20240302,9472,63,55,7,9472_55_2,9472,9472,,21,2024-03-02T15:36:32.579000+00:00,96.104,30.796,41.752,23.556,HARD,6,False,False,False,0,True,valid,23.65286624203822,18.227388535031846,48.82165605095541,0,0.7859872611464969,0,0.5969999999999942,-0.07049999999999557,-0.8389999999999986
403,20240302,9472,63,63,10,9472_63_2,9472,9472,,21,2024-03-02T15:36:35.429000+00:00,96.769,30.87,42.18,23.719,HARD,9,False,False,False,0,True,valid,23.65286624203822,18.227388535031846,48.82165605095541,0,0.7859872611464969,0,0.5350000000000108,0.12300000000000466,-0.17399999999999238
404,20240302,9472,63,16,7,9472_16_2,9472,9472,,21,2024-03-02T15:36:36.698000+00:00,96.977,31.089,42.091,23.797,HARD,9,False,False,False,0,True,valid,23.65286624203822,18.227388535031846,48.82165605095541,0,0.7859872611464969,0,0.5450000000000017,0.20000000000000284,0.034000000000006025
405,20240302,9472,63,4,4,9472_4_2,9472,9472,,21,2024-03-02T15:36:40.343000+00:00,96.62,30.889,41.825,23.906,HARD,7,False,False,False,0,True,valid,23.65286624203822,18.227388535031846,48.82165605095541,0,0.7859872611464969,0,0.20400000000000773,0.04600000000000648,-0.3229999999999933
406,20240302,9472,63,81,4,9472_81_2,9472,9472,,21,2024-03-02T15:36:42.834000+00:00,96.733,30.904,41.943,23.886,HARD,8,False,False,False,0,True,valid,23.65286624203822,18.227388535031846,48.82165605095541,0,0.7859872611464969,0,0.3059999999999974,0.026499999999998636,-0.20999999999999375
407,20240302,9472,63,44,10,9472_44_2,9472,9472,,21,2024-03-02T15:36:46.273000+00:00,96.51,30.757,42.003,23.75,HARD,8,False,False,False,0,True,valid,23.65286624203822,18.227388535031846,48.82165605095541,0,0.7859872611464969,0,0.24600000000000932,-0.16899999999999693,-0.4329999999999927
408,20240302,9472,63,2,2,9472_2_2,9472,9472,,20,2024-03-02T15:36:49.792000+00:00,97.82,31.11,42.663,24.047,HARD,9,False,False,False,0,True,valid,23.65286624203822,18.227388535031846,48.82165605095541,0,0.7859872611464969,0,0.2259999999999991,0.09199999999999875,0.8769999999999953
409,20240302,9472,63,14,6,9472_14_2,9472,9472,,21,2024-03-02T15:36:54.028000+00:00,97.342,30.978,42.385,23.979,HARD,5,False,False,False,0,True,valid,23.65286624203822,18.227388535031846,48.82165605095541,0,0.7859872611464969,0,0.5429999999999922,0.11299999999999955,0.3990000000000009
410,20240302,9472,63,24,9,9472_24_2,9472,9472,,21,2024-03-02T15:36:56.088000+00:00,97.947,31.22,42.705,24.022,HARD,11,False,False,False,0,True,valid,23.65286624203822,18.227388535031846,48.82165605095541,0,0.7859872611464969,0,1.5820000000000078,0.5300000000000011,1.0040000000000049
411,20240302,9472,63,22,3,9472_22_2,9472,9472,,21,2024-03-02T15:36:57.391000+00:00,97.777,31.144,42.57,24.063,HARD,6,False,False,False,0,True,valid,23.65286624203822,18.227388535031846,48.82165605095541,0,0.7859872611464969,0,0.41800000000000637,0.14300000000000068,0.8340000000000032
412,20240302,9472,63,18,6,9472_18_2,9472,9472,,21,2024-03-02T15:36:58.630000+00:00,98.022,31.191,42.686,24.145,HARD,11,False,False,False,0,True,valid,23.65286624203822,18.227388535031846,48.82165605095541,0,0.7859872611464969,0,1.5280000000000058,1.1195000000000022,1.0790000000000077
413,20240302,9472,63,20,8,9472_20_2,9472,9472,,21,2024-03-02T15:36:59.963000+00:00,98.01,31.041,42.738,24.231,HARD,9,False,False,False,0,True,valid,23.65286624203822,18.227388535031846,48.82165605095541,0,0.7859872611464969,0,1.1200000000000045,0.21800000000000352,1.0670000000000073
414,20240302,9472,63,23,2,9472_23_2,9472,9472,,21,2024-03-02T15:37:01.254000+00:00,97.918,31.227,42.44,24.251,HARD,5,False,False,False,0,True,valid,23.65286624203822,18.227388535031846,48.82165605095541,0,0.7859872611464969,0,0.5260000000000105,0.03900000000000148,0.9750000000000085
415,20240302,9472,63,31,5,9472_31_2,9472,9472,,21,2024-03-02T15:37:03.773000+00:00,99.363,31.9,43.094,24.369,HARD,10,False,False,False,0,True,valid,23.65286624203822,18.227388535031846,48.82165605095541,0,0.7859872611464969,0,2.0,1.4609999999999985,2.4200000000000017
416,20240302,9472,63,3,3,9472_3_2,9472,9472,,21,2024-03-02T15:37:04.616000+00:00,97.392,30.941,42.318,24.133,HARD,7,False,False,False,0,True,valid,23.65286624203822,18.227388535031846,48.82165605095541,0,0.7859872611464969,0,0.32200000000000273,-0.37400000000000944,0.44899999999999807
417,20240302,9472,63,77,9,9472_77_2,9472,9472,,21,2024-03-02T15:37:09.085000+00:00,97.73,31.02,42.534,24.176,HARD,8,False,False,False,0,True,valid,23.65286624203822,18.227388535031846,48.82165605095541,0,0.7859872611464969,0,1.2760000000000105,-0.04399999999999693,0.7870000000000061
418,20240302,9472,63,10,5,9472_10_2,9472,9472,,21,2024-03-02T15:37:09.630000+00:00,98.094,31.173,42.541,24.38,HARD,8,False,False,False,0,True,valid,23.65286624203822,18.227388535031846,48.82165605095541,0,0.7859872611464969,0,0.6019999999999897,0.3474999999999966,1.1509999999999962
419,20240302,9472,63,27,8,9472_27_3,9472,9472,,21,2024-03-02T15:37:10.892000+00:00,118.699,51.92,42.869,23.91,HARD,0,True,False,False,0,False,pit_out_lap,23.65286624203822,18.227388535031846,48.82165605095541,0,0.7859872611464969,0,22.150999999999996,21.8515,21.756
420,20240302,9472,63,1,1,9472_1_2,9472,9472,,22,2024-03-02T15:37:58.157000+00:00,95.204,30.56,41.142,23.502,HARD,4,False,False,False,0,True,valid,23.65286624203822,18.227388535031846,48.82165605095541,0,0.7859872611464969,0,0.04399999999999693,-0.38649999999999807,-1.7390000000000043
421,20240302,9472,63,11,1,9472_11_2,9472,9472,,22,2024-03-02T15:38:06.392000+00:00,96.037,30.824,41.536,23.677,HARD,9,False,False,False,0,True,valid,23.65286624203822,18.227388535031846,48.82165605095541,0,0.7859872611464969,0,0.4310000000000116,-0.19249999999999545,-0.9059999999999917
422,20240302,9472,63,55,7,9472_55_2,9472,9472,,22,2024-03-02T15:38:08.718000+00:00,96.008,30.686,41.77,23.552,HARD,7,False,False,False,0,True,valid,23.65286624203822,18.227388535031846,48.82165605095541,0,0.7859872611464969,0,0.5009999999999906,-0.1664999999999992,-0.9350000000000023
423,20240302,9472,63,63,10,9472_63_2,9472,9472,,22,2024-03-02T15:38:12.188000+00:00,96.992,30.84,42.313,23.839,HARD,10,False,False,False,0,True,valid,23.65286624203822,18.227388535031846,48.82165605095541,0,0.7859872611464969,0,0.7580000000000098,0.34600000000000364,0.049000000000006594
424,20240302,9472,63,16,7,9472_16_2,9472,9472,,22,2024-03-02T15:38:13.647000+00:00,96.796,30.994,41.976,23.826,HARD,10,False,False,False,0,True,valid,23.65286624203822,18.227388535031846,48.82165605095541,0,0.7859872611464969,0,0.3640000000000043,0.019000000000005457,-0.14699999999999136
425,20240302,9472,63,4,4,9472_4_2,9472,9472,,22,2024-03-02T15:38:16.778000+00:00,96.668,30.839,41.822,24.007,HARD,8,False,False,False,0,True,valid,23.65286624203822,18.227388535031846,48.82165605095541,0,0.7859872611464969,0,0.25200000000000955,0.0940000000000083,-0.2749999999999915
426,20240302,9472,63,81,4,9472_81_2,9472,9472,,22,2024-03-02T15:38:19.659000+00:00,96.555,30.87,41.812,23.873,HARD,9,False,False,False,0,True,valid,23.65286624203822,18.227388535031846,48.82165605095541,0,0.7859872611464969,0,0.1280000000000001,-0.15149999999999864,-0.387999999999991
427,20240302,9472,63,44,10,9472_44_2,9472,9472,,22,2024-03-02T15:38:22.863000+00:00,96.633,30.733,42.141,23.759,HARD,9,False,False,False,0,True,valid,23.65286624203822,18.227388535031846,48.82165605095541,0,0.7859872611464969,0,0.3689999999999998,-0.04600000000000648,-0.3100000000000023
428,20240302,9472,63,2,2,9472_2_2,9472,9472,,21,2024-03-02T15:38:27.658000+00:00,98.009,31.167,42.681,24.161,HARD,10,False,False,False,0,True,valid,23.65286624203822,18.227388535031846,48.82165605095541,0,0.7859872611464969,0,0.41500000000000625,0.2810000000000059,1.0660000000000025
429,20240302,9472,63,14,6,9472_14_2,9472,9472,,22,2024-03-02T15:38:31.461000+00:00,97.122,30.882,42.371,23.869,HARD,6,False,False,False,0,True,valid,23.65286624203822,18.227388535031846,48.82165605095541,0,0.7859872611464969,0,0.3229999999999933,-0.10699999999999932,0.17900000000000205
430,20240302,9472,63,24,9,9472_24_2,9472,9472,,22,2024-03-02T15:38:33.933000+00:00,97.852,31.171,42.584,24.097,HARD,12,False,False,False,0,True,valid,23.65286624203822,18.227388535031846,48.82165605095541,0,0.7859872611464969,0,1.487000000000009,0.4350000000000023,0.909000000000006
431,20240302,9472,63,22,3,9472_22_2,9472,9472,,22,2024-03-02T15:38:35.134000+00:00,97.837,31.173,42.531,24.133,HARD,7,False,False,False,0,True,valid,23.65286624203822,18.227388535031846,48.82165605095541,0,0.7859872611464969,0,0.47800000000000864,0.20300000000000296,0.8940000000000055
432,20240302,9472,63,18,6,9472_18_2,9472,9472,,22,2024-03-02T15:38:36.600000+00:00,98.175,31.109,42.935,24.131,HARD,12,False,False,False,0,True,valid,23.65286624203822,18.227388535031846,48.82165605095541,0,0.7859872611464969,0,1.6809999999999974,1.2724999999999937,1.2319999999999993
433,20240302,9472,63,20,8,9472_20_2,9472,9472,,22,2024-03-02T15:38:37.999000+00:00,98.147,31.214,42.628,24.305,HARD,10,False,False,False,0,True,valid,23.65286624203822,18.227388535031846,48.82165605095541,0,0.7859872611464969,0,1.257000000000005,0.355000000000004,1.2040000000000077
434,20240302,9472,63,23,2,9472_23_2,9472,9472,,22,2024-03-02T15:38:39.203000+00:00,98.031,31.199,42.733,24.099,HARD,6,False,False,False,0,True,valid,23.65286624203822,18.227388535031846,48.82165605095541,0,0.7859872611464969,0,0.63900000000001,0.15200000000000102,1.088000000000008
435,20240302,9472,63,3,3,9472_3_2,9472,9472,,22,2024-03-02T15:38:41.798000+00:00,97.75,31.102,42.461,24.187,HARD,8,False,False,False,0,True,valid,23.65286624203822,18.227388535031846,48.82165605095541,0,0.7859872611464969,0,0.6800000000000068,-0.016000000000005343,0.8070000000000022
436,20240302,9472,63,31,5,9472_31_2,9472,9472,,22,2024-03-02T15:38:43.144000+00:00,98.655,31.553,42.777,24.325,HARD,11,False,False,False,0,True,valid,23.65286624203822,18.227388535031846,48.82165605095541,0,0.7859872611464969,0,1.2920000000000016,0.7530000000000001,1.7120000000000033
437,20240302,9472,63,77,9,9472_77_2,9472,9472,,22,2024-03-02T15:38:46.796000+00:00,97.998,31.34,42.454,24.204,HARD,9,False,False,False,0,True,valid,23.65286624203822,18.227388535031846,48.82165605095541,0,0.7859872611464969,0,1.5440000000000111,0.22400000000000375,1.0550000000000068
438,20240302,9472,63,10,5,9472_10_2,9472,9472,,22,2024-03-02T15:38:47.756000+00:00,97.868,31.145,42.536,24.187,HARD,9,False,False,False,0,True,valid,23.65286624203822,18.227388535031846,48.82165605095541,0,0.7859872611464969,0,0.37599999999999056,0.1214999999999975,0.9249999999999972
439,20240302,9472,63,27,8,9472_27_3,9472,9472,,22,2024-03-02T15:39:09.628000+00:00,96.858,30.754,42.343,23.761,HARD,1,False,False,False,0,True,valid,23.65286624203822,18.227388535031846,48.82165605095541,0,0.7859872611464969,0,0.3100000000000023,0.010500000000007503,-0.08499999999999375
440,20240302,9472,63,1,1,9472_1_2,9472,9472,,23,2024-03-02T15:39:33.340000+00:00,95.216,30.553,41.145,23.518,HARD,5,False,False,False,0,True,valid,23.65286624203822,18.227388535031846,48.82165605095541,0,0.7859872611464969,0,0.055999999999997385,-0.3744999999999976,-1.7270000000000039
441,20240302,9472,63,11,1,9472_11_2,9472,9472,,23,2024-03-02T15:39:42.375000+00:00,96.249,30.84,41.729,23.68,HARD,10,False,False,False,0,True,valid,23.65286624203822,18.227388535031846,48.82165605095541,0,0.7859872611464969,0,0.6430000000000007,0.019499999999993634,-0.6940000000000026
442,20240302,9472,63,55,7,9472_55_2,9472,9472,,23,2024-03-02T15:39:44.773000+00:00,96.149,30.738,41.797,23.614,HARD,8,False,False,False,0,True,valid,23.65286624203822,18.227388535031846,48.82165605095541,0,0.7859872611464969,0,0.6419999999999959,-0.02549999999999386,-0.7939999999999969
443,20240302,9472,63,63,10,9472_63_2,9472,9472,,23,2024-03-02T15:39:49.229000+00:00,96.954,31.043,42.088,23.823,HARD,11,False,False,False,0,True,valid,23.65286624203822,18.227388535031846,48.82165605095541,0,0.7859872611464969,0,0.7199999999999989,0.3079999999999927,0.01099999999999568
444,20240302,9472,63,16,7,9472_16_2,9472,9472,,23,2024-03-02T15:39:50.476000+00:00,96.987,31.131,41.941,23.915,HARD,11,False,False,False,0,True,valid,23.65286624203822,18.227388535031846,48.82165605095541,0,0.7859872611464969,0,0.5549999999999926,0.20999999999999375,0.04399999999999693
445,20240302,9472,63,4,4,9472_4_2,9472,9472,,23,2024-03-02T15:39:53.580000+00:00,96.696,30.92,41.877,23.899,HARD,9,False,False,False,0,True,valid,23.65286624203822,18.227388535031846,48.82165605095541,0,0.7859872611464969,0,0.28000000000000114,0.12199999999999989,-0.2469999999999999
446,20240302,9472,63,81,4,9472_81_2,9472,9472,,23,2024-03-02T15:39:56.149000+00:00,96.68,30.953,41.883,23.844,HARD,10,False,False,False,0,True,valid,23.65286624203822,18.227388535031846,48.82165605095541,0,0.7859872611464969,0,0.2530000000000001,-0.026499999999998636,-0.262999999999991
447,20240302,9472,63,44,10,9472_44_2,9472,9472,,23,2024-03-02T15:39:59.469000+00:00,96.717,30.884,42.063,23.77,HARD,10,False,False,False,0,True,valid,23.65286624203822,18.227388535031846,48.82165605095541,0,0.7859872611464969,0,0.45300000000000296,0.0379999999999967,-0.2259999999999991
448,20240302,9472,63,2,2,9472_2_2,9472,9472,,22,2024-03-02T15:40:05.682000+00:00,97.728,31.115,42.516,24.097,HARD,11,False,False,False,0,True,valid,23.65286624203822,18.227388535031846,48.82165605095541,0,0.7859872611464969,0,0.13400000000000034,0.0,0.7849999999999966
449,20240302,9472,63,14,6,9472_14_2,9472,9472,,23,2024-03-02T15:40:08.472000+00:00,97.265,30.946,42.451,23.868,HARD,7,False,False,False,0,True,valid,23.65286624203822,18.227388535031846,48.82165605095541,0,0.7859872611464969,0,0.465999999999994,0.036000000000001364,0.32200000000000273
450,20240302,9472,63,24,9,9472_24_2,9472,9472,,23,2024-03-02T15:40:11.864000+00:00,97.788,31.092,42.647,24.049,HARD,13,False,False,False,0,True,valid,23.65286624203822,18.227388535031846,48.82165605095541,0,0.7859872611464969,0,1.4230000000000018,0.3709999999999951,0.8449999999999989
451,20240302,9472,63,22,3,9472_22_2,9472,9472,,23,2024-03-02T15:40:12.950000+00:00,97.671,31.096,42.405,24.17,HARD,8,False,False,False,0,True,valid,23.65286624203822,18.227388535031846,48.82165605095541,0,0.7859872611464969,0,0.3120000000000118,0.03700000000000614,0.7280000000000086
452,20240302,9472,63,18,6,9472_18_2,9472,9472,,23,2024-03-02T15:40:14.803000+00:00,97.826,31.057,42.668,24.101,HARD,13,False,False,False,0,True,valid,23.65286624203822,18.227388535031846,48.82165605095541,0,0.7859872611464969,0,1.3319999999999936,0.92349999999999,0.8829999999999956
453,20240302,9472,63,20,8,9472_20_2,9472,9472,,23,2024-03-02T15:40:16.079000+00:00,98.293,31.284,42.627,24.382,HARD,11,False,False,False,0,True,valid,23.65286624203822,18.227388535031846,48.82165605095541,0,0.7859872611464969,0,1.4030000000000058,0.5010000000000048,1.3500000000000085
454,20240302,9472,63,23,2,9472_23_2,9472,9472,,23,2024-03-02T15:40:17.198000+00:00,97.869,31.296,42.361,24.212,HARD,7,False,False,False,0,True,valid,23.65286624203822,18.227388535031846,48.82165605095541,0,0.7859872611464969,0,0.47700000000000387,-0.010000000000005116,0.9260000000000019
455,20240302,9472,63,3,3,9472_3_2,9472,9472,,23,2024-03-02T15:40:19.947000+00:00,97.772,31.019,42.572,24.181,HARD,9,False,False,False,0,True,valid,23.65286624203822,18.227388535031846,48.82165605095541,0,0.7859872611464969,0,0.7020000000000124,0.006000000000000227,0.8290000000000077
456,20240302,9472,63,31,5,9472_31_2,9472,9472,,23,2024-03-02T15:40:21.786000+00:00,98.407,31.49,42.677,24.24,HARD,12,False,False,False,0,True,valid,23.65286624203822,18.227388535031846,48.82165605095541,0,0.7859872611464969,0,1.043999999999997,0.5049999999999955,1.4639999999999986
457,20240302,9472,63,77,9,9472_77_2,9472,9472,,23,2024-03-02T15:40:24.676000+00:00,98.18,31.375,42.575,24.23,HARD,10,False,False,False,0,True,valid,23.65286624203822,18.227388535031846,48.82165605095541,0,0.7859872611464969,0,1.7260000000000133,0.4060000000000059,1.237000000000009
458,20240302,9472,63,10,5,9472_10_2,9472,9472,,23,2024-03-02T15:40:25.592000+00:00,98.104,31.195,42.586,24.323,HARD,10,False,False,False,0,True,valid,23.65286624203822,18.227388535031846,48.82165605095541,0,0.7859872611464969,0,0.6119999999999948,0.3575000000000017,1.1610000000000014
459,20240302,9472,63,27,8,9472_27_3,9472,9472,,23,2024-03-02T15:40:46.560000+00:00,96.725,30.667,42.271,23.787,HARD,2,False,False,False,0,True,valid,23.65286624203822,18.227388535031846,48.82165605095541,0,0.7859872611464969,0,0.1769999999999925,-0.12250000000000227,-0.21800000000000352
460,20240302,9472,63,1,1,9472_1_2,9472,9472,,24,2024-03-02T15:41:08.681000+00:00,95.289,30.548,41.257,23.484,HARD,6,False,False,False,0,True,valid,23.65286624203822,18.227388535031846,48.82165605095541,0,0.7859872611464969,0,0.1290000000000049,-0.3014999999999901,-1.6539999999999964
461,20240302,9472,63,11,1,9472_11_2,9472,9472,,24,2024-03-02T15:41:18.571000+00:00,96.211,30.792,41.687,23.732,HARD,11,False,False,False,0,True,valid,23.65286624203822,18.227388535031846,48.82165605095541,0,0.7859872611464969,0,0.605000000000004,-0.01850000000000307,-0.7319999999999993
462,20240302,9472,63,55,7,9472_55_2,9472,9472,,24,2024-03-02T15:41:20.891000+00:00,96.2,30.698,41.881,23.621,HARD,9,False,False,False,0,True,valid,23.65286624203822,18.227388535031846,48.82165605095541,0,0.7859872611464969,0,0.6929999999999978,0.025500000000008072,-0.742999999999995
463,20240302,9472,63,63,10,9472_63_2,9472,9472,,24,2024-03-02T15:41:26.181000+00:00,96.736,30.867,42.107,23.762,HARD,12,False,False,False,0,True,valid,23.65286624203822,18.227388535031846,48.82165605095541,0,0.7859872611464969,0,0.5020000000000095,0.09000000000000341,-0.20699999999999363
464,20240302,9472,63,16,7,9472_16_2,9472,9472,,24,2024-03-02T15:41:27.495000+00:00,96.924,31.083,41.904,23.937,HARD,12,False,False,False,0,True,valid,23.65286624203822,18.227388535031846,48.82165605095541,0,0.7859872611464969,0,0.49200000000000443,0.14700000000000557,-0.018999999999991246
465,20240302,9472,63,4,4,9472_4_2,9472,9472,,24,2024-03-02T15:41:30.241000+00:00,96.823,30.89,42.047,23.886,HARD,10,False,False,False,0,True,valid,23.65286624203822,18.227388535031846,48.82165605095541,0,0.7859872611464969,0,0.4069999999999965,0.24899999999999523,-0.12000000000000455
466,20240302,9472,63,81,4,9472_81_2,9472,9472,,24,2024-03-02T15:41:32.778000+00:00,96.884,31.104,41.813,23.967,HARD,11,False,False,False,0,True,valid,23.65286624203822,18.227388535031846,48.82165605095541,0,0.7859872611464969,0,0.45699999999999363,0.17749999999999488,-0.0589999999999975
467,20240302,9472,63,44,10,9472_44_2,9472,9472,,24,2024-03-02T15:41:36.136000+00:00,96.666,30.826,42.1,23.74,HARD,11,False,False,False,0,True,valid,23.65286624203822,18.227388535031846,48.82165605095541,0,0.7859872611464969,0,0.402000000000001,-0.01300000000000523,-0.277000000000001
468,20240302,9472,63,2,2,9472_2_2,9472,9472,,23,2024-03-02T15:41:43.435000+00:00,97.621,31.065,42.487,24.069,HARD,12,False,False,False,0,True,valid,23.65286624203822,18.227388535031846,48.82165605095541,0,0.7859872611464969,0,0.027000000000001023,-0.10699999999999932,0.6779999999999973
469,20240302,9472,63,14,6,9472_14_2,9472,9472,,24,2024-03-02T15:41:45.663000+00:00,97.046,30.836,42.303,23.907,HARD,8,False,False,False,0,True,valid,23.65286624203822,18.227388535031846,48.82165605095541,0,0.7859872611464969,0,0.2469999999999999,-0.18299999999999272,0.10300000000000864
470,20240302,9472,63,24,9,9472_24_2,9472,9472,,24,2024-03-02T15:41:49.651000+00:00,97.894,31.14,42.602,24.152,HARD,14,False,False,False,0,True,valid,23.65286624203822,18.227388535031846,48.82165605095541,0,0.7859872611464969,0,1.5290000000000106,0.47700000000000387,0.9510000000000076
471,20240302,9472,63,22,3,9472_22_2,9472,9472,,24,2024-03-02T15:41:50.721000+00:00,97.634,31.145,42.276,24.213,HARD,9,False,False,False,0,True,valid,23.65286624203822,18.227388535031846,48.82165605095541,0,0.7859872611464969,0,0.2750000000000057,0.0,0.6910000000000025
472,20240302,9472,63,18,6,9472_18_2,9472,9472,,24,2024-03-02T15:41:52.539000+00:00,98.138,31.071,42.831,24.236,HARD,14,False,False,False,0,True,valid,23.65286624203822,18.227388535031846,48.82165605095541,0,0.7859872611464969,0,1.6440000000000055,1.2355000000000018,1.1950000000000074
473,20240302,9472,63,20,8,9472_20_2,9472,9472,,24,2024-03-02T15:41:54.478000+00:00,98.156,31.155,42.693,24.308,HARD,12,False,False,False,0,True,valid,23.65286624203822,18.227388535031846,48.82165605095541,0,0.7859872611464969,0,1.2660000000000053,0.3640000000000043,1.213000000000008
474,20240302,9472,63,23,2,9472_23_2,9472,9472,,24,2024-03-02T15:41:55.045000+00:00,98.204,31.035,42.857,24.312,HARD,8,False,False,False,0,True,valid,23.65286624203822,18.227388535031846,48.82165605095541,0,0.7859872611464969,0,0.8119999999999976,0.32499999999998863,1.2609999999999957
475,20240302,9472,63,3,3,9472_3_2,9472,9472,,24,2024-03-02T15:41:57.409000+00:00,97.766,30.983,42.559,24.224,HARD,10,False,False,False,0,True,valid,23.65286624203822,18.227388535031846,48.82165605095541,0,0.7859872611464969,0,0.6960000000000122,0.0,0.8230000000000075
476,20240302,9472,63,31,5,9472_31_2,9472,9472,,24,2024-03-02T15:42:00.215000+00:00,98.42,31.474,42.691,24.255,HARD,13,False,False,False,0,True,valid,23.65286624203822,18.227388535031846,48.82165605095541,0,0.7859872611464969,0,1.0570000000000022,0.5180000000000007,1.4770000000000039
477,20240302,9472,63,77,9,9472_77_2,9472,9472,,24,2024-03-02T15:42:03.030000+00:00,98.146,31.186,42.705,24.255,HARD,11,False,False,False,0,True,valid,23.65286624203822,18.227388535031846,48.82165605095541,0,0.7859872611464969,0,1.6920000000000073,0.3719999999999999,1.203000000000003
478,20240302,9472,63,10,5,9472_10_2,9472,9472,,24,2024-03-02T15:42:03.799000+00:00,98.192,31.232,42.57,24.39,HARD,11,False,False,False,0,True,valid,23.65286624203822,18.227388535031846,48.82165605095541,0,0.7859872611464969,0,0.6999999999999886,0.44549999999999557,1.2489999999999952
479,20240302,9472,63,27,8,9472_27_3,9472,9472,,24,2024-03-02T15:42:23.282000+00:00,96.626,30.673,42.224,23.729,HARD,3,False,False,False,0,True,valid,23.65286624203822,18.227388535031846,48.82165605095541,0,0.7859872611464969,0,0.07800000000000296,-0.22149999999999181,-0.31699999999999307
480,20240302,9472,63,1,1,9472_1_2,9472,9472,,25,2024-03-02T15:42:43.916000+00:00,95.342,30.518,41.282,23.542,HARD,7,False,False,False,0,True,valid,23.65286624203822,18.227388535031846,48.82165605095541,0,0.7859872611464969,0,0.18200000000000216,-0.24849999999999284,-1.600999999999999
481,20240302,9472,63,11,1,9472_11_2,9472,9472,,25,2024-03-02T15:42:54.823000+00:00,96.344,30.878,41.719,23.747,HARD,12,False,False,False,0,True,valid,23.65286624203822,18.227388535031846,48.82165605095541,0,0.7859872611464969,0,0.7379999999999995,0.1144999999999925,-0.5990000000000038
482,20240302,9472,63,55,7,9472_55_2,9472,9472,,25,2024-03-02T15:42:57.074000+00:00,96.22,30.724,41.907,23.589,HARD,10,False,False,False,0,True,valid,23.65286624203822,18.227388535031846,48.82165605095541,0,0.7859872611464969,0,0.7129999999999939,0.04550000000000409,-0.722999999999999
483,20240302,9472,63,63,10,9472_63_2,9472,9472,,25,2024-03-02T15:43:02.968000+00:00,96.928,30.941,42.199,23.788,HARD,13,False,False,False,0,True,valid,23.65286624203822,18.227388535031846,48.82165605095541,0,0.7859872611464969,0,0.6940000000000026,0.2819999999999965,-0.015000000000000568
484,20240302,9472,63,16,7,9472_16_2,9472,9472,,25,2024-03-02T15:43:04.442000+00:00,96.76,31.059,41.828,23.873,HARD,13,False,False,False,0,True,valid,23.65286624203822,18.227388535031846,48.82165605095541,0,0.7859872611464969,0,0.32800000000000296,-0.016999999999995907,-0.18299999999999272
485,20240302,9472,63,4,4,9472_4_2,9472,9472,,25,2024-03-02T15:43:07.105000+00:00,96.73,30.923,41.924,23.883,HARD,11,False,False,False,0,True,valid,23.65286624203822,18.227388535031846,48.82165605095541,0,0.7859872611464969,0,0.31400000000000716,0.1560000000000059,-0.21299999999999386
486,20240302,9472,63,81,4,9472_81_2,9472,9472,,25,2024-03-02T15:43:09.734000+00:00,97.008,31.017,42.028,23.963,HARD,12,False,False,False,0,True,valid,23.65286624203822,18.227388535031846,48.82165605095541,0,0.7859872611464969,0,0.5809999999999889,0.3014999999999901,0.06499999999999773
487,20240302,9472,63,44,10,9472_44_2,9472,9472,,25,2024-03-02T15:43:12.785000+00:00,96.919,31.037,42.09,23.792,HARD,12,False,False,False,0,True,valid,23.65286624203822,18.227388535031846,48.82165605095541,0,0.7859872611464969,0,0.6550000000000011,0.23999999999999488,-0.02400000000000091
488,20240302,9472,63,2,2,9472_2_2,9472,9472,,24,2024-03-02T15:43:21.051000+00:00,99.437,31.076,42.618,25.743,HARD,13,False,False,False,0,True,valid,23.65286624203822,18.227388535031846,48.82165605095541,0,0.7859872611464969,0,1.8430000000000035,1.7090000000000032,2.4939999999999998
489,20240302,9472,63,14,6,9472_14_2,9472,9472,,25,2024-03-02T15:43:22.750000+00:00,97.179,30.925,42.232,24.022,HARD,9,False,False,False,0,True,valid,23.65286624203822,18.227388535031846,48.82165605095541,0,0.7859872611464969,0,0.37999999999999545,-0.04999999999999716,0.2360000000000042
490,20240302,9472,63,24,9,9472_24_2,9472,9472,,25,2024-03-02T15:43:27.547000+00:00,97.883,31.246,42.532,24.105,HARD,15,False,False,False,0,True,valid,23.65286624203822,18.227388535031846,48.82165605095541,0,0.7859872611464969,0,1.5180000000000007,0.465999999999994,0.9399999999999977
491,20240302,9472,63,22,3,9472_22_2,9472,9472,,25,2024-03-02T15:43:28.420000+00:00,97.851,31.05,42.613,24.188,HARD,10,False,False,False,0,True,valid,23.65286624203822,18.227388535031846,48.82165605095541,0,0.7859872611464969,0,0.49200000000000443,0.21699999999999875,0.9080000000000013
492,20240302,9472,63,18,6,9472_18_2,9472,9472,,25,2024-03-02T15:43:30.785000+00:00,97.994,31.105,42.77,24.119,HARD,15,False,False,False,0,True,valid,23.65286624203822,18.227388535031846,48.82165605095541,0,0.7859872611464969,0,1.5,1.0914999999999964,1.051000000000002
493,20240302,9472,63,20,8,9472_20_2,9472,9472,,25,2024-03-02T15:43:32.514000+00:00,98.29,31.368,42.696,24.226,HARD,13,False,False,False,0,True,valid,23.65286624203822,18.227388535031846,48.82165605095541,0,0.7859872611464969,0,1.4000000000000057,0.49800000000000466,1.3470000000000084
494,20240302,9472,63,23,2,9472_23_2,9472,9472,,25,2024-03-02T15:43:33.298000+00:00,98.226,31.095,42.952,24.179,HARD,9,False,False,False,0,True,valid,23.65286624203822,18.227388535031846,48.82165605095541,0,0.7859872611464969,0,0.8340000000000032,0.3469999999999942,1.2830000000000013
495,20240302,9472,63,3,3,9472_3_2,9472,9472,,25,2024-03-02T15:43:35.195000+00:00,97.973,31.017,42.663,24.293,HARD,11,False,False,False,0,True,valid,23.65286624203822,18.227388535031846,48.82165605095541,0,0.7859872611464969,0,0.9030000000000058,0.20699999999999363,1.0300000000000011
496,20240302,9472,63,31,5,9472_31_2,9472,9472,,25,2024-03-02T15:43:38.634000+00:00,98.494,31.546,42.7,24.248,HARD,14,False,False,False,0,True,valid,23.65286624203822,18.227388535031846,48.82165605095541,0,0.7859872611464969,0,1.1310000000000002,0.5919999999999987,1.551000000000002
497,20240302,9472,63,77,9,9472_77_2,9472,9472,,25,2024-03-02T15:43:41.117000+00:00,98.262,31.299,42.697,24.266,HARD,12,False,False,False,0,True,valid,23.65286624203822,18.227388535031846,48.82165605095541,0,0.7859872611464969,0,1.808000000000007,0.48799999999999955,1.3190000000000026
498,20240302,9472,63,10,5,9472_10_2,9472,9472,,25,2024-03-02T15:43:41.898000+00:00,98.16,31.096,42.716,24.348,HARD,12,False,False,False,0,True,valid,23.65286624203822,18.227388535031846,48.82165605095541,0,0.7859872611464969,0,0.6679999999999922,0.4134999999999991,1.2169999999999987
499,20240302,9472,63,27,8,9472_27_3,9472,9472,,25,2024-03-02T15:43:59.869000+00:00,96.652,30.667,42.124,23.861,HARD,4,False,False,False,0,True,valid,23.65286624203822,18.227388535031846,48.82165605095541,0,0.7859872611464969,0,0.1039999999999992,-0.19549999999999557,-0.2909999999999968
500,20240302,9472,63,1,1,9472_1_2,9472,9472,,26,2024-03-02T15:44:19.229000+00:00,95.223,30.522,41.14,23.561,HARD,8,False,False,False,0,True,valid,23.65286624203822,18.227388535031846,48.82165605095541,0,0.7859872611464969,0,0.06300000000000239,-0.3674999999999926,-1.7199999999999989
501,20240302,9472,63,11,1,9472_11_2,9472,9472,,26,2024-03-02T15:44:31.226000+00:00,96.347,30.938,41.666,23.743,HARD,13,False,False,False,0,True,valid,23.65286624203822,18.227388535031846,48.82165605095541,0,0.7859872611464969,0,0.7409999999999997,0.11749999999999261,-0.5960000000000036
502,20240302,9472,63,55,7,9472_55_2,9472,9472,,26,2024-03-02T15:44:33.258000+00:00,96.221,30.714,41.878,23.629,HARD,11,False,False,False,0,True,valid,23.65286624203822,18.227388535031846,48.82165605095541,0,0.7859872611464969,0,0.7139999999999986,0.04650000000000887,-0.7219999999999942
503,20240302,9472,63,63,10,9472_63_2,9472,9472,,26,2024-03-02T15:44:39.865000+00:00,96.801,30.867,42.161,23.773,HARD,14,False,False,False,0,True,valid,23.65286624203822,18.227388535031846,48.82165605095541,0,0.7859872611464969,0,0.5670000000000073,0.15500000000000114,-0.1419999999999959
504,20240302,9472,63,16,7,9472_16_2,9472,9472,,26,2024-03-02T15:44:41.174000+00:00,96.81,30.991,41.901,23.918,HARD,14,False,False,False,0,True,valid,23.65286624203822,18.227388535031846,48.82165605095541,0,0.7859872611464969,0,0.3780000000000001,0.03300000000000125,-0.13299999999999557
505,20240302,9472,63,4,4,9472_4_2,9472,9472,,26,2024-03-02T15:44:43.799000+00:00,96.566,30.845,41.878,23.843,HARD,12,False,False,False,0,True,valid,23.65286624203822,18.227388535031846,48.82165605095541,0,0.7859872611464969,0,0.15000000000000568,-0.007999999999995566,-0.37699999999999534
506,20240302,9472,63,81,4,9472_81_2,9472,9472,,26,2024-03-02T15:44:46.723000+00:00,96.882,30.94,42.004,23.938,HARD,13,False,False,False,0,True,valid,23.65286624203822,18.227388535031846,48.82165605095541,0,0.7859872611464969,0,0.4549999999999983,0.17549999999999955,-0.06099999999999284
507,20240302,9472,63,44,10,9472_44_2,9472,9472,,26,2024-03-02T15:44:49.842000+00:00,96.714,30.847,42.095,23.772,HARD,13,False,False,False,0,True,valid,23.65286624203822,18.227388535031846,48.82165605095541,0,0.7859872611464969,0,0.45000000000000284,0.03499999999999659,-0.2289999999999992
508,20240302,9472,63,14,6,9472_14_2,9472,9472,,26,2024-03-02T15:44:59.944000+00:00,97.638,31.295,42.393,23.95,HARD,10,False,False,False,0,True,valid,23.65286624203822,18.227388535031846,48.82165605095541,0,0.7859872611464969,0,0.8389999999999986,0.409000000000006,0.6950000000000074
509,20240302,9472,63,2,2,9472_2_2,9472,9472,,25,2024-03-02T15:45:00.546000+00:00,99.093,32.025,42.881,24.187,HARD,14,False,False,False,0,True,valid,23.65286624203822,18.227388535031846,48.82165605095541,0,0.7859872611464969,0,1.4990000000000094,1.365000000000009,2.1500000000000057
510,20240302,9472,63,24,9,9472_24_2,9472,9472,,26,2024-03-02T15:45:05.392000+00:00,97.995,31.266,42.658,24.071,HARD,16,False,False,False,0,True,valid,23.65286624203822,18.227388535031846,48.82165605095541,0,0.7859872611464969,0,1.6300000000000097,0.578000000000003,1.0520000000000067
511,20240302,9472,63,22,3,9472_22_2,9472,9472,,26,2024-03-02T15:45:06.152000+00:00,98.058,31.252,42.54,24.266,HARD,11,False,False,False,0,True,valid,23.65286624203822,18.227388535031846,48.82165605095541,0,0.7859872611464969,0,0.6990000000000123,0.4240000000000066,1.115000000000009
512,20240302,9472,63,18,6,9472_18_2,9472,9472,,26,2024-03-02T15:45:08.677000+00:00,98.133,31.156,42.759,24.218,HARD,16,False,False,False,0,True,valid,23.65286624203822,18.227388535031846,48.82165605095541,0,0.7859872611464969,0,1.6389999999999958,1.2304999999999922,1.1899999999999977
513,20240302,9472,63,20,8,9472_20_2,9472,9472,,26,2024-03-02T15:45:10.935000+00:00,98.093,31.173,42.528,24.392,HARD,14,False,False,False,0,True,valid,23.65286624203822,18.227388535031846,48.82165605095541,0,0.7859872611464969,0,1.203000000000003,0.30100000000000193,1.1500000000000057
514,20240302,9472,63,23,2,9472_23_2,9472,9472,,26,2024-03-02T15:45:11.637000+00:00,98.1,31.041,42.821,24.238,HARD,10,False,False,False,0,True,valid,23.65286624203822,18.227388535031846,48.82165605095541,0,0.7859872611464969,0,0.7079999999999984,0.22099999999998943,1.1569999999999965
515,20240302,9472,63,3,3,9472_3_2,9472,9472,,26,2024-03-02T15:45:13.232000+00:00,98.029,30.982,42.682,24.365,HARD,12,False,False,False,0,True,valid,23.65286624203822,18.227388535031846,48.82165605095541,0,0.7859872611464969,0,0.9590000000000032,0.262999999999991,1.0859999999999985
516,20240302,9472,63,31,5,9472_31_2,9472,9472,,26,2024-03-02T15:45:17.255000+00:00,98.665,31.521,42.891,24.253,HARD,15,False,False,False,0,True,valid,23.65286624203822,18.227388535031846,48.82165605095541,0,0.7859872611464969,0,1.3020000000000067,0.7630000000000052,1.7220000000000084
517,20240302,9472,63,77,9,9472_77_2,9472,9472,,26,2024-03-02T15:45:19.272000+00:00,98.308,31.266,42.752,24.29,HARD,13,False,False,False,0,True,valid,23.65286624203822,18.227388535031846,48.82165605095541,0,0.7859872611464969,0,1.8540000000000134,0.534000000000006,1.365000000000009
518,20240302,9472,63,10,5,9472_10_2,9472,9472,,26,2024-03-02T15:45:20.291000+00:00,98.379,31.256,42.673,24.45,HARD,13,False,False,False,0,True,valid,23.65286624203822,18.227388535031846,48.82165605095541,0,0.7859872611464969,0,0.8870000000000005,0.6325000000000074,1.436000000000007
519,20240302,9472,63,27,8,9472_27_3,9472,9472,,26,2024-03-02T15:45:36.511000+00:00,96.548,30.619,42.152,23.777,HARD,5,False,False,False,0,True,valid,23.65286624203822,18.227388535031846,48.82165605095541,0,0.7859872611464969,0,0.0,-0.29949999999999477,-0.394999999999996
520,20240302,9472,63,1,1,9472_1_2,9472,9472,,27,2024-03-02T15:45:54.455000+00:00,95.581,30.649,41.338,23.594,HARD,9,False,False,False,0,True,valid,23.65286624203822,18.227388535031846,48.82165605095541,0,0.7859872611464969,0,0.4210000000000065,-0.009499999999988518,-1.3619999999999948
521,20240302,9472,63,11,1,9472_11_2,9472,9472,,27,2024-03-02T15:46:07.575000+00:00,96.233,30.853,41.543,23.837,HARD,14,False,False,False,0,True,valid,23.65286624203822,18.227388535031846,48.82165605095541,0,0.7859872611464969,0,0.6270000000000095,0.003500000000002501,-0.7099999999999937
522,20240302,9472,63,55,7,9472_55_2,9472,9472,,27,2024-03-02T15:46:09.627000+00:00,96.272,30.807,41.836,23.629,HARD,12,False,False,False,0,True,valid,23.65286624203822,18.227388535031846,48.82165605095541,0,0.7859872611464969,0,0.7650000000000006,0.0975000000000108,-0.6709999999999923
523,20240302,9472,63,63,10,9472_63_2,9472,9472,,27,2024-03-02T15:46:16.674000+00:00,96.815,30.93,42.115,23.77,HARD,15,False,False,False,0,True,valid,23.65286624203822,18.227388535031846,48.82165605095541,0,0.7859872611464969,0,0.5810000000000031,0.16899999999999693,-0.1280000000000001
524,20240302,9472,63,16,7,9472_16_2,9472,9472,,27,2024-03-02T15:46:18.033000+00:00,96.831,31.081,41.881,23.869,HARD,15,False,False,False,0,True,valid,23.65286624203822,18.227388535031846,48.82165605095541,0,0.7859872611464969,0,0.3990000000000009,0.054000000000002046,-0.11199999999999477
525,20240302,9472,63,4,4,9472_4_2,9472,9472,,27,2024-03-02T15:46:20.396000+00:00,96.726,30.873,41.939,23.914,HARD,13,False,False,False,0,True,valid,23.65286624203822,18.227388535031846,48.82165605095541,0,0.7859872611464969,0,0.3100000000000023,0.15200000000000102,-0.21699999999999875
526,20240302,9472,63,81,4,9472_81_2,9472,9472,,27,2024-03-02T15:46:23.673000+00:00,96.905,31.034,41.892,23.979,HARD,14,False,False,False,0,True,valid,23.65286624203822,18.227388535031846,48.82165605095541,0,0.7859872611464969,0,0.47799999999999443,0.19849999999999568,-0.0379999999999967
527,20240302,9472,63,44,10,9472_44_2,9472,9472,,27,2024-03-02T15:46:26.503000+00:00,97.201,30.891,42.39,23.92,HARD,14,False,False,False,0,True,valid,23.65286624203822,18.227388535031846,48.82165605095541,0,0.7859872611464969,0,0.9369999999999976,0.5219999999999914,0.25799999999999557
528,20240302,9472,63,14,6,9472_14_2,9472,9472,,27,2024-03-02T15:46:37.575000+00:00,96.945,31.0,42.032,23.913,HARD,11,False,False,False,0,True,valid,23.65286624203822,18.227388535031846,48.82165605095541,0,0.7859872611464969,0,0.14599999999998658,-0.284000000000006,0.001999999999995339
529,20240302,9472,63,2,2,9472_2_2,9472,9472,,26,2024-03-02T15:46:39.536000+00:00,97.859,31.152,42.533,24.174,HARD,15,False,False,False,0,True,valid,23.65286624203822,18.227388535031846,48.82165605095541,0,0.7859872611464969,0,0.26500000000000057,0.13100000000000023,0.9159999999999968
530,20240302,9472,63,24,9,9472_24_2,9472,9472,,27,2024-03-02T15:46:43.373000+00:00,98.053,31.367,42.594,24.092,HARD,17,False,False,False,0,True,valid,23.65286624203822,18.227388535031846,48.82165605095541,0,0.7859872611464969,0,1.6880000000000024,0.6359999999999957,1.1099999999999994
531,20240302,9472,63,22,3,9472_22_2,9472,9472,,27,2024-03-02T15:46:44.254000+00:00,98.083,31.195,42.468,24.42,HARD,12,False,False,False,0,True,valid,23.65286624203822,18.227388535031846,48.82165605095541,0,0.7859872611464969,0,0.7240000000000038,0.44899999999999807,1.1400000000000006
532,20240302,9472,63,18,6,9472_18_2,9472,9472,,27,2024-03-02T15:46:46.827000+00:00,100.71,31.196,42.791,26.723,HARD,17,False,False,False,0,True,valid,23.65286624203822,18.227388535031846,48.82165605095541,0,0.7859872611464969,0,4.215999999999994,3.8074999999999903,3.766999999999996
533,20240302,9472,63,20,8,9472_20_2,9472,9472,,27,2024-03-02T15:46:49.040000+00:00,98.226,31.201,42.67,24.355,HARD,15,False,False,False,0,True,valid,23.65286624203822,18.227388535031846,48.82165605095541,0,0.7859872611464969,0,1.3359999999999985,0.4339999999999975,1.2830000000000013
534,20240302,9472,63,23,2,9472_23_2,9472,9472,,27,2024-03-02T15:46:49.675000+00:00,98.296,31.029,43.069,24.198,HARD,11,False,False,False,0,True,valid,23.65286624203822,18.227388535031846,48.82165605095541,0,0.7859872611464969,0,0.9040000000000106,0.4170000000000016,1.3530000000000086
535,20240302,9472,63,3,3,9472_3_2,9472,9472,,27,2024-03-02T15:46:51.249000+00:00,98.152,31.268,42.576,24.308,HARD,13,False,False,False,0,True,valid,23.65286624203822,18.227388535031846,48.82165605095541,0,0.7859872611464969,0,1.0820000000000078,0.3859999999999957,1.2090000000000032
536,20240302,9472,63,31,5,9472_31_2,9472,9472,,27,2024-03-02T15:46:55.750000+00:00,98.549,31.543,42.749,24.257,HARD,16,False,False,False,0,True,valid,23.65286624203822,18.227388535031846,48.82165605095541,0,0.7859872611464969,0,1.186000000000007,0.6470000000000056,1.6060000000000088
537,20240302,9472,63,77,9,9472_77_2,9472,9472,,27,2024-03-02T15:46:57.612000+00:00,98.426,31.325,42.741,24.36,HARD,14,False,False,False,0,True,valid,23.65286624203822,18.227388535031846,48.82165605095541,0,0.7859872611464969,0,1.9720000000000084,0.652000000000001,1.483000000000004
538,20240302,9472,63,10,5,9472_10_2,9472,9472,,27,2024-03-02T15:46:58.437000+00:00,98.4,31.171,42.747,24.482,HARD,14,False,False,False,0,True,valid,23.65286624203822,18.227388535031846,48.82165605095541,0,0.7859872611464969,0,0.9080000000000013,0.6535000000000082,1.4570000000000078
539,20240302,9472,63,27,8,9472_27_3,9472,9472,,27,2024-03-02T15:47:12.970000+00:00,96.647,30.719,41.983,23.945,HARD,6,False,False,False,0,True,valid,23.65286624203822,18.227388535031846,48.82165605095541,0,0.7859872611464969,0,0.09900000000000375,-0.20049999999999102,-0.29599999999999227
540,20240302,9472,63,1,1,9472_1_2,9472,9472,,28,2024-03-02T15:47:29.971000+00:00,95.477,30.588,41.272,23.617,HARD,10,False,False,False,0,True,valid,23.65286624203822,18.227388535031846,48.82165605095541,0,0.7859872611464969,0,0.3170000000000073,-0.11349999999998772,-1.465999999999994
541,20240302,9472,63,11,1,9472_11_2,9472,9472,,28,2024-03-02T15:47:43.763000+00:00,96.226,30.929,41.588,23.709,HARD,15,False,False,False,0,True,valid,23.65286624203822,18.227388535031846,48.82165605095541,0,0.7859872611464969,0,0.6200000000000045,-0.003500000000002501,-0.7169999999999987
542,20240302,9472,63,55,7,9472_55_2,9472,9472,,28,2024-03-02T15:47:45.755000+00:00,96.534,30.901,41.965,23.668,HARD,13,False,False,False,0,True,valid,23.65286624203822,18.227388535031846,48.82165605095541,0,0.7859872611464969,0,1.027000000000001,0.35950000000001125,-0.4089999999999918
543,20240302,9472,63,63,10,9472_63_2,9472,9472,,28,2024-03-02T15:47:53.442000+00:00,96.911,30.98,42.149,23.782,HARD,16,False,False,False,0,True,valid,23.65286624203822,18.227388535031846,48.82165605095541,0,0.7859872611464969,0,0.6770000000000067,0.26500000000000057,-0.031999999999996476
544,20240302,9472,63,16,7,9472_16_2,9472,9472,,28,2024-03-02T15:47:54.787000+00:00,96.907,31.019,41.971,23.917,HARD,16,False,False,False,0,True,valid,23.65286624203822,18.227388535031846,48.82165605095541,0,0.7859872611464969,0,0.4749999999999943,0.12999999999999545,-0.036000000000001364
545,20240302,9472,63,4,4,9472_4_2,9472,9472,,28,2024-03-02T15:47:57.155000+00:00,97.018,30.98,41.984,24.054,HARD,14,False,False,False,0,True,valid,23.65286624203822,18.227388535031846,48.82165605095541,0,0.7859872611464969,0,0.6020000000000039,0.4440000000000026,0.07500000000000284
546,20240302,9472,63,81,4,9472_81_2,9472,9472,,28,2024-03-02T15:48:00.491000+00:00,96.905,31.028,41.888,23.989,HARD,15,False,False,False,0,True,valid,23.65286624203822,18.227388535031846,48.82165605095541,0,0.7859872611464969,0,0.47799999999999443,0.19849999999999568,-0.0379999999999967
547,20240302,9472,63,44,10,9472_44_2,9472,9472,,28,2024-03-02T15:48:03.649000+00:00,96.692,30.907,41.948,23.837,HARD,15,False,False,False,0,True,valid,23.65286624203822,18.227388535031846,48.82165605095541,0,0.7859872611464969,0,0.42799999999999727,0.012999999999991019,-0.2510000000000048
548,20240302,9472,63,14,6,9472_14_2,9472,9472,,28,2024-03-02T15:48:14.504000+00:00,97.256,31.091,42.208,23.957,HARD,12,False,False,False,0,True,valid,23.65286624203822,18.227388535031846,48.82165605095541,0,0.7859872611464969,0,0.45699999999999363,0.027000000000001023,0.3130000000000024
549,20240302,9472,63,2,2,9472_2_2,9472,9472,,27,2024-03-02T15:48:17.458000+00:00,98.288,31.178,42.806,24.304,HARD,16,False,False,False,0,True,valid,23.65286624203822,18.227388535031846,48.82165605095541,0,0.7859872611464969,0,0.6940000000000026,0.5600000000000023,1.3449999999999989
550,20240302,9472,63,24,9,9472_24_2,9472,9472,,28,2024-03-02T15:48:21.492000+00:00,100.675,31.279,42.58,26.816,HARD,18,False,False,False,0,True,valid,23.65286624203822,18.227388535031846,48.82165605095541,0,0.7859872611464969,0,4.310000000000002,3.2579999999999956,3.7319999999999993
551,20240302,9472,63,22,3,9472_22_2,9472,9472,,28,2024-03-02T15:48:22.363000+00:00,98.164,31.266,42.608,24.29,HARD,13,False,False,False,0,True,valid,23.65286624203822,18.227388535031846,48.82165605095541,0,0.7859872611464969,0,0.8050000000000068,0.5300000000000011,1.2210000000000036
552,20240302,9472,63,20,8,9472_20_2,9472,9472,,28,2024-03-02T15:48:27.003000+00:00,97.936,31.209,42.495,24.232,HARD,16,False,False,False,0,True,valid,23.65286624203822,18.227388535031846,48.82165605095541,0,0.7859872611464969,0,1.0460000000000065,0.14400000000000546,0.9930000000000092
553,20240302,9472,63,18,6,9472_18_3,9472,9472,,28,2024-03-02T15:48:27.503000+00:00,116.64,51.64,41.554,23.446,HARD,0,True,False,False,0,False,pit_out_lap,23.65286624203822,18.227388535031846,48.82165605095541,0,0.7859872611464969,0,21.007999999999996,19.737499999999997,19.697000000000003
554,20240302,9472,63,23,2,9472_23_2,9472,9472,,28,2024-03-02T15:48:28.047000+00:00,98.048,31.108,42.692,24.248,HARD,12,False,False,False,0,True,valid,23.65286624203822,18.227388535031846,48.82165605095541,0,0.7859872611464969,0,0.6560000000000059,0.16899999999999693,1.105000000000004
555,20240302,9472,63,3,3,9472_3_2,9472,9472,,28,2024-03-02T15:48:29.382000+00:00,98.045,31.076,42.66,24.309,HARD,14,False,False,False,0,True,valid,23.65286624203822,18.227388535031846,48.82165605095541,0,0.7859872611464969,0,0.9750000000000085,0.27899999999999636,1.1020000000000039
556,20240302,9472,63,31,5,9472_31_2,9472,9472,,28,2024-03-02T15:48:34.320000+00:00,98.372,31.492,42.678,24.202,HARD,17,False,False,False,0,True,valid,23.65286624203822,18.227388535031846,48.82165605095541,0,0.7859872611464969,0,1.0090000000000003,0.46999999999999886,1.429000000000002
557,20240302,9472,63,77,9,9472_77_2,9472,9472,,28,2024-03-02T15:48:36.051000+00:00,98.595,31.285,42.889,24.421,HARD,15,False,False,False,0,True,valid,23.65286624203822,18.227388535031846,48.82165605095541,0,0.7859872611464969,0,2.1410000000000053,0.820999999999998,1.652000000000001
558,20240302,9472,63,10,5,9472_10_2,9472,9472,,28,2024-03-02T15:48:36.991000+00:00,98.615,31.351,42.788,24.476,HARD,15,False,False,False,0,True,valid,23.65286624203822,18.227388535031846,48.82165605095541,0,0.7859872611464969,0,1.1229999999999905,0.8684999999999974,1.671999999999997
559,20240302,9472,63,27,8,9472_27_3,9472,9472,,28,2024-03-02T15:48:49.656000+00:00,97.254,31.001,42.31,23.943,HARD,7,False,False,False,0,True,valid,23.65286624203822,18.227388535031846,48.82165605095541,0,0.7859872611464969,0,0.7060000000000031,0.4065000000000083,0.31100000000000705
560,20240302,9472,63,1,1,9472_1_2,9472,9472,,29,2024-03-02T15:49:05.560000+00:00,95.793,30.679,41.485,23.629,HARD,11,False,False,False,0,True,valid,23.65286624203822,18.227388535031846,48.82165605095541,0,0.7859872611464969,0,0.6330000000000098,0.20250000000001478,-1.1499999999999915
561,20240302,9472,63,11,1,9472_11_2,9472,9472,,29,2024-03-02T15:49:19.924000+00:00,96.437,30.926,41.749,23.762,HARD,16,False,False,False,0,True,valid,23.65286624203822,18.227388535031846,48.82165605095541,0,0.7859872611464969,0,0.8310000000000031,0.20749999999999602,-0.5060000000000002
562,20240302,9472,63,55,7,9472_55_2,9472,9472,,29,2024-03-02T15:49:22.302000+00:00,96.6,30.852,41.97,23.778,HARD,14,False,False,False,0,True,valid,23.65286624203822,18.227388535031846,48.82165605095541,0,0.7859872611464969,0,1.0929999999999893,0.42549999999999955,-0.3430000000000035
563,20240302,9472,63,63,10,9472_63_2,9472,9472,,29,2024-03-02T15:49:30.401000+00:00,97.066,30.993,42.224,23.849,HARD,17,False,False,False,0,True,valid,23.65286624203822,18.227388535031846,48.82165605095541,0,0.7859872611464969,0,0.8320000000000078,0.4200000000000017,0.12300000000000466
564,20240302,9472,63,16,7,9472_16_2,9472,9472,,29,2024-03-02T15:49:31.662000+00:00,96.963,30.974,42.065,23.924,HARD,17,False,False,False,0,True,valid,23.65286624203822,18.227388535031846,48.82165605095541,0,0.7859872611464969,0,0.5309999999999917,0.18599999999999284,0.01999999999999602
565,20240302,9472,63,4,4,9472_4_2,9472,9472,,29,2024-03-02T15:49:34.073000+00:00,97.041,30.879,42.16,24.002,HARD,15,False,False,False,0,True,valid,23.65286624203822,18.227388535031846,48.82165605095541,0,0.7859872611464969,0,0.625,0.46699999999999875,0.09799999999999898
566,20240302,9472,63,81,4,9472_81_2,9472,9472,,29,2024-03-02T15:49:37.484000+00:00,97.179,31.07,42.068,24.041,HARD,16,False,False,False,0,True,valid,23.65286624203822,18.227388535031846,48.82165605095541,0,0.7859872611464969,0,0.7519999999999953,0.4724999999999966,0.2360000000000042
567,20240302,9472,63,44,10,9472_44_2,9472,9472,,29,2024-03-02T15:49:40.397000+00:00,96.786,30.897,42.023,23.866,HARD,16,False,False,False,0,True,valid,23.65286624203822,18.227388535031846,48.82165605095541,0,0.7859872611464969,0,0.5220000000000056,0.10699999999999932,-0.15699999999999648
568,20240302,9472,63,14,6,9472_14_2,9472,9472,,29,2024-03-02T15:49:51.727000+00:00,97.104,30.948,42.237,23.919,HARD,13,False,False,False,0,True,valid,23.65286624203822,18.227388535031846,48.82165605095541,0,0.7859872611464969,0,0.3049999999999926,-0.125,0.16100000000000136
569,20240302,9472,63,2,2,9472_2_2,9472,9472,,28,2024-03-02T15:49:55.707000+00:00,100.535,31.128,42.603,26.804,HARD,17,False,False,False,0,True,valid,23.65286624203822,18.227388535031846,48.82165605095541,0,0.7859872611464969,0,2.9410000000000025,2.807000000000002,3.5919999999999987
570,20240302,9472,63,22,3,9472_22_2,9472,9472,,29,2024-03-02T15:50:00.438000+00:00,97.777,31.161,42.542,24.074,HARD,14,False,False,False,0,True,valid,23.65286624203822,18.227388535031846,48.82165605095541,0,0.7859872611464969,0,0.41800000000000637,0.14300000000000068,0.8340000000000032
571,20240302,9472,63,24,9,9472_24_3,9472,9472,,29,2024-03-02T15:50:02.148000+00:00,117.076,52.137,41.43,23.509,HARD,0,True,False,False,0,False,pit_out_lap,23.65286624203822,18.227388535031846,48.82165605095541,0,0.7859872611464969,0,21.617999999999995,19.658999999999992,20.132999999999996
572,20240302,9472,63,20,8,9472_20_2,9472,9472,,29,2024-03-02T15:50:05.109000+00:00,97.965,31.197,42.504,24.264,HARD,17,False,False,False,0,True,valid,23.65286624203822,18.227388535031846,48.82165605095541,0,0.7859872611464969,0,1.0750000000000028,0.17300000000000182,1.0220000000000056
573,20240302,9472,63,23,2,9472_23_2,9472,9472,,29,2024-03-02T15:50:05.928000+00:00,97.879,31.127,42.585,24.167,HARD,13,False,False,False,0,True,valid,23.65286624203822,18.227388535031846,48.82165605095541,0,0.7859872611464969,0,0.487000000000009,0.0,0.936000000000007
574,20240302,9472,63,3,3,9472_3_2,9472,9472,,29,2024-03-02T15:50:07.275000+00:00,97.96,31.066,42.637,24.257,HARD,15,False,False,False,0,True,valid,23.65286624203822,18.227388535031846,48.82165605095541,0,0.7859872611464969,0,0.8900000000000006,0.1939999999999884,1.016999999999996
575,20240302,9472,63,31,5,9472_31_2,9472,9472,,29,2024-03-02T15:50:12.684000+00:00,98.556,31.562,42.663,24.331,HARD,18,False,False,False,0,True,valid,23.65286624203822,18.227388535031846,48.82165605095541,0,0.7859872611464969,0,1.1929999999999978,0.6539999999999964,1.6129999999999995
576,20240302,9472,63,77,9,9472_77_2,9472,9472,,29,2024-03-02T15:50:14.579000+00:00,98.654,31.344,42.981,24.329,HARD,16,False,False,False,0,True,valid,23.65286624203822,18.227388535031846,48.82165605095541,0,0.7859872611464969,0,2.200000000000003,0.8799999999999955,1.7109999999999985
577,20240302,9472,63,10,5,9472_10_2,9472,9472,,29,2024-03-02T15:50:15.428000+00:00,98.55,31.301,42.807,24.442,HARD,16,False,False,False,0,True,valid,23.65286624203822,18.227388535031846,48.82165605095541,0,0.7859872611464969,0,1.0579999999999927,0.8034999999999997,1.6069999999999993
578,20240302,9472,63,18,6,9472_18_3,9472,9472,,29,2024-03-02T15:50:24.326000+00:00,95.854,30.749,41.609,23.496,HARD,1,False,False,False,0,True,valid,23.65286624203822,18.227388535031846,48.82165605095541,0,0.7859872611464969,0,0.2219999999999942,-1.0485000000000042,-1.0889999999999986
579,20240302,9472,63,27,8,9472_27_3,9472,9472,,29,2024-03-02T15:50:27.021000+00:00,96.837,30.844,42.049,23.944,HARD,8,False,False,False,0,True,valid,23.65286624203822,18.227388535031846,48.82165605095541,0,0.7859872611464969,0,0.2890000000000015,-0.010499999999993292,-0.10599999999999454
580,20240302,9472,63,1,1,9472_1_2,9472,9472,,30,2024-03-02T15:50:41.350000+00:00,95.771,30.657,41.47,23.644,HARD,12,False,False,False,0,True,valid,23.65286624203822,18.227388535031846,48.82165605095541,0,0.7859872611464969,0,0.6110000000000042,0.1805000000000092,-1.171999999999997
581,20240302,9472,63,11,1,9472_11_2,9472,9472,,30,2024-03-02T15:50:56.483000+00:00,96.313,30.916,41.643,23.754,HARD,17,False,False,False,0,True,valid,23.65286624203822,18.227388535031846,48.82165605095541,0,0.7859872611464969,0,0.7070000000000078,0.0835000000000008,-0.6299999999999955
582,20240302,9472,63,55,7,9472_55_2,9472,9472,,30,2024-03-02T15:50:58.869000+00:00,96.337,30.746,41.897,23.694,HARD,15,False,False,False,0,True,valid,23.65286624203822,18.227388535031846,48.82165605095541,0,0.7859872611464969,0,0.8299999999999983,0.16250000000000853,-0.6059999999999945
583,20240302,9472,63,63,10,9472_63_2,9472,9472,,30,2024-03-02T15:51:07.487000+00:00,97.186,31.03,42.221,23.935,HARD,18,False,False,False,0,True,valid,23.65286624203822,18.227388535031846,48.82165605095541,0,0.7859872611464969,0,0.9520000000000124,0.5400000000000063,0.2430000000000092
584,20240302,9472,63,16,7,9472_16_2,9472,9472,,30,2024-03-02T15:51:08.688000+00:00,97.158,31.134,42.03,23.994,HARD,18,False,False,False,0,True,valid,23.65286624203822,18.227388535031846,48.82165605095541,0,0.7859872611464969,0,0.7259999999999991,0.3810000000000002,0.2150000000000034
585,20240302,9472,63,4,4,9472_4_2,9472,9472,,30,2024-03-02T15:51:11.080000+00:00,96.986,30.946,42.076,23.964,HARD,16,False,False,False,0,True,valid,23.65286624203822,18.227388535031846,48.82165605095541,0,0.7859872611464969,0,0.5700000000000074,0.41200000000000614,0.043000000000006366
586,20240302,9472,63,81,4,9472_81_2,9472,9472,,30,2024-03-02T15:51:14.548000+00:00,97.177,31.02,42.067,24.09,HARD,17,False,False,False,0,True,valid,23.65286624203822,18.227388535031846,48.82165605095541,0,0.7859872611464969,0,0.75,0.47050000000000125,0.23400000000000887
587,20240302,9472,63,44,10,9472_44_2,9472,9472,,30,2024-03-02T15:51:17.081000+00:00,97.244,30.945,42.37,23.929,HARD,17,False,False,False,0,True,valid,23.65286624203822,18.227388535031846,48.82165605095541,0,0.7859872611464969,0,0.980000000000004,0.5649999999999977,0.30100000000000193
588,20240302,9472,63,14,6,9472_14_2,9472,9472,,30,2024-03-02T15:51:28.922000+00:00,96.982,30.976,42.05,23.956,HARD,14,False,False,False,0,True,valid,23.65286624203822,18.227388535031846,48.82165605095541,0,0.7859872611464969,0,0.18299999999999272,-0.2469999999999999,0.03900000000000148
589,20240302,9472,63,2,2,9472_2_3,9472,9472,,29,2024-03-02T15:51:36.212000+00:00,121.581,52.601,45.132,23.848,HARD,0,True,False,False,0,False,pit_out_lap,23.65286624203822,18.227388535031846,48.82165605095541,0,0.7859872611464969,0,25.866,23.85300000000001,24.638000000000005
590,20240302,9472,63,22,3,9472_22_2,9472,9472,,30,2024-03-02T15:51:38.198000+00:00,97.477,31.158,42.314,24.005,HARD,15,False,False,False,0,True,valid,23.65286624203822,18.227388535031846,48.82165605095541,0,0.7859872611464969,0,0.11800000000000921,-0.15699999999999648,0.534000000000006
591,20240302,9472,63,20,8,9472_20_2,9472,9472,,30,2024-03-02T15:51:43.074000+00:00,98.04,31.138,42.655,24.247,HARD,18,False,False,False,0,True,valid,23.65286624203822,18.227388535031846,48.82165605095541,0,0.7859872611464969,0,1.1500000000000057,0.24800000000000466,1.0970000000000084
592,20240302,9472,63,23,2,9472_23_2,9472,9472,,30,2024-03-02T15:51:43.826000+00:00,97.968,31.045,42.634,24.289,HARD,14,False,False,False,0,True,valid,23.65286624203822,18.227388535031846,48.82165605095541,0,0.7859872611464969,0,0.5760000000000076,0.08899999999999864,1.0250000000000057
593,20240302,9472,63,3,3,9472_3_2,9472,9472,,30,2024-03-02T15:51:45.437000+00:00,97.978,31.075,42.576,24.327,HARD,16,False,False,False,0,True,valid,23.65286624203822,18.227388535031846,48.82165605095541,0,0.7859872611464969,0,0.9080000000000013,0.21199999999998909,1.0349999999999966
594,20240302,9472,63,31,5,9472_31_2,9472,9472,,30,2024-03-02T15:51:51.294000+00:00,101.21,31.546,42.7,26.964,HARD,19,False,False,False,0,True,valid,23.65286624203822,18.227388535031846,48.82165605095541,0,0.7859872611464969,0,3.846999999999994,3.3079999999999927,4.266999999999996
595,20240302,9472,63,77,9,9472_77_2,9472,9472,,30,2024-03-02T15:51:53.373000+00:00,101.252,31.469,42.763,27.02,HARD,17,False,False,False,0,True,valid,23.65286624203822,18.227388535031846,48.82165605095541,0,0.7859872611464969,0,4.798000000000002,3.4779999999999944,4.3089999999999975
596,20240302,9472,63,10,5,9472_10_2,9472,9472,,30,2024-03-02T15:51:53.997000+00:00,98.832,31.368,42.942,24.522,HARD,17,False,False,False,0,True,valid,23.65286624203822,18.227388535031846,48.82165605095541,0,0.7859872611464969,0,1.3399999999999892,1.0854999999999961,1.8889999999999958
597,20240302,9472,63,24,9,9472_24_3,9472,9472,,30,2024-03-02T15:51:59.185000+00:00,95.458,30.674,41.19,23.594,HARD,1,False,False,False,0,True,valid,23.65286624203822,18.227388535031846,48.82165605095541,0,0.7859872611464969,0,0.0,-1.9590000000000032,-1.4849999999999994
598,20240302,9472,63,18,6,9472_18_3,9472,9472,,30,2024-03-02T15:52:00.091000+00:00,95.632,30.429,41.682,23.521,HARD,2,False,False,False,0,True,valid,23.65286624203822,18.227388535031846,48.82165605095541,0,0.7859872611464969,0,0.0,-1.2704999999999984,-1.3109999999999928
599,20240302,9472,63,27,8,9472_27_3,9472,9472,,30,2024-03-02T15:52:03.821000+00:00,96.691,30.738,41.973,23.98,HARD,9,False,False,False,0,True,valid,23.65286624203822,18.227388535031846,48.82165605095541,0,0.7859872611464969,0,0.14300000000000068,-0.1564999999999941,-0.25199999999999534
600,20240302,9472,63,1,1,9472_1_2,9472,9472,,31,2024-03-02T15:52:17.140000+00:00,95.679,30.635,41.435,23.609,HARD,13,False,False,False,0,True,valid,23.65286624203822,18.227388535031846,48.82165605095541,0,0.7859872611464969,0,0.5190000000000055,0.08850000000001046,-1.2639999999999958
601,20240302,9472,63,11,1,9472_11_2,9472,9472,,31,2024-03-02T15:52:32.773000+00:00,96.339,30.843,41.752,23.744,HARD,18,False,False,False,0,True,valid,23.65286624203822,18.227388535031846,48.82165605095541,0,0.7859872611464969,0,0.7330000000000041,0.10949999999999704,-0.6039999999999992
602,20240302,9472,63,55,7,9472_55_2,9472,9472,,31,2024-03-02T15:52:35.311000+00:00,96.537,30.851,41.959,23.727,HARD,16,False,False,False,0,True,valid,23.65286624203822,18.227388535031846,48.82165605095541,0,0.7859872611464969,0,1.0300000000000011,0.36250000000001137,-0.4059999999999917
603,20240302,9472,63,63,10,9472_63_2,9472,9472,,31,2024-03-02T15:52:44.710000+00:00,99.405,31.061,42.153,26.191,HARD,19,False,False,False,0,True,valid,23.65286624203822,18.227388535031846,48.82165605095541,0,0.7859872611464969,0,3.1710000000000065,2.7590000000000003,2.4620000000000033
604,20240302,9472,63,16,7,9472_16_2,9472,9472,,31,2024-03-02T15:52:45.777000+00:00,97.031,30.999,42.079,23.953,HARD,19,False,False,False,0,True,valid,23.65286624203822,18.227388535031846,48.82165605095541,0,0.7859872611464969,0,0.5990000000000038,0.2540000000000049,0.08800000000000807
605,20240302,9472,63,4,4,9472_4_2,9472,9472,,31,2024-03-02T15:52:48.038000+00:00,97.083,30.944,42.127,24.012,HARD,17,False,False,False,0,True,valid,23.65286624203822,18.227388535031846,48.82165605095541,0,0.7859872611464969,0,0.6670000000000016,0.5090000000000003,0.14000000000000057
606,20240302,9472,63,81,4,9472_81_2,9472,9472,,31,2024-03-02T15:52:51.800000+00:00,97.57,30.979,42.516,24.075,HARD,18,False,False,False,0,True,valid,23.65286624203822,18.227388535031846,48.82165605095541,0,0.7859872611464969,0,1.1429999999999865,0.8634999999999877,0.6269999999999953
607,20240302,9472,63,44,10,9472_44_2,9472,9472,,31,2024-03-02T15:52:54.392000+00:00,96.975,30.837,42.175,23.963,HARD,18,False,False,False,0,True,valid,23.65286624203822,18.227388535031846,48.82165605095541,0,0.7859872611464969,0,0.7109999999999985,0.29599999999999227,0.031999999999996476
608,20240302,9472,63,14,6,9472_14_2,9472,9472,,31,2024-03-02T15:53:05.945000+00:00,96.957,30.866,42.192,23.899,HARD,15,False,False,False,0,True,valid,23.65286624203822,18.227388535031846,48.82165605095541,0,0.7859872611464969,0,0.15799999999998704,-0.27200000000000557,0.013999999999995794
609,20240302,9472,63,22,3,9472_22_2,9472,9472,,31,2024-03-02T15:53:15.776000+00:00,97.468,31.151,42.349,23.968,HARD,16,False,False,False,0,True,valid,23.65286624203822,18.227388535031846,48.82165605095541,0,0.7859872611464969,0,0.10900000000000887,-0.16599999999999682,0.5250000000000057
610,20240302,9472,63,20,8,9472_20_2,9472,9472,,31,2024-03-02T15:53:21.168000+00:00,98.0,31.181,42.628,24.191,HARD,19,False,False,False,0,True,valid,23.65286624203822,18.227388535031846,48.82165605095541,0,0.7859872611464969,0,1.1099999999999994,0.2079999999999984,1.0570000000000022
611,20240302,9472,63,23,2,9472_23_2,9472,9472,,31,2024-03-02T15:53:21.851000+00:00,98.135,31.093,42.811,24.231,HARD,15,False,False,False,0,True,valid,23.65286624203822,18.227388535031846,48.82165605095541,0,0.7859872611464969,0,0.7430000000000092,0.2560000000000002,1.1920000000000073
612,20240302,9472,63,3,3,9472_3_2,9472,9472,,31,2024-03-02T15:53:23.390000+00:00,98.154,31.167,42.688,24.299,HARD,17,False,False,False,0,True,valid,23.65286624203822,18.227388535031846,48.82165605095541,0,0.7859872611464969,0,1.0840000000000032,0.387999999999991,1.2109999999999985
613,20240302,9472,63,31,5,9472_31_3,9472,9472,,31,2024-03-02T15:53:32.529000+00:00,119.322,52.935,42.397,23.99,HARD,0,True,False,False,0,False,pit_out_lap,23.65286624203822,18.227388535031846,48.82165605095541,0,0.7859872611464969,0,23.096000000000004,21.42,22.379000000000005
614,20240302,9472,63,10,5,9472_10_2,9472,9472,,31,2024-03-02T15:53:32.808000+00:00,100.432,31.182,42.455,26.795,HARD,18,False,False,False,0,True,valid,23.65286624203822,18.227388535031846,48.82165605095541,0,0.7859872611464969,0,2.9399999999999977,2.6855000000000047,3.4890000000000043
615,20240302,9472,63,77,9,9472_77_3,9472,9472,,31,2024-03-02T15:53:34.689000+00:00,170.266,,42.63,23.793,HARD,0,True,False,False,0,False,pit_out_lap,23.65286624203822,18.227388535031846,48.82165605095541,0,0.7859872611464969,0,74.064,72.49199999999999,73.323
616,20240302,9472,63,24,9,9472_24_3,9472,9472,,31,2024-03-02T15:53:34.762000+00:00,96.297,30.846,41.644,23.807,HARD,2,False,False,False,0,True,valid,23.65286624203822,18.227388535031846,48.82165605095541,0,0.7859872611464969,0,0.8389999999999986,-1.1200000000000045,-0.6460000000000008
617,20240302,9472,63,18,6,9472_18_3,9472,9472,,31,2024-03-02T15:53:35.670000+00:00,96.202,30.622,41.79,23.79,HARD,3,False,False,False,0,True,valid,23.65286624203822,18.227388535031846,48.82165605095541,0,0.7859872611464969,0,0.5699999999999932,-0.7005000000000052,-0.7409999999999997
618,20240302,9472,63,2,2,9472_2_3,9472,9472,,30,2024-03-02T15:53:37.819000+00:00,95.715,30.623,41.483,23.609,HARD,1,False,False,False,0,True,valid,23.65286624203822,18.227388535031846,48.82165605095541,0,0.7859872611464969,0,0.0,-2.012999999999991,-1.2279999999999944
619,20240302,9472,63,27,8,9472_27_3,9472,9472,,31,2024-03-02T15:53:40.475000+00:00,96.578,30.717,41.966,23.895,HARD,10,False,False,False,0,True,valid,23.65286624203822,18.227388535031846,48.82165605095541,0,0.7859872611464969,0,0.030000000000001137,-0.26949999999999363,-0.3649999999999949
620,20240302,9472,63,1,1,9472_1_2,9472,9472,,32,2024-03-02T15:53:52.829000+00:00,95.886,30.669,41.519,23.698,HARD,14,False,False,False,0,True,valid,23.65286624203822,18.227388535031846,48.82165605095541,0,0.7859872611464969,0,0.7259999999999991,0.2955000000000041,-1.0570000000000022
621,20240302,9472,63,11,1,9472_11_2,9472,9472,,32,2024-03-02T15:54:09.049000+00:00,96.276,30.856,41.671,23.749,HARD,19,False,False,False,0,True,valid,23.65286624203822,18.227388535031846,48.82165605095541,0,0.7859872611464969,0,0.6700000000000017,0.04649999999999466,-0.6670000000000016
622,20240302,9472,63,55,7,9472_55_2,9472,9472,,32,2024-03-02T15:54:11.818000+00:00,96.762,30.873,42.115,23.774,HARD,17,False,False,False,0,True,valid,23.65286624203822,18.227388535031846,48.82165605095541,0,0.7859872611464969,0,1.2549999999999955,0.5875000000000057,-0.18099999999999739
623,20240302,9472,63,16,7,9472_16_2,9472,9472,,32,2024-03-02T15:54:22.697000+00:00,96.941,31.153,41.922,23.866,HARD,20,False,False,False,0,True,valid,23.65286624203822,18.227388535031846,48.82165605095541,0,0.7859872611464969,0,0.5090000000000003,0.16400000000000148,-0.001999999999995339
624,20240302,9472,63,63,10,9472_63_3,9472,9472,,32,2024-03-02T15:54:23.977000+00:00,117.267,52.151,41.641,23.475,HARD,0,True,False,False,0,False,pit_out_lap,23.65286624203822,18.227388535031846,48.82165605095541,0,0.7859872611464969,0,22.201999999999998,20.620999999999995,20.323999999999998
625,20240302,9472,63,4,4,9472_4_2,9472,9472,,32,2024-03-02T15:54:25.231000+00:00,97.171,30.994,42.14,24.037,HARD,18,False,False,False,0,True,valid,23.65286624203822,18.227388535031846,48.82165605095541,0,0.7859872611464969,0,0.7550000000000097,0.5970000000000084,0.22800000000000864
626,20240302,9472,63,81,4,9472_81_2,9472,9472,,32,2024-03-02T15:54:29.304000+00:00,97.163,30.956,42.2,24.007,HARD,19,False,False,False,0,True,valid,23.65286624203822,18.227388535031846,48.82165605095541,0,0.7859872611464969,0,0.73599999999999,0.45649999999999125,0.21999999999999886
627,20240302,9472,63,44,10,9472_44_2,9472,9472,,32,2024-03-02T15:54:31.271000+00:00,97.325,31.076,42.235,24.014,HARD,19,False,False,False,0,True,valid,23.65286624203822,18.227388535031846,48.82165605095541,0,0.7859872611464969,0,1.061000000000007,0.6460000000000008,0.382000000000005
628,20240302,9472,63,14,6,9472_14_2,9472,9472,,32,2024-03-02T15:54:42.778000+00:00,97.056,31.023,42.0,24.033,HARD,16,False,False,False,0,True,valid,23.65286624203822,18.227388535031846,48.82165605095541,0,0.7859872611464969,0,0.2569999999999908,-0.17300000000000182,0.11299999999999955
629,20240302,9472,63,22,3,9472_22_2,9472,9472,,32,2024-03-02T15:54:53.228000+00:00,97.847,31.448,42.329,24.07,HARD,17,False,False,False,0,True,valid,23.65286624203822,18.227388535031846,48.82165605095541,0,0.7859872611464969,0,0.48799999999999955,0.21299999999999386,0.9039999999999964
630,20240302,9472,63,20,8,9472_20_2,9472,9472,,32,2024-03-02T15:54:59.087000+00:00,100.565,31.273,42.416,26.876,HARD,20,False,False,False,0,True,valid,23.65286624203822,18.227388535031846,48.82165605095541,0,0.7859872611464969,0,3.674999999999997,2.772999999999996,3.622
631,20240302,9472,63,23,2,9472_23_2,9472,9472,,32,2024-03-02T15:55:00.293000+00:00,98.183,31.143,42.707,24.333,HARD,16,False,False,False,0,True,valid,23.65286624203822,18.227388535031846,48.82165605095541,0,0.7859872611464969,0,0.791000000000011,0.30400000000000205,1.240000000000009
632,20240302,9472,63,3,3,9472_3_2,9472,9472,,32,2024-03-02T15:55:01.443000+00:00,98.025,31.075,42.662,24.288,HARD,18,False,False,False,0,True,valid,23.65286624203822,18.227388535031846,48.82165605095541,0,0.7859872611464969,0,0.9550000000000125,0.25900000000000034,1.0820000000000078
633,20240302,9472,63,24,9,9472_24_3,9472,9472,,32,2024-03-02T15:55:10.879000+00:00,96.048,30.646,41.735,23.667,HARD,3,False,False,False,0,True,valid,23.65286624203822,18.227388535031846,48.82165605095541,0,0.7859872611464969,0,0.5900000000000034,-1.3689999999999998,-0.894999999999996
634,20240302,9472,63,18,6,9472_18_3,9472,9472,,32,2024-03-02T15:55:11.874000+00:00,95.821,30.248,41.8,23.773,HARD,4,False,False,False,0,True,valid,23.65286624203822,18.227388535031846,48.82165605095541,0,0.7859872611464969,0,0.18899999999999295,-1.0815000000000055,-1.1219999999999999
635,20240302,9472,63,10,5,9472_10_3,9472,9472,,32,2024-03-02T15:55:13.184000+00:00,119.77,53.98,41.978,23.812,HARD,0,True,False,False,0,False,pit_out_lap,23.65286624203822,18.227388535031846,48.82165605095541,0,0.7859872611464969,0,23.658,22.0235,22.826999999999998
636,20240302,9472,63,2,2,9472_2_3,9472,9472,,31,2024-03-02T15:55:13.608000+00:00,96.713,30.539,42.489,23.685,HARD,2,False,False,False,0,True,valid,23.65286624203822,18.227388535031846,48.82165605095541,0,0.7859872611464969,0,0.9979999999999905,-1.0150000000000006,-0.23000000000000398
637,20240302,9472,63,27,8,9472_27_3,9472,9472,,32,2024-03-02T15:55:17.012000+00:00,96.935,30.961,41.987,23.987,HARD,11,False,False,False,0,True,valid,23.65286624203822,18.227388535031846,48.82165605095541,0,0.7859872611464969,0,0.38700000000000045,0.08750000000000568,-0.007999999999995566
638,20240302,9472,63,1,1,9472_1_2,9472,9472,,33,2024-03-02T15:55:28.580000+00:00,95.863,30.69,41.459,23.714,HARD,15,False,False,False,0,True,valid,23.65286624203822,18.227388535031846,48.82165605095541,0,0.7859872611464969,0,0.703000000000003,0.27250000000000796,-1.0799999999999983
639,20240302,9472,63,31,5,9472_31_3,9472,9472,,32,2024-03-02T15:55:31.848000+00:00,96.887,31.059,41.959,23.869,HARD,1,False,False,False,0,True,valid,23.65286624203822,18.227388535031846,48.82165605095541,0,0.7859872611464969,0,0.6610000000000014,-1.0150000000000006,-0.055999999999997385
640,20240302,9472,63,11,1,9472_11_2,9472,9472,,33,2024-03-02T15:55:45.441000+00:00,96.564,30.907,41.752,23.905,HARD,20,False,False,False,0,True,valid,23.65286624203822,18.227388535031846,48.82165605095541,0,0.7859872611464969,0,0.9579999999999984,0.33449999999999136,-0.3790000000000049
641,20240302,9472,63,55,7,9472_55_2,9472,9472,,33,2024-03-02T15:55:48.562000+00:00,96.556,30.833,41.987,23.736,HARD,18,False,False,False,0,True,valid,23.65286624203822,18.227388535031846,48.82165605095541,0,0.7859872611464969,0,1.0489999999999924,0.3815000000000026,-0.38700000000000045
642,20240302,9472,63,16,7,9472_16_2,9472,9472,,33,2024-03-02T15:55:59.834000+00:00,96.741,30.99,41.868,23.883,HARD,21,False,False,False,0,True,valid,23.65286624203822,18.227388535031846,48.82165605095541,0,0.7859872611464969,0,0.3089999999999975,-0.036000000000001364,-0.20199999999999818
643,20240302,9472,63,4,4,9472_4_2,9472,9472,,33,2024-03-02T15:56:02.409000+00:00,99.626,31.223,42.016,26.387,HARD,19,False,False,False,0,True,valid,23.65286624203822,18.227388535031846,48.82165605095541,0,0.7859872611464969,0,3.210000000000008,3.0520000000000067,2.683000000000007
644,20240302,9472,63,81,4,9472_81_2,9472,9472,,33,2024-03-02T15:56:06.542000+00:00,97.088,31.023,42.039,24.026,HARD,20,False,False,False,0,True,valid,23.65286624203822,18.227388535031846,48.82165605095541,0,0.7859872611464969,0,0.6609999999999872,0.3814999999999884,0.14499999999999602
645,20240302,9472,63,44,10,9472_44_2,9472,9472,,33,2024-03-02T15:56:08.561000+00:00,99.696,30.937,42.399,26.36,HARD,20,False,False,False,0,True,valid,23.65286624203822,18.227388535031846,48.82165605095541,0,0.7859872611464969,0,3.432000000000002,3.016999999999996,2.753
646,20240302,9472,63,14,6,9472_14_2,9472,9472,,33,2024-03-02T15:56:19.912000+00:00,97.202,31.106,42.136,23.96,HARD,17,False,False,False,0,True,valid,23.65286624203822,18.227388535031846,48.82165605095541,0,0.7859872611464969,0,0.4029999999999916,-0.027000000000001023,0.25900000000000034
647,20240302,9472,63,63,10,9472_63_3,9472,9472,,33,2024-03-02T15:56:21.332000+00:00,95.838,30.638,41.572,23.628,HARD,1,False,False,False,0,True,valid,23.65286624203822,18.227388535031846,48.82165605095541,0,0.7859872611464969,0,0.7729999999999961,-0.8080000000000069,-1.105000000000004
648,20240302,9472,63,77,9,9472_77_3,9472,9472,,32,2024-03-02T15:56:24.923000+00:00,96.763,30.988,42.106,23.669,HARD,1,False,False,False,0,True,valid,23.65286624203822,18.227388535031846,48.82165605095541,0,0.7859872611464969,0,0.561000000000007,-1.0109999999999957,-0.1799999999999926
649,20240302,9472,63,22,3,9472_22_2,9472,9472,,33,2024-03-02T15:56:30.990000+00:00,97.498,31.221,42.222,24.055,HARD,18,False,False,False,0,True,valid,23.65286624203822,18.227388535031846,48.82165605095541,0,0.7859872611464969,0,0.13900000000001,-0.13599999999999568,0.5550000000000068
650,20240302,9472,63,23,2,9472_23_2,9472,9472,,33,2024-03-02T15:56:38.088000+00:00,98.346,31.537,42.677,24.132,HARD,17,False,False,False,0,True,valid,23.65286624203822,18.227388535031846,48.82165605095541,0,0.7859872611464969,0,0.9540000000000077,0.46699999999999875,1.4030000000000058
651,20240302,9472,63,3,3,9472_3_2,9472,9472,,33,2024-03-02T15:56:39.538000+00:00,98.15,31.113,42.69,24.347,HARD,19,False,False,False,0,True,valid,23.65286624203822,18.227388535031846,48.82165605095541,0,0.7859872611464969,0,1.0800000000000125,0.38400000000000034,1.2070000000000078
652,20240302,9472,63,20,8,9472_20_3,9472,9472,,33,2024-03-02T15:56:39.737000+00:00,116.655,51.473,41.575,23.607,HARD,0,True,False,False,0,False,pit_out_lap,23.65286624203822,18.227388535031846,48.82165605095541,0,0.7859872611464969,0,21.085000000000008,18.863,19.712000000000003
653,20240302,9472,63,24,9,9472_24_3,9472,9472,,33,2024-03-02T15:56:47.028000+00:00,97.971,31.535,42.387,24.049,HARD,4,False,False,False,0,True,valid,23.65286624203822,18.227388535031846,48.82165605095541,0,0.7859872611464969,0,2.5130000000000052,0.554000000000002,1.0280000000000058
654,20240302,9472,63,18,6,9472_18_3,9472,9472,,33,2024-03-02T15:56:47.793000+00:00,96.349,30.607,42.088,23.654,HARD,5,False,False,False,0,True,valid,23.65286624203822,18.227388535031846,48.82165605095541,0,0.7859872611464969,0,0.7169999999999987,-0.5534999999999997,-0.5939999999999941
655,20240302,9472,63,2,2,9472_2_3,9472,9472,,32,2024-03-02T15:56:50.282000+00:00,96.563,30.82,41.868,23.875,HARD,3,False,False,False,0,True,valid,23.65286624203822,18.227388535031846,48.82165605095541,0,0.7859872611464969,0,0.847999999999999,-1.164999999999992,-0.37999999999999545
656,20240302,9472,63,27,8,9472_27_3,9472,9472,,33,2024-03-02T15:56:53.866000+00:00,96.784,30.819,41.983,23.982,HARD,12,False,False,False,0,True,valid,23.65286624203822,18.227388535031846,48.82165605095541,0,0.7859872611464969,0,0.2360000000000042,-0.06349999999999056,-0.15899999999999181
657,20240302,9472,63,1,1,9472_1_2,9472,9472,,34,2024-03-02T15:57:04.451000+00:00,96.133,30.685,41.661,23.787,HARD,16,False,False,False,0,True,valid,23.65286624203822,18.227388535031846,48.82165605095541,0,0.7859872611464969,0,0.972999999999999,0.542500000000004,-0.8100000000000023
658,20240302,9472,63,31,5,9472_31_3,9472,9472,,33,2024-03-02T15:57:08.646000+00:00,96.704,30.989,41.875,23.84,HARD,2,False,False,False,0,True,valid,23.65286624203822,18.227388535031846,48.82165605095541,0,0.7859872611464969,0,0.47799999999999443,-1.1980000000000075,-0.23900000000000432
659,20240302,9472,63,10,5,9472_10_3,9472,9472,,33,2024-03-02T15:57:13.109000+00:00,96.112,30.887,41.506,23.719,HARD,1,False,False,False,0,True,valid,23.65286624203822,18.227388535031846,48.82165605095541,0,0.7859872611464969,0,0.0,-1.6345000000000027,-0.8310000000000031
660,20240302,9472,63,11,1,9472_11_2,9472,9472,,34,2024-03-02T15:57:21.887000+00:00,96.378,30.84,41.734,23.804,HARD,21,False,False,False,0,True,valid,23.65286624203822,18.227388535031846,48.82165605095541,0,0.7859872611464969,0,0.7720000000000056,0.14849999999999852,-0.5649999999999977
661,20240302,9472,63,55,7,9472_55_2,9472,9472,,34,2024-03-02T15:57:25.132000+00:00,96.551,30.858,41.933,23.76,HARD,19,False,False,False,0,True,valid,23.65286624203822,18.227388535031846,48.82165605095541,0,0.7859872611464969,0,1.043999999999997,0.37650000000000716,-0.3919999999999959
662,20240302,9472,63,16,7,9472_16_2,9472,9472,,34,2024-03-02T15:57:36.511000+00:00,99.614,31.219,41.932,26.463,HARD,22,False,False,False,0,True,valid,23.65286624203822,18.227388535031846,48.82165605095541,0,0.7859872611464969,0,3.182000000000002,2.8370000000000033,2.6710000000000065
663,20240302,9472,63,4,4,9472_4_3,9472,9472,,34,2024-03-02T15:57:41.888000+00:00,116.898,51.869,41.547,23.482,HARD,0,True,False,False,0,False,pit_out_lap,23.65286624203822,18.227388535031846,48.82165605095541,0,0.7859872611464969,0,22.421999999999997,20.323999999999998,19.955
664,20240302,9472,63,81,4,9472_81_2,9472,9472,,34,2024-03-02T15:57:43.519000+00:00,99.211,30.933,41.867,26.411,HARD,21,False,False,False,0,True,valid,23.65286624203822,18.227388535031846,48.82165605095541,0,0.7859872611464969,0,2.783999999999992,2.504499999999993,2.2680000000000007
665,20240302,9472,63,44,10,9472_44_3,9472,9472,,34,2024-03-02T15:57:48.320000+00:00,114.974,50.966,40.903,23.105,HARD,0,True,False,False,0,False,pit_out_lap,23.65286624203822,18.227388535031846,48.82165605095541,0,0.7859872611464969,0,20.25200000000001,18.295,18.031000000000006
666,20240302,9472,63,14,6,9472_14_2,9472,9472,,34,2024-03-02T15:57:57.190000+00:00,97.601,31.211,42.33,24.06,HARD,18,False,False,False,0,True,valid,23.65286624203822,18.227388535031846,48.82165605095541,0,0.7859872611464969,0,0.8019999999999925,0.3719999999999999,0.6580000000000013
667,20240302,9472,63,63,10,9472_63_3,9472,9472,,34,2024-03-02T15:57:57.242000+00:00,95.241,30.286,41.651,23.304,HARD,2,False,False,False,0,True,valid,23.65286624203822,18.227388535031846,48.82165605095541,0,0.7859872611464969,0,0.17600000000000193,-1.4050000000000011,-1.7019999999999982
668,20240302,9472,63,77,9,9472_77_3,9472,9472,,33,2024-03-02T15:58:01.651000+00:00,96.202,30.95,41.558,23.694,HARD,2,False,False,False,0,True,valid,23.65286624203822,18.227388535031846,48.82165605095541,0,0.7859872611464969,0,0.0,-1.5720000000000027,-0.7409999999999997
669,20240302,9472,63,22,3,9472_22_2,9472,9472,,34,2024-03-02T15:58:08.559000+00:00,100.835,31.415,42.711,26.709,HARD,19,False,False,False,0,True,valid,23.65286624203822,18.227388535031846,48.82165605095541,0,0.7859872611464969,0,3.475999999999999,3.2009999999999934,3.891999999999996
670,20240302,9472,63,23,2,9472_23_2,9472,9472,,34,2024-03-02T15:58:16.540000+00:00,97.75,31.413,42.368,23.969,HARD,18,False,False,False,0,True,valid,23.65286624203822,18.227388535031846,48.82165605095541,0,0.7859872611464969,0,0.3580000000000041,-0.1290000000000049,0.8070000000000022
671,20240302,9472,63,3,3,9472_3_2,9472,9472,,34,2024-03-02T15:58:17.784000+00:00,98.246,31.246,42.766,24.234,HARD,20,False,False,False,0,True,valid,23.65286624203822,18.227388535031846,48.82165605095541,0,0.7859872611464969,0,1.176000000000002,0.47999999999998977,1.3029999999999973
672,20240302,9472,63,18,6,9472_18_3,9472,9472,,34,2024-03-02T15:58:24.160000+00:00,96.332,30.969,41.709,23.654,HARD,6,False,False,False,0,True,valid,23.65286624203822,18.227388535031846,48.82165605095541,0,0.7859872611464969,0,0.6999999999999886,-0.5705000000000098,-0.6110000000000042
673,20240302,9472,63,24,9,9472_24_3,9472,9472,,34,2024-03-02T15:58:24.865000+00:00,96.518,30.678,41.938,23.902,HARD,5,False,False,False,0,True,valid,23.65286624203822,18.227388535031846,48.82165605095541,0,0.7859872611464969,0,1.0600000000000023,-0.8990000000000009,-0.42499999999999716
674,20240302,9472,63,2,2,9472_2_3,9472,9472,,33,2024-03-02T15:58:26.854000+00:00,97.433,30.732,42.718,23.983,HARD,4,False,False,False,0,True,valid,23.65286624203822,18.227388535031846,48.82165605095541,0,0.7859872611464969,0,1.7180000000000035,-0.2949999999999875,0.4900000000000091
675,20240302,9472,63,27,8,9472_27_3,9472,9472,,34,2024-03-02T15:58:30.792000+00:00,96.692,30.777,41.947,23.968,HARD,13,False,False,False,0,True,valid,23.65286624203822,18.227388535031846,48.82165605095541,0,0.7859872611464969,0,0.14399999999999125,-0.15550000000000352,-0.2510000000000048
676,20240302,9472,63,20,8,9472_20_3,9472,9472,,34,2024-03-02T15:58:36.398000+00:00,95.57,30.532,41.409,23.629,HARD,1,False,False,False,0,True,valid,23.65286624203822,18.227388535031846,48.82165605095541,0,0.7859872611464969,0,0.0,-2.2220000000000084,-1.3730000000000047
677,20240302,9472,63,1,1,9472_1_2,9472,9472,,35,2024-03-02T15:58:40.909000+00:00,96.018,30.727,41.557,23.734,HARD,17,False,False,False,0,True,valid,23.65286624203822,18.227388535031846,48.82165605095541,0,0.7859872611464969,0,0.8580000000000041,0.4275000000000091,-0.9249999999999972
678,20240302,9472,63,31,5,9472_31_3,9472,9472,,34,2024-03-02T15:58:45.414000+00:00,96.226,30.898,41.549,23.779,HARD,3,False,False,False,0,True,valid,23.65286624203822,18.227388535031846,48.82165605095541,0,0.7859872611464969,0,0.0,-1.676000000000002,-0.7169999999999987
679,20240302,9472,63,10,5,9472_10_3,9472,9472,,34,2024-03-02T15:58:49.282000+00:00,96.622,31.142,41.747,23.733,HARD,2,False,False,False,0,True,valid,23.65286624203822,18.227388535031846,48.82165605095541,0,0.7859872611464969,0,0.5100000000000051,-1.1244999999999976,-0.32099999999999795
680,20240302,9472,63,11,1,9472_11_2,9472,9472,,35,2024-03-02T15:58:58.323000+00:00,96.776,30.938,41.91,23.928,HARD,22,False,False,False,0,True,valid,23.65286624203822,18.227388535031846,48.82165605095541,0,0.7859872611464969,0,1.1700000000000017,0.5464999999999947,-0.1670000000000016
681,20240302,9472,63,55,7,9472_55_2,9472,9472,,35,2024-03-02T15:59:01.692000+00:00,99.274,30.872,42.117,26.285,HARD,20,False,False,False,0,True,valid,23.65286624203822,18.227388535031846,48.82165605095541,0,0.7859872611464969,0,3.766999999999996,3.099500000000006,2.331000000000003
682,20240302,9472,63,16,7,9472_16_3,9472,9472,,35,2024-03-02T15:59:16.179000+00:00,116.166,51.681,41.26,23.225,HARD,0,True,False,False,0,False,pit_out_lap,23.65286624203822,18.227388535031846,48.82165605095541,0,0.7859872611464969,0,22.075999999999993,19.388999999999996,19.223
683,20240302,9472,63,81,4,9472_81_3,9472,9472,,35,2024-03-02T15:59:22.693000+00:00,119.703,53.392,42.529,23.782,HARD,0,True,False,False,0,False,pit_out_lap,23.65286624203822,18.227388535031846,48.82165605095541,0,0.7859872611464969,0,24.929000000000002,22.996499999999997,22.760000000000005
684,20240302,9472,63,63,10,9472_63_3,9472,9472,,35,2024-03-02T15:59:32.340000+00:00,95.772,30.587,41.817,23.368,HARD,3,False,False,False,0,True,valid,23.65286624203822,18.227388535031846,48.82165605095541,0,0.7859872611464969,0,0.7070000000000078,-0.8739999999999952,-1.1709999999999923
685,20240302,9472,63,14,6,9472_14_2,9472,9472,,35,2024-03-02T15:59:34.685000+00:00,97.273,31.078,42.219,23.976,HARD,19,False,False,False,0,True,valid,23.65286624203822,18.227388535031846,48.82165605095541,0,0.7859872611464969,0,0.47399999999998954,0.04399999999999693,0.3299999999999983
686,20240302,9472,63,77,9,9472_77_3,9472,9472,,34,2024-03-02T15:59:37.854000+00:00,98.009,32.25,42.108,23.651,HARD,3,False,False,False,0,True,valid,23.65286624203822,18.227388535031846,48.82165605095541,0,0.7859872611464969,0,1.8070000000000022,0.23499999999999943,1.0660000000000025
687,20240302,9472,63,4,4,9472_4_3,9472,9472,,35,2024-03-02T15:59:38.849000+00:00,94.476,30.32,40.838,23.318,HARD,1,False,False,False,0,True,valid,23.65286624203822,18.227388535031846,48.82165605095541,0,0.7859872611464969,0,0.0,-2.097999999999999,-2.4669999999999987
688,20240302,9472,63,44,10,9472_44_3,9472,9472,,35,2024-03-02T15:59:43.463000+00:00,95.489,30.776,41.304,23.409,HARD,1,False,False,False,0,True,valid,23.65286624203822,18.227388535031846,48.82165605095541,0,0.7859872611464969,0,0.7670000000000101,-1.1899999999999977,-1.4539999999999935
689,20240302,9472,63,22,3,9472_22_3,9472,9472,,35,2024-03-02T15:59:49.437000+00:00,117.417,52.138,41.771,23.508,HARD,0,True,False,False,0,False,pit_out_lap,23.65286624203822,18.227388535031846,48.82165605095541,0,0.7859872611464969,0,21.584000000000003,19.783,20.474000000000004
690,20240302,9472,63,23,2,9472_23_2,9472,9472,,35,2024-03-02T15:59:54.284000+00:00,97.767,31.295,42.496,23.976,HARD,19,False,False,False,0,True,valid,23.65286624203822,18.227388535031846,48.82165605095541,0,0.7859872611464969,0,0.375,-0.11200000000000898,0.8239999999999981
691,20240302,9472,63,3,3,9472_3_2,9472,9472,,35,2024-03-02T15:59:55.950000+00:00,100.595,31.087,42.747,26.761,HARD,21,False,False,False,0,True,valid,23.65286624203822,18.227388535031846,48.82165605095541,0,0.7859872611464969,0,3.5250000000000057,2.8289999999999935,3.652000000000001
692,20240302,9472,63,18,6,9472_18_3,9472,9472,,35,2024-03-02T16:00:00.516000+00:00,96.242,30.837,41.766,23.639,HARD,7,False,False,False,0,True,valid,23.65286624203822,18.227388535031846,48.82165605095541,0,0.7859872611464969,0,0.6099999999999994,-0.660499999999999,-0.7009999999999934
693,20240302,9472,63,24,9,9472_24_3,9472,9472,,35,2024-03-02T16:00:01.522000+00:00,96.546,30.612,41.954,23.98,HARD,6,False,False,False,0,True,valid,23.65286624203822,18.227388535031846,48.82165605095541,0,0.7859872611464969,0,1.088000000000008,-0.8709999999999951,-0.39699999999999136
694,20240302,9472,63,2,2,9472_2_3,9472,9472,,34,2024-03-02T16:00:04.211000+00:00,96.475,30.708,41.944,23.823,HARD,5,False,False,False,0,True,valid,23.65286624203822,18.227388535031846,48.82165605095541,0,0.7859872611464969,0,0.7599999999999909,-1.2530000000000001,-0.4680000000000035
695,20240302,9472,63,27,8,9472_27_3,9472,9472,,35,2024-03-02T16:00:07.559000+00:00,96.959,30.812,42.04,24.107,HARD,14,False,False,False,0,True,valid,23.65286624203822,18.227388535031846,48.82165605095541,0,0.7859872611464969,0,0.41100000000000136,0.1115000000000066,0.016000000000005343
696,20240302,9472,63,20,8,9472_20_3,9472,9472,,35,2024-03-02T16:00:12.060000+00:00,95.698,30.538,41.44,23.72,HARD,2,False,False,False,0,True,valid,23.65286624203822,18.227388535031846,48.82165605095541,0,0.7859872611464969,0,0.1280000000000001,-2.0940000000000083,-1.2450000000000045
697,20240302,9472,63,1,1,9472_1_2,9472,9472,,36,2024-03-02T16:00:16.699000+00:00,96.205,30.794,41.561,23.85,HARD,18,False,False,False,0,True,valid,23.65286624203822,18.227388535031846,48.82165605095541,0,0.7859872611464969,0,1.0450000000000017,0.6145000000000067,-0.7379999999999995
698,20240302,9472,63,31,5,9472_31_3,9472,9472,,35,2024-03-02T16:00:21.630000+00:00,96.354,31.008,41.594,23.752,HARD,4,False,False,False,0,True,valid,23.65286624203822,18.227388535031846,48.82165605095541,0,0.7859872611464969,0,0.1280000000000001,-1.5480000000000018,-0.5889999999999986
699,20240302,9472,63,10,5,9472_10_3,9472,9472,,35,2024-03-02T16:00:25.901000+00:00,96.313,31.058,41.573,23.682,HARD,3,False,False,False,0,True,valid,23.65286624203822,18.227388535031846,48.82165605095541,0,0.7859872611464969,0,0.20100000000000762,-1.4334999999999951,-0.6299999999999955
700,20240302,9472,63,11,1,9472_11_2,9472,9472,,36,2024-03-02T16:00:35.159000+00:00,99.365,31.014,41.781,26.57,HARD,23,False,False,False,0,True,valid,23.65286624203822,18.227388535031846,48.82165605095541,0,0.7859872611464969,0,3.7590000000000003,3.1354999999999933,2.421999999999997
701,20240302,9472,63,55,7,9472_55_3,9472,9472,,36,2024-03-02T16:00:40.929000+00:00,115.62,50.852,41.528,23.24,HARD,0,True,False,False,0,False,pit_out_lap,23.65286624203822,18.227388535031846,48.82165605095541,0,0.7859872611464969,0,21.113,19.44550000000001,18.677000000000007
702,20240302,9472,63,63,10,9472_63_3,9472,9472,,36,2024-03-02T16:01:08.133000+00:00,95.434,30.608,41.494,23.332,HARD,4,False,False,False,0,True,valid,23.65286624203822,18.227388535031846,48.82165605095541,0,0.7859872611464969,0,0.3689999999999998,-1.2120000000000033,-1.5090000000000003
703,20240302,9472,63,14,6,9472_14_2,9472,9472,,36,2024-03-02T16:01:11.896000+00:00,98.343,31.245,42.631,24.467,HARD,20,False,False,False,0,True,valid,23.65286624203822,18.227388535031846,48.82165605095541,0,0.7859872611464969,0,1.543999999999997,1.1140000000000043,1.4000000000000057
704,20240302,9472,63,16,7,9472_16_3,9472,9472,,36,2024-03-02T16:01:12.318000+00:00,94.09,30.063,40.65,23.377,HARD,1,False,False,False,0,True,valid,23.65286624203822,18.227388535031846,48.82165605095541,0,0.7859872611464969,0,0.0,-2.6869999999999976,-2.8529999999999944
705,20240302,9472,63,4,4,9472_4_3,9472,9472,,36,2024-03-02T16:01:13.329000+00:00,95.69,30.162,42.072,23.456,HARD,2,False,False,False,0,True,valid,23.65286624203822,18.227388535031846,48.82165605095541,0,0.7859872611464969,0,1.2139999999999986,-0.8840000000000003,-1.2530000000000001
706,20240302,9472,63,77,9,9472_77_3,9472,9472,,35,2024-03-02T16:01:15.792000+00:00,96.578,30.892,41.986,23.7,HARD,4,False,False,False,0,True,valid,23.65286624203822,18.227388535031846,48.82165605095541,0,0.7859872611464969,0,0.3760000000000048,-1.195999999999998,-0.3649999999999949
707,20240302,9472,63,44,10,9472_44_3,9472,9472,,36,2024-03-02T16:01:18.768000+00:00,95.279,30.303,41.653,23.323,HARD,2,False,False,False,0,True,valid,23.65286624203822,18.227388535031846,48.82165605095541,0,0.7859872611464969,0,0.5570000000000022,-1.4000000000000057,-1.6640000000000015
708,20240302,9472,63,81,4,9472_81_3,9472,9472,,36,2024-03-02T16:01:22.454000+00:00,95.153,30.577,41.125,23.451,HARD,1,False,False,False,0,True,valid,23.65286624203822,18.227388535031846,48.82165605095541,0,0.7859872611464969,0,0.3790000000000049,-1.5534999999999997,-1.789999999999992
709,20240302,9472,63,23,2,9472_23_2,9472,9472,,36,2024-03-02T16:01:31.930000+00:00,100.333,31.337,42.433,26.563,HARD,20,False,False,False,0,True,valid,23.65286624203822,18.227388535031846,48.82165605095541,0,0.7859872611464969,0,2.9410000000000025,2.4539999999999935,3.3900000000000006
710,20240302,9472,63,3,3,9472_3_3,9472,9472,,36,2024-03-02T16:01:36.398000+00:00,116.995,51.904,41.57,23.521,SOFT,0,True,False,False,0,False,pit_out_lap,23.65286624203822,18.227388535031846,48.82165605095541,0,0.7859872611464969,0,21.832000000000008,19.229,20.052000000000007
711,20240302,9472,63,18,6,9472_18_3,9472,9472,,36,2024-03-02T16:01:36.672000+00:00,96.086,30.694,41.748,23.644,HARD,8,False,False,False,0,True,valid,23.65286624203822,18.227388535031846,48.82165605095541,0,0.7859872611464969,0,0.4539999999999935,-0.8165000000000049,-0.8569999999999993
712,20240302,9472,63,24,9,9472_24_3,9472,9472,,36,2024-03-02T16:01:37.947000+00:00,96.931,31.09,41.967,23.874,HARD,7,False,False,False,0,True,valid,23.65286624203822,18.227388535031846,48.82165605095541,0,0.7859872611464969,0,1.472999999999999,-0.4860000000000042,-0.012000000000000455
713,20240302,9472,63,2,2,9472_2_3,9472,9472,,35,2024-03-02T16:01:40.784000+00:00,96.859,31.015,42.023,23.821,HARD,6,False,False,False,0,True,valid,23.65286624203822,18.227388535031846,48.82165605095541,0,0.7859872611464969,0,1.1439999999999912,-0.8689999999999998,-0.08400000000000318
714,20240302,9472,63,27,8,9472_27_3,9472,9472,,36,2024-03-02T16:01:44.289000+00:00,96.795,30.86,41.931,24.004,HARD,15,False,False,False,0,True,valid,23.65286624203822,18.227388535031846,48.82165605095541,0,0.7859872611464969,0,0.2469999999999999,-0.052499999999994884,-0.14799999999999613
715,20240302,9472,63,22,3,9472_22_3,9472,9472,,36,2024-03-02T16:01:46.840000+00:00,97.706,31.984,41.954,23.768,HARD,1,False,False,False,0,True,valid,23.65286624203822,18.227388535031846,48.82165605095541,0,0.7859872611464969,0,1.8730000000000047,0.07200000000000273,0.7630000000000052
716,20240302,9472,63,20,8,9472_20_3,9472,9472,,36,2024-03-02T16:01:47.554000+00:00,95.851,30.227,41.898,23.726,HARD,3,False,False,False,0,True,valid,23.65286624203822,18.227388535031846,48.82165605095541,0,0.7859872611464969,0,0.2810000000000059,-1.9410000000000025,-1.0919999999999987
717,20240302,9472,63,1,1,9472_1_2,9472,9472,,37,2024-03-02T16:01:52.940000+00:00,99.234,30.877,41.634,26.723,HARD,19,False,False,False,0,True,valid,23.65286624203822,18.227388535031846,48.82165605095541,0,0.7859872611464969,0,4.073999999999998,3.643500000000003,2.290999999999997
718,20240302,9472,63,31,5,9472_31_3,9472,9472,,36,2024-03-02T16:01:57.997000+00:00,97.229,31.212,42.148,23.869,HARD,5,False,False,False,0,True,valid,23.65286624203822,18.227388535031846,48.82165605095541,0,0.7859872611464969,0,1.0030000000000001,-0.6730000000000018,0.28600000000000136
719,20240302,9472,63,10,5,9472_10_3,9472,9472,,36,2024-03-02T16:02:02.129000+00:00,96.45,31.034,41.612,23.804,HARD,4,False,False,False,0,True,valid,23.65286624203822,18.227388535031846,48.82165605095541,0,0.7859872611464969,0,0.33800000000000807,-1.2964999999999947,-0.492999999999995
720,20240302,9472,63,11,1,9472_11_3,9472,9472,,37,2024-03-02T16:02:14.469000+00:00,115.808,51.096,41.214,23.498,SOFT,0,True,False,False,0,False,pit_out_lap,23.65286624203822,18.227388535031846,48.82165605095541,0,0.7859872611464969,0,21.444000000000003,19.578500000000005,18.86500000000001
721,20240302,9472,63,55,7,9472_55_3,9472,9472,,37,2024-03-02T16:02:36.585000+00:00,95.302,30.695,41.39,23.217,HARD,1,False,False,False,0,True,valid,23.65286624203822,18.227388535031846,48.82165605095541,0,0.7859872611464969,0,0.7950000000000017,-0.8724999999999881,-1.6409999999999911
722,20240302,9472,63,63,10,9472_63_3,9472,9472,,37,2024-03-02T16:02:43.566000+00:00,95.481,30.566,41.586,23.329,HARD,5,False,False,False,0,True,valid,23.65286624203822,18.227388535031846,48.82165605095541,0,0.7859872611464969,0,0.4159999999999968,-1.1650000000000063,-1.4620000000000033
723,20240302,9472,63,16,7,9472_16_3,9472,9472,,37,2024-03-02T16:02:46.475000+00:00,94.897,30.611,40.962,23.324,HARD,2,False,False,False,0,True,valid,23.65286624203822,18.227388535031846,48.82165605095541,0,0.7859872611464969,0,0.8070000000000022,-1.8799999999999955,-2.0459999999999923
724,20240302,9472,63,4,4,9472_4_3,9472,9472,,37,2024-03-02T16:02:48.969000+00:00,95.067,30.355,41.339,23.373,HARD,3,False,False,False,0,True,valid,23.65286624203822,18.227388535031846,48.82165605095541,0,0.7859872611464969,0,0.590999999999994,-1.507000000000005,-1.8760000000000048
725,20240302,9472,63,14,6,9472_14_2,9472,9472,,37,2024-03-02T16:02:50.254000+00:00,96.799,30.5,42.284,24.015,HARD,21,False,False,False,0,True,valid,23.65286624203822,18.227388535031846,48.82165605095541,0,0.7859872611464969,0,0.0,-0.4299999999999926,-0.14399999999999125
726,20240302,9472,63,77,9,9472_77_3,9472,9472,,36,2024-03-02T16:02:52.351000+00:00,96.792,30.8,41.963,24.029,HARD,5,False,False,False,0,True,valid,23.65286624203822,18.227388535031846,48.82165605095541,0,0.7859872611464969,0,0.5900000000000034,-0.9819999999999993,-0.15099999999999625
727,20240302,9472,63,44,10,9472_44_3,9472,9472,,37,2024-03-02T16:02:54.111000+00:00,95.597,30.384,41.575,23.638,HARD,3,False,False,False,0,True,valid,23.65286624203822,18.227388535031846,48.82165605095541,0,0.7859872611464969,0,0.875,-1.0820000000000078,-1.3460000000000036
728,20240302,9472,63,81,4,9472_81_3,9472,9472,,37,2024-03-02T16:02:57.644000+00:00,94.774,30.469,40.772,23.533,HARD,2,False,False,False,0,True,valid,23.65286624203822,18.227388535031846,48.82165605095541,0,0.7859872611464969,0,0.0,-1.9325000000000045,-2.168999999999997
729,20240302,9472,63,23,2,9472_23_3,9472,9472,,37,2024-03-02T16:03:12.274000+00:00,117.632,52.093,41.867,23.672,HARD,0,True,False,False,0,False,pit_out_lap,23.65286624203822,18.227388535031846,48.82165605095541,0,0.7859872611464969,0,21.909000000000006,19.753,20.689000000000007
730,20240302,9472,63,18,6,9472_18_3,9472,9472,,37,2024-03-02T16:03:12.668000+00:00,95.987,30.676,41.775,23.536,HARD,9,False,False,False,0,True,valid,23.65286624203822,18.227388535031846,48.82165605095541,0,0.7859872611464969,0,0.35499999999998977,-0.9155000000000086,-0.9560000000000031
731,20240302,9472,63,24,9,9472_24_3,9472,9472,,37,2024-03-02T16:03:15.061000+00:00,96.805,30.874,42.13,23.801,HARD,8,False,False,False,0,True,valid,23.65286624203822,18.227388535031846,48.82165605095541,0,0.7859872611464969,0,1.3470000000000084,-0.6119999999999948,-0.13799999999999102
732,20240302,9472,63,2,2,9472_2_3,9472,9472,,36,2024-03-02T16:03:17.715000+00:00,96.462,30.805,41.808,23.849,HARD,7,False,False,False,0,True,valid,23.65286624203822,18.227388535031846,48.82165605095541,0,0.7859872611464969,0,0.7469999999999999,-1.2659999999999911,-0.48099999999999454
733,20240302,9472,63,27,8,9472_27_3,9472,9472,,37,2024-03-02T16:03:21.152000+00:00,96.723,30.847,41.94,23.936,HARD,16,False,False,False,0,True,valid,23.65286624203822,18.227388535031846,48.82165605095541,0,0.7859872611464969,0,0.17499999999999716,-0.12449999999999761,-0.21999999999999886
734,20240302,9472,63,20,8,9472_20_3,9472,9472,,37,2024-03-02T16:03:23.492000+00:00,95.741,30.546,41.491,23.704,HARD,4,False,False,False,0,True,valid,23.65286624203822,18.227388535031846,48.82165605095541,0,0.7859872611464969,0,0.17100000000000648,-2.051000000000002,-1.2019999999999982
735,20240302,9472,63,22,3,9472_22_3,9472,9472,,37,2024-03-02T16:03:24.464000+00:00,95.833,30.48,41.686,23.667,HARD,2,False,False,False,0,True,valid,23.65286624203822,18.227388535031846,48.82165605095541,0,0.7859872611464969,0,0.0,-1.801000000000002,-1.1099999999999994
736,20240302,9472,63,1,1,9472_1_3,9472,9472,,38,2024-03-02T16:03:32.041000+00:00,116.445,51.526,41.562,23.357,SOFT,0,True,False,False,0,False,pit_out_lap,23.65286624203822,18.227388535031846,48.82165605095541,0,0.7859872611464969,0,23.83699999999999,20.8545,19.501999999999995
737,20240302,9472,63,3,3,9472_3_3,9472,9472,,37,2024-03-02T16:03:33.600000+00:00,95.163,30.422,41.226,23.515,SOFT,1,False,False,False,0,True,valid,23.65286624203822,18.227388535031846,48.82165605095541,0,0.7859872611464969,0,0.0,-2.6030000000000086,-1.7800000000000011
738,20240302,9472,63,31,5,9472_31_3,9472,9472,,37,2024-03-02T16:03:35.199000+00:00,96.58,31.059,41.755,23.766,HARD,6,False,False,False,0,True,valid,23.65286624203822,18.227388535031846,48.82165605095541,0,0.7859872611464969,0,0.3539999999999992,-1.3220000000000027,-0.36299999999999955
739,20240302,9472,63,10,5,9472_10_3,9472,9472,,37,2024-03-02T16:03:38.575000+00:00,96.629,31.148,41.595,23.886,HARD,5,False,False,False,0,True,valid,23.65286624203822,18.227388535031846,48.82165605095541,0,0.7859872611464969,0,0.5170000000000101,-1.1174999999999926,-0.31399999999999295
740,20240302,9472,63,11,1,9472_11_3,9472,9472,,38,2024-03-02T16:04:10.206000+00:00,94.804,30.581,40.931,23.292,SOFT,1,False,False,False,0,True,valid,23.65286624203822,18.227388535031846,48.82165605095541,0,0.7859872611464969,0,0.4399999999999977,-1.4254999999999995,-2.138999999999996
741,20240302,9472,63,55,7,9472_55_3,9472,9472,,38,2024-03-02T16:04:11.792000+00:00,95.1,30.631,41.329,23.14,HARD,2,False,False,False,0,True,valid,23.65286624203822,18.227388535031846,48.82165605095541,0,0.7859872611464969,0,0.5929999999999893,-1.0745000000000005,-1.8430000000000035
742,20240302,9472,63,63,10,9472_63_3,9472,9472,,38,2024-03-02T16:04:19.070000+00:00,95.479,30.6,41.469,23.41,HARD,6,False,False,False,0,True,valid,23.65286624203822,18.227388535031846,48.82165605095541,0,0.7859872611464969,0,0.4140000000000015,-1.1670000000000016,-1.4639999999999986
743,20240302,9472,63,16,7,9472_16_3,9472,9472,,38,2024-03-02T16:04:21.318000+00:00,94.783,30.55,40.953,23.28,HARD,3,False,False,False,0,True,valid,23.65286624203822,18.227388535031846,48.82165605095541,0,0.7859872611464969,0,0.6929999999999978,-1.9939999999999998,-2.1599999999999966
744,20240302,9472,63,4,4,9472_4_3,9472,9472,,38,2024-03-02T16:04:24.164000+00:00,95.149,30.48,41.161,23.508,HARD,4,False,False,False,0,True,valid,23.65286624203822,18.227388535031846,48.82165605095541,0,0.7859872611464969,0,0.6730000000000018,-1.4249999999999972,-1.793999999999997
745,20240302,9472,63,14,6,9472_14_2,9472,9472,,38,2024-03-02T16:04:27.131000+00:00,97.297,30.952,42.212,24.133,HARD,22,False,False,False,0,True,valid,23.65286624203822,18.227388535031846,48.82165605095541,0,0.7859872611464969,0,0.49799999999999045,0.06799999999999784,0.3539999999999992
746,20240302,9472,63,77,9,9472_77_3,9472,9472,,37,2024-03-02T16:04:29.158000+00:00,98.008,31.511,42.24,24.257,HARD,6,False,False,False,0,True,valid,23.65286624203822,18.227388535031846,48.82165605095541,0,0.7859872611464969,0,1.8059999999999974,0.23399999999999466,1.0649999999999977
747,20240302,9472,63,44,10,9472_44_3,9472,9472,,38,2024-03-02T16:04:29.729000+00:00,94.966,30.06,41.423,23.483,HARD,4,False,False,False,0,True,valid,23.65286624203822,18.227388535031846,48.82165605095541,0,0.7859872611464969,0,0.24399999999999977,-1.713000000000008,-1.9770000000000039
748,20240302,9472,63,81,4,9472_81_3,9472,9472,,38,2024-03-02T16:04:32.414000+00:00,95.298,30.613,41.055,23.63,HARD,3,False,False,False,0,True,valid,23.65286624203822,18.227388535031846,48.82165605095541,0,0.7859872611464969,0,0.5240000000000009,-1.4085000000000036,-1.644999999999996
749,20240302,9472,63,18,6,9472_18_3,9472,9472,,38,2024-03-02T16:04:48.629000+00:00,96.364,30.776,41.926,23.662,HARD,10,False,False,False,0,True,valid,23.65286624203822,18.227388535031846,48.82165605095541,0,0.7859872611464969,0,0.7319999999999993,-0.5384999999999991,-0.5789999999999935
750,20240302,9472,63,24,9,9472_24_3,9472,9472,,38,2024-03-02T16:04:51.723000+00:00,96.857,30.915,42.149,23.793,HARD,9,False,False,False,0,True,valid,23.65286624203822,18.227388535031846,48.82165605095541,0,0.7859872611464969,0,1.399000000000001,-0.5600000000000023,-0.08599999999999852
751,20240302,9472,63,2,2,9472_2_3,9472,9472,,37,2024-03-02T16:04:54.083000+00:00,96.785,30.826,42.127,23.832,HARD,8,False,False,False,0,True,valid,23.65286624203822,18.227388535031846,48.82165605095541,0,0.7859872611464969,0,1.0699999999999932,-0.9429999999999978,-0.15800000000000125
752,20240302,9472,63,27,8,9472_27_3,9472,9472,,38,2024-03-02T16:04:57.918000+00:00,100.083,32.593,42.653,24.837,HARD,17,False,False,False,0,True,valid,23.65286624203822,18.227388535031846,48.82165605095541,0,0.7859872611464969,0,3.5349999999999966,3.235500000000002,3.1400000000000006
753,20240302,9472,63,20,8,9472_20_3,9472,9472,,38,2024-03-02T16:04:59.136000+00:00,96.042,30.724,41.576,23.742,HARD,5,False,False,False,0,True,valid,23.65286624203822,18.227388535031846,48.82165605095541,0,0.7859872611464969,0,0.4720000000000084,-1.75,-0.9009999999999962
754,20240302,9472,63,22,3,9472_22_3,9472,9472,,38,2024-03-02T16:05:00.350000+00:00,97.046,30.732,42.39,23.924,HARD,3,False,False,False,0,True,valid,23.65286624203822,18.227388535031846,48.82165605095541,0,0.7859872611464969,0,1.213000000000008,-0.5879999999999939,0.10300000000000864
755,20240302,9472,63,3,3,9472_3_3,9472,9472,,38,2024-03-02T16:05:08.735000+00:00,95.46,30.496,41.41,23.554,SOFT,2,False,False,False,0,True,valid,23.65286624203822,18.227388535031846,48.82165605095541,0,0.7859872611464969,0,0.29699999999999704,-2.3060000000000116,-1.483000000000004
756,20240302,9472,63,23,2,9472_23_3,9472,9472,,38,2024-03-02T16:05:09.985000+00:00,96.129,30.735,41.742,23.652,HARD,1,False,False,False,0,True,valid,23.65286624203822,18.227388535031846,48.82165605095541,0,0.7859872611464969,0,0.4060000000000059,-1.75,-0.813999999999993
757,20240302,9472,63,31,5,9472_31_3,9472,9472,,38,2024-03-02T16:05:11.746000+00:00,96.814,31.07,41.869,23.875,HARD,7,False,False,False,0,True,valid,23.65286624203822,18.227388535031846,48.82165605095541,0,0.7859872611464969,0,0.5879999999999939,-1.088000000000008,-0.1290000000000049
758,20240302,9472,63,10,5,9472_10_3,9472,9472,,38,2024-03-02T16:05:15.172000+00:00,96.802,31.122,41.764,23.916,HARD,6,False,False,False,0,True,valid,23.65286624203822,18.227388535031846,48.82165605095541,0,0.7859872611464969,0,0.6900000000000119,-0.9444999999999908,-0.14099999999999113
759,20240302,9472,63,1,1,9472_1_3,9472,9472,,39,2024-03-02T16:05:28.544000+00:00,92.608,29.741,39.916,22.951,SOFT,1,False,False,False,0,True,valid,23.65286624203822,18.227388535031846,48.82165605095541,0,0.7859872611464969,0,0.0,-2.9824999999999875,-4.334999999999994
760,20240302,9472,63,11,1,9472_11_3,9472,9472,,39,2024-03-02T16:05:45.051000+00:00,94.607,30.563,40.893,23.151,SOFT,2,False,False,False,0,True,valid,23.65286624203822,18.227388535031846,48.82165605095541,0,0.7859872611464969,0,0.242999999999995,-1.6225000000000023,-2.3359999999999985
761,20240302,9472,63,55,7,9472_55_3,9472,9472,,39,2024-03-02T16:05:46.917000+00:00,94.709,30.481,41.066,23.162,HARD,3,False,False,False,0,True,valid,23.65286624203822,18.227388535031846,48.82165605095541,0,0.7859872611464969,0,0.20199999999999818,-1.4654999999999916,-2.2339999999999947
762,20240302,9472,63,63,10,9472_63_3,9472,9472,,39,2024-03-02T16:05:54.624000+00:00,95.204,30.547,41.329,23.328,HARD,7,False,False,False,0,True,valid,23.65286624203822,18.227388535031846,48.82165605095541,0,0.7859872611464969,0,0.1389999999999958,-1.4420000000000073,-1.7390000000000043
763,20240302,9472,63,16,7,9472_16_3,9472,9472,,39,2024-03-02T16:05:56.155000+00:00,95.087,30.604,41.077,23.406,HARD,4,False,False,False,0,True,valid,23.65286624203822,18.227388535031846,48.82165605095541,0,0.7859872611464969,0,0.9969999999999999,-1.6899999999999977,-1.8559999999999945
764,20240302,9472,63,4,4,9472_4_3,9472,9472,,39,2024-03-02T16:05:59.266000+00:00,94.88,30.35,41.047,23.483,HARD,5,False,False,False,0,True,valid,23.65286624203822,18.227388535031846,48.82165605095541,0,0.7859872611464969,0,0.40399999999999636,-1.6940000000000026,-2.0630000000000024
765,20240302,9472,63,14,6,9472_14_2,9472,9472,,39,2024-03-02T16:06:04.374000+00:00,97.946,31.253,42.438,24.255,HARD,23,False,False,False,0,True,valid,23.65286624203822,18.227388535031846,48.82165605095541,0,0.7859872611464969,0,1.1469999999999914,0.7169999999999987,1.0030000000000001
766,20240302,9472,63,44,10,9472_44_3,9472,9472,,39,2024-03-02T16:06:04.688000+00:00,94.722,30.17,41.159,23.393,HARD,5,False,False,False,0,True,valid,23.65286624203822,18.227388535031846,48.82165605095541,0,0.7859872611464969,0,0.0,-1.9570000000000078,-2.2210000000000036
767,20240302,9472,63,77,9,9472_77_3,9472,9472,,38,2024-03-02T16:06:07.159000+00:00,97.774,31.497,42.346,23.931,HARD,7,False,False,False,0,True,valid,23.65286624203822,18.227388535031846,48.82165605095541,0,0.7859872611464969,0,1.5720000000000027,0.0,0.8310000000000031
768,20240302,9472,63,81,4,9472_81_3,9472,9472,,39,2024-03-02T16:06:07.770000+00:00,94.983,30.196,41.091,23.696,HARD,4,False,False,False,0,True,valid,23.65286624203822,18.227388535031846,48.82165605095541,0,0.7859872611464969,0,0.20900000000000318,-1.7235000000000014,-1.9599999999999937
769,20240302,9472,63,18,6,9472_18_3,9472,9472,,39,2024-03-02T16:06:25.202000+00:00,96.353,30.792,41.959,23.602,HARD,11,False,False,False,0,True,valid,23.65286624203822,18.227388535031846,48.82165605095541,0,0.7859872611464969,0,0.7209999999999894,-0.549500000000009,-0.5900000000000034
770,20240302,9472,63,24,9,9472_24_3,9472,9472,,39,2024-03-02T16:06:28.541000+00:00,96.637,30.904,42.006,23.727,HARD,10,False,False,False,0,True,valid,23.65286624203822,18.227388535031846,48.82165605095541,0,0.7859872611464969,0,1.179000000000002,-0.7800000000000011,-0.3059999999999974
771,20240302,9472,63,2,2,9472_2_3,9472,9472,,38,2024-03-02T16:06:30.793000+00:00,96.732,30.786,42.026,23.92,HARD,9,False,False,False,0,True,valid,23.65286624203822,18.227388535031846,48.82165605095541,0,0.7859872611464969,0,1.016999999999996,-0.9959999999999951,-0.21099999999999852
772,20240302,9472,63,20,8,9472_20_3,9472,9472,,39,2024-03-02T16:06:35.380000+00:00,95.876,30.654,41.474,23.748,HARD,6,False,False,False,0,True,valid,23.65286624203822,18.227388535031846,48.82165605095541,0,0.7859872611464969,0,0.3060000000000116,-1.9159999999999968,-1.066999999999993
773,20240302,9472,63,22,3,9472_22_3,9472,9472,,39,2024-03-02T16:06:37.398000+00:00,96.125,30.733,41.684,23.708,HARD,4,False,False,False,0,True,valid,23.65286624203822,18.227388535031846,48.82165605095541,0,0.7859872611464969,0,0.2920000000000016,-1.5090000000000003,-0.8179999999999978
774,20240302,9472,63,27,8,9472_27_3,9472,9472,,39,2024-03-02T16:06:38.093000+00:00,97.476,30.911,42.495,24.07,HARD,18,False,False,False,0,True,valid,23.65286624203822,18.227388535031846,48.82165605095541,0,0.7859872611464969,0,0.9279999999999973,0.6285000000000025,0.5330000000000013
775,20240302,9472,63,3,3,9472_3_3,9472,9472,,39,2024-03-02T16:06:44.228000+00:00,95.475,30.559,41.392,23.524,SOFT,3,False,False,False,0,True,valid,23.65286624203822,18.227388535031846,48.82165605095541,0,0.7859872611464969,0,0.3119999999999976,-2.291000000000011,-1.4680000000000035
776,20240302,9472,63,23,2,9472_23_3,9472,9472,,39,2024-03-02T16:06:46.091000+00:00,95.856,30.737,41.65,23.469,HARD,2,False,False,False,0,True,valid,23.65286624203822,18.227388535031846,48.82165605095541,0,0.7859872611464969,0,0.13299999999999557,-2.0230000000000103,-1.0870000000000033
777,20240302,9472,63,31,5,9472_31_3,9472,9472,,39,2024-03-02T16:06:48.529000+00:00,96.552,31.088,41.717,23.747,HARD,8,False,False,False,0,True,valid,23.65286624203822,18.227388535031846,48.82165605095541,0,0.7859872611464969,0,0.3260000000000076,-1.3499999999999943,-0.39099999999999113
778,20240302,9472,63,10,5,9472_10_3,9472,9472,,39,2024-03-02T16:06:51.984000+00:00,96.537,31.022,41.7,23.815,HARD,7,False,False,False,0,True,valid,23.65286624203822,18.227388535031846,48.82165605095541,0,0.7859872611464969,0,0.42500000000001137,-1.2094999999999914,-0.4059999999999917
779,20240302,9472,63,1,1,9472_1_3,9472,9472,,40,2024-03-02T16:07:01.342000+00:00,96.589,31.014,42.023,23.552,SOFT,2,False,False,False,0,True,valid,23.65286624203822,18.227388535031846,48.82165605095541,0,0.7859872611464969,0,3.9809999999999945,0.998500000000007,-0.3539999999999992
780,20240302,9472,63,11,1,9472_11_3,9472,9472,,40,2024-03-02T16:07:19.721000+00:00,94.364,30.4,40.772,23.192,SOFT,3,False,False,False,0,True,valid,23.65286624203822,18.227388535031846,48.82165605095541,0,0.7859872611464969,0,0.0,-1.8654999999999973,-2.5789999999999935
781,20240302,9472,63,55,7,9472_55_3,9472,9472,,40,2024-03-02T16:07:21.661000+00:00,94.739,30.382,41.146,23.211,HARD,4,False,False,False,0,True,valid,23.65286624203822,18.227388535031846,48.82165605095541,0,0.7859872611464969,0,0.23199999999999932,-1.4354999999999905,-2.2039999999999935
782,20240302,9472,63,63,10,9472_63_3,9472,9472,,40,2024-03-02T16:07:29.749000+00:00,95.065,30.39,41.347,23.328,HARD,8,False,False,False,0,True,valid,23.65286624203822,18.227388535031846,48.82165605095541,0,0.7859872611464969,0,0.0,-1.581000000000003,-1.8780000000000001
783,20240302,9472,63,16,7,9472_16_3,9472,9472,,40,2024-03-02T16:07:31.234000+00:00,94.859,30.507,40.836,23.516,HARD,5,False,False,False,0,True,valid,23.65286624203822,18.227388535031846,48.82165605095541,0,0.7859872611464969,0,0.7689999999999912,-1.9180000000000064,-2.084000000000003
784,20240302,9472,63,4,4,9472_4_3,9472,9472,,40,2024-03-02T16:07:34.085000+00:00,95.276,30.366,41.222,23.688,HARD,6,False,False,False,0,True,valid,23.65286624203822,18.227388535031846,48.82165605095541,0,0.7859872611464969,0,0.7999999999999972,-1.2980000000000018,-1.6670000000000016
785,20240302,9472,63,44,10,9472_44_3,9472,9472,,40,2024-03-02T16:07:39.415000+00:00,95.041,30.443,41.198,23.4,HARD,6,False,False,False,0,True,valid,23.65286624203822,18.227388535031846,48.82165605095541,0,0.7859872611464969,0,0.3190000000000026,-1.6380000000000052,-1.902000000000001
786,20240302,9472,63,14,6,9472_14_2,9472,9472,,40,2024-03-02T16:07:42.391000+00:00,98.061,31.525,42.36,24.176,HARD,24,False,False,False,0,True,valid,23.65286624203822,18.227388535031846,48.82165605095541,0,0.7859872611464969,0,1.2620000000000005,0.8320000000000078,1.1180000000000092
787,20240302,9472,63,81,4,9472_81_3,9472,9472,,40,2024-03-02T16:07:42.787000+00:00,95.005,30.329,41.07,23.606,HARD,5,False,False,False,0,True,valid,23.65286624203822,18.227388535031846,48.82165605095541,0,0.7859872611464969,0,0.23099999999999454,-1.70150000000001,-1.9380000000000024
788,20240302,9472,63,77,9,9472_77_3,9472,9472,,39,2024-03-02T16:07:44.933000+00:00,97.189,31.047,42.287,23.855,HARD,8,False,False,False,0,True,valid,23.65286624203822,18.227388535031846,48.82165605095541,0,0.7859872611464969,0,0.9869999999999948,-0.585000000000008,0.2459999999999951
789,20240302,9472,63,18,6,9472_18_3,9472,9472,,40,2024-03-02T16:08:01.510000+00:00,96.485,30.896,41.927,23.662,HARD,12,False,False,False,0,True,valid,23.65286624203822,18.227388535031846,48.82165605095541,0,0.7859872611464969,0,0.8529999999999944,-0.417500000000004,-0.4579999999999984
790,20240302,9472,63,24,9,9472_24_3,9472,9472,,40,2024-03-02T16:08:05.196000+00:00,96.683,30.839,42.094,23.75,HARD,11,False,False,False,0,True,valid,23.65286624203822,18.227388535031846,48.82165605095541,0,0.7859872611464969,0,1.2250000000000085,-0.7339999999999947,-0.2599999999999909
791,20240302,9472,63,2,2,9472_2_3,9472,9472,,39,2024-03-02T16:08:07.594000+00:00,97.016,30.987,42.097,23.932,HARD,10,False,False,False,0,True,valid,23.65286624203822,18.227388535031846,48.82165605095541,0,0.7859872611464969,0,1.301000000000002,-0.7119999999999891,0.0730000000000075
792,20240302,9472,63,20,8,9472_20_3,9472,9472,,40,2024-03-02T16:08:11.112000+00:00,96.071,30.623,41.738,23.71,HARD,7,False,False,False,0,True,valid,23.65286624203822,18.227388535031846,48.82165605095541,0,0.7859872611464969,0,0.5010000000000048,-1.7210000000000036,-0.8719999999999999
793,20240302,9472,63,22,3,9472_22_3,9472,9472,,40,2024-03-02T16:08:13.525000+00:00,96.263,30.886,41.751,23.626,HARD,5,False,False,False,0,True,valid,23.65286624203822,18.227388535031846,48.82165605095541,0,0.7859872611464969,0,0.4300000000000068,-1.3709999999999951,-0.6799999999999926
794,20240302,9472,63,27,8,9472_27_3,9472,9472,,40,2024-03-02T16:08:15.527000+00:00,97.088,,42.126,24.051,HARD,19,False,False,False,0,True,valid,23.65286624203822,18.227388535031846,48.82165605095541,0,0.7859872611464969,0,0.539999999999992,0.24049999999999727,0.14499999999999602
795,20240302,9472,63,3,3,9472_3_3,9472,9472,,40,2024-03-02T16:08:19.639000+00:00,95.578,30.49,41.513,23.575,SOFT,4,False,False,False,0,True,valid,23.65286624203822,18.227388535031846,48.82165605095541,0,0.7859872611464969,0,0.41500000000000625,-2.1880000000000024,-1.3649999999999949
796,20240302,9472,63,23,2,9472_23_3,9472,9472,,40,2024-03-02T16:08:21.965000+00:00,95.723,30.707,41.503,23.513,HARD,3,False,False,False,0,True,valid,23.65286624203822,18.227388535031846,48.82165605095541,0,0.7859872611464969,0,0.0,-2.156000000000006,-1.2199999999999989
797,20240302,9472,63,31,5,9472_31_3,9472,9472,,40,2024-03-02T16:08:25.243000+00:00,96.608,31.053,41.754,23.801,HARD,9,False,False,False,0,True,valid,23.65286624203822,18.227388535031846,48.82165605095541,0,0.7859872611464969,0,0.382000000000005,-1.293999999999997,-0.33499999999999375
798,20240302,9472,63,10,5,9472_10_3,9472,9472,,40,2024-03-02T16:08:28.501000+00:00,96.742,31.023,41.793,23.926,HARD,8,False,False,False,0,True,valid,23.65286624203822,18.227388535031846,48.82165605095541,0,0.7859872611464969,0,0.6300000000000097,-1.004499999999993,-0.2009999999999934
799,20240302,9472,63,1,1,9472_1_3,9472,9472,,41,2024-03-02T16:08:37.813000+00:00,95.29,30.697,41.281,23.312,SOFT,3,False,False,False,0,True,valid,23.65286624203822,18.227388535031846,48.82165605095541,0,0.7859872611464969,0,2.682000000000002,-0.30049999999998533,-1.6529999999999916
800,20240302,9472,63,11,1,9472_11_3,9472,9472,,41,2024-03-02T16:08:54.055000+00:00,94.4,30.351,40.884,23.165,SOFT,4,False,False,False,0,True,valid,23.65286624203822,18.227388535031846,48.82165605095541,0,0.7859872611464969,0,0.036000000000001364,-1.829499999999996,-2.542999999999992
801,20240302,9472,63,55,7,9472_55_3,9472,9472,,41,2024-03-02T16:08:56.441000+00:00,95.041,30.638,41.205,23.198,HARD,5,False,False,False,0,True,valid,23.65286624203822,18.227388535031846,48.82165605095541,0,0.7859872611464969,0,0.5339999999999918,-1.133499999999998,-1.902000000000001
802,20240302,9472,63,63,10,9472_63_3,9472,9472,,41,2024-03-02T16:09:04.828000+00:00,95.093,30.541,41.25,23.302,HARD,9,False,False,False,0,True,valid,23.65286624203822,18.227388535031846,48.82165605095541,0,0.7859872611464969,0,0.028000000000005798,-1.5529999999999973,-1.8499999999999943
803,20240302,9472,63,16,7,9472_16_3,9472,9472,,41,2024-03-02T16:09:05.969000+00:00,95.028,30.539,41.033,23.456,HARD,6,False,False,False,0,True,valid,23.65286624203822,18.227388535031846,48.82165605095541,0,0.7859872611464969,0,0.9380000000000024,-1.7489999999999952,-1.914999999999992
804,20240302,9472,63,4,4,9472_4_3,9472,9472,,41,2024-03-02T16:09:09.505000+00:00,95.069,30.318,41.261,23.49,HARD,7,False,False,False,0,True,valid,23.65286624203822,18.227388535031846,48.82165605095541,0,0.7859872611464969,0,0.5930000000000035,-1.5049999999999955,-1.8739999999999952
805,20240302,9472,63,44,10,9472_44_3,9472,9472,,41,2024-03-02T16:09:14.712000+00:00,94.94,30.463,41.116,23.361,HARD,7,False,False,False,0,True,valid,23.65286624203822,18.227388535031846,48.82165605095541,0,0.7859872611464969,0,0.21800000000000352,-1.7390000000000043,-2.003
806,20240302,9472,63,81,4,9472_81_3,9472,9472,,41,2024-03-02T16:09:17.635000+00:00,95.109,30.504,41.055,23.55,HARD,6,False,False,False,0,True,valid,23.65286624203822,18.227388535031846,48.82165605095541,0,0.7859872611464969,0,0.33499999999999375,-1.5975000000000108,-1.8340000000000032
807,20240302,9472,63,14,6,9472_14_2,9472,9472,,41,2024-03-02T16:09:20.379000+00:00,100.261,31.046,42.415,26.8,HARD,25,False,False,False,0,True,valid,23.65286624203822,18.227388535031846,48.82165605095541,0,0.7859872611464969,0,3.461999999999989,3.0319999999999965,3.317999999999998
808,20240302,9472,63,77,9,9472_77_3,9472,9472,,40,2024-03-02T16:09:22.152000+00:00,97.393,30.903,42.672,23.818,HARD,9,False,False,False,0,True,valid,23.65286624203822,18.227388535031846,48.82165605095541,0,0.7859872611464969,0,1.1910000000000025,-0.3810000000000002,0.45000000000000284
809,20240302,9472,63,18,6,9472_18_3,9472,9472,,41,2024-03-02T16:09:37.899000+00:00,96.322,30.877,41.749,23.696,HARD,13,False,False,False,0,True,valid,23.65286624203822,18.227388535031846,48.82165605095541,0,0.7859872611464969,0,0.6899999999999977,-0.5805000000000007,-0.6209999999999951
810,20240302,9472,63,24,9,9472_24_3,9472,9472,,41,2024-03-02T16:09:42.037000+00:00,96.695,30.827,42.096,23.772,HARD,12,False,False,False,0,True,valid,23.65286624203822,18.227388535031846,48.82165605095541,0,0.7859872611464969,0,1.2369999999999948,-0.7220000000000084,-0.24800000000000466
811,20240302,9472,63,2,2,9472_2_3,9472,9472,,40,2024-03-02T16:09:44.655000+00:00,99.817,30.76,42.614,26.443,HARD,11,False,False,False,0,True,valid,23.65286624203822,18.227388535031846,48.82165605095541,0,0.7859872611464969,0,4.10199999999999,2.0889999999999986,2.8739999999999952
812,20240302,9472,63,20,8,9472_20_3,9472,9472,,41,2024-03-02T16:09:47.198000+00:00,96.34,30.645,41.845,23.85,HARD,8,False,False,False,0,True,valid,23.65286624203822,18.227388535031846,48.82165605095541,0,0.7859872611464969,0,0.7700000000000102,-1.4519999999999982,-0.6029999999999944
813,20240302,9472,63,22,3,9472_22_3,9472,9472,,41,2024-03-02T16:09:49.850000+00:00,96.179,30.801,41.719,23.659,HARD,6,False,False,False,0,True,valid,23.65286624203822,18.227388535031846,48.82165605095541,0,0.7859872611464969,0,0.34600000000000364,-1.4549999999999983,-0.7639999999999958
814,20240302,9472,63,27,8,9472_27_3,9472,9472,,41,2024-03-02T16:09:52.708000+00:00,99.569,30.889,42.038,26.642,HARD,20,False,False,False,0,True,valid,23.65286624203822,18.227388535031846,48.82165605095541,0,0.7859872611464969,0,3.021000000000001,2.721500000000006,2.6260000000000048
815,20240302,9472,63,3,3,9472_3_3,9472,9472,,41,2024-03-02T16:09:55.238000+00:00,95.644,30.564,41.478,23.602,SOFT,5,False,False,False,0,True,valid,23.65286624203822,18.227388535031846,48.82165605095541,0,0.7859872611464969,0,0.48100000000000875,-2.122,-1.2989999999999924
816,20240302,9472,63,23,2,9472_23_3,9472,9472,,41,2024-03-02T16:09:57.693000+00:00,95.885,30.746,41.557,23.582,HARD,4,False,False,False,0,True,valid,23.65286624203822,18.227388535031846,48.82165605095541,0,0.7859872611464969,0,0.16200000000000614,-1.9939999999999998,-1.0579999999999927
817,20240302,9472,63,31,5,9472_31_3,9472,9472,,41,2024-03-02T16:10:01.749000+00:00,96.621,31.034,41.826,23.761,HARD,10,False,False,False,0,True,valid,23.65286624203822,18.227388535031846,48.82165605095541,0,0.7859872611464969,0,0.394999999999996,-1.281000000000006,-0.32200000000000273
818,20240302,9472,63,10,5,9472_10_3,9472,9472,,41,2024-03-02T16:10:05.328000+00:00,96.571,30.968,41.751,23.852,HARD,9,False,False,False,0,True,valid,23.65286624203822,18.227388535031846,48.82165605095541,0,0.7859872611464969,0,0.4590000000000032,-1.1754999999999995,-0.3719999999999999
819,20240302,9472,63,1,1,9472_1_3,9472,9472,,42,2024-03-02T16:10:13.056000+00:00,94.667,30.477,40.996,23.194,SOFT,4,False,False,False,0,True,valid,23.65286624203822,18.227388535031846,48.82165605095541,0,0.7859872611464969,0,2.0589999999999975,-0.92349999999999,-2.2759999999999962
820,20240302,9472,63,11,1,9472_11_3,9472,9472,,42,2024-03-02T16:10:28.404000+00:00,94.525,30.299,40.985,23.241,SOFT,5,False,False,False,0,True,valid,23.65286624203822,18.227388535031846,48.82165605095541,0,0.7859872611464969,0,0.16100000000000136,-1.704499999999996,-2.417999999999992
821,20240302,9472,63,55,7,9472_55_3,9472,9472,,42,2024-03-02T16:10:31.440000+00:00,94.861,30.448,41.195,23.218,HARD,6,False,False,False,0,True,valid,23.65286624203822,18.227388535031846,48.82165605095541,0,0.7859872611464969,0,0.3539999999999992,-1.3134999999999906,-2.0819999999999936
822,20240302,9472,63,63,10,9472_63_3,9472,9472,,42,2024-03-02T16:10:39.923000+00:00,95.136,30.57,41.196,23.37,HARD,10,False,False,False,0,True,valid,23.65286624203822,18.227388535031846,48.82165605095541,0,0.7859872611464969,0,0.07099999999999795,-1.5100000000000051,-1.8070000000000022
823,20240302,9472,63,16,7,9472_16_3,9472,9472,,42,2024-03-02T16:10:41.023000+00:00,94.982,30.413,41.067,23.502,HARD,7,False,False,False,0,True,valid,23.65286624203822,18.227388535031846,48.82165605095541,0,0.7859872611464969,0,0.8919999999999959,-1.7950000000000017,-1.9609999999999985
824,20240302,9472,63,4,4,9472_4_3,9472,9472,,42,2024-03-02T16:10:44.570000+00:00,95.165,30.402,41.212,23.551,HARD,8,False,False,False,0,True,valid,23.65286624203822,18.227388535031846,48.82165605095541,0,0.7859872611464969,0,0.6890000000000072,-1.4089999999999918,-1.7779999999999916
825,20240302,9472,63,44,10,9472_44_3,9472,9472,,42,2024-03-02T16:10:49.383000+00:00,94.996,30.426,41.13,23.44,HARD,8,False,False,False,0,True,valid,23.65286624203822,18.227388535031846,48.82165605095541,0,0.7859872611464969,0,0.2740000000000009,-1.683000000000007,-1.9470000000000027
826,20240302,9472,63,81,4,9472_81_3,9472,9472,,42,2024-03-02T16:10:52.836000+00:00,95.341,30.605,41.21,23.526,HARD,7,False,False,False,0,True,valid,23.65286624203822,18.227388535031846,48.82165605095541,0,0.7859872611464969,0,0.5669999999999931,-1.3655000000000115,-1.6020000000000039
827,20240302,9472,63,77,9,9472_77_3,9472,9472,,41,2024-03-02T16:10:59.647000+00:00,96.437,30.804,41.851,23.782,HARD,10,False,False,False,0,True,valid,23.65286624203822,18.227388535031846,48.82165605095541,0,0.7859872611464969,0,0.23499999999999943,-1.3370000000000033,-0.5060000000000002
828,20240302,9472,63,14,6,9472_14_3,9472,9472,,42,2024-03-02T16:11:00.650000+00:00,116.899,52.077,41.387,23.435,HARD,0,True,False,False,0,False,pit_out_lap,23.65286624203822,18.227388535031846,48.82165605095541,0,0.7859872611464969,0,22.700000000000003,19.67,19.956000000000003
829,20240302,9472,63,18,6,9472_18_3,9472,9472,,42,2024-03-02T16:11:14.251000+00:00,96.343,30.774,41.917,23.652,HARD,14,False,False,False,0,True,valid,23.65286624203822,18.227388535031846,48.82165605095541,0,0.7859872611464969,0,0.7109999999999985,-0.5594999999999999,-0.5999999999999943
830,20240302,9472,63,24,9,9472_24_3,9472,9472,,42,2024-03-02T16:11:18.659000+00:00,96.652,31.038,41.86,23.754,HARD,13,False,False,False,0,True,valid,23.65286624203822,18.227388535031846,48.82165605095541,0,0.7859872611464969,0,1.1940000000000026,-0.7650000000000006,-0.2909999999999968
831,20240302,9472,63,20,8,9472_20_3,9472,9472,,42,2024-03-02T16:11:23.525000+00:00,96.31,30.72,41.743,23.847,HARD,9,False,False,False,0,True,valid,23.65286624203822,18.227388535031846,48.82165605095541,0,0.7859872611464969,0,0.7400000000000091,-1.4819999999999993,-0.6329999999999956
832,20240302,9472,63,2,2,9472_2_4,9472,9472,,41,2024-03-02T16:11:24.430000+00:00,120.282,55.516,41.323,23.443,SOFT,0,True,False,False,0,False,pit_out_lap,23.65286624203822,18.227388535031846,48.82165605095541,0,0.7859872611464969,0,25.546999999999997,22.554000000000002,23.339
833,20240302,9472,63,22,3,9472_22_3,9472,9472,,42,2024-03-02T16:11:25.885000+00:00,95.981,30.697,41.532,23.752,HARD,7,False,False,False,0,True,valid,23.65286624203822,18.227388535031846,48.82165605095541,0,0.7859872611464969,0,0.14799999999999613,-1.6530000000000058,-0.9620000000000033
834,20240302,9472,63,3,3,9472_3_3,9472,9472,,42,2024-03-02T16:11:30.851000+00:00,95.338,30.484,41.238,23.616,SOFT,6,False,False,False,0,True,valid,23.65286624203822,18.227388535031846,48.82165605095541,0,0.7859872611464969,0,0.17499999999999716,-2.4280000000000115,-1.605000000000004
835,20240302,9472,63,27,8,9472_27_4,9472,9472,,42,2024-03-02T16:11:32.243000+00:00,116.108,50.894,41.664,23.55,SOFT,0,True,False,False,0,False,pit_out_lap,23.65286624203822,18.227388535031846,48.82165605095541,0,0.7859872611464969,0,21.274,19.260500000000008,19.165000000000006
836,20240302,9472,63,23,2,9472_23_3,9472,9472,,42,2024-03-02T16:11:33.585000+00:00,95.799,30.759,41.498,23.542,HARD,5,False,False,False,0,True,valid,23.65286624203822,18.227388535031846,48.82165605095541,0,0.7859872611464969,0,0.07600000000000762,-2.0799999999999983,-1.1439999999999912
837,20240302,9472,63,31,5,9472_31_3,9472,9472,,42,2024-03-02T16:11:38.442000+00:00,96.592,31.025,41.766,23.801,HARD,11,False,False,False,0,True,valid,23.65286624203822,18.227388535031846,48.82165605095541,0,0.7859872611464969,0,0.36599999999999966,-1.3100000000000023,-0.3509999999999991
838,20240302,9472,63,10,5,9472_10_3,9472,9472,,42,2024-03-02T16:11:41.871000+00:00,96.631,30.98,41.74,23.911,HARD,10,False,False,False,0,True,valid,23.65286624203822,18.227388535031846,48.82165605095541,0,0.7859872611464969,0,0.5190000000000055,-1.1154999999999973,-0.3119999999999976
839,20240302,9472,63,1,1,9472_1_3,9472,9472,,43,2024-03-02T16:11:47.752000+00:00,94.151,30.132,40.772,23.247,SOFT,5,False,False,False,0,True,valid,23.65286624203822,18.227388535031846,48.82165605095541,0,0.7859872611464969,0,1.5429999999999922,-1.4394999999999953,-2.7920000000000016
840,20240302,9472,63,11,1,9472_11_3,9472,9472,,43,2024-03-02T16:12:02.963000+00:00,94.797,30.403,41.148,23.246,SOFT,6,False,False,False,0,True,valid,23.65286624203822,18.227388535031846,48.82165605095541,0,0.7859872611464969,0,0.4329999999999927,-1.4325000000000045,-2.146000000000001
841,20240302,9472,63,55,7,9472_55_3,9472,9472,,43,2024-03-02T16:12:06.345000+00:00,94.795,30.387,41.201,23.207,HARD,7,False,False,False,0,True,valid,23.65286624203822,18.227388535031846,48.82165605095541,0,0.7859872611464969,0,0.2879999999999967,-1.379499999999993,-2.147999999999996
842,20240302,9472,63,63,10,9472_63_3,9472,9472,,43,2024-03-02T16:12:15.140000+00:00,95.193,30.626,41.237,23.33,HARD,11,False,False,False,0,True,valid,23.65286624203822,18.227388535031846,48.82165605095541,0,0.7859872611464969,0,0.1280000000000001,-1.453000000000003,-1.75
843,20240302,9472,63,16,7,9472_16_3,9472,9472,,43,2024-03-02T16:12:16.114000+00:00,95.192,30.286,41.367,23.539,HARD,8,False,False,False,0,True,valid,23.65286624203822,18.227388535031846,48.82165605095541,0,0.7859872611464969,0,1.1019999999999897,-1.585000000000008,-1.7510000000000048
844,20240302,9472,63,4,4,9472_4_3,9472,9472,,43,2024-03-02T16:12:19.712000+00:00,95.295,30.462,41.196,23.637,HARD,9,False,False,False,0,True,valid,23.65286624203822,18.227388535031846,48.82165605095541,0,0.7859872611464969,0,0.8190000000000026,-1.2789999999999964,-1.6479999999999961
845,20240302,9472,63,44,10,9472_44_3,9472,9472,,43,2024-03-02T16:12:24.321000+00:00,94.935,30.437,41.134,23.364,HARD,9,False,False,False,0,True,valid,23.65286624203822,18.227388535031846,48.82165605095541,0,0.7859872611464969,0,0.21300000000000807,-1.7439999999999998,-2.0079999999999956
846,20240302,9472,63,81,4,9472_81_3,9472,9472,,43,2024-03-02T16:12:28.242000+00:00,95.258,30.52,41.188,23.55,HARD,8,False,False,False,0,True,valid,23.65286624203822,18.227388535031846,48.82165605095541,0,0.7859872611464969,0,0.48399999999999466,-1.44850000000001,-1.6850000000000023
847,20240302,9472,63,77,9,9472_77_3,9472,9472,,42,2024-03-02T16:12:36.028000+00:00,96.374,30.9,41.717,23.757,HARD,11,False,False,False,0,True,valid,23.65286624203822,18.227388535031846,48.82165605095541,0,0.7859872611464969,0,0.17199999999999704,-1.4000000000000057,-0.5690000000000026
848,20240302,9472,63,18,6,9472_18_3,9472,9472,,43,2024-03-02T16:12:50.652000+00:00,96.304,30.843,41.859,23.602,HARD,15,False,False,False,0,True,valid,23.65286624203822,18.227388535031846,48.82165605095541,0,0.7859872611464969,0,0.671999999999997,-0.5985000000000014,-0.6389999999999958
849,20240302,9472,63,24,9,9472_24_3,9472,9472,,43,2024-03-02T16:12:55.181000+00:00,96.771,30.877,42.071,23.823,HARD,14,False,False,False,0,True,valid,23.65286624203822,18.227388535031846,48.82165605095541,0,0.7859872611464969,0,1.3130000000000024,-0.6460000000000008,-0.17199999999999704
850,20240302,9472,63,14,6,9472_14_3,9472,9472,,43,2024-03-02T16:12:57.493000+00:00,95.107,30.517,41.055,23.535,HARD,1,False,False,False,0,True,valid,23.65286624203822,18.227388535031846,48.82165605095541,0,0.7859872611464969,0,0.9080000000000013,-2.122,-1.8359999999999985
851,20240302,9472,63,20,8,9472_20_3,9472,9472,,43,2024-03-02T16:12:59.874000+00:00,96.232,30.709,41.74,23.783,HARD,10,False,False,False,0,True,valid,23.65286624203822,18.227388535031846,48.82165605095541,0,0.7859872611464969,0,0.6620000000000061,-1.5600000000000023,-0.7109999999999985
852,20240302,9472,63,22,3,9472_22_3,9472,9472,,43,2024-03-02T16:13:01.981000+00:00,95.956,30.713,41.533,23.71,HARD,8,False,False,False,0,True,valid,23.65286624203822,18.227388535031846,48.82165605095541,0,0.7859872611464969,0,0.12300000000000466,-1.6779999999999973,-0.9869999999999948
853,20240302,9472,63,3,3,9472_3_3,9472,9472,,43,2024-03-02T16:13:06.228000+00:00,95.56,30.537,41.389,23.634,SOFT,7,False,False,False,0,True,valid,23.65286624203822,18.227388535031846,48.82165605095541,0,0.7859872611464969,0,0.39700000000000557,-2.206000000000003,-1.3829999999999956
854,20240302,9472,63,23,2,9472_23_3,9472,9472,,43,2024-03-02T16:13:09.368000+00:00,95.766,30.76,41.472,23.534,HARD,6,False,False,False,0,True,valid,23.65286624203822,18.227388535031846,48.82165605095541,0,0.7859872611464969,0,0.043000000000006366,-2.1129999999999995,-1.1769999999999925
855,20240302,9472,63,31,5,9472_31_3,9472,9472,,43,2024-03-02T16:13:14.889000+00:00,96.679,31.035,41.852,23.792,HARD,12,False,False,False,0,True,valid,23.65286624203822,18.227388535031846,48.82165605095541,0,0.7859872611464969,0,0.45300000000000296,-1.222999999999999,-0.2639999999999958
856,20240302,9472,63,10,5,9472_10_3,9472,9472,,43,2024-03-02T16:13:18.480000+00:00,99.291,31.165,41.852,26.274,HARD,11,False,False,False,0,True,valid,23.65286624203822,18.227388535031846,48.82165605095541,0,0.7859872611464969,0,3.179000000000002,1.5444999999999993,2.347999999999999
857,20240302,9472,63,1,1,9472_1_3,9472,9472,,44,2024-03-02T16:13:21.891000+00:00,94.531,30.348,40.805,23.378,SOFT,6,False,False,False,0,True,valid,23.65286624203822,18.227388535031846,48.82165605095541,0,0.7859872611464969,0,1.9230000000000018,-1.0594999999999857,-2.411999999999992
858,20240302,9472,63,2,2,9472_2_4,9472,9472,,42,2024-03-02T16:13:24.717000+00:00,94.735,30.316,40.966,23.453,SOFT,1,False,False,False,0,True,valid,23.65286624203822,18.227388535031846,48.82165605095541,0,0.7859872611464969,0,0.0,-2.992999999999995,-2.2079999999999984
859,20240302,9472,63,27,8,9472_27_4,9472,9472,,43,2024-03-02T16:13:28.286000+00:00,95.76,30.369,41.852,23.539,SOFT,1,False,False,False,0,True,valid,23.65286624203822,18.227388535031846,48.82165605095541,0,0.7859872611464969,0,0.9260000000000019,-1.0874999999999915,-1.1829999999999927
860,20240302,9472,63,11,1,9472_11_3,9472,9472,,44,2024-03-02T16:13:37.816000+00:00,94.799,30.389,41.028,23.382,SOFT,7,False,False,False,0,True,valid,23.65286624203822,18.227388535031846,48.82165605095541,0,0.7859872611464969,0,0.4350000000000023,-1.430499999999995,-2.1439999999999912
861,20240302,9472,63,55,7,9472_55_3,9472,9472,,44,2024-03-02T16:13:41.129000+00:00,94.507,30.35,40.971,23.186,HARD,8,False,False,False,0,True,valid,23.65286624203822,18.227388535031846,48.82165605095541,0,0.7859872611464969,0,0.0,-1.6674999999999898,-2.435999999999993
862,20240302,9472,63,63,10,9472_63_3,9472,9472,,44,2024-03-02T16:13:50.330000+00:00,95.162,30.573,41.252,23.337,HARD,12,False,False,False,0,True,valid,23.65286624203822,18.227388535031846,48.82165605095541,0,0.7859872611464969,0,0.09700000000000841,-1.4839999999999947,-1.7809999999999917
863,20240302,9472,63,16,7,9472_16_3,9472,9472,,44,2024-03-02T16:13:51.222000+00:00,95.051,30.468,41.124,23.459,HARD,9,False,False,False,0,True,valid,23.65286624203822,18.227388535031846,48.82165605095541,0,0.7859872611464969,0,0.9609999999999985,-1.725999999999999,-1.891999999999996
864,20240302,9472,63,4,4,9472_4_3,9472,9472,,44,2024-03-02T16:13:54.953000+00:00,95.346,30.488,41.267,23.591,HARD,10,False,False,False,0,True,valid,23.65286624203822,18.227388535031846,48.82165605095541,0,0.7859872611464969,0,0.8700000000000045,-1.2279999999999944,-1.5969999999999942
865,20240302,9472,63,44,10,9472_44_3,9472,9472,,44,2024-03-02T16:13:59.266000+00:00,95.169,30.494,41.229,23.446,HARD,10,False,False,False,0,True,valid,23.65286624203822,18.227388535031846,48.82165605095541,0,0.7859872611464969,0,0.44700000000000273,-1.5100000000000051,-1.774000000000001
866,20240302,9472,63,81,4,9472_81_3,9472,9472,,44,2024-03-02T16:14:03.437000+00:00,95.238,30.489,41.161,23.588,HARD,9,False,False,False,0,True,valid,23.65286624203822,18.227388535031846,48.82165605095541,0,0.7859872611464969,0,0.46399999999999864,-1.468500000000006,-1.7049999999999983
867,20240302,9472,63,77,9,9472_77_3,9472,9472,,43,2024-03-02T16:14:12.368000+00:00,96.569,30.907,41.761,23.901,HARD,12,False,False,False,0,True,valid,23.65286624203822,18.227388535031846,48.82165605095541,0,0.7859872611464969,0,0.36700000000000443,-1.2049999999999983,-0.3739999999999952
868,20240302,9472,63,18,6,9472_18_3,9472,9472,,44,2024-03-02T16:14:26.942000+00:00,96.564,30.788,42.023,23.753,HARD,16,False,False,False,0,True,valid,23.65286624203822,18.227388535031846,48.82165605095541,0,0.7859872611464969,0,0.931999999999988,-0.33850000000001046,-0.3790000000000049
869,20240302,9472,63,24,9,9472_24_3,9472,9472,,44,2024-03-02T16:14:32.091000+00:00,97.417,31.361,42.115,23.941,HARD,15,False,False,False,0,True,valid,23.65286624203822,18.227388535031846,48.82165605095541,0,0.7859872611464969,0,1.9590000000000032,0.0,0.47400000000000375
870,20240302,9472,63,14,6,9472_14_3,9472,9472,,44,2024-03-02T16:14:32.650000+00:00,94.981,30.334,41.382,23.265,HARD,2,False,False,False,0,True,valid,23.65286624203822,18.227388535031846,48.82165605095541,0,0.7859872611464969,0,0.7819999999999965,-2.2480000000000047,-1.9620000000000033
871,20240302,9472,63,20,8,9472_20_3,9472,9472,,44,2024-03-02T16:14:36.059000+00:00,96.249,30.647,41.679,23.923,HARD,11,False,False,False,0,True,valid,23.65286624203822,18.227388535031846,48.82165605095541,0,0.7859872611464969,0,0.679000000000002,-1.5430000000000064,-0.6940000000000026
872,20240302,9472,63,22,3,9472_22_3,9472,9472,,44,2024-03-02T16:14:37.932000+00:00,96.144,30.776,41.594,23.774,HARD,9,False,False,False,0,True,valid,23.65286624203822,18.227388535031846,48.82165605095541,0,0.7859872611464969,0,0.31100000000000705,-1.4899999999999949,-0.7989999999999924
873,20240302,9472,63,3,3,9472_3_3,9472,9472,,44,2024-03-02T16:14:41.745000+00:00,95.49,30.541,41.29,23.659,SOFT,8,False,False,False,0,True,valid,23.65286624203822,18.227388535031846,48.82165605095541,0,0.7859872611464969,0,0.3269999999999982,-2.2760000000000105,-1.453000000000003
874,20240302,9472,63,23,2,9472_23_3,9472,9472,,44,2024-03-02T16:14:45.111000+00:00,95.783,30.683,41.497,23.603,HARD,7,False,False,False,0,True,valid,23.65286624203822,18.227388535031846,48.82165605095541,0,0.7859872611464969,0,0.060000000000002274,-2.0960000000000036,-1.1599999999999966
875,20240302,9472,63,31,5,9472_31_3,9472,9472,,44,2024-03-02T16:14:51.684000+00:00,96.649,31.094,41.772,23.783,HARD,13,False,False,False,0,True,valid,23.65286624203822,18.227388535031846,48.82165605095541,0,0.7859872611464969,0,0.4230000000000018,-1.2530000000000001,-0.29399999999999693
876,20240302,9472,63,1,1,9472_1_3,9472,9472,,45,2024-03-02T16:14:56.406000+00:00,94.249,30.18,40.825,23.244,SOFT,7,False,False,False,0,True,valid,23.65286624203822,18.227388535031846,48.82165605095541,0,0.7859872611464969,0,1.6409999999999911,-1.3414999999999964,-2.6940000000000026
877,20240302,9472,63,10,5,9472_10_4,9472,9472,,44,2024-03-02T16:14:57.833000+00:00,116.481,51.887,41.099,23.495,SOFT,0,True,False,False,0,False,pit_out_lap,23.65286624203822,18.227388535031846,48.82165605095541,0,0.7859872611464969,0,21.675999999999988,18.734499999999997,19.537999999999997
878,20240302,9472,63,2,2,9472_2_4,9472,9472,,43,2024-03-02T16:14:59.489000+00:00,95.001,30.462,41.076,23.463,SOFT,2,False,False,False,0,True,valid,23.65286624203822,18.227388535031846,48.82165605095541,0,0.7859872611464969,0,0.26600000000000534,-2.7269999999999897,-1.941999999999993
879,20240302,9472,63,27,8,9472_27_4,9472,9472,,44,2024-03-02T16:15:04.002000+00:00,95.59,30.232,41.871,23.487,SOFT,2,False,False,False,0,True,valid,23.65286624203822,18.227388535031846,48.82165605095541,0,0.7859872611464969,0,0.7560000000000002,-1.2574999999999932,-1.3529999999999944
880,20240302,9472,63,11,1,9472_11_3,9472,9472,,45,2024-03-02T16:15:12.575000+00:00,94.592,30.338,40.986,23.268,SOFT,8,False,False,False,0,True,valid,23.65286624203822,18.227388535031846,48.82165605095541,0,0.7859872611464969,0,0.22799999999999443,-1.6375000000000028,-2.350999999999999
881,20240302,9472,63,55,7,9472_55_3,9472,9472,,45,2024-03-02T16:15:15.714000+00:00,94.79,30.398,41.123,23.269,HARD,9,False,False,False,0,True,valid,23.65286624203822,18.227388535031846,48.82165605095541,0,0.7859872611464969,0,0.28300000000000125,-1.3844999999999885,-2.1529999999999916
882,20240302,9472,63,63,10,9472_63_3,9472,9472,,45,2024-03-02T16:15:25.457000+00:00,95.276,30.599,41.328,23.349,HARD,13,False,False,False,0,True,valid,23.65286624203822,18.227388535031846,48.82165605095541,0,0.7859872611464969,0,0.21099999999999852,-1.3700000000000045,-1.6670000000000016
883,20240302,9472,63,16,7,9472_16_3,9472,9472,,45,2024-03-02T16:15:26.233000+00:00,95.22,30.355,41.281,23.584,HARD,10,False,False,False,0,True,valid,23.65286624203822,18.227388535031846,48.82165605095541,0,0.7859872611464969,0,1.1299999999999955,-1.5570000000000022,-1.722999999999999
884,20240302,9472,63,4,4,9472_4_3,9472,9472,,45,2024-03-02T16:15:30.301000+00:00,95.338,30.468,41.24,23.63,HARD,11,False,False,False,0,True,valid,23.65286624203822,18.227388535031846,48.82165605095541,0,0.7859872611464969,0,0.8619999999999948,-1.2360000000000042,-1.605000000000004
885,20240302,9472,63,44,10,9472_44_3,9472,9472,,45,2024-03-02T16:15:34.413000+00:00,95.184,30.483,41.299,23.402,HARD,11,False,False,False,0,True,valid,23.65286624203822,18.227388535031846,48.82165605095541,0,0.7859872611464969,0,0.4620000000000033,-1.4950000000000045,-1.7590000000000003
886,20240302,9472,63,81,4,9472_81_3,9472,9472,,45,2024-03-02T16:15:38.674000+00:00,95.306,30.589,41.14,23.577,HARD,10,False,False,False,0,True,valid,23.65286624203822,18.227388535031846,48.82165605095541,0,0.7859872611464969,0,0.5319999999999965,-1.400500000000008,-1.6370000000000005
887,20240302,9472,63,77,9,9472_77_3,9472,9472,,44,2024-03-02T16:15:48.962000+00:00,96.63,30.844,41.917,23.869,HARD,13,False,False,False,0,True,valid,23.65286624203822,18.227388535031846,48.82165605095541,0,0.7859872611464969,0,0.42799999999999727,-1.1440000000000055,-0.3130000000000024
888,20240302,9472,63,18,6,9472_18_3,9472,9472,,45,2024-03-02T16:16:03.464000+00:00,96.243,30.712,41.834,23.697,HARD,17,False,False,False,0,True,valid,23.65286624203822,18.227388535031846,48.82165605095541,0,0.7859872611464969,0,0.61099999999999,-0.6595000000000084,-0.7000000000000028
889,20240302,9472,63,14,6,9472_14_3,9472,9472,,45,2024-03-02T16:16:07.645000+00:00,94.872,30.536,41.011,23.325,HARD,3,False,False,False,0,True,valid,23.65286624203822,18.227388535031846,48.82165605095541,0,0.7859872611464969,0,0.6730000000000018,-2.3569999999999993,-2.070999999999998
890,20240302,9472,63,24,9,9472_24_3,9472,9472,,45,2024-03-02T16:16:09.411000+00:00,96.68,30.867,41.919,23.894,HARD,16,False,False,False,0,True,valid,23.65286624203822,18.227388535031846,48.82165605095541,0,0.7859872611464969,0,1.2220000000000084,-0.7369999999999948,-0.262999999999991
891,20240302,9472,63,20,8,9472_20_3,9472,9472,,45,2024-03-02T16:16:12.365000+00:00,96.349,30.692,41.776,23.881,HARD,12,False,False,False,0,True,valid,23.65286624203822,18.227388535031846,48.82165605095541,0,0.7859872611464969,0,0.7790000000000106,-1.4429999999999978,-0.5939999999999941
892,20240302,9472,63,22,3,9472_22_3,9472,9472,,45,2024-03-02T16:16:14.062000+00:00,95.964,30.648,41.47,23.846,HARD,10,False,False,False,0,True,valid,23.65286624203822,18.227388535031846,48.82165605095541,0,0.7859872611464969,0,0.13100000000000023,-1.6700000000000017,-0.9789999999999992
893,20240302,9472,63,3,3,9472_3_3,9472,9472,,45,2024-03-02T16:16:17.266000+00:00,95.57,30.497,41.402,23.671,SOFT,9,False,False,False,0,True,valid,23.65286624203822,18.227388535031846,48.82165605095541,0,0.7859872611464969,0,0.4069999999999965,-2.196000000000012,-1.3730000000000047
894,20240302,9472,63,23,2,9472_23_3,9472,9472,,45,2024-03-02T16:16:20.966000+00:00,95.758,30.607,41.495,23.656,HARD,8,False,False,False,0,True,valid,23.65286624203822,18.227388535031846,48.82165605095541,0,0.7859872611464969,0,0.03499999999999659,-2.1210000000000093,-1.1850000000000023
895,20240302,9472,63,31,5,9472_31_3,9472,9472,,45,2024-03-02T16:16:28.293000+00:00,98.049,31.188,43.027,23.834,HARD,14,False,False,False,0,True,valid,23.65286624203822,18.227388535031846,48.82165605095541,0,0.7859872611464969,0,1.8230000000000075,0.14700000000000557,1.1060000000000088
896,20240302,9472,63,1,1,9472_1_3,9472,9472,,46,2024-03-02T16:16:30.705000+00:00,94.193,30.301,40.682,23.21,SOFT,8,False,False,False,0,True,valid,23.65286624203822,18.227388535031846,48.82165605095541,0,0.7859872611464969,0,1.5849999999999937,-1.3974999999999937,-2.75
897,20240302,9472,63,2,2,9472_2_4,9472,9472,,44,2024-03-02T16:16:34.406000+00:00,95.13,30.599,41.146,23.385,SOFT,3,False,False,False,0,True,valid,23.65286624203822,18.227388535031846,48.82165605095541,0,0.7859872611464969,0,0.394999999999996,-2.597999999999999,-1.8130000000000024
898,20240302,9472,63,27,8,9472_27_4,9472,9472,,45,2024-03-02T16:16:39.522000+00:00,95.119,30.234,41.321,23.564,SOFT,3,False,False,False,0,True,valid,23.65286624203822,18.227388535031846,48.82165605095541,0,0.7859872611464969,0,0.2849999999999966,-1.7284999999999968,-1.823999999999998
899,20240302,9472,63,11,1,9472_11_3,9472,9472,,46,2024-03-02T16:16:47.132000+00:00,94.844,30.41,41.109,23.325,SOFT,9,False,False,False,0,True,valid,23.65286624203822,18.227388535031846,48.82165605095541,0,0.7859872611464969,0,0.47999999999998977,-1.3855000000000075,-2.0990000000000038
900,20240302,9472,63,55,7,9472_55_3,9472,9472,,46,2024-03-02T16:16:50.393000+00:00,94.853,30.466,41.116,23.271,HARD,10,False,False,False,0,True,valid,23.65286624203822,18.227388535031846,48.82165605095541,0,0.7859872611464969,0,0.3459999999999894,-1.3215000000000003,-2.0900000000000034
901,20240302,9472,63,10,5,9472_10_4,9472,9472,,45,2024-03-02T16:16:54.302000+00:00,94.805,30.509,40.913,23.383,SOFT,1,False,False,False,0,True,valid,23.65286624203822,18.227388535031846,48.82165605095541,0,0.7859872611464969,0,0.0,-2.9414999999999907,-2.137999999999991
902,20240302,9472,63,63,10,9472_63_3,9472,9472,,46,2024-03-02T16:17:00.856000+00:00,96.657,30.649,42.244,23.764,HARD,14,False,False,False,0,True,valid,23.65286624203822,18.227388535031846,48.82165605095541,0,0.7859872611464969,0,1.5919999999999987,0.01099999999999568,-0.28600000000000136
903,20240302,9472,63,16,7,9472_16_3,9472,9472,,46,2024-03-02T16:17:01.499000+00:00,95.058,30.238,41.4,23.42,HARD,11,False,False,False,0,True,valid,23.65286624203822,18.227388535031846,48.82165605095541,0,0.7859872611464969,0,0.9680000000000035,-1.718999999999994,-1.884999999999991
904,20240302,9472,63,4,4,9472_4_3,9472,9472,,46,2024-03-02T16:17:05.675000+00:00,95.371,30.485,41.244,23.642,HARD,12,False,False,False,0,True,valid,23.65286624203822,18.227388535031846,48.82165605095541,0,0.7859872611464969,0,0.894999999999996,-1.203000000000003,-1.5720000000000027
905,20240302,9472,63,44,10,9472_44_3,9472,9472,,46,2024-03-02T16:17:09.643000+00:00,95.285,30.569,41.258,23.458,HARD,12,False,False,False,0,True,valid,23.65286624203822,18.227388535031846,48.82165605095541,0,0.7859872611464969,0,0.5630000000000024,-1.3940000000000055,-1.6580000000000013
906,20240302,9472,63,81,4,9472_81_3,9472,9472,,46,2024-03-02T16:17:13.949000+00:00,95.296,30.594,41.178,23.524,HARD,11,False,False,False,0,True,valid,23.65286624203822,18.227388535031846,48.82165605095541,0,0.7859872611464969,0,0.5220000000000056,-1.410499999999999,-1.6469999999999914
907,20240302,9472,63,77,9,9472_77_3,9472,9472,,45,2024-03-02T16:17:25.625000+00:00,96.663,30.916,41.985,23.762,HARD,14,False,False,False,0,True,valid,23.65286624203822,18.227388535031846,48.82165605095541,0,0.7859872611464969,0,0.4609999999999985,-1.1110000000000042,-0.28000000000000114
908,20240302,9472,63,18,6,9472_18_3,9472,9472,,46,2024-03-02T16:17:39.703000+00:00,96.379,30.808,41.882,23.689,HARD,18,False,False,False,0,True,valid,23.65286624203822,18.227388535031846,48.82165605095541,0,0.7859872611464969,0,0.7469999999999999,-0.5234999999999985,-0.563999999999993
909,20240302,9472,63,14,6,9472_14_3,9472,9472,,46,2024-03-02T16:17:42.564000+00:00,95.126,30.468,41.232,23.426,HARD,4,False,False,False,0,True,valid,23.65286624203822,18.227388535031846,48.82165605095541,0,0.7859872611464969,0,0.9270000000000067,-2.1029999999999944,-1.816999999999993
910,20240302,9472,63,24,9,9472_24_3,9472,9472,,46,2024-03-02T16:17:46.133000+00:00,96.741,30.966,41.922,23.853,HARD,17,False,False,False,0,True,valid,23.65286624203822,18.227388535031846,48.82165605095541,0,0.7859872611464969,0,1.2830000000000013,-0.6760000000000019,-0.20199999999999818
911,20240302,9472,63,20,8,9472_20_3,9472,9472,,46,2024-03-02T16:17:48.695000+00:00,96.446,30.713,41.779,23.954,HARD,13,False,False,False,0,True,valid,23.65286624203822,18.227388535031846,48.82165605095541,0,0.7859872611464969,0,0.8760000000000048,-1.3460000000000036,-0.4969999999999999
912,20240302,9472,63,22,3,9472_22_3,9472,9472,,46,2024-03-02T16:17:49.996000+00:00,96.187,30.807,41.593,23.787,HARD,11,False,False,False,0,True,valid,23.65286624203822,18.227388535031846,48.82165605095541,0,0.7859872611464969,0,0.3539999999999992,-1.4470000000000027,-0.7560000000000002
913,20240302,9472,63,3,3,9472_3_3,9472,9472,,46,2024-03-02T16:17:52.732000+00:00,95.507,30.443,41.378,23.686,SOFT,10,False,False,False,0,True,valid,23.65286624203822,18.227388535031846,48.82165605095541,0,0.7859872611464969,0,0.3440000000000083,-2.2590000000000003,-1.4359999999999928
914,20240302,9472,63,23,2,9472_23_3,9472,9472,,46,2024-03-02T16:17:56.678000+00:00,96.008,30.685,41.635,23.688,HARD,9,False,False,False,0,True,valid,23.65286624203822,18.227388535031846,48.82165605095541,0,0.7859872611464969,0,0.2849999999999966,-1.8710000000000093,-0.9350000000000023
915,20240302,9472,63,1,1,9472_1_3,9472,9472,,47,2024-03-02T16:18:04.873000+00:00,94.239,30.267,40.704,23.268,SOFT,9,False,False,False,0,True,valid,23.65286624203822,18.227388535031846,48.82165605095541,0,0.7859872611464969,0,1.6310000000000002,-1.3514999999999873,-2.7039999999999935
916,20240302,9472,63,31,5,9472_31_3,9472,9472,,46,2024-03-02T16:18:06.358000+00:00,96.975,31.151,42.048,23.776,HARD,15,False,False,False,0,True,valid,23.65286624203822,18.227388535031846,48.82165605095541,0,0.7859872611464969,0,0.7489999999999952,-0.9270000000000067,0.031999999999996476
917,20240302,9472,63,2,2,9472_2_4,9472,9472,,45,2024-03-02T16:18:09.515000+00:00,95.333,30.587,41.272,23.474,SOFT,4,False,False,False,0,True,valid,23.65286624203822,18.227388535031846,48.82165605095541,0,0.7859872611464969,0,0.597999999999999,-2.394999999999996,-1.6099999999999994
918,20240302,9472,63,27,8,9472_27_4,9472,9472,,46,2024-03-02T16:18:14.684000+00:00,94.834,30.17,41.145,23.519,SOFT,4,False,False,False,0,True,valid,23.65286624203822,18.227388535031846,48.82165605095541,0,0.7859872611464969,0,0.0,-2.0134999999999934,-2.1089999999999947
919,20240302,9472,63,11,1,9472_11_3,9472,9472,,47,2024-03-02T16:18:22.055000+00:00,94.73,30.281,41.074,23.375,SOFT,10,False,False,False,0,True,valid,23.65286624203822,18.227388535031846,48.82165605095541,0,0.7859872611464969,0,0.36599999999999966,-1.4994999999999976,-2.212999999999994
920,20240302,9472,63,55,7,9472_55_3,9472,9472,,47,2024-03-02T16:18:25.312000+00:00,94.901,30.455,41.086,23.36,HARD,11,False,False,False,0,True,valid,23.65286624203822,18.227388535031846,48.82165605095541,0,0.7859872611464969,0,0.39399999999999125,-1.2734999999999985,-2.0420000000000016
921,20240302,9472,63,10,5,9472_10_4,9472,9472,,46,2024-03-02T16:18:29.135000+00:00,95.293,30.758,41.137,23.398,SOFT,2,False,False,False,0,True,valid,23.65286624203822,18.227388535031846,48.82165605095541,0,0.7859872611464969,0,0.48799999999999955,-2.453499999999991,-1.6499999999999915
922,20240302,9472,63,16,7,9472_16_3,9472,9472,,47,2024-03-02T16:18:36.521000+00:00,95.057,30.577,41.115,23.365,HARD,12,False,False,False,0,True,valid,23.65286624203822,18.227388535031846,48.82165605095541,0,0.7859872611464969,0,0.9669999999999987,-1.7199999999999989,-1.8859999999999957
923,20240302,9472,63,63,10,9472_63_3,9472,9472,,47,2024-03-02T16:18:37.350000+00:00,95.805,30.525,41.724,23.556,HARD,15,False,False,False,0,True,valid,23.65286624203822,18.227388535031846,48.82165605095541,0,0.7859872611464969,0,0.7400000000000091,-0.840999999999994,-1.137999999999991
924,20240302,9472,63,4,4,9472_4_3,9472,9472,,47,2024-03-02T16:18:41.051000+00:00,95.485,30.546,41.341,23.598,HARD,13,False,False,False,0,True,valid,23.65286624203822,18.227388535031846,48.82165605095541,0,0.7859872611464969,0,1.0090000000000003,-1.0889999999999986,-1.4579999999999984
925,20240302,9472,63,44,10,9472_44_3,9472,9472,,47,2024-03-02T16:18:44.938000+00:00,95.226,30.514,41.311,23.401,HARD,13,False,False,False,0,True,valid,23.65286624203822,18.227388535031846,48.82165605095541,0,0.7859872611464969,0,0.5040000000000049,-1.453000000000003,-1.7169999999999987
926,20240302,9472,63,81,4,9472_81_3,9472,9472,,47,2024-03-02T16:18:49.248000+00:00,95.376,30.504,41.194,23.678,HARD,12,False,False,False,0,True,valid,23.65286624203822,18.227388535031846,48.82165605095541,0,0.7859872611464969,0,0.6020000000000039,-1.3305000000000007,-1.566999999999993
927,20240302,9472,63,77,9,9472_77_3,9472,9472,,46,2024-03-02T16:19:02.196000+00:00,96.297,30.825,41.72,23.752,HARD,15,False,False,False,0,True,valid,23.65286624203822,18.227388535031846,48.82165605095541,0,0.7859872611464969,0,0.09499999999999886,-1.4770000000000039,-0.6460000000000008
928,20240302,9472,63,18,6,9472_18_3,9472,9472,,47,2024-03-02T16:19:16.194000+00:00,96.298,30.835,41.744,23.719,HARD,19,False,False,False,0,True,valid,23.65286624203822,18.227388535031846,48.82165605095541,0,0.7859872611464969,0,0.6659999999999968,-0.6045000000000016,-0.644999999999996
929,20240302,9472,63,14,6,9472_14_3,9472,9472,,47,2024-03-02T16:19:17.628000+00:00,95.225,30.596,41.183,23.446,HARD,5,False,False,False,0,True,valid,23.65286624203822,18.227388535031846,48.82165605095541,0,0.7859872611464969,0,1.0259999999999962,-2.004000000000005,-1.7180000000000035
930,20240302,9472,63,24,9,9472_24_3,9472,9472,,47,2024-03-02T16:19:22.899000+00:00,96.561,30.934,41.792,23.835,HARD,18,False,False,False,0,True,valid,23.65286624203822,18.227388535031846,48.82165605095541,0,0.7859872611464969,0,1.1030000000000086,-0.8559999999999945,-0.3819999999999908
931,20240302,9472,63,20,8,9472_20_3,9472,9472,,47,2024-03-02T16:19:25.029000+00:00,96.454,30.753,41.74,23.961,HARD,14,False,False,False,0,True,valid,23.65286624203822,18.227388535031846,48.82165605095541,0,0.7859872611464969,0,0.8840000000000003,-1.338000000000008,-0.4890000000000043
932,20240302,9472,63,22,3,9472_22_3,9472,9472,,47,2024-03-02T16:19:26.137000+00:00,96.396,30.794,41.765,23.837,HARD,12,False,False,False,0,True,valid,23.65286624203822,18.227388535031846,48.82165605095541,0,0.7859872611464969,0,0.5630000000000024,-1.2379999999999995,-0.546999999999997
933,20240302,9472,63,3,3,9472_3_3,9472,9472,,47,2024-03-02T16:19:28.393000+00:00,95.831,30.566,41.534,23.731,SOFT,11,False,False,False,0,True,valid,23.65286624203822,18.227388535031846,48.82165605095541,0,0.7859872611464969,0,0.6680000000000064,-1.9350000000000023,-1.1119999999999948
934,20240302,9472,63,23,2,9472_23_3,9472,9472,,47,2024-03-02T16:19:32.749000+00:00,96.026,30.827,41.57,23.629,HARD,10,False,False,False,0,True,valid,23.65286624203822,18.227388535031846,48.82165605095541,0,0.7859872611464969,0,0.30299999999999727,-1.8530000000000086,-0.9170000000000016
935,20240302,9472,63,1,1,9472_1_3,9472,9472,,48,2024-03-02T16:19:39.113000+00:00,94.35,30.245,40.738,23.367,SOFT,10,False,False,False,0,True,valid,23.65286624203822,18.227388535031846,48.82165605095541,0,0.7859872611464969,0,1.7419999999999902,-1.2404999999999973,-2.5930000000000035
936,20240302,9472,63,31,5,9472_31_3,9472,9472,,47,2024-03-02T16:19:43.361000+00:00,96.656,31.026,41.861,23.769,HARD,16,False,False,False,0,True,valid,23.65286624203822,18.227388535031846,48.82165605095541,0,0.7859872611464969,0,0.4300000000000068,-1.2459999999999951,-0.28699999999999193
937,20240302,9472,63,2,2,9472_2_4,9472,9472,,46,2024-03-02T16:19:44.864000+00:00,95.939,30.872,41.469,23.598,SOFT,5,False,False,False,0,True,valid,23.65286624203822,18.227388535031846,48.82165605095541,0,0.7859872611464969,0,1.2039999999999935,-1.7890000000000015,-1.0040000000000049
938,20240302,9472,63,27,8,9472_27_4,9472,9472,,47,2024-03-02T16:19:49.689000+00:00,95.226,30.362,41.251,23.613,SOFT,5,False,False,False,0,True,valid,23.65286624203822,18.227388535031846,48.82165605095541,0,0.7859872611464969,0,0.3919999999999959,-1.6214999999999975,-1.7169999999999987
939,20240302,9472,63,11,1,9472_11_3,9472,9472,,48,2024-03-02T16:19:56.684000+00:00,94.885,30.358,41.147,23.38,SOFT,11,False,False,False,0,True,valid,23.65286624203822,18.227388535031846,48.82165605095541,0,0.7859872611464969,0,0.5210000000000008,-1.3444999999999965,-2.0579999999999927
940,20240302,9472,63,55,7,9472_55_3,9472,9472,,48,2024-03-02T16:20:00.228000+00:00,94.981,30.602,41.028,23.351,HARD,12,False,False,False,0,True,valid,23.65286624203822,18.227388535031846,48.82165605095541,0,0.7859872611464969,0,0.47399999999998954,-1.1935000000000002,-1.9620000000000033
941,20240302,9472,63,10,5,9472_10_4,9472,9472,,47,2024-03-02T16:20:04.338000+00:00,95.341,30.735,41.065,23.541,SOFT,3,False,False,False,0,True,valid,23.65286624203822,18.227388535031846,48.82165605095541,0,0.7859872611464969,0,0.5359999999999872,-2.4055000000000035,-1.6020000000000039
942,20240302,9472,63,16,7,9472_16_3,9472,9472,,48,2024-03-02T16:20:11.619000+00:00,95.308,30.64,41.183,23.485,HARD,13,False,False,False,0,True,valid,23.65286624203822,18.227388535031846,48.82165605095541,0,0.7859872611464969,0,1.2180000000000035,-1.468999999999994,-1.634999999999991
943,20240302,9472,63,63,10,9472_63_3,9472,9472,,48,2024-03-02T16:20:13.148000+00:00,96.059,30.794,41.795,23.47,HARD,16,False,False,False,0,True,valid,23.65286624203822,18.227388535031846,48.82165605095541,0,0.7859872611464969,0,0.9939999999999998,-0.5870000000000033,-0.8840000000000003
944,20240302,9472,63,4,4,9472_4_3,9472,9472,,48,2024-03-02T16:20:16.464000+00:00,95.717,30.638,41.369,23.71,HARD,14,False,False,False,0,True,valid,23.65286624203822,18.227388535031846,48.82165605095541,0,0.7859872611464969,0,1.2409999999999997,-0.8569999999999993,-1.225999999999999
945,20240302,9472,63,44,10,9472_44_3,9472,9472,,48,2024-03-02T16:20:20.234000+00:00,96.165,30.691,41.926,23.548,HARD,14,False,False,False,0,True,valid,23.65286624203822,18.227388535031846,48.82165605095541,0,0.7859872611464969,0,1.443000000000012,-0.5139999999999958,-0.7779999999999916
946,20240302,9472,63,81,4,9472_81_3,9472,9472,,48,2024-03-02T16:20:24.634000+00:00,95.702,30.651,41.365,23.686,HARD,13,False,False,False,0,True,valid,23.65286624203822,18.227388535031846,48.82165605095541,0,0.7859872611464969,0,0.9279999999999973,-1.0045000000000073,-1.2409999999999997
947,20240302,9472,63,77,9,9472_77_3,9472,9472,,47,2024-03-02T16:20:38.514000+00:00,96.604,30.873,41.907,23.824,HARD,16,False,False,False,0,True,valid,23.65286624203822,18.227388535031846,48.82165605095541,0,0.7859872611464969,0,0.402000000000001,-1.1700000000000017,-0.33899999999999864
948,20240302,9472,63,18,6,9472_18_3,9472,9472,,48,2024-03-02T16:20:52.403000+00:00,97.325,31.346,42.156,23.823,HARD,20,False,False,False,0,True,valid,23.65286624203822,18.227388535031846,48.82165605095541,0,0.7859872611464969,0,1.6929999999999978,0.42249999999999943,0.382000000000005
949,20240302,9472,63,14,6,9472_14_3,9472,9472,,48,2024-03-02T16:20:52.842000+00:00,94.199,30.046,40.806,23.347,HARD,6,False,False,False,0,True,valid,23.65286624203822,18.227388535031846,48.82165605095541,0,0.7859872611464969,0,0.0,-3.030000000000001,-2.7439999999999998
950,20240302,9472,63,24,9,9472_24_3,9472,9472,,48,2024-03-02T16:20:59.445000+00:00,96.654,30.98,41.82,23.854,HARD,19,False,False,False,0,True,valid,23.65286624203822,18.227388535031846,48.82165605095541,0,0.7859872611464969,0,1.195999999999998,-0.7630000000000052,-0.2890000000000015
951,20240302,9472,63,20,8,9472_20_3,9472,9472,,48,2024-03-02T16:21:02.034000+00:00,96.679,30.865,41.817,23.997,HARD,15,False,False,False,0,True,valid,23.65286624203822,18.227388535031846,48.82165605095541,0,0.7859872611464969,0,1.1090000000000089,-1.1129999999999995,-0.2639999999999958
952,20240302,9472,63,22,3,9472_22_3,9472,9472,,48,2024-03-02T16:21:02.671000+00:00,96.554,30.848,41.679,24.027,HARD,13,False,False,False,0,True,valid,23.65286624203822,18.227388535031846,48.82165605095541,0,0.7859872611464969,0,0.7210000000000036,-1.0799999999999983,-0.3889999999999958
953,20240302,9472,63,3,3,9472_3_3,9472,9472,,48,2024-03-02T16:21:04.244000+00:00,96.236,30.638,41.744,23.854,SOFT,12,False,False,False,0,True,valid,23.65286624203822,18.227388535031846,48.82165605095541,0,0.7859872611464969,0,1.0730000000000075,-1.5300000000000011,-0.7069999999999936
954,20240302,9472,63,23,2,9472_23_3,9472,9472,,48,2024-03-02T16:21:08.670000+00:00,96.135,30.823,41.628,23.684,HARD,11,False,False,False,0,True,valid,23.65286624203822,18.227388535031846,48.82165605095541,0,0.7859872611464969,0,0.41200000000000614,-1.7439999999999998,-0.8079999999999927
955,20240302,9472,63,1,1,9472_1_3,9472,9472,,49,2024-03-02T16:21:13.504000+00:00,94.403,30.246,40.804,23.353,SOFT,11,False,False,False,0,True,valid,23.65286624203822,18.227388535031846,48.82165605095541,0,0.7859872611464969,0,1.7950000000000017,-1.1874999999999858,-2.539999999999992
956,20240302,9472,63,31,5,9472_31_3,9472,9472,,48,2024-03-02T16:21:19.998000+00:00,97.117,31.177,42.045,23.895,HARD,17,False,False,False,0,True,valid,23.65286624203822,18.227388535031846,48.82165605095541,0,0.7859872611464969,0,0.8910000000000053,-0.7849999999999966,0.1740000000000066
957,20240302,9472,63,2,2,9472_2_4,9472,9472,,47,2024-03-02T16:21:20.749000+00:00,96.729,30.667,42.237,23.825,SOFT,6,False,False,False,0,True,valid,23.65286624203822,18.227388535031846,48.82165605095541,0,0.7859872611464969,0,1.9939999999999998,-0.9989999999999952,-0.21399999999999864
958,20240302,9472,63,27,8,9472_27_4,9472,9472,,48,2024-03-02T16:21:24.766000+00:00,95.146,30.228,41.355,23.563,SOFT,6,False,False,False,0,True,valid,23.65286624203822,18.227388535031846,48.82165605095541,0,0.7859872611464969,0,0.3119999999999976,-1.7014999999999958,-1.796999999999997
959,20240302,9472,63,11,1,9472_11_3,9472,9472,,49,2024-03-02T16:21:31.559000+00:00,94.966,30.4,41.133,23.433,SOFT,12,False,False,False,0,True,valid,23.65286624203822,18.227388535031846,48.82165605095541,0,0.7859872611464969,0,0.6019999999999897,-1.2635000000000076,-1.9770000000000039
960,20240302,9472,63,55,7,9472_55_3,9472,9472,,49,2024-03-02T16:21:35.199000+00:00,95.44,30.499,41.58,23.361,HARD,13,False,False,False,0,True,valid,23.65286624203822,18.227388535031846,48.82165605095541,0,0.7859872611464969,0,0.9329999999999927,-0.734499999999997,-1.5030000000000001
961,20240302,9472,63,10,5,9472_10_4,9472,9472,,48,2024-03-02T16:21:39.797000+00:00,95.411,30.776,41.156,23.479,SOFT,4,False,False,False,0,True,valid,23.65286624203822,18.227388535031846,48.82165605095541,0,0.7859872611464969,0,0.6059999999999945,-2.335499999999996,-1.5319999999999965
962,20240302,9472,63,16,7,9472_16_3,9472,9472,,49,2024-03-02T16:21:47.040000+00:00,95.302,30.689,41.12,23.493,HARD,14,False,False,False,0,True,valid,23.65286624203822,18.227388535031846,48.82165605095541,0,0.7859872611464969,0,1.2120000000000033,-1.4749999999999943,-1.6409999999999911
963,20240302,9472,63,63,10,9472_63_3,9472,9472,,49,2024-03-02T16:21:49.305000+00:00,95.954,30.723,41.727,23.504,HARD,17,False,False,False,0,True,valid,23.65286624203822,18.227388535031846,48.82165605095541,0,0.7859872611464969,0,0.8889999999999958,-0.6920000000000073,-0.9890000000000043
964,20240302,9472,63,4,4,9472_4_3,9472,9472,,49,2024-03-02T16:21:52.235000+00:00,95.674,30.64,41.34,23.694,HARD,15,False,False,False,0,True,valid,23.65286624203822,18.227388535031846,48.82165605095541,0,0.7859872611464969,0,1.1980000000000075,-0.8999999999999915,-1.2689999999999912
965,20240302,9472,63,44,10,9472_44_3,9472,9472,,49,2024-03-02T16:21:56.388000+00:00,95.914,30.616,41.819,23.479,HARD,15,False,False,False,0,True,valid,23.65286624203822,18.227388535031846,48.82165605095541,0,0.7859872611464969,0,1.1920000000000073,-0.7650000000000006,-1.0289999999999964
966,20240302,9472,63,81,4,9472_81_3,9472,9472,,49,2024-03-02T16:22:00.340000+00:00,95.653,30.619,41.313,23.721,HARD,14,False,False,False,0,True,valid,23.65286624203822,18.227388535031846,48.82165605095541,0,0.7859872611464969,0,0.8790000000000049,-1.0534999999999997,-1.289999999999992
967,20240302,9472,63,77,9,9472_77_3,9472,9472,,48,2024-03-02T16:22:15.172000+00:00,96.765,30.913,41.993,23.859,HARD,17,False,False,False,0,True,valid,23.65286624203822,18.227388535031846,48.82165605095541,0,0.7859872611464969,0,0.5630000000000024,-1.0090000000000003,-0.17799999999999727
968,20240302,9472,63,14,6,9472_14_3,9472,9472,,49,2024-03-02T16:22:27.126000+00:00,94.571,30.4,40.783,23.388,HARD,7,False,False,False,0,True,valid,23.65286624203822,18.227388535031846,48.82165605095541,0,0.7859872611464969,0,0.3719999999999999,-2.6580000000000013,-2.372
969,20240302,9472,63,18,6,9472_18_3,9472,9472,,49,2024-03-02T16:22:29.797000+00:00,96.871,30.92,42.119,23.832,HARD,21,False,False,False,0,True,valid,23.65286624203822,18.227388535031846,48.82165605095541,0,0.7859872611464969,0,1.23899999999999,-0.0315000000000083,-0.07200000000000273
970,20240302,9472,63,24,9,9472_24_3,9472,9472,,49,2024-03-02T16:22:36.050000+00:00,96.72,30.9,41.995,23.825,HARD,20,False,False,False,0,True,valid,23.65286624203822,18.227388535031846,48.82165605095541,0,0.7859872611464969,0,1.2620000000000005,-0.6970000000000027,-0.22299999999999898
971,20240302,9472,63,20,8,9472_20_3,9472,9472,,49,2024-03-02T16:22:38.250000+00:00,96.842,30.909,41.991,23.942,HARD,16,False,False,False,0,True,valid,23.65286624203822,18.227388535031846,48.82165605095541,0,0.7859872611464969,0,1.2720000000000056,-0.9500000000000028,-0.10099999999999909
972,20240302,9472,63,22,3,9472_22_3,9472,9472,,49,2024-03-02T16:22:39.236000+00:00,96.695,30.67,42.043,23.982,HARD,14,False,False,False,0,True,valid,23.65286624203822,18.227388535031846,48.82165605095541,0,0.7859872611464969,0,0.8619999999999948,-0.9390000000000072,-0.24800000000000466
973,20240302,9472,63,3,3,9472_3_3,9472,9472,,49,2024-03-02T16:22:40.347000+00:00,96.442,30.63,41.795,24.017,SOFT,13,False,False,False,0,True,valid,23.65286624203822,18.227388535031846,48.82165605095541,0,0.7859872611464969,0,1.2789999999999964,-1.3240000000000123,-0.5010000000000048
974,20240302,9472,63,23,2,9472_23_3,9472,9472,,49,2024-03-02T16:22:44.876000+00:00,97.102,30.816,42.435,23.851,HARD,12,False,False,False,0,True,valid,23.65286624203822,18.227388535031846,48.82165605095541,0,0.7859872611464969,0,1.3790000000000049,-0.777000000000001,0.15900000000000603
975,20240302,9472,63,1,1,9472_1_3,9472,9472,,50,2024-03-02T16:22:47.788000+00:00,94.783,30.229,40.928,23.626,SOFT,12,False,False,False,0,True,valid,23.65286624203822,18.227388535031846,48.82165605095541,0,0.7859872611464969,0,2.174999999999997,-0.8074999999999903,-2.1599999999999966
976,20240302,9472,63,31,5,9472_31_3,9472,9472,,49,2024-03-02T16:22:57.091000+00:00,97.726,31.483,42.304,23.939,HARD,18,False,False,False,0,True,valid,23.65286624203822,18.227388535031846,48.82165605095541,0,0.7859872611464969,0,1.5,-0.17600000000000193,0.7830000000000013
977,20240302,9472,63,2,2,9472_2_4,9472,9472,,48,2024-03-02T16:22:57.609000+00:00,95.688,30.357,41.593,23.738,SOFT,7,False,False,False,0,True,valid,23.65286624203822,18.227388535031846,48.82165605095541,0,0.7859872611464969,0,0.953000000000003,-2.039999999999992,-1.2549999999999955
978,20240302,9472,63,27,8,9472_27_4,9472,9472,,49,2024-03-02T16:22:59.921000+00:00,95.494,30.323,41.489,23.682,SOFT,7,False,False,False,0,True,valid,23.65286624203822,18.227388535031846,48.82165605095541,0,0.7859872611464969,0,0.6599999999999966,-1.3534999999999968,-1.448999999999998
979,20240302,9472,63,11,1,9472_11_3,9472,9472,,50,2024-03-02T16:23:06.552000+00:00,95.082,30.366,41.337,23.379,SOFT,13,False,False,False,0,True,valid,23.65286624203822,18.227388535031846,48.82165605095541,0,0.7859872611464969,0,0.7179999999999893,-1.147500000000008,-1.8610000000000042
980,20240302,9472,63,55,7,9472_55_3,9472,9472,,50,2024-03-02T16:23:10.557000+00:00,95.142,30.468,41.331,23.343,HARD,14,False,False,False,0,True,valid,23.65286624203822,18.227388535031846,48.82165605095541,0,0.7859872611464969,0,0.6349999999999909,-1.0324999999999989,-1.801000000000002
981,20240302,9472,63,10,5,9472_10_4,9472,9472,,49,2024-03-02T16:23:15.213000+00:00,95.511,30.71,41.288,23.513,SOFT,5,False,False,False,0,True,valid,23.65286624203822,18.227388535031846,48.82165605095541,0,0.7859872611464969,0,0.7059999999999889,-2.235500000000002,-1.4320000000000022
982,20240302,9472,63,16,7,9472_16_3,9472,9472,,50,2024-03-02T16:23:22.246000+00:00,95.383,30.639,41.285,23.459,HARD,15,False,False,False,0,True,valid,23.65286624203822,18.227388535031846,48.82165605095541,0,0.7859872611464969,0,1.2929999999999922,-1.3940000000000055,-1.5600000000000023
983,20240302,9472,63,63,10,9472_63_3,9472,9472,,50,2024-03-02T16:23:25.188000+00:00,96.181,30.691,41.93,23.56,HARD,18,False,False,False,0,True,valid,23.65286624203822,18.227388535031846,48.82165605095541,0,0.7859872611464969,0,1.1159999999999997,-0.4650000000000034,-0.7620000000000005
984,20240302,9472,63,4,4,9472_4_3,9472,9472,,50,2024-03-02T16:23:28.003000+00:00,95.657,30.563,41.375,23.719,HARD,16,False,False,False,0,True,valid,23.65286624203822,18.227388535031846,48.82165605095541,0,0.7859872611464969,0,1.1809999999999974,-0.9170000000000016,-1.2860000000000014
985,20240302,9472,63,44,10,9472_44_3,9472,9472,,50,2024-03-02T16:23:32.313000+00:00,95.612,30.655,41.454,23.503,HARD,16,False,False,False,0,True,valid,23.65286624203822,18.227388535031846,48.82165605095541,0,0.7859872611464969,0,0.8900000000000006,-1.0670000000000073,-1.331000000000003
986,20240302,9472,63,81,4,9472_81_3,9472,9472,,50,2024-03-02T16:23:35.926000+00:00,95.984,30.79,41.405,23.789,HARD,15,False,False,False,0,True,valid,23.65286624203822,18.227388535031846,48.82165605095541,0,0.7859872611464969,0,1.2099999999999937,-0.7225000000000108,-0.9590000000000032
987,20240302,9472,63,77,9,9472_77_3,9472,9472,,49,2024-03-02T16:23:51.943000+00:00,96.91,31.028,42.029,23.853,HARD,18,False,False,False,0,True,valid,23.65286624203822,18.227388535031846,48.82165605095541,0,0.7859872611464969,0,0.7079999999999984,-0.8640000000000043,-0.03300000000000125
988,20240302,9472,63,14,6,9472_14_3,9472,9472,,50,2024-03-02T16:24:01.674000+00:00,94.677,30.453,40.794,23.43,HARD,8,False,False,False,0,True,valid,23.65286624203822,18.227388535031846,48.82165605095541,0,0.7859872611464969,0,0.47800000000000864,-2.5519999999999925,-2.265999999999991
989,20240302,9472,63,18,6,9472_18_3,9472,9472,,50,2024-03-02T16:24:06.637000+00:00,96.541,30.808,41.978,23.755,HARD,22,False,False,False,0,True,valid,23.65286624203822,18.227388535031846,48.82165605095541,0,0.7859872611464969,0,0.9089999999999918,-0.3615000000000066,-0.402000000000001
990,20240302,9472,63,24,9,9472_24_3,9472,9472,,50,2024-03-02T16:24:12.795000+00:00,96.792,31.035,41.87,23.887,HARD,21,False,False,False,0,True,valid,23.65286624203822,18.227388535031846,48.82165605095541,0,0.7859872611464969,0,1.3340000000000032,-0.625,-0.15099999999999625
991,20240302,9472,63,20,8,9472_20_3,9472,9472,,50,2024-03-02T16:24:15.036000+00:00,97.035,30.969,42.041,24.025,HARD,17,False,False,False,0,True,valid,23.65286624203822,18.227388535031846,48.82165605095541,0,0.7859872611464969,0,1.4650000000000034,-0.757000000000005,0.09199999999999875
992,20240302,9472,63,22,3,9472_22_3,9472,9472,,50,2024-03-02T16:24:15.808000+00:00,96.827,30.762,42.171,23.894,HARD,15,False,False,False,0,True,valid,23.65286624203822,18.227388535031846,48.82165605095541,0,0.7859872611464969,0,0.9939999999999998,-0.8070000000000022,-0.11599999999999966
993,20240302,9472,63,3,3,9472_3_3,9472,9472,,50,2024-03-02T16:24:16.835000+00:00,96.609,30.398,42.122,24.089,SOFT,14,False,False,False,0,True,valid,23.65286624203822,18.227388535031846,48.82165605095541,0,0.7859872611464969,0,1.445999999999998,-1.1570000000000107,-0.3340000000000032
994,20240302,9472,63,23,2,9472_23_3,9472,9472,,50,2024-03-02T16:24:21.942000+00:00,97.616,31.683,42.121,23.812,HARD,13,False,False,False,0,True,valid,23.65286624203822,18.227388535031846,48.82165605095541,0,0.7859872611464969,0,1.8930000000000007,-0.26300000000000523,0.6730000000000018
995,20240302,9472,63,1,1,9472_1_3,9472,9472,,51,2024-03-02T16:24:22.630000+00:00,94.34,30.003,40.834,23.503,SOFT,13,False,False,False,0,True,valid,23.65286624203822,18.227388535031846,48.82165605095541,0,0.7859872611464969,0,1.7319999999999993,-1.2504999999999882,-2.6029999999999944
996,20240302,9472,63,2,2,9472_2_4,9472,9472,,49,2024-03-02T16:24:33.273000+00:00,95.59,30.638,41.303,23.649,SOFT,8,False,False,False,0,True,valid,23.65286624203822,18.227388535031846,48.82165605095541,0,0.7859872611464969,0,0.855000000000004,-2.137999999999991,-1.3529999999999944
997,20240302,9472,63,31,5,9472_31_3,9472,9472,,50,2024-03-02T16:24:34.906000+00:00,97.784,31.552,42.293,23.939,HARD,19,False,False,False,0,True,valid,23.65286624203822,18.227388535031846,48.82165605095541,0,0.7859872611464969,0,1.558000000000007,-0.117999999999995,0.8410000000000082
998,20240302,9472,63,27,8,9472_27_4,9472,9472,,50,2024-03-02T16:24:35.505000+00:00,95.167,30.13,41.402,23.635,SOFT,8,False,False,False,0,True,valid,23.65286624203822,18.227388535031846,48.82165605095541,0,0.7859872611464969,0,0.3329999999999984,-1.680499999999995,-1.7759999999999962
999,20240302,9472,63,11,1,9472_11_3,9472,9472,,51,2024-03-02T16:24:41.763000+00:00,94.94,30.36,41.144,23.436,SOFT,14,False,False,False,0,True,valid,23.65286624203822,18.227388535031846,48.82165605095541,0,0.7859872611464969,0,0.5759999999999934,-1.2895000000000039,-2.003
1000,20240302,9472,63,55,7,9472_55_3,9472,9472,,51,2024-03-02T16:24:45.766000+00:00,95.282,30.502,41.387,23.393,HARD,15,False,False,False,0,True,valid,23.65286624203822,18.227388535031846,48.82165605095541,0,0.7859872611464969,0,0.7749999999999915,-0.8924999999999983,-1.6610000000000014
1001,20240302,9472,63,10,5,9472_10_4,9472,9472,,50,2024-03-02T16:24:50.720000+00:00,95.228,30.647,41.016,23.565,SOFT,6,False,False,False,0,True,valid,23.65286624203822,18.227388535031846,48.82165605095541,0,0.7859872611464969,0,0.4229999999999876,-2.518500000000003,-1.7150000000000034
1002,20240302,9472,63,16,7,9472_16_3,9472,9472,,51,2024-03-02T16:24:57.621000+00:00,95.418,30.721,41.116,23.581,HARD,16,False,False,False,0,True,valid,23.65286624203822,18.227388535031846,48.82165605095541,0,0.7859872611464969,0,1.328000000000003,-1.3589999999999947,-1.5249999999999915
1003,20240302,9472,63,63,10,9472_63_3,9472,9472,,51,2024-03-02T16:25:01.400000+00:00,95.852,30.639,41.734,23.479,HARD,19,False,False,False,0,True,valid,23.65286624203822,18.227388535031846,48.82165605095541,0,0.7859872611464969,0,0.7870000000000061,-0.7939999999999969,-1.090999999999994
1004,20240302,9472,63,4,4,9472_4_3,9472,9472,,51,2024-03-02T16:25:03.574000+00:00,96.038,30.786,41.516,23.736,HARD,17,False,False,False,0,True,valid,23.65286624203822,18.227388535031846,48.82165605095541,0,0.7859872611464969,0,1.5619999999999976,-0.5360000000000014,-0.9050000000000011
1005,20240302,9472,63,44,10,9472_44_3,9472,9472,,51,2024-03-02T16:25:07.925000+00:00,95.532,30.597,41.403,23.532,HARD,17,False,False,False,0,True,valid,23.65286624203822,18.227388535031846,48.82165605095541,0,0.7859872611464969,0,0.8100000000000023,-1.1470000000000056,-1.4110000000000014
1006,20240302,9472,63,81,4,9472_81_3,9472,9472,,51,2024-03-02T16:25:11.951000+00:00,95.8,30.74,41.312,23.748,HARD,16,False,False,False,0,True,valid,23.65286624203822,18.227388535031846,48.82165605095541,0,0.7859872611464969,0,1.0259999999999962,-0.9065000000000083,-1.1430000000000007
1007,20240302,9472,63,77,9,9472_77_3,9472,9472,,50,2024-03-02T16:25:28.861000+00:00,96.91,31.025,41.997,23.888,HARD,19,False,False,False,0,True,valid,23.65286624203822,18.227388535031846,48.82165605095541,0,0.7859872611464969,0,0.7079999999999984,-0.8640000000000043,-0.03300000000000125
1008,20240302,9472,63,14,6,9472_14_3,9472,9472,,51,2024-03-02T16:25:36.310000+00:00,94.916,30.543,40.924,23.449,HARD,9,False,False,False,0,True,valid,23.65286624203822,18.227388535031846,48.82165605095541,0,0.7859872611464969,0,0.7169999999999987,-2.3130000000000024,-2.027000000000001
1009,20240302,9472,63,18,6,9472_18_3,9472,9472,,51,2024-03-02T16:25:43.121000+00:00,96.763,30.882,42.075,23.806,HARD,23,False,False,False,0,True,valid,23.65286624203822,18.227388535031846,48.82165605095541,0,0.7859872611464969,0,1.1310000000000002,-0.13949999999999818,-0.1799999999999926
1010,20240302,9472,63,24,9,9472_24_3,9472,9472,,51,2024-03-02T16:25:49.619000+00:00,97.042,31.065,42.026,23.951,HARD,22,False,False,False,0,True,valid,23.65286624203822,18.227388535031846,48.82165605095541,0,0.7859872611464969,0,1.5840000000000032,-0.375,0.09900000000000375
1011,20240302,9472,63,20,8,9472_20_3,9472,9472,,51,2024-03-02T16:25:52.106000+00:00,96.929,30.98,42.05,23.899,HARD,18,False,False,False,0,True,valid,23.65286624203822,18.227388535031846,48.82165605095541,0,0.7859872611464969,0,1.3590000000000089,-0.8629999999999995,-0.013999999999995794
1012,20240302,9472,63,22,3,9472_22_3,9472,9472,,51,2024-03-02T16:25:52.708000+00:00,97.067,30.949,42.066,24.052,HARD,16,False,False,False,0,True,valid,23.65286624203822,18.227388535031846,48.82165605095541,0,0.7859872611464969,0,1.2339999999999947,-0.5670000000000073,0.12399999999999523
1013,20240302,9472,63,3,3,9472_3_3,9472,9472,,51,2024-03-02T16:25:53.407000+00:00,97.103,30.775,42.193,24.135,SOFT,15,False,False,False,0,True,valid,23.65286624203822,18.227388535031846,48.82165605095541,0,0.7859872611464969,0,1.9399999999999977,-0.6630000000000109,0.1599999999999966
1014,20240302,9472,63,1,1,9472_1_3,9472,9472,,52,2024-03-02T16:25:57.029000+00:00,94.906,30.333,40.919,23.654,SOFT,14,False,False,False,0,True,valid,23.65286624203822,18.227388535031846,48.82165605095541,0,0.7859872611464969,0,2.298000000000002,-0.6844999999999857,-2.036999999999992
1015,20240302,9472,63,23,2,9472_23_3,9472,9472,,51,2024-03-02T16:25:59.611000+00:00,97.493,30.773,42.878,23.842,HARD,14,False,False,False,0,True,valid,23.65286624203822,18.227388535031846,48.82165605095541,0,0.7859872611464969,0,1.769999999999996,-0.3860000000000099,0.5499999999999972
1016,20240302,9472,63,2,2,9472_2_4,9472,9472,,50,2024-03-02T16:26:08.812000+00:00,95.66,30.671,41.368,23.621,SOFT,9,False,False,False,0,True,valid,23.65286624203822,18.227388535031846,48.82165605095541,0,0.7859872611464969,0,0.9249999999999972,-2.067999999999998,-1.2830000000000013
1017,20240302,9472,63,27,8,9472_27_4,9472,9472,,51,2024-03-02T16:26:10.559000+00:00,95.529,30.411,41.374,23.744,SOFT,9,False,False,False,0,True,valid,23.65286624203822,18.227388535031846,48.82165605095541,0,0.7859872611464969,0,0.6949999999999932,-1.3185000000000002,-1.4140000000000015
1018,20240302,9472,63,31,5,9472_31_3,9472,9472,,51,2024-03-02T16:26:12.693000+00:00,97.091,31.083,42.138,23.87,HARD,20,False,False,False,0,True,valid,23.65286624203822,18.227388535031846,48.82165605095541,0,0.7859872611464969,0,0.8649999999999949,-0.811000000000007,0.14799999999999613
1019,20240302,9472,63,11,1,9472_11_3,9472,9472,,52,2024-03-02T16:26:16.533000+00:00,95.183,30.577,41.129,23.477,SOFT,15,False,False,False,0,True,valid,23.65286624203822,18.227388535031846,48.82165605095541,0,0.7859872611464969,0,0.8190000000000026,-1.0464999999999947,-1.759999999999991
1020,20240302,9472,63,55,7,9472_55_3,9472,9472,,52,2024-03-02T16:26:20.950000+00:00,95.083,30.522,41.259,23.302,HARD,16,False,False,False,0,True,valid,23.65286624203822,18.227388535031846,48.82165605095541,0,0.7859872611464969,0,0.5759999999999934,-1.0914999999999964,-1.8599999999999994
1021,20240302,9472,63,10,5,9472_10_4,9472,9472,,51,2024-03-02T16:26:25.918000+00:00,95.334,30.673,41.111,23.55,SOFT,7,False,False,False,0,True,valid,23.65286624203822,18.227388535031846,48.82165605095541,0,0.7859872611464969,0,0.5289999999999964,-2.4124999999999943,-1.6089999999999947
1022,20240302,9472,63,16,7,9472_16_3,9472,9472,,52,2024-03-02T16:26:33.105000+00:00,95.394,30.693,41.156,23.545,HARD,17,False,False,False,0,True,valid,23.65286624203822,18.227388535031846,48.82165605095541,0,0.7859872611464969,0,1.304000000000002,-1.3829999999999956,-1.5489999999999924
1023,20240302,9472,63,63,10,9472_63_3,9472,9472,,52,2024-03-02T16:26:37.299000+00:00,96.186,30.678,41.927,23.581,HARD,20,False,False,False,0,True,valid,23.65286624203822,18.227388535031846,48.82165605095541,0,0.7859872611464969,0,1.1210000000000093,-0.45999999999999375,-0.7569999999999908
1024,20240302,9472,63,4,4,9472_4_3,9472,9472,,52,2024-03-02T16:26:39.548000+00:00,95.922,30.655,41.461,23.806,HARD,18,False,False,False,0,True,valid,23.65286624203822,18.227388535031846,48.82165605095541,0,0.7859872611464969,0,1.445999999999998,-0.652000000000001,-1.0210000000000008
1025,20240302,9472,63,44,10,9472_44_3,9472,9472,,52,2024-03-02T16:26:43.435000+00:00,95.479,30.578,41.382,23.519,HARD,18,False,False,False,0,True,valid,23.65286624203822,18.227388535031846,48.82165605095541,0,0.7859872611464969,0,0.757000000000005,-1.2000000000000028,-1.4639999999999986
1026,20240302,9472,63,81,4,9472_81_3,9472,9472,,52,2024-03-02T16:26:47.817000+00:00,96.024,30.765,41.526,23.733,HARD,17,False,False,False,0,True,valid,23.65286624203822,18.227388535031846,48.82165605095541,0,0.7859872611464969,0,1.25,-0.6825000000000045,-0.9189999999999969
1027,20240302,9472,63,77,9,9472_77_3,9472,9472,,51,2024-03-02T16:27:05.764000+00:00,96.819,31.019,41.936,23.864,HARD,20,False,False,False,0,True,valid,23.65286624203822,18.227388535031846,48.82165605095541,0,0.7859872611464969,0,0.6170000000000044,-0.9549999999999983,-0.12399999999999523
1028,20240302,9472,63,14,6,9472_14_3,9472,9472,,52,2024-03-02T16:27:11.199000+00:00,94.862,30.447,40.963,23.452,HARD,10,False,False,False,0,True,valid,23.65286624203822,18.227388535031846,48.82165605095541,0,0.7859872611464969,0,0.6629999999999967,-2.3670000000000044,-2.081000000000003
1029,20240302,9472,63,18,6,9472_18_3,9472,9472,,52,2024-03-02T16:27:19.882000+00:00,96.934,31.144,42.016,23.774,HARD,24,False,False,False,0,True,valid,23.65286624203822,18.227388535031846,48.82165605095541,0,0.7859872611464969,0,1.3019999999999925,0.03149999999999409,-0.009000000000000341
1030,20240302,9472,63,24,9,9472_24_3,9472,9472,,52,2024-03-02T16:27:26.664000+00:00,97.394,31.205,42.19,23.999,HARD,23,False,False,False,0,True,valid,23.65286624203822,18.227388535031846,48.82165605095541,0,0.7859872611464969,0,1.936000000000007,-0.022999999999996135,0.4510000000000076
1031,20240302,9472,63,20,8,9472_20_3,9472,9472,,52,2024-03-02T16:27:29.064000+00:00,96.93,30.91,41.964,24.056,HARD,19,False,False,False,0,True,valid,23.65286624203822,18.227388535031846,48.82165605095541,0,0.7859872611464969,0,1.3600000000000136,-0.8619999999999948,-0.012999999999991019
1032,20240302,9472,63,22,3,9472_22_3,9472,9472,,52,2024-03-02T16:27:29.740000+00:00,99.042,31.511,43.537,23.994,HARD,17,False,False,False,0,True,valid,23.65286624203822,18.227388535031846,48.82165605095541,0,0.7859872611464969,0,3.209000000000003,1.4080000000000013,2.0990000000000038
1033,20240302,9472,63,3,3,9472_3_3,9472,9472,,52,2024-03-02T16:27:30.618000+00:00,97.529,30.569,41.854,25.106,SOFT,16,False,False,False,0,True,valid,23.65286624203822,18.227388535031846,48.82165605095541,0,0.7859872611464969,0,2.3659999999999997,-0.23700000000000898,0.5859999999999985
1034,20240302,9472,63,1,1,9472_1_3,9472,9472,,53,2024-03-02T16:27:31.849000+00:00,95.6,30.528,41.382,23.69,SOFT,15,False,False,False,0,True,valid,23.65286624203822,18.227388535031846,48.82165605095541,0,0.7859872611464969,0,2.9919999999999902,0.009500000000002728,-1.3430000000000035
1035,20240302,9472,63,23,2,9472_23_3,9472,9472,,52,2024-03-02T16:27:37.083000+00:00,96.218,30.895,41.58,23.743,HARD,15,False,False,False,0,True,valid,23.65286624203822,18.227388535031846,48.82165605095541,0,0.7859872611464969,0,0.49500000000000455,-1.6610000000000014,-0.7249999999999943
1036,20240302,9472,63,2,2,9472_2_4,9472,9472,,51,2024-03-02T16:27:44.498000+00:00,95.972,30.781,41.539,23.652,SOFT,10,False,False,False,0,True,valid,23.65286624203822,18.227388535031846,48.82165605095541,0,0.7859872611464969,0,1.2369999999999948,-1.7560000000000002,-0.9710000000000036
1037,20240302,9472,63,27,8,9472_27_4,9472,9472,,52,2024-03-02T16:27:46.189000+00:00,95.921,30.525,41.612,23.784,SOFT,10,False,False,False,0,True,valid,23.65286624203822,18.227388535031846,48.82165605095541,0,0.7859872611464969,0,1.0870000000000033,-0.9264999999999901,-1.0219999999999914
1038,20240302,9472,63,31,5,9472_31_3,9472,9472,,52,2024-03-02T16:27:49.828000+00:00,98.631,31.094,42.116,25.421,HARD,21,False,False,False,0,True,valid,23.65286624203822,18.227388535031846,48.82165605095541,0,0.7859872611464969,0,2.405000000000001,0.7289999999999992,1.6880000000000024
1039,20240302,9472,63,11,1,9472_11_3,9472,9472,,53,2024-03-02T16:27:51.749000+00:00,95.842,30.638,41.522,23.682,SOFT,16,False,False,False,0,True,valid,23.65286624203822,18.227388535031846,48.82165605095541,0,0.7859872611464969,0,1.4779999999999944,-0.38750000000000284,-1.100999999999999
1040,20240302,9472,63,55,7,9472_55_3,9472,9472,,53,2024-03-02T16:27:56.175000+00:00,95.211,30.491,41.288,23.432,HARD,17,False,False,False,0,True,valid,23.65286624203822,18.227388535031846,48.82165605095541,0,0.7859872611464969,0,0.7039999999999935,-0.9634999999999962,-1.7319999999999993
1041,20240302,9472,63,10,5,9472_10_4,9472,9472,,52,2024-03-02T16:28:01.555000+00:00,95.511,30.714,41.158,23.639,SOFT,8,False,False,False,0,True,valid,23.65286624203822,18.227388535031846,48.82165605095541,0,0.7859872611464969,0,0.7059999999999889,-2.235500000000002,-1.4320000000000022
1042,20240302,9472,63,16,7,9472_16_3,9472,9472,,53,2024-03-02T16:28:08.474000+00:00,95.48,30.777,41.227,23.476,HARD,18,False,False,False,0,True,valid,23.65286624203822,18.227388535031846,48.82165605095541,0,0.7859872611464969,0,1.3900000000000006,-1.296999999999997,-1.4629999999999939
1043,20240302,9472,63,63,10,9472_63_3,9472,9472,,53,2024-03-02T16:28:13.377000+00:00,95.979,30.752,41.74,23.487,HARD,21,False,False,False,0,True,valid,23.65286624203822,18.227388535031846,48.82165605095541,0,0.7859872611464969,0,0.9140000000000015,-0.6670000000000016,-0.9639999999999986
1044,20240302,9472,63,4,4,9472_4_3,9472,9472,,53,2024-03-02T16:28:15.586000+00:00,95.782,30.666,41.392,23.724,HARD,19,False,False,False,0,True,valid,23.65286624203822,18.227388535031846,48.82165605095541,0,0.7859872611464969,0,1.3059999999999974,-0.7920000000000016,-1.1610000000000014
1045,20240302,9472,63,44,10,9472_44_3,9472,9472,,53,2024-03-02T16:28:18.918000+00:00,95.55,30.643,41.252,23.655,HARD,19,False,False,False,0,True,valid,23.65286624203822,18.227388535031846,48.82165605095541,0,0.7859872611464969,0,0.828000000000003,-1.1290000000000049,-1.3930000000000007
1046,20240302,9472,63,81,4,9472_81_3,9472,9472,,53,2024-03-02T16:28:23.925000+00:00,95.739,30.77,41.299,23.67,HARD,18,False,False,False,0,True,valid,23.65286624203822,18.227388535031846,48.82165605095541,0,0.7859872611464969,0,0.9650000000000034,-0.9675000000000011,-1.2039999999999935
1047,20240302,9472,63,77,9,9472_77_3,9472,9472,,52,2024-03-02T16:28:42.685000+00:00,96.949,30.997,41.98,23.972,HARD,21,False,False,False,0,True,valid,23.65286624203822,18.227388535031846,48.82165605095541,0,0.7859872611464969,0,0.7469999999999999,-0.8250000000000028,0.006000000000000227
1048,20240302,9472,63,14,6,9472_14_3,9472,9472,,53,2024-03-02T16:28:46.072000+00:00,95.249,30.498,41.106,23.645,HARD,11,False,False,False,0,True,valid,23.65286624203822,18.227388535031846,48.82165605095541,0,0.7859872611464969,0,1.0499999999999972,-1.980000000000004,-1.6940000000000026
1049,20240302,9472,63,18,6,9472_18_3,9472,9472,,53,2024-03-02T16:28:56.868000+00:00,96.64,30.894,42.017,23.729,HARD,25,False,False,False,0,True,valid,23.65286624203822,18.227388535031846,48.82165605095541,0,0.7859872611464969,0,1.0079999999999956,-0.26250000000000284,-0.30299999999999727
1050,20240302,9472,63,24,9,9472_24_3,9472,9472,,53,2024-03-02T16:29:04.067000+00:00,97.141,31.11,42.136,23.895,HARD,24,False,False,False,0,True,valid,23.65286624203822,18.227388535031846,48.82165605095541,0,0.7859872611464969,0,1.683000000000007,-0.27599999999999625,0.1980000000000075
1051,20240302,9472,63,20,8,9472_20_3,9472,9472,,53,2024-03-02T16:29:06.010000+00:00,97.958,30.951,43.013,23.994,HARD,20,False,False,False,0,True,valid,23.65286624203822,18.227388535031846,48.82165605095541,0,0.7859872611464969,0,2.3880000000000052,0.16599999999999682,1.0150000000000006
1052,20240302,9472,63,1,1,9472_1_3,9472,9472,,54,2024-03-02T16:29:07.484000+00:00,95.334,30.427,41.227,23.68,SOFT,16,False,False,False,0,True,valid,23.65286624203822,18.227388535031846,48.82165605095541,0,0.7859872611464969,0,2.725999999999999,-0.2564999999999884,-1.6089999999999947
1053,20240302,9472,63,3,3,9472_3_3,9472,9472,,53,2024-03-02T16:29:07.991000+00:00,96.745,30.797,41.954,23.994,SOFT,17,False,False,False,0,True,valid,23.65286624203822,18.227388535031846,48.82165605095541,0,0.7859872611464969,0,1.5820000000000078,-1.0210000000000008,-0.1979999999999933
1054,20240302,9472,63,22,3,9472_22_3,9472,9472,,53,2024-03-02T16:29:08.874000+00:00,96.838,30.739,42.138,23.961,HARD,18,False,False,False,0,True,valid,23.65286624203822,18.227388535031846,48.82165605095541,0,0.7859872611464969,0,1.0049999999999955,-0.7960000000000065,-0.10500000000000398
1055,20240302,9472,63,23,2,9472_23_3,9472,9472,,53,2024-03-02T16:29:13.342000+00:00,96.308,30.817,41.683,23.808,HARD,16,False,False,False,0,True,valid,23.65286624203822,18.227388535031846,48.82165605095541,0,0.7859872611464969,0,0.585000000000008,-1.570999999999998,-0.6349999999999909
1056,20240302,9472,63,2,2,9472_2_4,9472,9472,,52,2024-03-02T16:29:20.677000+00:00,95.987,30.775,41.44,23.772,SOFT,11,False,False,False,0,True,valid,23.65286624203822,18.227388535031846,48.82165605095541,0,0.7859872611464969,0,1.2519999999999953,-1.7409999999999997,-0.9560000000000031
1057,20240302,9472,63,27,8,9472_27_4,9472,9472,,53,2024-03-02T16:29:22.022000+00:00,95.994,30.629,41.595,23.77,SOFT,11,False,False,False,0,True,valid,23.65286624203822,18.227388535031846,48.82165605095541,0,0.7859872611464969,0,1.1599999999999966,-0.8534999999999968,-0.9489999999999981
1058,20240302,9472,63,11,1,9472_11_3,9472,9472,,54,2024-03-02T16:29:27.599000+00:00,95.459,30.578,41.382,23.499,SOFT,17,False,False,False,0,True,valid,23.65286624203822,18.227388535031846,48.82165605095541,0,0.7859872611464969,0,1.0949999999999989,-0.7704999999999984,-1.4839999999999947
1059,20240302,9472,63,31,5,9472_31_3,9472,9472,,53,2024-03-02T16:29:28.346000+00:00,97.145,31.023,42.181,23.941,HARD,22,False,False,False,0,True,valid,23.65286624203822,18.227388535031846,48.82165605095541,0,0.7859872611464969,0,0.9189999999999969,-0.757000000000005,0.20199999999999818
1060,20240302,9472,63,55,7,9472_55_3,9472,9472,,54,2024-03-02T16:29:31.299000+00:00,95.309,30.555,41.277,23.477,HARD,18,False,False,False,0,True,valid,23.65286624203822,18.227388535031846,48.82165605095541,0,0.7859872611464969,0,0.8019999999999925,-0.8654999999999973,-1.6340000000000003
1061,20240302,9472,63,10,5,9472_10_4,9472,9472,,53,2024-03-02T16:29:36.773000+00:00,95.389,30.6,41.223,23.566,SOFT,9,False,False,False,0,True,valid,23.65286624203822,18.227388535031846,48.82165605095541,0,0.7859872611464969,0,0.583999999999989,-2.3575000000000017,-1.554000000000002
1062,20240302,9472,63,16,7,9472_16_3,9472,9472,,54,2024-03-02T16:29:43.963000+00:00,95.265,30.7,41.077,23.488,HARD,19,False,False,False,0,True,valid,23.65286624203822,18.227388535031846,48.82165605095541,0,0.7859872611464969,0,1.1749999999999972,-1.5120000000000005,-1.6779999999999973
1063,20240302,9472,63,63,10,9472_63_3,9472,9472,,54,2024-03-02T16:29:49.387000+00:00,96.013,30.744,41.687,23.582,HARD,22,False,False,False,0,True,valid,23.65286624203822,18.227388535031846,48.82165605095541,0,0.7859872611464969,0,0.9480000000000075,-0.6329999999999956,-0.9299999999999926
1064,20240302,9472,63,4,4,9472_4_3,9472,9472,,54,2024-03-02T16:29:51.390000+00:00,95.934,30.672,41.387,23.875,HARD,20,False,False,False,0,True,valid,23.65286624203822,18.227388535031846,48.82165605095541,0,0.7859872611464969,0,1.4579999999999984,-0.6400000000000006,-1.0090000000000003
1065,20240302,9472,63,44,10,9472_44_3,9472,9472,,54,2024-03-02T16:29:54.421000+00:00,95.974,30.792,41.706,23.476,HARD,20,False,False,False,0,True,valid,23.65286624203822,18.227388535031846,48.82165605095541,0,0.7859872611464969,0,1.2520000000000095,-0.7049999999999983,-0.9689999999999941
1066,20240302,9472,63,81,4,9472_81_3,9472,9472,,54,2024-03-02T16:29:59.604000+00:00,96.107,30.976,41.431,23.7,HARD,19,False,False,False,0,True,valid,23.65286624203822,18.227388535031846,48.82165605095541,0,0.7859872611464969,0,1.3329999999999984,-0.5995000000000061,-0.8359999999999985
1067,20240302,9472,63,77,9,9472_77_3,9472,9472,,53,2024-03-02T16:30:19.418000+00:00,99.035,30.979,42.128,25.928,HARD,22,False,False,False,0,True,valid,23.65286624203822,18.227388535031846,48.82165605095541,0,0.7859872611464969,0,2.8329999999999984,1.2609999999999957,2.0919999999999987
1068,20240302,9472,63,14,6,9472_14_3,9472,9472,,54,2024-03-02T16:30:21.317000+00:00,95.745,30.701,41.444,23.6,HARD,12,False,False,False,0,True,valid,23.65286624203822,18.227388535031846,48.82165605095541,0,0.7859872611464969,0,1.5460000000000065,-1.4839999999999947,-1.1979999999999933
1069,20240302,9472,63,18,6,9472_18_3,9472,9472,,54,2024-03-02T16:30:33.541000+00:00,96.693,30.938,41.971,23.784,HARD,26,False,False,False,0,True,valid,23.65286624203822,18.227388535031846,48.82165605095541,0,0.7859872611464969,0,1.0609999999999928,-0.20950000000000557,-0.25
1070,20240302,9472,63,24,9,9472_24_3,9472,9472,,54,2024-03-02T16:30:41.267000+00:00,98.389,31.253,43.116,24.02,HARD,25,False,False,False,0,True,valid,23.65286624203822,18.227388535031846,48.82165605095541,0,0.7859872611464969,0,2.9309999999999974,0.9719999999999942,1.445999999999998
1071,20240302,9472,63,1,1,9472_1_3,9472,9472,,55,2024-03-02T16:30:42.853000+00:00,95.184,30.493,41.22,23.471,SOFT,17,False,False,False,0,True,valid,23.65286624203822,18.227388535031846,48.82165605095541,0,0.7859872611464969,0,2.5759999999999934,-0.4064999999999941,-1.7590000000000003
1072,20240302,9472,63,20,8,9472_20_3,9472,9472,,54,2024-03-02T16:30:43.920000+00:00,96.89,30.682,42.093,24.115,HARD,21,False,False,False,0,True,valid,23.65286624203822,18.227388535031846,48.82165605095541,0,0.7859872611464969,0,1.3200000000000074,-0.902000000000001,-0.05299999999999727
1073,20240302,9472,63,3,3,9472_3_3,9472,9472,,54,2024-03-02T16:30:44.871000+00:00,96.661,30.374,42.197,24.09,SOFT,18,False,False,False,0,True,valid,23.65286624203822,18.227388535031846,48.82165605095541,0,0.7859872611464969,0,1.4980000000000047,-1.105000000000004,-0.2819999999999965
1074,20240302,9472,63,22,3,9472_22_3,9472,9472,,54,2024-03-02T16:30:45.648000+00:00,96.672,30.741,41.883,24.048,HARD,19,False,False,False,0,True,valid,23.65286624203822,18.227388535031846,48.82165605095541,0,0.7859872611464969,0,0.8389999999999986,-0.9620000000000033,-0.2710000000000008
1075,20240302,9472,63,23,2,9472_23_3,9472,9472,,54,2024-03-02T16:30:49.550000+00:00,96.334,30.799,41.741,23.794,HARD,17,False,False,False,0,True,valid,23.65286624203822,18.227388535031846,48.82165605095541,0,0.7859872611464969,0,0.6110000000000042,-1.5450000000000017,-0.6089999999999947
1076,20240302,9472,63,2,2,9472_2_4,9472,9472,,53,2024-03-02T16:30:56.521000+00:00,96.088,30.798,41.61,23.68,SOFT,12,False,False,False,0,True,valid,23.65286624203822,18.227388535031846,48.82165605095541,0,0.7859872611464969,0,1.3529999999999944,-1.6400000000000006,-0.855000000000004
1077,20240302,9472,63,27,8,9472_27_4,9472,9472,,54,2024-03-02T16:30:58.101000+00:00,95.786,30.557,41.436,23.793,SOFT,12,False,False,False,0,True,valid,23.65286624203822,18.227388535031846,48.82165605095541,0,0.7859872611464969,0,0.9519999999999982,-1.0614999999999952,-1.1569999999999965
1078,20240302,9472,63,11,1,9472_11_3,9472,9472,,55,2024-03-02T16:31:03.063000+00:00,95.611,30.683,41.42,23.508,SOFT,18,False,False,False,0,True,valid,23.65286624203822,18.227388535031846,48.82165605095541,0,0.7859872611464969,0,1.2469999999999999,-0.6184999999999974,-1.3319999999999936
1079,20240302,9472,63,31,5,9472_31_3,9472,9472,,54,2024-03-02T16:31:05.424000+00:00,98.707,32.402,42.373,23.932,HARD,23,False,False,False,0,True,valid,23.65286624203822,18.227388535031846,48.82165605095541,0,0.7859872611464969,0,2.4809999999999945,0.8049999999999926,1.7639999999999958
1080,20240302,9472,63,55,7,9472_55_3,9472,9472,,55,2024-03-02T16:31:06.647000+00:00,95.407,30.699,41.192,23.516,HARD,19,False,False,False,0,True,valid,23.65286624203822,18.227388535031846,48.82165605095541,0,0.7859872611464969,0,0.8999999999999915,-0.7674999999999983,-1.5360000000000014
1081,20240302,9472,63,10,5,9472_10_4,9472,9472,,54,2024-03-02T16:31:12.065000+00:00,95.853,30.833,41.349,23.671,SOFT,10,False,False,False,0,True,valid,23.65286624203822,18.227388535031846,48.82165605095541,0,0.7859872611464969,0,1.0479999999999876,-1.893500000000003,-1.0900000000000034
1082,20240302,9472,63,16,7,9472_16_3,9472,9472,,55,2024-03-02T16:31:19.188000+00:00,95.785,30.857,41.308,23.62,HARD,20,False,False,False,0,True,valid,23.65286624203822,18.227388535031846,48.82165605095541,0,0.7859872611464969,0,1.6949999999999932,-0.9920000000000044,-1.1580000000000013
1083,20240302,9472,63,63,10,9472_63_3,9472,9472,,55,2024-03-02T16:31:25.398000+00:00,96.151,30.818,41.709,23.624,HARD,23,False,False,False,0,True,valid,23.65286624203822,18.227388535031846,48.82165605095541,0,0.7859872611464969,0,1.0859999999999985,-0.49500000000000455,-0.7920000000000016
1084,20240302,9472,63,4,4,9472_4_3,9472,9472,,55,2024-03-02T16:31:27.363000+00:00,96.223,31.035,41.372,23.816,HARD,21,False,False,False,0,True,valid,23.65286624203822,18.227388535031846,48.82165605095541,0,0.7859872611464969,0,1.7469999999999999,-0.3509999999999991,-0.7199999999999989
1085,20240302,9472,63,44,10,9472_44_3,9472,9472,,55,2024-03-02T16:31:30.458000+00:00,95.633,30.602,41.487,23.544,HARD,21,False,False,False,0,True,valid,23.65286624203822,18.227388535031846,48.82165605095541,0,0.7859872611464969,0,0.9110000000000014,-1.0460000000000065,-1.3100000000000023
1086,20240302,9472,63,81,4,9472_81_3,9472,9472,,55,2024-03-02T16:31:35.612000+00:00,95.973,30.879,41.373,23.721,HARD,20,False,False,False,0,True,valid,23.65286624203822,18.227388535031846,48.82165605095541,0,0.7859872611464969,0,1.198999999999998,-0.7335000000000065,-0.9699999999999989
1087,20240302,9472,63,14,6,9472_14_3,9472,9472,,55,2024-03-02T16:31:57.067000+00:00,95.066,30.478,41.126,23.462,HARD,13,False,False,False,0,True,valid,23.65286624203822,18.227388535031846,48.82165605095541,0,0.7859872611464969,0,0.8670000000000044,-2.1629999999999967,-1.8769999999999953
1088,20240302,9472,63,77,9,9472_77_3,9472,9472,,54,2024-03-02T16:31:58.475000+00:00,97.095,30.705,42.292,24.098,HARD,23,False,False,False,0,True,valid,23.65286624203822,18.227388535031846,48.82165605095541,0,0.7859872611464969,0,0.8930000000000007,-0.679000000000002,0.15200000000000102
1089,20240302,9472,63,18,6,9472_18_3,9472,9472,,55,2024-03-02T16:32:10.179000+00:00,96.68,30.92,41.999,23.761,HARD,27,False,False,False,0,True,valid,23.65286624203822,18.227388535031846,48.82165605095541,0,0.7859872611464969,0,1.0480000000000018,-0.2224999999999966,-0.262999999999991
1090,20240302,9472,63,1,1,9472_1_3,9472,9472,,56,2024-03-02T16:32:18.038000+00:00,94.671,30.256,40.87,23.545,SOFT,18,False,False,False,0,True,valid,23.65286624203822,18.227388535031846,48.82165605095541,0,0.7859872611464969,0,2.0630000000000024,-0.9194999999999851,-2.2719999999999914
1091,20240302,9472,63,24,9,9472_24_3,9472,9472,,55,2024-03-02T16:32:19.620000+00:00,97.383,31.123,42.185,24.075,HARD,26,False,False,False,0,True,valid,23.65286624203822,18.227388535031846,48.82165605095541,0,0.7859872611464969,0,1.9249999999999972,-0.034000000000006025,0.4399999999999977
1092,20240302,9472,63,20,8,9472_20_3,9472,9472,,55,2024-03-02T16:32:20.753000+00:00,97.457,31.014,42.356,24.087,HARD,22,False,False,False,0,True,valid,23.65286624203822,18.227388535031846,48.82165605095541,0,0.7859872611464969,0,1.8870000000000005,-0.33500000000000796,0.5139999999999958
1093,20240302,9472,63,3,3,9472_3_3,9472,9472,,55,2024-03-02T16:32:21.506000+00:00,97.375,30.713,42.581,24.081,SOFT,19,False,False,False,0,True,valid,23.65286624203822,18.227388535031846,48.82165605095541,0,0.7859872611464969,0,2.2120000000000033,-0.39100000000000534,0.43200000000000216
1094,20240302,9472,63,22,3,9472_22_3,9472,9472,,55,2024-03-02T16:32:22.344000+00:00,97.269,30.81,42.254,24.205,HARD,20,False,False,False,0,True,valid,23.65286624203822,18.227388535031846,48.82165605095541,0,0.7859872611464969,0,1.436000000000007,-0.3649999999999949,0.3260000000000076
1095,20240302,9472,63,23,2,9472_23_3,9472,9472,,55,2024-03-02T16:32:25.952000+00:00,96.593,30.861,41.91,23.822,HARD,18,False,False,False,0,True,valid,23.65286624203822,18.227388535031846,48.82165605095541,0,0.7859872611464969,0,0.8700000000000045,-1.2860000000000014,-0.3499999999999943
1096,20240302,9472,63,2,2,9472_2_4,9472,9472,,54,2024-03-02T16:32:32.524000+00:00,99.614,32.179,43.748,23.687,SOFT,13,False,False,False,0,True,valid,23.65286624203822,18.227388535031846,48.82165605095541,0,0.7859872611464969,0,4.879000000000005,1.88600000000001,2.6710000000000065
1097,20240302,9472,63,27,8,9472_27_4,9472,9472,,55,2024-03-02T16:32:33.937000+00:00,95.736,30.629,41.384,23.723,SOFT,13,False,False,False,0,True,valid,23.65286624203822,18.227388535031846,48.82165605095541,0,0.7859872611464969,0,0.902000000000001,-1.1114999999999924,-1.2069999999999936
1098,20240302,9472,63,11,1,9472_11_3,9472,9472,,56,2024-03-02T16:32:38.657000+00:00,95.568,30.539,41.406,23.623,SOFT,19,False,False,False,0,True,valid,23.65286624203822,18.227388535031846,48.82165605095541,0,0.7859872611464969,0,1.2039999999999935,-0.6615000000000038,-1.375
1099,20240302,9472,63,55,7,9472_55_3,9472,9472,,56,2024-03-02T16:32:41.989000+00:00,95.305,30.593,41.18,23.532,HARD,20,False,False,False,0,True,valid,23.65286624203822,18.227388535031846,48.82165605095541,0,0.7859872611464969,0,0.7980000000000018,-0.869499999999988,-1.637999999999991
1100,20240302,9472,63,31,5,9472_31_3,9472,9472,,55,2024-03-02T16:32:44.165000+00:00,97.393,31.146,42.266,23.981,HARD,24,False,False,False,0,True,valid,23.65286624203822,18.227388535031846,48.82165605095541,0,0.7859872611464969,0,1.1670000000000016,-0.5090000000000003,0.45000000000000284
1101,20240302,9472,63,10,5,9472_10_4,9472,9472,,55,2024-03-02T16:32:47.975000+00:00,95.908,30.912,41.329,23.667,SOFT,11,False,False,False,0,True,valid,23.65286624203822,18.227388535031846,48.82165605095541,0,0.7859872611464969,0,1.1029999999999944,-1.8384999999999962,-1.0349999999999966
1102,20240302,9472,63,16,7,9472_16_3,9472,9472,,56,2024-03-02T16:32:55.041000+00:00,95.924,30.744,41.565,23.615,HARD,21,False,False,False,0,True,valid,23.65286624203822,18.227388535031846,48.82165605095541,0,0.7859872611464969,0,1.8340000000000032,-0.8529999999999944,-1.0189999999999912
1103,20240302,9472,63,63,10,9472_63_3,9472,9472,,56,2024-03-02T16:33:01.473000+00:00,96.35,30.808,41.885,23.657,HARD,24,False,False,False,0,True,valid,23.65286624203822,18.227388535031846,48.82165605095541,0,0.7859872611464969,0,1.2849999999999966,-0.2960000000000065,-0.5930000000000035
1104,20240302,9472,63,4,4,9472_4_3,9472,9472,,56,2024-03-02T16:33:03.513000+00:00,95.976,30.691,41.471,23.814,HARD,22,False,False,False,0,True,valid,23.65286624203822,18.227388535031846,48.82165605095541,0,0.7859872611464969,0,1.5,-0.597999999999999,-0.9669999999999987
1105,20240302,9472,63,44,10,9472_44_3,9472,9472,,56,2024-03-02T16:33:06.007000+00:00,95.706,30.597,41.564,23.545,HARD,22,False,False,False,0,True,valid,23.65286624203822,18.227388535031846,48.82165605095541,0,0.7859872611464969,0,0.9840000000000089,-0.972999999999999,-1.2369999999999948
1106,20240302,9472,63,81,4,9472_81_3,9472,9472,,56,2024-03-02T16:33:11.663000+00:00,96.1,30.82,41.515,23.765,HARD,21,False,False,False,0,True,valid,23.65286624203822,18.227388535031846,48.82165605095541,0,0.7859872611464969,0,1.3259999999999934,-0.6065000000000111,-0.8430000000000035
1107,20240302,9472,63,14,6,9472_14_3,9472,9472,,56,2024-03-02T16:33:32.101000+00:00,95.014,30.405,41.122,23.487,HARD,14,False,False,False,0,True,valid,23.65286624203822,18.227388535031846,48.82165605095541,0,0.7859872611464969,0,0.8149999999999977,-2.2150000000000034,-1.929000000000002
1108,20240302,9472,63,77,9,9472_77_3,9472,9472,,55,2024-03-02T16:33:35.694000+00:00,97.205,31.026,42.195,23.984,HARD,24,False,False,False,0,True,valid,23.65286624203822,18.227388535031846,48.82165605095541,0,0.7859872611464969,0,1.0030000000000001,-0.5690000000000026,0.26200000000000045
1109,20240302,9472,63,18,6,9472_18_3,9472,9472,,56,2024-03-02T16:33:46.830000+00:00,96.582,30.87,41.951,23.761,HARD,28,False,False,False,0,True,valid,23.65286624203822,18.227388535031846,48.82165605095541,0,0.7859872611464969,0,0.9499999999999886,-0.3205000000000098,-0.3610000000000042
1110,20240302,9472,63,1,1,9472_1_3,9472,9472,,57,2024-03-02T16:33:52.694000+00:00,94.923,30.384,40.91,23.629,SOFT,19,False,False,False,0,True,valid,23.65286624203822,18.227388535031846,48.82165605095541,0,0.7859872611464969,0,2.3149999999999977,-0.6674999999999898,-2.019999999999996
1111,20240302,9472,63,24,9,9472_24_3,9472,9472,,56,2024-03-02T16:33:56.961000+00:00,97.333,31.22,42.156,23.957,HARD,27,False,False,False,0,True,valid,23.65286624203822,18.227388535031846,48.82165605095541,0,0.7859872611464969,0,1.875,-0.08400000000000318,0.39000000000000057
1112,20240302,9472,63,20,8,9472_20_3,9472,9472,,56,2024-03-02T16:33:58.264000+00:00,97.584,31.04,42.465,24.079,HARD,23,False,False,False,0,True,valid,23.65286624203822,18.227388535031846,48.82165605095541,0,0.7859872611464969,0,2.01400000000001,-0.2079999999999984,0.6410000000000053
1113,20240302,9472,63,3,3,9472_3_3,9472,9472,,56,2024-03-02T16:33:58.926000+00:00,97.662,30.726,42.755,24.181,SOFT,20,False,False,False,0,True,valid,23.65286624203822,18.227388535031846,48.82165605095541,0,0.7859872611464969,0,2.4990000000000094,-0.1039999999999992,0.7190000000000083
1114,20240302,9472,63,22,3,9472_22_3,9472,9472,,56,2024-03-02T16:33:59.498000+00:00,97.473,30.742,42.53,24.201,HARD,21,False,False,False,0,True,valid,23.65286624203822,18.227388535031846,48.82165605095541,0,0.7859872611464969,0,1.6400000000000006,-0.16100000000000136,0.5300000000000011
1115,20240302,9472,63,23,2,9472_23_3,9472,9472,,56,2024-03-02T16:34:02.560000+00:00,96.922,30.875,42.085,23.962,HARD,19,False,False,False,0,True,valid,23.65286624203822,18.227388535031846,48.82165605095541,0,0.7859872611464969,0,1.198999999999998,-0.9570000000000078,-0.021000000000000796
1116,20240302,9472,63,27,8,9472_27_4,9472,9472,,56,2024-03-02T16:34:09.616000+00:00,95.602,30.546,41.304,23.752,SOFT,14,False,False,False,0,True,valid,23.65286624203822,18.227388535031846,48.82165605095541,0,0.7859872611464969,0,0.7680000000000007,-1.2454999999999927,-1.340999999999994
1117,20240302,9472,63,2,2,9472_2_4,9472,9472,,55,2024-03-02T16:34:12.176000+00:00,96.209,30.671,41.782,23.756,SOFT,14,False,False,False,0,True,valid,23.65286624203822,18.227388535031846,48.82165605095541,0,0.7859872611464969,0,1.4740000000000038,-1.5189999999999912,-0.7339999999999947
1118,20240302,9472,63,11,1,9472_11_3,9472,9472,,57,2024-03-02T16:34:14.334000+00:00,95.746,30.521,41.6,23.625,SOFT,20,False,False,False,0,True,valid,23.65286624203822,18.227388535031846,48.82165605095541,0,0.7859872611464969,0,1.3819999999999908,-0.4835000000000065,-1.1970000000000027
1119,20240302,9472,63,55,7,9472_55_3,9472,9472,,57,2024-03-02T16:34:17.271000+00:00,95.327,30.55,41.125,23.652,HARD,21,False,False,False,0,True,valid,23.65286624203822,18.227388535031846,48.82165605095541,0,0.7859872611464969,0,0.8199999999999932,-0.8474999999999966,-1.6159999999999997
1120,20240302,9472,63,31,5,9472_31_3,9472,9472,,56,2024-03-02T16:34:21.985000+00:00,97.415,31.133,42.224,24.058,HARD,25,False,False,False,0,True,valid,23.65286624203822,18.227388535031846,48.82165605095541,0,0.7859872611464969,0,1.1890000000000072,-0.48699999999999477,0.4720000000000084
1121,20240302,9472,63,10,5,9472_10_4,9472,9472,,56,2024-03-02T16:34:23.875000+00:00,96.086,30.888,41.288,23.91,SOFT,12,False,False,False,0,True,valid,23.65286624203822,18.227388535031846,48.82165605095541,0,0.7859872611464969,0,1.2809999999999917,-1.660499999999999,-0.8569999999999993
1122,20240302,9472,63,16,7,9472_16_3,9472,9472,,57,2024-03-02T16:34:30.893000+00:00,96.324,30.856,41.655,23.813,HARD,22,False,False,False,0,True,valid,23.65286624203822,18.227388535031846,48.82165605095541,0,0.7859872611464969,0,2.2339999999999947,-0.45300000000000296,-0.6189999999999998
1123,20240302,9472,63,63,10,9472_63_3,9472,9472,,57,2024-03-02T16:34:38.198000+00:00,96.44,30.765,42.018,23.657,HARD,25,False,False,False,0,True,valid,23.65286624203822,18.227388535031846,48.82165605095541,0,0.7859872611464969,0,1.375,-0.20600000000000307,-0.5030000000000001
1124,20240302,9472,63,4,4,9472_4_3,9472,9472,,57,2024-03-02T16:34:39.417000+00:00,96.582,30.771,41.992,23.819,HARD,23,False,False,False,0,True,valid,23.65286624203822,18.227388535031846,48.82165605095541,0,0.7859872611464969,0,2.1059999999999945,0.007999999999995566,-0.3610000000000042
1125,20240302,9472,63,44,10,9472_44_3,9472,9472,,57,2024-03-02T16:34:41.739000+00:00,96.138,30.687,41.847,23.604,HARD,23,False,False,False,0,True,valid,23.65286624203822,18.227388535031846,48.82165605095541,0,0.7859872611464969,0,1.416000000000011,-0.5409999999999968,-0.8049999999999926
1126,20240302,9472,63,81,4,9472_81_3,9472,9472,,57,2024-03-02T16:34:47.748000+00:00,95.92,30.738,41.401,23.781,HARD,22,False,False,False,0,True,valid,23.65286624203822,18.227388535031846,48.82165605095541,0,0.7859872611464969,0,1.1460000000000008,-0.7865000000000038,-1.0229999999999961
1127,20240302,9472,63,14,6,9472_14_3,9472,9472,,57,2024-03-02T16:35:07.138000+00:00,95.276,30.59,41.134,23.552,HARD,15,False,False,False,0,True,valid,23.65286624203822,18.227388535031846,48.82165605095541,0,0.7859872611464969,0,1.0769999999999982,-1.953000000000003,-1.6670000000000016
1128,20240302,9472,63,77,9,9472_77_3,9472,9472,,56,2024-03-02T16:35:12.822000+00:00,97.956,31.235,42.521,24.2,HARD,25,False,False,False,0,True,valid,23.65286624203822,18.227388535031846,48.82165605095541,0,0.7859872611464969,0,1.7540000000000049,0.18200000000000216,1.0130000000000052
1129,20240302,9472,63,18,6,9472_18_3,9472,9472,,57,2024-03-02T16:35:23.428000+00:00,97.335,30.994,42.237,24.104,HARD,29,False,False,False,0,True,valid,23.65286624203822,18.227388535031846,48.82165605095541,0,0.7859872611464969,0,1.7029999999999887,0.43249999999999034,0.3919999999999959
