fact_pit_id,date_id,race_id,circuit_id,driver_id,team_id,weather_context_id,session_key,meeting_key,driver_number,lap_number,pit_time_utc,pit_duration_sec,lane_duration_sec,stop_duration_sec,pit_window_gain_loss_sec
1,20230604,9102,15,4,8,9102,9102,1211,4,1,2023-06-04T13:05:22.607000+00:00,37.7,37.7,,
2,20230604,9102,15,77,1,9102,9102,1211,77,5,2023-06-04T13:10:42.773000+00:00,23.6,23.6,,-2.3934999999999986
3,20230604,9102,15,27,6,9102,9102,1211,27,8,2023-06-04T13:14:44.785000+00:00,22.2,22.2,,-2.6809999999999996
4,20230604,9102,15,24,1,9102,9102,1211,24,9,2023-06-04T13:16:02.690000+00:00,23.4,23.4,,-1.0064999999999955
5,20230604,9102,15,21,2,9102,9102,1211,21,9,2023-06-04T13:16:07.674000+00:00,22.5,22.5,,-1.0443333333333389
6,20230604,9102,15,22,2,9102,9102,1211,22,10,2023-06-04T13:17:23.938000+00:00,22.1,22.1,,-1.2963333333333367
7,20230604,9102,15,20,6,9102,9102,1211,20,10,2023-06-04T13:17:29.391000+00:00,22.1,22.1,,-1.7833333333333314
8,20230604,9102,15,31,3,9102,9102,1211,31,13,2023-06-04T13:21:24.402000+00:00,22.1,22.1,,-1.2840000000000036
9,20230604,9102,15,18,4,9102,9102,1211,18,14,2023-06-04T13:22:41.917000+00:00,22.3,22.3,,-0.753333333333335
10,20230604,9102,15,55,5,9102,9102,1211,55,15,2023-06-04T13:23:56.212000+00:00,22.3,22.3,,-0.8003333333333345
11,20230604,9102,15,16,5,9102,9102,1211,16,16,2023-06-04T13:25:39.726000+00:00,21.7,21.7,,-0.9448333333333352
12,20230604,9102,15,23,13,9102,9102,1211,23,16,2023-06-04T13:25:48.070000+00:00,23.3,23.3,,-1.4621666666666613
13,20230604,9102,15,81,8,9102,9102,1211,81,17,2023-06-04T13:26:55.740000+00:00,22.3,22.3,,-1.5080000000000076
14,20230604,9102,15,2,13,9102,9102,1211,2,17,2023-06-04T13:27:13.177000+00:00,22.5,22.5,,-2.1631666666666716
15,20230604,9102,15,14,4,9102,9102,1211,14,19,2023-06-04T13:29:32.284000+00:00,22.5,22.5,,-0.49883333333333957
16,20230604,9102,15,10,3,9102,9102,1211,10,19,2023-06-04T13:29:42.394000+00:00,23.3,23.3,,-1.366500000000002
17,20230604,9102,15,4,8,9102,9102,1211,4,22,2023-06-04T13:34:13.936000+00:00,22.8,22.8,,-1.7071666666666658
18,20230604,9102,15,44,9,9102,9102,1211,44,24,2023-06-04T13:36:00.934000+00:00,22.5,22.5,,-1.2688333333333262
19,20230604,9102,15,20,6,9102,9102,1211,20,24,2023-06-04T13:36:51.636000+00:00,24.8,24.8,,-2.5028333333333306
20,20230604,9102,15,63,9,9102,9102,1211,63,25,2023-06-04T13:37:30.510000+00:00,22.2,22.2,,-2.285000000000001
21,20230604,9102,15,1,12,9102,9102,1211,1,26,2023-06-04T13:38:29.056000+00:00,22.2,22.2,,-1.2221666666666686
22,20230604,9102,15,27,6,9102,9102,1211,27,26,2023-06-04T13:39:27.836000+00:00,23.2,23.2,,-2.2310000000000043
23,20230604,9102,15,11,12,9102,9102,1211,11,27,2023-06-04T13:40:19.241000+00:00,21.7,21.7,,-1.5126666666666704
24,20230604,9102,15,18,4,9102,9102,1211,18,34,2023-06-04T13:49:58.247000+00:00,23.3,23.3,,-0.7960000000000065
25,20230604,9102,15,22,2,9102,9102,1211,22,34,2023-06-04T13:50:01.059000+00:00,22.0,22.0,,-1.4786666666666666
26,20230604,9102,15,31,3,9102,9102,1211,31,35,2023-06-04T13:51:21.730000+00:00,24.1,24.1,,-1.606666666666667
27,20230604,9102,15,24,1,9102,9102,1211,24,36,2023-06-04T13:52:48.775000+00:00,22.8,22.8,,-1.6654999999999969
28,20230604,9102,15,2,13,9102,9102,1211,2,36,2023-06-04T13:53:18.056000+00:00,23.8,23.8,,-2.083666666666668
29,20230604,9102,15,23,13,9102,9102,1211,23,37,2023-06-04T13:54:36.804000+00:00,23.4,23.4,,-1.4893333333333345
30,20230604,9102,15,21,2,9102,9102,1211,21,38,2023-06-04T13:55:39.834000+00:00,21.9,21.9,,-1.8443333333333338
31,20230604,9102,15,81,8,9102,9102,1211,81,39,2023-06-04T13:56:52.146000+00:00,22.8,22.8,,-1.8386666666666684
32,20230604,9102,15,10,3,9102,9102,1211,10,39,2023-06-04T13:56:54.067000+00:00,23.6,23.6,,-2.1086666666666645
33,20230604,9102,15,77,1,9102,9102,1211,77,39,2023-06-04T13:57:22.504000+00:00,24.0,24.0,,-2.253
34,20230604,9102,15,55,5,9102,9102,1211,55,41,2023-06-04T13:59:09.768000+00:00,22.3,22.3,,-0.9119999999999967
35,20230604,9102,15,16,5,9102,9102,1211,16,41,2023-06-04T13:59:36.752000+00:00,23.0,23.0,,-1.8531666666666713
36,20230604,9102,15,20,6,9102,9102,1211,20,42,2023-06-04T14:01:22.406000+00:00,22.2,22.2,,-2.712500000000001
37,20230604,9102,15,27,6,9102,9102,1211,27,43,2023-06-04T14:02:29.968000+00:00,24.4,24.4,,-1.1471666666666707
38,20230604,9102,15,14,4,9102,9102,1211,14,44,2023-06-04T14:03:24.420000+00:00,22.8,22.8,,-1.5751666666666726
39,20230604,9102,15,63,9,9102,9102,1211,63,45,2023-06-04T14:04:20.497000+00:00,22.0,22.0,,-1.2923333333333342
40,20230604,9102,15,44,9,9102,9102,1211,44,50,2023-06-04T14:10:45.927000+00:00,22.7,22.7,,-0.43550000000001177
41,20230604,9102,15,11,12,9102,9102,1211,11,50,2023-06-04T14:11:04.287000+00:00,21.5,21.5,,-2.268000000000003
42,20230604,9102,15,4,8,9102,9102,1211,4,50,2023-06-04T14:12:02.129000+00:00,22.0,22.0,,-1.896999999999996
43,20230604,9102,15,1,12,9102,9102,1211,1,52,2023-06-04T14:13:07.441000+00:00,22.3,22.3,,-1.4078333333333337
44,20230618,9110,23,22,2,9110,9110,1212,22,1,2023-06-18T18:04:56.528000+00:00,23.6,23.6,,
45,20230618,9110,23,10,3,9110,9110,1212,10,10,2023-06-18T18:17:04.109000+00:00,27.5,27.5,,26.027166666666663
46,20230618,9110,23,27,6,9110,9110,1212,27,11,2023-06-18T18:18:16.186000+00:00,24.8,24.8,,41.50683333333333
47,20230618,9110,23,18,4,9110,9110,1212,18,11,2023-06-18T18:18:17.999000+00:00,23.7,23.7,,40.757333333333335
48,20230618,9110,23,21,2,9110,9110,1212,21,11,2023-06-18T18:18:21.467000+00:00,24.9,24.9,,40.532333333333334
49,20230618,9110,23,1,12,9110,9110,1212,1,12,2023-06-18T18:19:13.935000+00:00,23.6,23.6,,42.284
50,20230618,9110,23,44,9,9110,9110,1212,44,12,2023-06-18T18:19:24.482000+00:00,24.3,24.3,,41.792500000000004
51,20230618,9110,23,14,4,9110,9110,1212,14,12,2023-06-18T18:19:25.014000+00:00,24.0,24.0,,41.86333333333333
52,20230618,9110,23,31,3,9110,9110,1212,31,12,2023-06-18T18:19:37.606000+00:00,24.4,24.4,,41.679
53,20230618,9110,23,81,8,9110,9110,1212,81,12,2023-06-18T18:19:41.653000+00:00,24.8,24.8,,41.74816666666667
54,20230618,9110,23,4,8,9110,9110,1212,4,12,2023-06-18T18:19:50.356000+00:00,25.8,25.8,,41.55866666666667
55,20230618,9110,23,23,13,9110,9110,1212,23,12,2023-06-18T18:19:50.684000+00:00,25.0,25.0,,41.875166666666665
56,20230618,9110,23,24,1,9110,9110,1212,24,12,2023-06-18T18:19:55.606000+00:00,24.1,24.1,,42.8625
57,20230618,9110,23,63,9,9110,9110,1212,63,12,2023-06-18T18:21:25.245000+00:00,88.9,88.9,,22.251833333333334
58,20230618,9110,23,18,4,9110,9110,1212,18,27,2023-06-18T18:42:47.254000+00:00,23.8,23.8,,-1.2373333333333367
59,20230618,9110,23,27,6,9110,9110,1212,27,31,2023-06-18T18:48:01.826000+00:00,24.2,24.2,,-1.1099999999999994
60,20230618,9110,23,24,1,9110,9110,1212,24,32,2023-06-18T18:49:22.997000+00:00,27.5,27.5,,-0.4661666666666662
61,20230618,9110,23,10,3,9110,9110,1212,10,33,2023-06-18T18:50:39.183000+00:00,24.1,24.1,,-0.6184999999999926
62,20230618,9110,23,22,2,9110,9110,1212,22,34,2023-06-18T18:51:59.213000+00:00,27.5,27.5,,-1.2896666666666665
63,20230618,9110,23,4,8,9110,9110,1212,4,35,2023-06-18T18:53:06.212000+00:00,23.5,23.5,,-1.2333333333333272
64,20230618,9110,23,20,6,9110,9110,1212,20,35,2023-06-18T18:53:59.883000+00:00,24.9,24.9,,-0.9779999999999944
65,20230618,9110,23,31,3,9110,9110,1212,31,36,2023-06-18T18:54:20.679000+00:00,23.6,23.6,,-0.8671666666666624
66,20230618,9110,23,77,1,9110,9110,1212,77,36,2023-06-18T18:54:23.367000+00:00,24.0,24.0,,-0.9450000000000027
67,20230618,9110,23,11,12,9110,9110,1212,11,37,2023-06-18T18:55:29.865000+00:00,23.2,23.2,,-1.3231666666666677
68,20230618,9110,23,81,8,9110,9110,1212,81,37,2023-06-18T18:55:45.818000+00:00,23.4,23.4,,-1.2406666666666648
69,20230618,9110,23,55,5,9110,9110,1212,55,38,2023-06-18T18:56:41.458000+00:00,24.1,24.1,,-0.8658333333333299
70,20230618,9110,23,16,5,9110,9110,1212,16,39,2023-06-18T18:57:57.238000+00:00,24.3,24.3,,-1.0806666666666682
71,20230618,9110,23,44,9,9110,9110,1212,44,40,2023-06-18T18:59:10.596000+00:00,23.7,23.7,,-0.7373333333333296
72,20230618,9110,23,14,4,9110,9110,1212,14,41,2023-06-18T19:00:23.204000+00:00,23.9,23.9,,-0.8063333333333347
73,20230618,9110,23,1,12,9110,9110,1212,1,42,2023-06-18T19:01:35+00:00,23.9,23.9,,-1.0229999999999984
74,20230618,9110,23,21,2,9110,9110,1212,21,50,2023-06-18T19:13:54.658000+00:00,23.7,23.7,,-1.7751666666666637
75,20230618,9110,23,20,6,9110,9110,1212,20,53,2023-06-18T19:17:43.092000+00:00,24.5,24.5,,-1.0486666666666622
76,20230618,9110,23,11,12,9110,9110,1212,11,68,2023-06-18T19:35:21.042000+00:00,23.2,23.2,,-2.1370000000000053
77,20230702,9118,19,20,6,9118,9118,1213,20,1,2023-07-02T13:04:43.005000+00:00,26.5,26.5,,
78,20230702,9118,19,22,2,9118,9118,1213,22,1,2023-07-02T13:05:01.224000+00:00,29.6,29.6,,
79,20230702,9118,19,1,12,9118,9118,1213,1,2,2023-07-02T13:06:14.582000+00:00,16.3,16.3,,-8.110499999999995
80,20230702,9118,19,16,5,9118,9118,1213,16,2,2023-07-02T13:06:16.238000+00:00,16.3,16.3,,-9.284000000000006
81,20230702,9118,19,55,5,9118,9118,1213,55,2,2023-07-02T13:06:17.863000+00:00,16.3,16.3,,-11.592000000000006
82,20230702,9118,19,44,9,9118,9118,1213,44,2,2023-07-02T13:06:20.738000+00:00,16.4,16.4,,-13.656500000000001
83,20230702,9118,19,4,8,9118,9118,1213,4,2,2023-07-02T13:06:23.691000+00:00,18.0,18.0,,-15.500999999999998
84,20230702,9118,19,14,4,9118,9118,1213,14,2,2023-07-02T13:06:25.347000+00:00,16.6,16.6,,-17.04050000000001
85,20230702,9118,19,27,6,9118,9118,1213,27,2,2023-07-02T13:06:26.707000+00:00,16.7,16.7,,-18.223499999999994
86,20230702,9118,19,18,4,9118,9118,1213,18,2,2023-07-02T13:06:28.160000+00:00,16.6,16.6,,-19.849999999999994
87,20230702,9118,19,10,3,9118,9118,1213,10,2,2023-07-02T13:06:29.488000+00:00,16.3,16.3,,-20.5955
88,20230702,9118,19,23,13,9118,9118,1213,23,2,2023-07-02T13:06:31.050000+00:00,16.7,16.7,,-21.187000000000005
89,20230702,9118,19,63,9,9118,9118,1213,63,2,2023-07-02T13:06:36.097000+00:00,17.9,17.9,,-22.5505
90,20230702,9118,19,31,3,9118,9118,1213,31,2,2023-07-02T13:06:37.675000+00:00,18.1,18.1,,-22.997
91,20230702,9118,19,11,12,9118,9118,1213,11,2,2023-07-02T13:06:38.706000+00:00,17.4,17.4,,-25.533499999999997
92,20230702,9118,19,24,1,9118,9118,1213,24,2,2023-07-02T13:06:40.534000+00:00,17.4,17.4,,-26.326000000000008
93,20230702,9118,19,81,8,9118,9118,1213,81,2,2023-07-02T13:06:41.269000+00:00,17.3,17.3,,-27.7425
94,20230702,9118,19,2,13,9118,9118,1213,2,2,2023-07-02T13:06:42.800000+00:00,17.3,17.3,,-28.446999999999996
95,20230702,9118,19,77,1,9118,9118,1213,77,2,2023-07-02T13:06:44.597000+00:00,17.1,17.1,,-29.311500000000002
96,20230702,9118,19,21,2,9118,9118,1213,21,2,2023-07-02T13:06:45.707000+00:00,17.0,17.0,,
97,20230702,9118,19,22,2,9118,9118,1213,22,2,2023-07-02T13:06:50.097000+00:00,16.2,16.2,,
98,20230702,9118,19,20,6,9118,9118,1213,20,2,2023-07-02T13:06:57.519000+00:00,25.6,25.6,,
99,20230702,9118,19,24,1,9118,9118,1213,24,8,2023-07-02T13:14:34.839000+00:00,24.3,24.3,,-1.0843333333333427
100,20230702,9118,19,27,6,9118,9118,1213,27,11,2023-07-02T13:18:03.819000+00:00,21.8,21.8,,
101,20230702,9118,19,21,2,9118,9118,1213,21,12,2023-07-02T13:19:23.521000+00:00,21.3,21.3,,16.536499999999997
102,20230702,9118,19,44,9,9118,9118,1213,44,14,2023-07-02T13:21:33.050000+00:00,21.9,21.9,,0.7538333333333304
103,20230702,9118,19,4,8,9118,9118,1213,4,14,2023-07-02T13:21:34.425000+00:00,21.2,21.2,,0.14050000000000062
104,20230702,9118,19,10,3,9118,9118,1213,10,14,2023-07-02T13:21:42.472000+00:00,21.8,21.8,,0.9050000000000011
105,20230702,9118,19,23,13,9118,9118,1213,23,14,2023-07-02T13:21:44.846000+00:00,21.5,21.5,,0.2960000000000017
106,20230702,9118,19,63,9,9118,9118,1213,63,14,2023-07-02T13:21:46.206000+00:00,22.2,22.2,,-0.2304999999999945
107,20230702,9118,19,31,3,9118,9118,1213,31,14,2023-07-02T13:21:49.221000+00:00,22.0,22.0,,-0.42666666666666464
108,20230702,9118,19,81,8,9118,9118,1213,81,14,2023-07-02T13:21:50.378000+00:00,22.4,22.4,,-0.5180000000000007
109,20230702,9118,19,2,13,9118,9118,1213,2,14,2023-07-02T13:21:55.831000+00:00,23.1,23.1,,-0.9413333333333279
110,20230702,9118,19,16,5,9118,9118,1213,16,15,2023-07-02T13:23:00.314000+00:00,23.4,23.4,,-2.718833333333331
111,20230702,9118,19,55,5,9118,9118,1213,55,15,2023-07-02T13:23:08.314000+00:00,26.2,26.2,,-3.5981666666666663
112,20230702,9118,19,14,4,9118,9118,1213,14,15,2023-07-02T13:23:11.501000+00:00,22.3,22.3,,-3.3319999999999985
113,20230702,9118,19,18,4,9118,9118,1213,18,15,2023-07-02T13:23:19.298000+00:00,24.3,24.3,,-2.7040000000000006
114,20230702,9118,19,77,1,9118,9118,1213,77,21,2023-07-02T13:30:59.930000+00:00,31.7,31.7,,-2.0696666666666728
115,20230702,9118,19,81,8,9118,9118,1213,81,22,2023-07-02T13:32:10.351000+00:00,29.9,29.9,,-0.8793333333333374
116,20230702,9118,19,22,2,9118,9118,1213,22,23,2023-07-02T13:33:18.069000+00:00,27.2,27.2,,-2.9056666666666664
117,20230702,9118,19,1,12,9118,9118,1213,1,24,2023-07-02T13:33:35.443000+00:00,21.3,21.3,,-1.2046666666666632
118,20230702,9118,19,11,12,9118,9118,1213,11,25,2023-07-02T13:35:09.988000+00:00,21.6,21.6,,-1.3699999999999974
119,20230702,9118,19,20,6,9118,9118,1213,20,34,2023-07-02T13:46:31.476000+00:00,22.2,22.2,,-1.8704999999999974
120,20230702,9118,19,18,4,9118,9118,1213,18,36,2023-07-02T13:48:33.021000+00:00,22.0,22.0,,-1.4763333333333315
121,20230702,9118,19,21,2,9118,9118,1213,21,37,2023-07-02T13:50:02.972000+00:00,21.0,21.0,,-1.6034999999999944
122,20230702,9118,19,24,1,9118,9118,1213,24,38,2023-07-02T13:51:11.206000+00:00,21.9,21.9,,-1.7891666666666737
123,20230702,9118,19,31,3,9118,9118,1213,31,40,2023-07-02T13:53:26.781000+00:00,30.4,30.4,,-0.9481666666666607
124,20230702,9118,19,77,1,9118,9118,1213,77,40,2023-07-02T13:53:44.797000+00:00,21.9,21.9,,-0.9374999999999976
125,20230702,9118,19,4,8,9118,9118,1213,4,41,2023-07-02T13:54:01.562000+00:00,22.0,22.0,,-1.93183333333333
126,20230702,9118,19,63,9,9118,9118,1213,63,41,2023-07-02T13:54:19.468000+00:00,21.7,21.7,,-1.2528333333333304
127,20230702,9118,19,23,13,9118,9118,1213,23,41,2023-07-02T13:54:32.593000+00:00,27.6,27.6,,-1.3291666666666682
128,20230702,9118,19,81,8,9118,9118,1213,81,41,2023-07-02T13:54:59.592000+00:00,22.3,22.3,,-0.908166666666664
129,20230702,9118,19,44,9,9118,9118,1213,44,42,2023-07-02T13:55:18.873000+00:00,27.7,27.7,,-0.7763333333333288
130,20230702,9118,19,2,13,9118,9118,1213,2,43,2023-07-02T13:57:02.277000+00:00,21.5,21.5,,-1.7596666666666678
131,20230702,9118,19,22,2,9118,9118,1213,22,43,2023-07-02T13:57:18.496000+00:00,21.3,21.3,,-1.6861666666666604
132,20230702,9118,19,14,4,9118,9118,1213,14,44,2023-07-02T13:57:37.886000+00:00,21.9,21.9,,-1.7523333333333375
133,20230702,9118,19,10,3,9118,9118,1213,10,44,2023-07-02T13:57:58.776000+00:00,27.8,27.8,,-2.174333333333332
134,20230702,9118,19,55,5,9118,9118,1213,55,45,2023-07-02T13:58:39.385000+00:00,28.5,28.5,,-1.5195000000000078
135,20230702,9118,19,16,5,9118,9118,1213,16,47,2023-07-02T14:00:48.336000+00:00,21.4,21.4,,-1.297999999999997
136,20230702,9118,19,1,12,9118,9118,1213,1,49,2023-07-02T14:02:53.490000+00:00,21.6,21.6,,-1.231666666666662
137,20230702,9118,19,11,12,9118,9118,1213,11,50,2023-07-02T14:04:28.879000+00:00,21.2,21.2,,-1.1141666666666648
138,20230702,9118,19,18,4,9118,9118,1213,18,54,2023-07-02T14:09:50.842000+00:00,21.8,21.8,,-1.3553333333333342
139,20230702,9118,19,1,12,9118,9118,1213,1,69,2023-07-02T14:26:05.356000+00:00,21.3,21.3,,-1.8783333333333303
140,20230709,9126,2,27,6,9126,9126,1214,27,7,2023-07-09T14:14:59.362000+00:00,41.9,41.9,,-1.5939999999999965
141,20230709,9126,2,22,2,9126,9126,1214,22,14,2023-07-09T14:25:44.273000+00:00,28.3,28.3,,-1.2466666666666626
142,20230709,9126,2,16,5,9126,9126,1214,16,18,2023-07-09T14:31:37.391000+00:00,28.2,28.2,,-0.4546666666666657
143,20230709,9126,2,24,1,9126,9126,1214,24,24,2023-07-09T14:41:26.225000+00:00,29.1,29.1,,-0.9089999999999966
144,20230709,9126,2,55,5,9126,9126,1214,55,26,2023-07-09T14:44:05.366000+00:00,28.8,28.8,,-0.8034999999999997
145,20230709,9126,2,21,2,9126,9126,1214,21,27,2023-07-09T14:46:03.349000+00:00,28.2,28.2,,-1.1251666666666722
146,20230709,9126,2,63,9,9126,9126,1214,63,28,2023-07-09T14:47:07.832000+00:00,29.4,29.4,,-1.3059999999999974
147,20230709,9126,2,11,12,9126,9126,1214,11,28,2023-07-09T14:47:18.879000+00:00,28.0,28.0,,-1.4003333333333359
148,20230709,9126,2,81,8,9126,9126,1214,81,29,2023-07-09T14:48:34.502000+00:00,28.6,28.6,,2.5163333333333355
149,20230709,9126,2,2,13,9126,9126,1214,2,29,2023-07-09T14:49:06.924000+00:00,28.8,28.8,,8.539166666666668
150,20230709,9126,2,10,3,9126,9126,1214,10,31,2023-07-09T14:51:59.061000+00:00,28.4,28.4,,34.0655
151,20230709,9126,2,18,4,9126,9126,1214,18,31,2023-07-09T14:52:09.014000+00:00,28.5,28.5,,34.13433333333333
152,20230709,9126,2,23,13,9126,9126,1214,23,32,2023-07-09T14:53:40.184000+00:00,29.6,29.6,,41.62833333333333
153,20230709,9126,2,16,5,9126,9126,1214,16,32,2023-07-09T14:53:40.559000+00:00,28.8,28.8,,42.37899999999999
154,20230709,9126,2,77,1,9126,9126,1214,77,32,2023-07-09T14:54:08.949000+00:00,29.6,29.6,,29.968500000000002
155,20230709,9126,2,22,2,9126,9126,1214,22,32,2023-07-09T14:54:17.418000+00:00,28.6,28.6,,27.425333333333338
156,20230709,9126,2,21,2,9126,9126,1214,21,32,2023-07-09T14:54:24.543000+00:00,28.4,28.4,,25.12383333333334
157,20230709,9126,2,27,6,9126,9126,1214,27,32,2023-07-09T14:54:41.464000+00:00,30.0,30.0,,20.696833333333334
158,20230709,9126,2,1,12,9126,9126,1214,1,33,2023-07-09T14:54:58.871000+00:00,29.0,29.0,,54.83766666666666
159,20230709,9126,2,4,8,9126,9126,1214,4,33,2023-07-09T14:55:12.183000+00:00,28.4,28.4,,54.51183333333334
160,20230709,9126,2,44,9,9126,9126,1214,44,33,2023-07-09T14:55:27.761000+00:00,29.1,29.1,,53.63483333333334
161,20230709,9126,2,14,4,9126,9126,1214,14,33,2023-07-09T14:55:38.635000+00:00,28.6,28.6,,50.58866666666666
162,20230709,9126,2,24,1,9126,9126,1214,24,33,2023-07-09T14:56:37.462000+00:00,28.7,28.7,,7.007666666666665
163,20230709,9126,2,24,1,9126,9126,1214,24,36,2023-07-09T15:03:13.908000+00:00,34.3,34.3,,3.183000000000007
164,20230723,9133,4,23,13,9133,9133,1215,23,8,2023-07-23T13:15:10.245000+00:00,22.0,22.0,,-0.7901666666666618
165,20230723,9133,4,18,4,9133,9133,1215,18,9,2023-07-23T13:16:32.384000+00:00,21.9,21.9,,-1.0456666666666667
166,20230723,9133,4,77,1,9133,9133,1215,77,9,2023-07-23T13:16:34.056000+00:00,22.1,22.1,,-1.4010000000000034
167,20230723,9133,4,22,2,9133,9133,1215,22,9,2023-07-23T13:16:37.321000+00:00,26.1,26.1,,-1.106500000000004
168,20230723,9133,4,24,1,9133,9133,1215,24,10,2023-07-23T13:18:10.351000+00:00,29.2,29.2,,-2.12866666666667
169,20230723,9133,4,2,13,9133,9133,1215,2,13,2023-07-23T13:22:23.628000+00:00,24.0,24.0,,-0.5591666666666649
170,20230723,9133,4,20,6,9133,9133,1215,20,14,2023-07-23T13:23:47.501000+00:00,22.7,22.7,,-1.0756666666666679
171,20230723,9133,4,55,5,9133,9133,1215,55,15,2023-07-23T13:24:58.984000+00:00,21.4,21.4,,-0.8198333333333376
172,20230723,9133,4,44,9,9133,9133,1215,44,16,2023-07-23T13:26:18.452000+00:00,21.9,21.9,,0.28200000000000114
173,20230723,9133,4,27,6,9133,9133,1215,27,16,2023-07-23T13:26:34.904000+00:00,22.9,22.9,,-0.6341666666666654
174,20230723,9133,4,4,8,9133,9133,1215,4,17,2023-07-23T13:27:38.903000+00:00,21.5,21.5,,-1.2219999999999942
175,20230723,9133,4,16,5,9133,9133,1215,16,17,2023-07-23T13:27:52.778000+00:00,28.4,28.4,,-1.1956666666666724
176,20230723,9133,4,81,8,9133,9133,1215,81,18,2023-07-23T13:29:01.402000+00:00,21.1,21.1,,-0.7240000000000062
177,20230723,9133,4,3,2,9133,9133,1215,3,18,2023-07-23T13:29:32.901000+00:00,21.9,21.9,,-0.8791666666666675
178,20230723,9133,4,14,4,9133,9133,1215,14,20,2023-07-23T13:32:09.852000+00:00,22.9,22.9,,0.4344999999999999
179,20230723,9133,4,1,12,9133,9133,1215,1,23,2023-07-23T13:35:54.223000+00:00,21.4,21.4,,-0.398666666666666
180,20230723,9133,4,11,12,9133,9133,1215,11,24,2023-07-23T13:37:42.736000+00:00,21.8,21.8,,-0.12599999999999767
181,20230723,9133,4,63,9,9133,9133,1215,63,28,2023-07-23T13:43:43.095000+00:00,21.8,21.8,,-2.5190000000000032
182,20230723,9133,4,3,2,9133,9133,1215,3,29,2023-07-23T13:45:35.625000+00:00,22.2,22.2,,-1.8683333333333347
183,20230723,9133,4,23,13,9133,9133,1215,23,31,2023-07-23T13:48:16.247000+00:00,21.7,21.7,,-1.2519999999999976
184,20230723,9133,4,18,4,9133,9133,1215,18,34,2023-07-23T13:52:25.274000+00:00,22.4,22.4,,-1.2620000000000005
185,20230723,9133,4,2,13,9133,9133,1215,2,34,2023-07-23T13:52:46.773000+00:00,22.1,22.1,,-2.4943333333333326
186,20230723,9133,4,27,6,9133,9133,1215,27,38,2023-07-23T13:58:20.720000+00:00,21.9,21.9,,-1.5678333333333399
187,20230723,9133,4,24,1,9133,9133,1215,24,38,2023-07-23T13:58:26.142000+00:00,22.8,22.8,,-1.5553333333333321
188,20230723,9133,4,77,1,9133,9133,1215,77,40,2023-07-23T14:01:02.843000+00:00,23.2,23.2,,-1.3581666666666738
189,20230723,9133,4,20,6,9133,9133,1215,20,41,2023-07-23T14:02:55.184000+00:00,22.1,22.1,,-3.1905000000000046
190,20230723,9133,4,81,8,9133,9133,1215,81,42,2023-07-23T14:03:10.559000+00:00,22.0,22.0,,-1.9113333333333338
191,20230723,9133,4,11,12,9133,9133,1215,11,42,2023-07-23T14:03:12.700000+00:00,20.8,20.8,,-1.6253333333333302
192,20230723,9133,4,16,5,9133,9133,1215,16,43,2023-07-23T14:04:53.776000+00:00,21.4,21.4,,-1.5236666666666732
193,20230723,9133,4,14,4,9133,9133,1215,14,43,2023-07-23T14:05:04.463000+00:00,24.1,24.1,,-1.4231666666666623
194,20230723,9133,4,4,8,9133,9133,1215,4,44,2023-07-23T14:05:50.087000+00:00,21.4,21.4,,-2.0800000000000005
195,20230723,9133,4,55,5,9133,9133,1215,55,44,2023-07-23T14:06:18.603000+00:00,22.0,22.0,,-1.664333333333334
196,20230723,9133,4,22,2,9133,9133,1215,22,44,2023-07-23T14:06:55.477000+00:00,21.1,21.1,,-2.080833333333333
197,20230723,9133,4,63,9,9133,9133,1215,63,46,2023-07-23T14:09:11.959000+00:00,21.6,21.6,,-1.1218333333333372
198,20230723,9133,4,44,9,9133,9133,1215,44,49,2023-07-23T14:13:04.017000+00:00,21.7,21.7,,-1.816333333333328
199,20230723,9133,4,1,12,9133,9133,1215,1,51,2023-07-23T14:15:15.906000+00:00,21.6,21.6,,-1.4774999999999945
200,20230730,9141,7,4,8,9141,9141,1216,4,5,2023-07-30T13:13:52.872000+00:00,25.0,25.0,,-1.9910000000000019
201,20230730,9141,7,3,2,9141,9141,1216,3,5,2023-07-30T13:13:54.732000+00:00,22.8,22.8,,-2.656500000000004
202,20230730,9141,7,20,6,9141,9141,1216,20,5,2023-07-30T13:13:54.872000+00:00,23.6,23.6,,-3.1205000000000025
203,20230730,9141,7,31,3,9141,9141,1216,31,6,2023-07-30T13:15:47.371000+00:00,23.0,23.0,,-2.0529999999999973
204,20230730,9141,7,77,1,9141,9141,1216,77,6,2023-07-30T13:15:48.574000+00:00,23.3,23.3,,-2.125666666666672
205,20230730,9141,7,23,13,9141,9141,1216,23,7,2023-07-30T13:17:39.917000+00:00,25.0,25.0,,-3.1331666666666704
206,20230730,9141,7,55,5,9141,9141,1216,55,7,2023-07-30T13:17:44.135000+00:00,23.3,23.3,,-3.310833333333335
207,20230730,9141,7,24,1,9141,9141,1216,24,7,2023-07-30T13:17:46.151000+00:00,24.4,24.4,,-2.3756666666666697
208,20230730,9141,7,2,13,9141,9141,1216,2,8,2023-07-30T13:19:38.525000+00:00,23.5,23.5,,-1.4020000000000035
209,20230730,9141,7,22,2,9141,9141,1216,22,9,2023-07-30T13:21:22.102000+00:00,22.6,22.6,,-0.6016666666666737
210,20230730,9141,7,14,4,9141,9141,1216,14,10,2023-07-30T13:23:11.944000+00:00,23.0,23.0,,-1.278166666666671
211,20230730,9141,7,44,9,9141,9141,1216,44,12,2023-07-30T13:26:50.911000+00:00,23.0,23.0,,-1.8174999999999955
212,20230730,9141,7,27,6,9141,9141,1216,27,12,2023-07-30T13:27:21.129000+00:00,24.5,24.5,,-0.7920000000000016
213,20230730,9141,7,11,12,9141,9141,1216,11,13,2023-07-30T13:28:34.034000+00:00,23.6,23.6,,-1.2605000000000053
214,20230730,9141,7,16,5,9141,9141,1216,16,13,2023-07-30T13:28:39.784000+00:00,23.2,23.2,,-1.4660000000000035
215,20230730,9141,7,1,12,9141,9141,1216,1,14,2023-07-30T13:30:28.299000+00:00,22.8,22.8,,-2.3609999999999998
216,20230730,9141,7,4,8,9141,9141,1216,4,17,2023-07-30T13:37:01.638000+00:00,23.7,23.7,,-3.6996666666666704
217,20230730,9141,7,18,4,9141,9141,1216,18,20,2023-07-30T13:42:38.463000+00:00,25.3,25.3,,-2.0593333333333326
218,20230730,9141,7,63,9,9141,9141,1216,63,22,2023-07-30T13:46:24.960000+00:00,23.8,23.8,,-5.61766666666667
219,20230730,9141,7,3,2,9141,9141,1216,3,22,2023-07-30T13:46:42.507000+00:00,23.2,23.2,,-4.652500000000003
220,20230730,9141,7,23,13,9141,9141,1216,23,23,2023-07-30T13:48:26.459000+00:00,23.5,23.5,,-4.469833333333332
221,20230730,9141,7,10,3,9141,9141,1216,10,23,2023-07-30T13:48:26.709000+00:00,25.6,25.6,,-5.748333333333333
222,20230730,9141,7,22,2,9141,9141,1216,22,24,2023-07-30T13:50:15.661000+00:00,22.7,22.7,,-4.616333333333332
223,20230730,9141,7,77,1,9141,9141,1216,77,24,2023-07-30T13:50:26.723000+00:00,23.7,23.7,,-5.141333333333334
224,20230730,9141,7,27,6,9141,9141,1216,27,24,2023-07-30T13:50:29.661000+00:00,25.2,25.2,,-4.695000000000005
225,20230730,9141,7,2,13,9141,9141,1216,2,24,2023-07-30T13:50:34.082000+00:00,23.9,23.9,,-4.4106666666666685
226,20230730,9141,7,31,3,9141,9141,1216,31,25,2023-07-30T13:52:14.362000+00:00,23.3,23.3,,-4.7095
227,20230730,9141,7,20,6,9141,9141,1216,20,25,2023-07-30T13:52:19.066000+00:00,23.5,23.5,,-4.100833333333337
228,20230730,9141,7,24,1,9141,9141,1216,24,25,2023-07-30T13:52:25.862000+00:00,24.0,24.0,,-5.520666666666671
229,20230730,9141,7,44,9,9141,9141,1216,44,27,2023-07-30T13:55:23.423000+00:00,23.0,23.0,,-1.5800000000000007
230,20230730,9141,7,16,5,9141,9141,1216,16,28,2023-07-30T13:57:11.766000+00:00,23.1,23.1,,-1.1078333333333248
231,20230730,9141,7,11,12,9141,9141,1216,11,29,2023-07-30T13:58:57.311000+00:00,22.7,22.7,,-1.338000000000001
232,20230730,9141,7,14,4,9141,9141,1216,14,29,2023-07-30T13:59:25.733000+00:00,23.7,23.7,,-0.6129999999999972
233,20230730,9141,7,1,12,9141,9141,1216,1,30,2023-07-30T14:00:39.544000+00:00,23.0,23.0,,-1.7383333333333322
234,20230730,9141,7,23,13,9141,9141,1216,23,33,2023-07-30T14:07:30.446000+00:00,23.5,23.5,,-3.082833333333338
235,20230730,9141,7,2,13,9141,9141,1216,2,34,2023-07-30T14:09:33.023000+00:00,23.1,23.1,,-2.4526666666666586
236,20230730,9141,7,44,9,9141,9141,1216,44,42,2023-07-30T14:23:28.733000+00:00,23.1,23.1,,-4.484999999999995
237,20230827,9149,55,11,12,9149,9149,1217,11,1,2023-08-27T13:05:06.440000+00:00,22.6,22.6,,
238,20230827,9149,55,24,1,9149,9149,1217,24,1,2023-08-27T13:05:12.596000+00:00,23.0,23.0,,
239,20230827,9149,55,10,3,9149,9149,1217,10,1,2023-08-27T13:05:16.565000+00:00,28.4,28.4,,
240,20230827,9149,55,16,5,9149,9149,1217,16,1,2023-08-27T13:05:19.518000+00:00,32.6,32.6,,
241,20230827,9149,55,22,2,9149,9149,1217,22,1,2023-08-27T13:05:23.252000+00:00,32.3,32.3,,
242,20230827,9149,55,20,6,9149,9149,1217,20,1,2023-08-27T13:05:27.440000+00:00,31.3,31.3,,
243,20230827,9149,55,40,2,9149,9149,1217,40,1,2023-08-27T13:05:36.987000+00:00,42.6,42.6,,
244,20230827,9149,55,1,12,9149,9149,1217,1,2,2023-08-27T13:06:45.985000+00:00,20.3,20.3,,-7.612000000000002
245,20230827,9149,55,14,4,9149,9149,1217,14,2,2023-08-27T13:06:47.579000+00:00,20.6,20.6,,-7.545499999999997
246,20230827,9149,55,55,5,9149,9149,1217,55,2,2023-08-27T13:06:52.766000+00:00,20.9,20.9,,-10.216999999999999
247,20230827,9149,55,31,3,9149,9149,1217,31,2,2023-08-27T13:07:02.688000+00:00,22.5,22.5,,-14.360500000000002
248,20230827,9149,55,4,8,9149,9149,1217,4,3,2023-08-27T13:08:39.468000+00:00,20.1,20.1,,-17.175999999999995
249,20230827,9149,55,44,9,9149,9149,1217,44,3,2023-08-27T13:08:56.514000+00:00,20.2,20.2,,-21.542499999999997
250,20230827,9149,55,63,9,9149,9149,1217,63,4,2023-08-27T13:10:22.356000+00:00,21.2,21.2,,-17.951999999999995
251,20230827,9149,55,18,4,9149,9149,1217,18,4,2023-08-27T13:10:37.481000+00:00,20.0,20.0,,-20.974666666666668
252,20230827,9149,55,20,6,9149,9149,1217,20,9,2023-08-27T13:17:20.068000+00:00,20.1,20.1,,-6.281833333333336
253,20230827,9149,55,44,9,9149,9149,1217,44,9,2023-08-27T13:17:47.286000+00:00,19.9,19.9,,-5.737166666666667
254,20230827,9149,55,18,4,9149,9149,1217,18,9,2023-08-27T13:18:05.598000+00:00,20.2,20.2,,-6.317500000000005
255,20230827,9149,55,24,1,9149,9149,1217,24,10,2023-08-27T13:18:29.723000+00:00,20.2,20.2,,-6.059
256,20230827,9149,55,14,4,9149,9149,1217,14,10,2023-08-27T13:18:31.192000+00:00,20.1,20.1,,-5.943333333333335
257,20230827,9149,55,55,5,9149,9149,1217,55,10,2023-08-27T13:18:36.504000+00:00,19.5,19.5,,-7.55150000000001
258,20230827,9149,55,22,2,9149,9149,1217,22,10,2023-08-27T13:18:44.129000+00:00,18.9,18.9,,-7.49416666666667
259,20230827,9149,55,31,3,9149,9149,1217,31,10,2023-08-27T13:18:47.066000+00:00,19.7,19.7,,-6.8406666666666665
260,20230827,9149,55,4,8,9149,9149,1217,4,10,2023-08-27T13:18:54.488000+00:00,20.3,20.3,,-7.798333333333335
261,20230827,9149,55,40,2,9149,9149,1217,40,10,2023-08-27T13:19:09.253000+00:00,30.8,30.8,,-7.5963333333333285
262,20230827,9149,55,63,9,9149,9149,1217,63,10,2023-08-27T13:19:16.410000+00:00,20.1,20.1,,-7.329000000000005
263,20230827,9149,55,1,12,9149,9149,1217,1,11,2023-08-27T13:19:44.190000+00:00,19.2,19.2,,-5.25183333333333
264,20230827,9149,55,10,3,9149,9149,1217,10,11,2023-08-27T13:19:54.034000+00:00,19.5,19.5,,-7.686333333333339
265,20230827,9149,55,16,5,9149,9149,1217,16,11,2023-08-27T13:20:14.346000+00:00,27.2,27.2,,-8.266333333333328
266,20230827,9149,55,11,12,9149,9149,1217,11,12,2023-08-27T13:21:06.845000+00:00,19.4,19.4,,-7.74983333333333
267,20230827,9149,55,81,8,9149,9149,1217,81,15,2023-08-27T13:25:37.934000+00:00,18.9,18.9,,28.63816666666666
268,20230827,9149,55,77,1,9149,9149,1217,77,16,2023-08-27T13:27:29.916000+00:00,20.1,20.1,,30.59633333333333
269,20230827,9149,55,27,6,9149,9149,1217,27,16,2023-08-27T13:27:31.229000+00:00,20.4,20.4,,30.81933333333333
270,20230827,9149,55,63,9,9149,9149,1217,63,16,2023-08-27T13:27:51.057000+00:00,19.6,19.6,,23.225666666666665
271,20230827,9149,55,18,4,9149,9149,1217,18,16,2023-08-27T13:28:13.650000+00:00,19.6,19.6,,12.10266666666667
272,20230827,9149,55,40,2,9149,9149,1217,40,17,2023-08-27T13:29:42.539000+00:00,19.6,19.6,,21.944166666666668
273,20230827,9149,55,18,4,9149,9149,1217,18,34,2023-08-27T13:53:58.873000+00:00,19.9,19.9,,-2.293666666666662
274,20230827,9149,55,20,6,9149,9149,1217,20,35,2023-08-27T13:55:09.153000+00:00,20.5,20.5,,-1.0008333333333304
275,20230827,9149,55,24,1,9149,9149,1217,24,37,2023-08-27T13:57:40.728000+00:00,20.4,20.4,,-1.342666666666671
276,20230827,9149,55,55,5,9149,9149,1217,55,41,2023-08-27T14:02:27.004000+00:00,19.3,19.3,,-1.146166666666666
277,20230827,9149,55,4,8,9149,9149,1217,4,42,2023-08-27T14:03:56.940000+00:00,18.8,18.8,,-1.171999999999997
278,20230827,9149,55,31,3,9149,9149,1217,31,43,2023-08-27T14:05:09.704000+00:00,19.0,19.0,,-1.159500000000006
279,20230827,9149,55,23,13,9149,9149,1217,23,44,2023-08-27T14:06:21.547000+00:00,19.6,19.6,,-1.1816666666666624
280,20230827,9149,55,11,12,9149,9149,1217,11,45,2023-08-27T14:07:17.874000+00:00,18.7,18.7,,-1.1808333333333298
281,20230827,9149,55,44,9,9149,9149,1217,44,45,2023-08-27T14:07:46.827000+00:00,19.3,19.3,,-1.315166666666665
282,20230827,9149,55,10,3,9149,9149,1217,10,46,2023-08-27T14:08:47.607000+00:00,25.4,25.4,,-0.8344999999999961
283,20230827,9149,55,81,8,9149,9149,1217,81,46,2023-08-27T14:09:05.747000+00:00,19.1,19.1,,-1.62566666666667
284,20230827,9149,55,40,2,9149,9149,1217,40,46,2023-08-27T14:09:28.965000+00:00,19.1,19.1,,-2.393000000000003
285,20230827,9149,55,77,1,9149,9149,1217,77,47,2023-08-27T14:10:38.230000+00:00,20.2,20.2,,-2.4324999999999974
286,20230827,9149,55,14,4,9149,9149,1217,14,48,2023-08-27T14:11:16.807000+00:00,25.1,25.1,,-1.718833333333329
287,20230827,9149,55,27,6,9149,9149,1217,27,48,2023-08-27T14:11:51.900000+00:00,19.7,19.7,,-2.2466666666666626
288,20230827,9149,55,1,12,9149,9149,1217,1,49,2023-08-27T14:12:11.416000+00:00,18.7,18.7,,-1.3861666666666703
289,20230827,9149,55,77,1,9149,9149,1217,77,59,2023-08-27T14:26:05.432000+00:00,19.7,19.7,,8.477166666666664
290,20230827,9149,55,40,2,9149,9149,1217,40,59,2023-08-27T14:26:08.760000+00:00,19.3,19.3,,10.900833333333336
291,20230827,9149,55,11,12,9149,9149,1217,11,60,2023-08-27T14:26:28.650000+00:00,27.5,27.5,,8.838666666666668
292,20230827,9149,55,10,3,9149,9149,1217,10,60,2023-08-27T14:26:42.119000+00:00,20.4,20.4,,15.6135
293,20230827,9149,55,55,5,9149,9149,1217,55,60,2023-08-27T14:26:43.384000+00:00,19.8,19.8,,16.546499999999998
294,20230827,9149,55,44,9,9149,9149,1217,44,60,2023-08-27T14:26:51.822000+00:00,20.7,20.7,,15.875166666666665
295,20230827,9149,55,4,8,9149,9149,1217,4,60,2023-08-27T14:26:55.759000+00:00,19.8,19.8,,7.417000000000002
296,20230827,9149,55,63,9,9149,9149,1217,63,60,2023-08-27T14:26:58.603000+00:00,24.0,24.0,,6.651000000000001
297,20230827,9149,55,81,8,9149,9149,1217,81,60,2023-08-27T14:27:03.572000+00:00,22.3,22.3,,7.298333333333341
298,20230827,9149,55,22,2,9149,9149,1217,22,60,2023-08-27T14:27:11.837000+00:00,20.6,20.6,,8.414000000000001
299,20230827,9149,55,24,1,9149,9149,1217,24,60,2023-08-27T14:27:15.899000+00:00,21.4,21.4,,9.119999999999996
300,20230827,9149,55,18,4,9149,9149,1217,18,60,2023-08-27T14:27:20.165000+00:00,21.5,21.5,,9.485000000000005
301,20230827,9149,55,27,6,9149,9149,1217,27,60,2023-08-27T14:27:22.821000+00:00,23.5,23.5,,9.87833333333334
302,20230827,9149,55,1,12,9149,9149,1217,1,61,2023-08-27T14:27:30.852000+00:00,19.4,19.4,,
303,20230827,9149,55,20,6,9149,9149,1217,20,60,2023-08-27T14:27:33.274000+00:00,23.5,23.5,,9.688666666666668
304,20230827,9149,55,14,4,9149,9149,1217,14,61,2023-08-27T14:27:56.493000+00:00,20.6,20.6,,25.888333333333325
305,20230827,9149,55,23,13,9149,9149,1217,23,61,2023-08-27T14:28:18.914000+00:00,21.3,21.3,,
306,20230827,9149,55,31,3,9149,9149,1217,31,61,2023-08-27T14:28:25.758000+00:00,22.0,22.0,,
307,20230827,9149,55,1,12,9149,9149,1217,1,63,2023-08-27T14:30:47.349000+00:00,20.4,20.4,,63.521
308,20230827,9149,55,11,12,9149,9149,1217,11,63,2023-08-27T15:12:06.164000+00:00,2461.6,2461.6,,54.31100000000001
309,20230827,9149,55,4,8,9149,9149,1217,4,63,2023-08-27T15:12:12.539000+00:00,2443.2,2443.2,,51.349999999999994
310,20230827,9149,55,63,9,9149,9149,1217,63,63,2023-08-27T15:12:18.554000+00:00,2446.2,2446.2,,48.93600000000001
311,20230827,9149,55,23,13,9149,9149,1217,23,63,2023-08-27T15:12:21.820000+00:00,2443.4,2443.4,,53.78499999999998
312,20230827,9149,55,81,8,9149,9149,1217,81,63,2023-08-27T15:12:24.242000+00:00,2434.6,2434.6,,47.729
313,20230827,9149,55,31,3,9149,9149,1217,31,63,2023-08-27T15:12:25.992000+00:00,2432.2,2432.2,,51.72300000000001
314,20230827,9149,55,22,2,9149,9149,1217,22,63,2023-08-27T15:12:29.304000+00:00,2414.8,2414.8,,42.851
315,20230827,9149,55,18,4,9149,9149,1217,18,63,2023-08-27T15:12:31.914000+00:00,2410.7,2410.7,,41.93300000000001
316,20230827,9149,55,27,6,9149,9149,1217,27,63,2023-08-27T15:12:33.789000+00:00,2410.7,2410.7,,42.146
317,20230827,9149,55,77,1,9149,9149,1217,77,63,2023-08-27T15:12:35.367000+00:00,2405.1,2405.1,,41.720499999999994
318,20230827,9149,55,40,2,9149,9149,1217,40,63,2023-08-27T15:12:40.054000+00:00,2396.3,2396.3,,37.205499999999994
319,20230827,9149,55,20,6,9149,9149,1217,20,63,2023-08-27T15:12:43.601000+00:00,2394.7,2394.7,,35.004999999999995
320,20230827,9149,55,1,12,9149,9149,1217,1,64,2023-08-27T15:14:14.599000+00:00,2483.3,2483.3,,
321,20230827,9149,55,14,4,9149,9149,1217,14,64,2023-08-27T15:14:17.943000+00:00,2455.3,2455.3,,11.6875
322,20230827,9149,55,11,12,9149,9149,1217,11,64,2023-08-27T15:14:22.318000+00:00,35.5,35.5,,28.786
323,20230827,9149,55,10,3,9149,9149,1217,10,64,2023-08-27T15:14:23.771000+00:00,2443.1,2443.1,,21.039
324,20230827,9149,55,55,5,9149,9149,1217,55,64,2023-08-27T15:14:28.224000+00:00,2443.1,2443.1,,19.87700000000001
325,20230827,9149,55,44,9,9149,9149,1217,44,64,2023-08-27T15:14:31.490000+00:00,2431.1,2431.1,,21.23250000000001
326,20230827,9149,55,4,8,9149,9149,1217,4,64,2023-08-27T15:14:33.974000+00:00,44.2,44.2,,28.662499999999994
327,20230827,9149,55,63,9,9149,9149,1217,63,64,2023-08-27T15:14:39.849000+00:00,39.8,39.8,,48.93600000000001
328,20230827,9149,55,23,13,9149,9149,1217,23,64,2023-08-27T15:14:42.474000+00:00,39.2,39.2,,
329,20230827,9149,55,81,8,9149,9149,1217,81,64,2023-08-27T15:14:45.818000+00:00,38.4,38.4,,27.067499999999995
330,20230827,9149,55,31,3,9149,9149,1217,31,64,2023-08-27T15:14:47.396000+00:00,37.0,37.0,,
331,20230827,9149,55,22,2,9149,9149,1217,22,64,2023-08-27T15:14:49.646000+00:00,34.9,34.9,,24.3035
332,20230827,9149,55,18,4,9149,9149,1217,18,64,2023-08-27T15:14:51.458000+00:00,33.5,33.5,,22.989500000000007
333,20230827,9149,55,27,6,9149,9149,1217,27,64,2023-08-27T15:14:53.239000+00:00,32.8,32.8,,23.652
334,20230827,9149,55,77,1,9149,9149,1217,77,64,2023-08-27T15:14:55.083000+00:00,32.5,32.5,,24.116999999999997
335,20230827,9149,55,40,2,9149,9149,1217,40,64,2023-08-27T15:14:59.661000+00:00,31.3,31.3,,20.259999999999998
336,20230827,9149,55,20,6,9149,9149,1217,20,64,2023-08-27T15:15:02.755000+00:00,30.6,30.6,,19.714
337,20230827,9149,55,63,9,9149,9149,1217,63,67,2023-08-27T15:21:14.482000+00:00,22.3,22.3,,-49.904500000000006
338,20230903,9157,39,10,3,9157,9157,1218,10,10,2023-09-03T13:38:35.432000+00:00,27.3,27.3,,0.1275000000000001
339,20230903,9157,39,24,1,9157,9157,1218,24,11,2023-09-03T13:39:58.556000+00:00,24.3,24.3,,-0.3903333333333284
340,20230903,9157,39,20,6,9157,9157,1218,20,12,2023-09-03T13:41:37.664000+00:00,24.6,24.6,,-0.5430000000000017
341,20230903,9157,39,40,2,9157,9157,1218,40,13,2023-09-03T13:42:51.944000+00:00,24.2,24.2,,-0.5026666666666605
342,20230903,9157,39,2,13,9157,9157,1218,2,14,2023-09-03T13:44:22.740000+00:00,24.7,24.7,,-1.179000000000002
343,20230903,9157,39,27,6,9157,9157,1218,27,14,2023-09-03T13:44:23.021000+00:00,26.0,26.0,,-1.3960000000000032
344,20230903,9157,39,23,13,9157,9157,1218,23,15,2023-09-03T13:45:38.552000+00:00,24.5,24.5,,-0.6539999999999987
345,20230903,9157,39,55,5,9157,9157,1218,55,19,2023-09-03T13:51:17.736000+00:00,25.1,25.1,,-1.6666666666666619
346,20230903,9157,39,63,9,9157,9157,1218,63,19,2023-09-03T13:51:20.751000+00:00,24.2,24.2,,-0.8858333333333306
347,20230903,9157,39,1,12,9157,9157,1218,1,20,2023-09-03T13:52:38.344000+00:00,24.2,24.2,,-0.45933333333332865
348,20230903,9157,39,16,5,9157,9157,1218,16,20,2023-09-03T13:52:44.031000+00:00,23.9,23.9,,-1.8488333333333316
349,20230903,9157,39,18,4,9157,9157,1218,18,20,2023-09-03T13:53:16.531000+00:00,25.6,25.6,,-1.2649999999999957
350,20230903,9157,39,11,12,9157,9157,1218,11,21,2023-09-03T13:54:11.031000+00:00,23.8,23.8,,-0.9861666666666693
351,20230903,9157,39,14,4,9157,9157,1218,14,21,2023-09-03T13:54:28.858000+00:00,24.7,24.7,,-0.7266666666666689
352,20230903,9157,39,4,8,9157,9157,1218,4,22,2023-09-03T13:55:50.951000+00:00,23.7,23.7,,-1.287333333333327
353,20230903,9157,39,81,8,9157,9157,1218,81,23,2023-09-03T13:57:18.185000+00:00,24.1,24.1,,-1.2349999999999945
354,20230903,9157,39,31,3,9157,9157,1218,31,24,2023-09-03T13:59:09.918000+00:00,24.2,24.2,,-1.8105000000000022
355,20230903,9157,39,77,1,9157,9157,1218,77,25,2023-09-03T14:00:31.198000+00:00,24.6,24.6,,-1.8500000000000014
356,20230903,9157,39,44,9,9157,9157,1218,44,27,2023-09-03T14:03:10.712000+00:00,24.2,24.2,,-1.5420000000000016
357,20230903,9157,39,10,3,9157,9157,1218,10,31,2023-09-03T14:09:34.036000+00:00,24.6,24.6,,-0.8626666666666718
358,20230903,9157,39,40,2,9157,9157,1218,40,33,2023-09-03T14:12:20.987000+00:00,24.2,24.2,,-1.1773333333333273
359,20230903,9157,39,24,1,9157,9157,1218,24,33,2023-09-03T14:12:25.190000+00:00,25.9,25.9,,-1.1893333333333278
360,20230903,9157,39,20,6,9157,9157,1218,20,33,2023-09-03T14:12:41.034000+00:00,24.7,24.7,,-1.132833333333333
361,20230903,9157,39,27,6,9157,9157,1218,27,39,2023-09-03T14:21:17.278000+00:00,24.3,24.3,,-2.104499999999999
362,20230903,9157,39,81,8,9157,9157,1218,81,41,2023-09-03T14:23:53.651000+00:00,31.7,31.7,,-1.673999999999997
363,20230917,9165,61,24,1,9165,9165,1219,24,2,2023-09-17T12:07:52.155000+00:00,30.0,30.0,,
364,20230917,9165,61,2,13,9165,9165,1219,2,19,2023-09-17T12:37:46.963000+00:00,63.5,63.5,,16.506500000000006
365,20230917,9165,61,55,5,9165,9165,1219,55,20,2023-09-17T12:37:49.400000+00:00,29.4,29.4,,27.459666666666667
366,20230917,9165,61,63,9,9165,9165,1219,63,20,2023-09-17T12:37:59.947000+00:00,29.9,29.9,,25.935333333333325
367,20230917,9165,61,4,8,9165,9165,1219,4,20,2023-09-17T12:38:01.291000+00:00,29.4,29.4,,25.662333333333333
368,20230917,9165,61,16,5,9165,9165,1219,16,20,2023-09-17T12:38:02.009000+00:00,32.8,32.8,,26.059
369,20230917,9165,61,44,9,9165,9165,1219,44,20,2023-09-17T12:38:06.900000+00:00,32.6,32.6,,24.609499999999993
370,20230917,9165,61,14,4,9165,9165,1219,14,20,2023-09-17T12:38:11.166000+00:00,30.6,30.6,,23.8575
371,20230917,9165,61,31,3,9165,9165,1219,31,20,2023-09-17T12:38:13.447000+00:00,29.7,29.7,,22.777500000000007
372,20230917,9165,61,20,6,9165,9165,1219,20,20,2023-09-17T12:38:22.400000+00:00,31.4,31.4,,21.757500000000004
373,20230917,9165,61,10,3,9165,9165,1219,10,20,2023-09-17T12:38:26.353000+00:00,31.8,31.8,,21.17033333333332
374,20230917,9165,61,81,8,9165,9165,1219,81,20,2023-09-17T12:38:27.994000+00:00,29.3,29.3,,20.1485
375,20230917,9165,61,40,2,9165,9165,1219,40,20,2023-09-17T12:38:28.665000+00:00,32.3,32.3,,19.502999999999997
376,20230917,9165,61,27,6,9165,9165,1219,27,20,2023-09-17T12:38:29.447000+00:00,35.4,35.4,,19.06433333333334
377,20230917,9165,61,23,13,9165,9165,1219,23,20,2023-09-17T12:38:30.056000+00:00,30.1,30.1,,18.212166666666665
378,20230917,9165,61,24,1,9165,9165,1219,24,20,2023-09-17T12:39:01.571000+00:00,30.6,30.6,,10.844333333333333
379,20230917,9165,61,11,12,9165,9165,1219,11,39,2023-09-17T13:12:23.111000+00:00,28.9,28.9,,-3.363666666666667
380,20230917,9165,61,1,12,9165,9165,1219,1,40,2023-09-17T13:13:51.688000+00:00,29.6,29.6,,6.365999999999995
381,20230917,9165,61,77,1,9165,9165,1219,77,40,2023-09-17T13:14:18.391000+00:00,30.4,30.4,,10.431833333333332
382,20230917,9165,61,23,13,9165,9165,1219,23,43,2023-09-17T13:19:21.934000+00:00,29.7,29.7,,-1.586500000000001
383,20230917,9165,61,20,6,9165,9165,1219,20,43,2023-09-17T13:19:37.637000+00:00,33.0,33.0,,-0.9525000000000006
384,20230917,9165,61,2,13,9165,9165,1219,2,43,2023-09-17T13:19:49.215000+00:00,31.0,31.0,,-1.7354999999999947
385,20230917,9165,61,63,9,9165,9165,1219,63,44,2023-09-17T13:20:52.511000+00:00,30.0,30.0,,-3.364000000000002
386,20230917,9165,61,44,9,9165,9165,1219,44,44,2023-09-17T13:20:58.339000+00:00,33.5,33.5,,-3.1483333333333285
387,20230917,9165,61,14,4,9165,9165,1219,14,44,2023-09-17T13:21:52.432000+00:00,52.7,52.7,,1.3928333333333307
388,20230924,9173,46,31,3,9173,9173,1220,31,1,2023-09-24T05:07:12.968000+00:00,27.0,27.0,,
389,20230924,9173,46,24,1,9173,9173,1220,24,1,2023-09-24T05:07:15.655000+00:00,41.0,41.0,,
390,20230924,9173,46,23,13,9173,9173,1220,23,1,2023-09-24T05:07:19.952000+00:00,50.1,50.1,,
391,20230924,9173,46,77,1,9173,9173,1220,77,1,2023-09-24T05:07:54.608000+00:00,55.8,55.8,,
392,20230924,9173,46,11,12,9173,9173,1220,11,2,2023-09-24T05:09:29.028000+00:00,32.4,32.4,,-3.4469999999999956
393,20230924,9173,46,2,13,9173,9173,1220,2,2,2023-09-24T05:09:44.387000+00:00,32.7,32.7,,
394,20230924,9173,46,2,13,9173,9173,1220,2,5,2023-09-24T05:17:08.457000+00:00,43.8,43.8,,-55.8055
395,20230924,9173,46,77,1,9173,9173,1220,77,6,2023-09-24T05:19:22.908000+00:00,53.5,53.5,,
396,20230924,9173,46,27,6,9173,9173,1220,27,8,2023-09-24T05:21:42.405000+00:00,23.5,23.5,,-1.0051666666666677
397,20230924,9173,46,22,2,9173,9173,1220,22,9,2023-09-24T05:23:20.388000+00:00,22.9,22.9,,-0.9023333333333335
398,20230924,9173,46,40,2,9173,9173,1220,40,10,2023-09-24T05:24:59.089000+00:00,23.1,23.1,,4.085333333333334
399,20230924,9173,46,24,1,9173,9173,1220,24,10,2023-09-24T05:25:09.105000+00:00,24.0,24.0,,3.8823333333333254
400,20230924,9173,46,14,4,9173,9173,1220,14,11,2023-09-24T05:26:35.525000+00:00,24.0,24.0,,8.809499999999995
401,20230924,9173,46,20,6,9173,9173,1220,20,12,2023-09-24T05:28:47.742000+00:00,23.8,23.8,,-1.3054999999999974
402,20230924,9173,46,11,12,9173,9173,1220,11,12,2023-09-24T05:29:04.194000+00:00,41.4,41.4,,
403,20230924,9173,46,81,8,9173,9173,1220,81,13,2023-09-24T05:29:49.553000+00:00,24.4,24.4,,-1.0038333333333327
404,20230924,9173,46,23,13,9173,9173,1220,23,13,2023-09-24T05:30:50.864000+00:00,52.1,52.1,,-1.922999999999997
405,20230924,9173,46,18,4,9173,9173,1220,18,14,2023-09-24T05:32:01.707000+00:00,23.4,23.4,,-0.8533333333333365
406,20230924,9173,46,1,12,9173,9173,1220,1,16,2023-09-24T05:34:56.563000+00:00,24.3,24.3,,-8.021333333333331
407,20230924,9173,46,44,9,9173,9173,1220,44,16,2023-09-24T05:35:14.813000+00:00,24.8,24.8,,-8.099833333333333
408,20230924,9173,46,4,8,9173,9173,1220,4,17,2023-09-24T05:36:44.936000+00:00,23.5,23.5,,-10.077500000000002
409,20230924,9173,46,16,5,9173,9173,1220,16,17,2023-09-24T05:36:47.342000+00:00,23.1,23.1,,-7.574833333333335
410,20230924,9173,46,55,5,9173,9173,1220,55,18,2023-09-24T05:38:27.966000+00:00,23.0,23.0,,-0.8988333333333358
411,20230924,9173,46,10,3,9173,9173,1220,10,18,2023-09-24T05:38:45.809000+00:00,24.4,24.4,,-1.767833333333331
412,20230924,9173,46,27,6,9173,9173,1220,27,21,2023-09-24T05:44:03.803000+00:00,23.6,23.6,,-1.9391666666666652
413,20230924,9173,46,2,13,9173,9173,1220,2,21,2023-09-24T05:44:51.896000+00:00,35.1,35.1,,
414,20230924,9173,46,63,9,9173,9173,1220,63,24,2023-09-24T05:48:30.017000+00:00,24.0,24.0,,-1.6874999999999953
415,20230924,9173,46,14,4,9173,9173,1220,14,25,2023-09-24T05:50:32.297000+00:00,24.2,24.2,,-3.017166666666661
416,20230924,9173,46,40,2,9173,9173,1220,40,25,2023-09-24T05:50:44.796000+00:00,23.6,23.6,,-2.2405000000000017
417,20230924,9173,46,31,3,9173,9173,1220,31,28,2023-09-24T05:55:32.932000+00:00,23.7,23.7,,-2.9893333333333367
418,20230924,9173,46,24,1,9173,9173,1220,24,29,2023-09-24T05:57:30.867000+00:00,24.1,24.1,,-2.1314999999999955
419,20230924,9173,46,22,2,9173,9173,1220,22,30,2023-09-24T05:59:05.413000+00:00,23.3,23.3,,-2.7880000000000016
420,20230924,9173,46,20,6,9173,9173,1220,20,31,2023-09-24T06:01:03.864000+00:00,23.8,23.8,,-2.311166666666665
421,20230924,9173,46,16,5,9173,9173,1220,16,34,2023-09-24T06:05:01.859000+00:00,22.9,22.9,,-1.9149999999999945
422,20230924,9173,46,44,9,9173,9173,1220,44,34,2023-09-24T06:05:07.953000+00:00,23.6,23.6,,-2.7194999999999965
423,20230924,9173,46,10,3,9173,9173,1220,10,34,2023-09-24T06:05:29.046000+00:00,24.6,24.6,,-2.1708333333333365
424,20230924,9173,46,81,8,9173,9173,1220,81,35,2023-09-24T06:06:35.420000+00:00,23.1,23.1,,-1.8803333333333303
425,20230924,9173,46,4,8,9173,9173,1220,4,36,2023-09-24T06:08:07.059000+00:00,23.1,23.1,,-1.9508333333333354
426,20230924,9173,46,1,12,9173,9173,1220,1,37,2023-09-24T06:09:30.183000+00:00,23.6,23.6,,-2.731833333333327
427,20230924,9173,46,27,6,9173,9173,1220,27,37,2023-09-24T06:10:47.666000+00:00,23.3,23.3,,-1.1936666666666653
428,20230924,9173,46,55,5,9173,9173,1220,55,38,2023-09-24T06:11:39.493000+00:00,23.3,23.3,,-2.4751666666666643
429,20230924,9173,46,11,12,9173,9173,1220,11,13,2023-09-24T06:13:16.726000+00:00,2485.9,2485.9,,
430,20230924,9173,46,11,12,9173,9173,1220,11,14,2023-09-24T06:15:30.208000+00:00,30.6,30.6,,
431,20231008,9221,150,63,9,9221,9221,1221,63,1,2023-10-08T17:06:26.461000+00:00,39.6,39.6,,
432,20231008,9221,150,77,1,9221,9221,1221,77,3,2023-10-08T17:10:53.223000+00:00,29.9,29.9,,-39.4635
433,20231008,9221,150,20,6,9221,9221,1221,20,3,2023-10-08T17:10:56.083000+00:00,28.7,28.7,,-43.64600000000001
434,20231008,9221,150,18,4,9221,9221,1221,18,3,2023-10-08T17:10:56.458000+00:00,28.8,28.8,,-42.44550000000001
435,20231008,9221,150,40,2,9221,9221,1221,40,3,2023-10-08T17:10:57.786000+00:00,29.3,29.3,,-43.7545
436,20231008,9221,150,22,2,9221,9221,1221,22,9,2023-10-08T17:20:57.076000+00:00,27.7,27.7,,-1.3113333333333324
437,20231008,9221,150,31,3,9221,9221,1221,31,10,2023-10-08T17:22:22.700000+00:00,28.9,28.9,,-0.5043333333333329
438,20231008,9221,150,14,4,9221,9221,1221,14,11,2023-10-08T17:23:48.121000+00:00,28.3,28.3,,-0.12366666666666504
439,20231008,9221,150,10,3,9221,9221,1221,10,11,2023-10-08T17:23:54.543000+00:00,28.4,28.4,,-1.2861666666666618
440,20231008,9221,150,81,8,9221,9221,1221,81,12,2023-10-08T17:25:14.557000+00:00,28.8,28.8,,-0.1771666666666598
441,20231008,9221,150,16,5,9221,9221,1221,16,12,2023-10-08T17:25:18.417000+00:00,28.2,28.2,,0.15033333333332877
442,20231008,9221,150,4,8,9221,9221,1221,4,13,2023-10-08T17:26:49.963000+00:00,28.1,28.1,,-0.05799999999999761
443,20231008,9221,150,2,13,9221,9221,1221,2,13,2023-10-08T17:27:05.025000+00:00,29.4,29.4,,-1.7779999999999987
444,20231008,9221,150,27,6,9221,9221,1221,27,13,2023-10-08T17:27:12.353000+00:00,39.8,39.8,,-1.522166666666666
445,20231008,9221,150,63,9,9221,9221,1221,63,14,2023-10-08T17:28:26.290000+00:00,28.5,28.5,,-0.823833333333333
446,20231008,9221,150,1,12,9221,9221,1221,1,17,2023-10-08T17:32:34.037000+00:00,28.2,28.2,,0.19499999999999085
447,20231008,9221,150,11,12,9221,9221,1221,11,17,2023-10-08T17:33:00.662000+00:00,27.8,27.8,,-0.8029999999999997
448,20231008,9221,150,23,13,9221,9221,1221,23,18,2023-10-08T17:34:28.254000+00:00,29.2,29.2,,0.5676666666666605
449,20231008,9221,150,24,1,9221,9221,1221,24,18,2023-10-08T17:34:36.411000+00:00,28.9,28.9,,-1.3750000000000024
450,20231008,9221,150,77,1,9221,9221,1221,77,21,2023-10-08T17:39:12.642000+00:00,29.3,29.3,,-2.1951666666666703
451,20231008,9221,150,18,4,9221,9221,1221,18,21,2023-10-08T17:39:13.751000+00:00,28.1,28.1,,-2.0653333333333257
452,20231008,9221,150,20,6,9221,9221,1221,20,21,2023-10-08T17:39:21.751000+00:00,28.9,28.9,,-2.1089999999999995
453,20231008,9221,150,40,2,9221,9221,1221,40,21,2023-10-08T17:39:23.220000+00:00,28.6,28.6,,-1.0711666666666584
454,20231008,9221,150,22,2,9221,9221,1221,22,22,2023-10-08T17:40:53.328000+00:00,27.5,27.5,,-1.7009999999999958
455,20231008,9221,150,81,8,9221,9221,1221,81,25,2023-10-08T17:44:55.122000+00:00,27.8,27.8,,-0.3863333333333354
456,20231008,9221,150,16,5,9221,9221,1221,16,25,2023-10-08T17:45:09.310000+00:00,27.8,27.8,,-0.6831666666666673
457,20231008,9221,150,31,3,9221,9221,1221,31,25,2023-10-08T17:45:11.872000+00:00,28.9,28.9,,-0.5830000000000007
458,20231008,9221,150,14,4,9221,9221,1221,14,26,2023-10-08T17:46:30.731000+00:00,28.4,28.4,,-0.7563333333333256
459,20231008,9221,150,10,3,9221,9221,1221,10,26,2023-10-08T17:46:43.605000+00:00,30.1,30.1,,-1.5873333333333313
460,20231008,9221,150,2,13,9221,9221,1221,2,26,2023-10-08T17:46:57.605000+00:00,29.3,29.3,,-0.5950000000000012
461,20231008,9221,150,4,8,9221,9221,1221,4,27,2023-10-08T17:47:58.011000+00:00,27.6,27.6,,-1.1909999999999976
462,20231008,9221,150,27,6,9221,9221,1221,27,27,2023-10-08T17:48:27.557000+00:00,28.2,28.2,,-0.9021666666666613
463,20231008,9221,150,11,12,9221,9221,1221,11,31,2023-10-08T17:54:08.632000+00:00,33.2,33.2,,-0.478833333333327
464,20231008,9221,150,23,13,9221,9221,1221,23,31,2023-10-08T17:54:12.475000+00:00,28.7,28.7,,-0.6241666666666579
465,20231008,9221,150,63,9,9221,9221,1221,63,32,2023-10-08T17:55:21.678000+00:00,28.3,28.3,,-1.070499999999998
466,20231008,9221,150,1,12,9221,9221,1221,1,34,2023-10-08T17:57:52.582000+00:00,28.1,28.1,,-0.5830000000000007
467,20231008,9221,150,24,1,9221,9221,1221,24,35,2023-10-08T18:00:11.003000+00:00,28.8,28.8,,-0.7369999999999995
468,20231008,9221,150,77,1,9221,9221,1221,77,39,2023-10-08T18:06:12.311000+00:00,28.9,28.9,,-0.9290000000000045
469,20231008,9221,150,18,4,9221,9221,1221,18,39,2023-10-08T18:06:14.858000+00:00,29.3,29.3,,-1.8659999999999997
470,20231008,9221,150,20,6,9221,9221,1221,20,39,2023-10-08T18:06:24.030000+00:00,30.3,30.3,,0.21250000000000802
471,20231008,9221,150,40,2,9221,9221,1221,40,39,2023-10-08T18:06:33.967000+00:00,28.1,28.1,,1.1915000000000002
472,20231008,9221,150,27,6,9221,9221,1221,27,39,2023-10-08T18:06:37.186000+00:00,28.5,28.5,,-0.8923333333333332
473,20231008,9221,150,22,2,9221,9221,1221,22,40,2023-10-08T18:07:58.372000+00:00,27.8,27.8,,-1.1574999999999942
474,20231008,9221,150,81,8,9221,9221,1221,81,43,2023-10-08T18:11:23.901000+00:00,27.4,27.4,,-1.3461666666666687
475,20231008,9221,150,16,5,9221,9221,1221,16,43,2023-10-08T18:11:45.667000+00:00,27.5,27.5,,-0.5478333333333343
476,20231008,9221,150,31,3,9221,9221,1221,31,43,2023-10-08T18:11:57.229000+00:00,29.1,29.1,,0.512166666666668
477,20231008,9221,150,11,12,9221,9221,1221,11,43,2023-10-08T18:12:08.745000+00:00,33.1,33.1,,1.2926666666666642
478,20231008,9221,150,4,8,9221,9221,1221,4,44,2023-10-08T18:12:52.322000+00:00,27.6,27.6,,-1.581833333333338
479,20231008,9221,150,14,4,9221,9221,1221,14,44,2023-10-08T18:13:19.666000+00:00,28.3,28.3,,-0.5551666666666648
480,20231008,9221,150,10,3,9221,9221,1221,10,44,2023-10-08T18:13:33.337000+00:00,34.8,34.8,,0.9910000000000021
481,20231008,9221,150,23,13,9221,9221,1221,23,44,2023-10-08T18:13:41.931000+00:00,28.9,28.9,,-0.5231666666666659
482,20231008,9221,150,63,9,9221,9221,1221,63,50,2023-10-08T18:21:40.394000+00:00,28.1,28.1,,0.6978333333333353
483,20231008,9221,150,1,12,9221,9221,1221,1,51,2023-10-08T18:22:43.206000+00:00,29.7,29.7,,-0.9053333333333313
484,20231008,9221,150,24,1,9221,9221,1221,24,52,2023-10-08T18:25:18.126000+00:00,28.8,28.8,,-0.16400000000000148
485,20231022,9213,9,24,1,9213,9213,1222,24,9,2023-10-22T19:19:48.306000+00:00,25.6,25.6,,-0.7158333333333264
486,20231022,9213,9,23,13,9213,9213,1222,23,10,2023-10-22T19:21:32.851000+00:00,24.5,24.5,,-0.5698333333333304
487,20231022,9213,9,77,1,9213,9213,1222,77,10,2023-10-22T19:21:34.633000+00:00,24.7,24.7,,-0.734333333333332
488,20231022,9213,9,20,6,9213,9213,1222,20,10,2023-10-22T19:21:36.539000+00:00,25.0,25.0,,0.21216666666667072
489,20231022,9213,9,2,13,9213,9213,1222,2,11,2023-10-22T19:23:21.350000+00:00,24.9,24.9,,-0.9229999999999972
490,20231022,9213,9,1,12,9213,9213,1222,1,16,2023-10-22T19:31:30.278000+00:00,23.7,23.7,,-1.6199999999999999
491,20231022,9213,9,4,8,9213,9213,1222,4,17,2023-10-22T19:33:06.808000+00:00,24.1,24.1,,-1.272833333333331
492,20231022,9213,9,55,5,9213,9213,1222,55,17,2023-10-22T19:33:18.589000+00:00,23.6,23.6,,-1.9819999999999993
493,20231022,9213,9,11,12,9213,9213,1222,11,17,2023-10-22T19:33:22.870000+00:00,24.2,24.2,,-1.591333333333336
494,20231022,9213,9,22,2,9213,9213,1222,22,17,2023-10-22T19:33:31.073000+00:00,24.3,24.3,,-1.441000000000005
495,20231022,9213,9,10,3,9213,9213,1222,10,18,2023-10-22T19:35:10.384000+00:00,23.9,23.9,,-1.3358333333333359
496,20231022,9213,9,14,4,9213,9213,1222,14,19,2023-10-22T19:37:06.772000+00:00,25.0,25.0,,-2.3005000000000093
497,20231022,9213,9,27,6,9213,9213,1222,27,19,2023-10-22T19:37:15.772000+00:00,26.5,26.5,,-1.1756666666666624
498,20231022,9213,9,44,9,9213,9213,1222,44,20,2023-10-22T19:38:19.318000+00:00,24.9,24.9,,-1.4460000000000004
499,20231022,9213,9,18,4,9213,9213,1222,18,20,2023-10-22T19:38:53.458000+00:00,24.4,24.4,,-1.68883333333333
500,20231022,9213,9,63,9,9213,9213,1222,63,21,2023-10-22T19:40:14.316000+00:00,24.3,24.3,,-1.367666666666667
501,20231022,9213,9,3,2,9213,9213,1222,3,22,2023-10-22T19:42:16.017000+00:00,24.3,24.3,,-1.3326666666666682
502,20231022,9213,9,16,5,9213,9213,1222,16,23,2023-10-22T19:43:34.656000+00:00,23.9,23.9,,-1.315333333333335
503,20231022,9213,9,24,1,9213,9213,1222,24,27,2023-10-22T19:51:14.054000+00:00,24.7,24.7,,-1.2083333333333333
504,20231022,9213,9,77,1,9213,9213,1222,77,28,2023-10-22T19:52:54.896000+00:00,25.0,25.0,,-1.2235000000000014
505,20231022,9213,9,23,13,9213,9213,1222,23,29,2023-10-22T19:54:33.519000+00:00,24.3,24.3,,-0.9278333333333345
506,20231022,9213,9,20,6,9213,9213,1222,20,29,2023-10-22T19:54:49.581000+00:00,24.7,24.7,,-1.3956666666666586
507,20231022,9213,9,2,13,9213,9213,1222,2,32,2023-10-22T19:59:50.420000+00:00,25.5,25.5,,-1.7746666666666708
508,20231022,9213,9,4,8,9213,9213,1222,4,34,2023-10-22T20:02:16.870000+00:00,23.3,23.3,,-1.1333333333333329
509,20231022,9213,9,22,2,9213,9213,1222,22,34,2023-10-22T20:02:51.557000+00:00,24.1,24.1,,-0.8725000000000046
510,20231022,9213,9,27,6,9213,9213,1222,27,34,2023-10-22T20:03:12.572000+00:00,24.3,24.3,,-1.188333333333335
511,20231022,9213,9,1,12,9213,9213,1222,1,35,2023-10-22T20:03:56.681000+00:00,24.9,24.9,,-0.953666666666668
512,20231022,9213,9,55,5,9213,9213,1222,55,35,2023-10-22T20:04:06.900000+00:00,23.6,23.6,,-1.270500000000003
513,20231022,9213,9,11,12,9213,9213,1222,11,37,2023-10-22T20:07:31.958000+00:00,23.7,23.7,,-1.7690000000000055
514,20231022,9213,9,10,3,9213,9213,1222,10,37,2023-10-22T20:07:53.521000+00:00,24.8,24.8,,-1.1006666666666713
515,20231022,9213,9,44,9,9213,9213,1222,44,38,2023-10-22T20:09:06.800000+00:00,24.6,24.6,,-1.3666666666666696
516,20231022,9213,9,63,9,9213,9213,1222,63,39,2023-10-22T20:11:11.814000+00:00,23.9,23.9,,-2.2959999999999994
517,20231022,9213,9,18,4,9213,9213,1222,18,40,2023-10-22T20:13:10.359000+00:00,23.9,23.9,,-0.7535000000000025
518,20231022,9213,9,14,4,9213,9213,1222,14,42,2023-10-22T20:16:26.105000+00:00,24.8,24.8,,-0.8698333333333323
519,20231022,9213,9,3,2,9213,9213,1222,3,47,2023-10-22T20:25:42.017000+00:00,26.5,26.5,,-3.8913333333333306
520,20231022,9213,9,22,2,9213,9213,1222,22,54,2023-10-22T20:36:59.521000+00:00,23.4,23.4,,-2.480999999999999
521,20231029,9181,65,22,2,9181,9181,1223,22,9,2023-10-29T20:17:05.197000+00:00,30.1,30.1,,-1.8708333333333322
522,20231029,9181,65,4,8,9181,9181,1223,4,11,2023-10-29T20:19:47.351000+00:00,23.4,23.4,,-1.6403333333333403
523,20231029,9181,65,1,12,9181,9181,1223,1,19,2023-10-29T20:30:33.105000+00:00,22.4,22.4,,-1.0861666666666683
524,20231029,9181,65,24,1,9181,9181,1223,24,21,2023-10-29T20:33:58.070000+00:00,22.8,22.8,,-1.6823333333333372
525,20231029,9181,65,2,13,9181,9181,1223,2,22,2023-10-29T20:35:28.068000+00:00,23.9,23.9,,-2.2810000000000015
526,20231029,9181,65,27,6,9181,9181,1223,27,23,2023-10-29T20:36:42.817000+00:00,23.1,23.1,,-0.8038333333333298
527,20231029,9181,65,20,6,9181,9181,1223,20,23,2023-10-29T20:36:51.911000+00:00,23.6,23.6,,-1.953833333333338
528,20231029,9181,65,44,9,9181,9181,1223,44,24,2023-10-29T20:37:44.379000+00:00,22.2,22.2,,-1.0341666666666616
529,20231029,9181,65,81,8,9181,9181,1223,81,25,2023-10-29T20:39:17.908000+00:00,23.7,23.7,,-1.083166666666666
530,20231029,9181,65,63,9,9181,9181,1223,63,26,2023-10-29T20:40:41.625000+00:00,22.3,22.3,,-0.7591666666666607
531,20231029,9181,65,3,2,9181,9181,1223,3,27,2023-10-29T20:42:02.155000+00:00,22.4,22.4,,-1.1040000000000016
532,20231029,9181,65,10,3,9181,9181,1223,10,28,2023-10-29T20:43:47.122000+00:00,22.6,22.6,,-1.1875000000000049
533,20231029,9181,65,14,4,9181,9181,1223,14,29,2023-10-29T20:45:30.292000+00:00,22.8,22.8,,1.836500000000001
534,20231029,9181,65,55,5,9181,9181,1223,55,30,2023-10-29T20:46:09.495000+00:00,22.0,22.0,,7.0595
535,20231029,9181,65,18,4,9181,9181,1223,18,30,2023-10-29T20:46:51.072000+00:00,22.5,22.5,,14.134333333333336
536,20231029,9181,65,16,5,9181,9181,1223,16,31,2023-10-29T20:47:24.415000+00:00,22.2,22.2,,13.53433333333333
537,20231029,9181,65,77,1,9181,9181,1223,77,31,2023-10-29T20:48:12.289000+00:00,23.6,23.6,,23.50066666666667
538,20231029,9181,65,1,12,9181,9181,1223,1,33,2023-10-29T20:50:25.006000+00:00,22.3,22.3,,77.90366666666668
539,20231029,9181,65,4,8,9181,9181,1223,4,33,2023-10-29T20:51:13.692000+00:00,22.5,22.5,,54.00066666666667
540,20231029,9181,65,23,13,9181,9181,1223,23,33,2023-10-29T20:51:18.942000+00:00,23.6,23.6,,43.95666666666667
541,20231029,9181,65,1,12,9181,9181,1223,1,34,2023-10-29T21:13:05.935000+00:00,1209.1,1209.1,,38.458000000000006
542,20231029,9181,65,16,5,9181,9181,1223,16,34,2023-10-29T21:13:08.857000+00:00,1210.5,1210.5,,23.308999999999997
543,20231029,9181,65,44,9,9181,9181,1223,44,34,2023-10-29T21:13:12.669000+00:00,1212.9,1212.9,,29.473499999999994
544,20231029,9181,65,55,5,9181,9181,1223,55,34,2023-10-29T21:13:16.700000+00:00,1215.4,1215.4,,26.280500000000004
545,20231029,9181,65,3,2,9181,9181,1223,3,34,2023-10-29T21:13:20.325000+00:00,1217.1,1217.1,,26.39666666666666
546,20231029,9181,65,81,8,9181,9181,1223,81,34,2023-10-29T21:13:24.216000+00:00,1219.0,1219.0,,24.767000000000003
547,20231029,9181,65,63,9,9181,9181,1223,63,34,2023-10-29T21:13:29.216000+00:00,1218.2,1218.2,,20.903000000000006
548,20231029,9181,65,22,2,9181,9181,1223,22,34,2023-10-29T21:13:32.497000+00:00,1218.0,1218.0,,20.929666666666662
549,20231029,9181,65,27,6,9181,9181,1223,27,34,2023-10-29T21:13:36.153000+00:00,1219.8,1219.8,,19.012833333333337
550,20231029,9181,65,4,8,9181,9181,1223,4,34,2023-10-29T21:13:44.403000+00:00,1226.3,1226.3,,27.686999999999998
551,20231029,9181,65,10,3,9181,9181,1223,10,34,2023-10-29T21:13:46.591000+00:00,1225.6,1225.6,,16.536166666666666
552,20231029,9181,65,23,13,9181,9181,1223,23,34,2023-10-29T21:13:50.419000+00:00,1227.9,1227.9,,21.214999999999996
553,20231029,9181,65,24,1,9181,9181,1223,24,34,2023-10-29T21:13:54.997000+00:00,1229.5,1229.5,,14.32166666666666
554,20231029,9181,65,31,3,9181,9181,1223,31,34,2023-10-29T21:13:57.809000+00:00,1226.2,1226.2,,7.522166666666671
555,20231029,9181,65,2,13,9181,9181,1223,2,34,2023-10-29T21:14:01.559000+00:00,1227.7,1227.7,,9.818333333333333
556,20231029,9181,65,77,1,9181,9181,1223,77,34,2023-10-29T21:14:05.309000+00:00,1229.3,1229.3,,-8.352500000000006
557,20231029,9181,65,18,4,9181,9181,1223,18,34,2023-10-29T21:14:09.043000+00:00,1229.6,1229.6,,0.7999999999999972
558,20231029,9181,65,14,4,9181,9181,1223,14,34,2023-10-29T21:14:13.137000+00:00,1229.8,1229.8,,4.754666666666665
559,20231105,9205,14,1,12,9205,9205,1224,1,1,2023-11-05T17:05:38.680000+00:00,18.5,18.5,,
560,20231105,9205,14,4,8,9205,9205,1224,4,1,2023-11-05T17:05:41.227000+00:00,19.3,19.3,,
561,20231105,9205,14,44,9,9205,9205,1224,44,1,2023-11-05T17:05:43.508000+00:00,18.5,18.5,,
562,20231105,9205,14,14,4,9205,9205,1224,14,1,2023-11-05T17:05:45.993000+00:00,18.4,18.4,,
563,20231105,9205,14,18,4,9205,9205,1224,18,1,2023-11-05T17:05:47.336000+00:00,18.5,18.5,,
564,20231105,9205,14,63,9,9205,9205,1224,63,1,2023-11-05T17:05:51.383000+00:00,20.4,20.4,,
565,20231105,9205,14,11,12,9205,9205,1224,11,1,2023-11-05T17:05:53.665000+00:00,20.8,20.8,,
566,20231105,9205,14,55,5,9205,9205,1224,55,1,2023-11-05T17:05:56.914000+00:00,23.0,23.0,,
567,20231105,9205,14,31,3,9205,9205,1224,31,1,2023-11-05T17:05:58.024000+00:00,22.2,22.2,,
568,20231105,9205,14,22,2,9205,9205,1224,22,1,2023-11-05T17:06:00.914000+00:00,20.9,20.9,,
569,20231105,9205,14,10,3,9205,9205,1224,10,1,2023-11-05T17:06:01.961000+00:00,20.5,20.5,,
570,20231105,9205,14,77,1,9205,9205,1224,77,1,2023-11-05T17:06:02.774000+00:00,20.7,20.7,,
571,20231105,9205,14,24,1,9205,9205,1224,24,1,2023-11-05T17:06:07.227000+00:00,21.2,21.2,,
572,20231105,9205,14,2,13,9205,9205,1224,2,1,2023-11-05T17:06:14.461000+00:00,27.4,27.4,,
573,20231105,9205,14,27,6,9205,9205,1224,27,1,2023-11-05T17:06:23.945000+00:00,34.2,34.2,,
574,20231105,9205,14,1,12,9205,9205,1224,1,2,2023-11-05T17:31:06.038000+00:00,1402.6,1402.6,,
575,20231105,9205,14,4,8,9205,9205,1224,4,2,2023-11-05T17:31:09.178000+00:00,1404.6,1404.6,,
576,20231105,9205,14,44,9,9205,9205,1224,44,2,2023-11-05T17:31:13.288000+00:00,1406.3,1406.3,,
577,20231105,9205,14,14,4,9205,9205,1224,14,2,2023-11-05T17:31:16.631000+00:00,1408.1,1408.1,,
578,20231105,9205,14,18,4,9205,9205,1224,18,2,2023-11-05T17:31:20.725000+00:00,1409.9,1409.9,,
579,20231105,9205,14,63,9,9205,9205,1224,63,2,2023-11-05T17:31:25.162000+00:00,1410.9,1410.9,,
580,20231105,9205,14,11,12,9205,9205,1224,11,2,2023-11-05T17:31:28.194000+00:00,1411.7,1411.7,,
581,20231105,9205,14,55,5,9205,9205,1224,55,2,2023-11-05T17:31:31.772000+00:00,1413.7,1413.7,,
582,20231105,9205,14,31,3,9205,9205,1224,31,2,2023-11-05T17:31:34.397000+00:00,1414.7,1414.7,,
583,20231105,9205,14,22,2,9205,9205,1224,22,2,2023-11-05T17:31:38.428000+00:00,1415.4,1415.4,,
584,20231105,9205,14,10,3,9205,9205,1224,10,2,2023-11-05T17:31:41.475000+00:00,1416.7,1416.7,,
585,20231105,9205,14,77,1,9205,9205,1224,77,2,2023-11-05T17:31:44.693000+00:00,1418.1,1418.1,,
586,20231105,9205,14,24,1,9205,9205,1224,24,2,2023-11-05T17:31:49.693000+00:00,1419.9,1419.9,,
587,20231105,9205,14,2,13,9205,9205,1224,2,2,2023-11-05T17:31:52.521000+00:00,1421.2,1421.2,,
588,20231105,9205,14,27,6,9205,9205,1224,27,2,2023-11-05T17:31:56.006000+00:00,1421.0,1421.0,,
589,20231105,9205,14,81,8,9205,9205,1224,81,1,2023-11-05T17:32:01.021000+00:00,1584.0,1584.0,,
590,20231105,9205,14,3,2,9205,9205,1224,3,1,2023-11-05T17:32:05.115000+00:00,1576.7,1576.7,,
591,20231105,9205,14,81,8,9205,9205,1224,81,2,2023-11-05T17:34:20.660000+00:00,38.4,38.4,,
592,20231105,9205,14,3,2,9205,9205,1224,3,2,2023-11-05T17:34:21.145000+00:00,32.7,32.7,,
593,20231105,9205,14,31,3,9205,9205,1224,31,14,2023-11-05T17:48:45.244000+00:00,24.0,24.0,,-1.328666666666668
594,20231105,9205,14,24,1,9205,9205,1224,24,15,2023-11-05T17:50:05.353000+00:00,23.9,23.9,,-1.1288333333333302
595,20231105,9205,14,2,13,9205,9205,1224,2,17,2023-11-05T17:52:43.163000+00:00,24.3,24.3,,-1.3336666666666637
596,20231105,9205,14,44,9,9205,9205,1224,44,18,2023-11-05T17:53:47.912000+00:00,23.5,23.5,,-1.228833333333332
597,20231105,9205,14,77,1,9205,9205,1224,77,18,2023-11-05T17:53:55.912000+00:00,24.0,24.0,,-1.4215000000000042
598,20231105,9205,14,63,9,9205,9205,1224,63,19,2023-11-05T17:55:06.068000+00:00,23.7,23.7,,-0.6893333333333326
599,20231105,9205,14,11,12,9205,9205,1224,11,20,2023-11-05T17:56:21.051000+00:00,23.1,23.1,,-0.9606666666666612
600,20231105,9205,14,27,6,9205,9205,1224,27,21,2023-11-05T17:57:58.175000+00:00,24.4,24.4,,-0.061166666666662706
601,20231105,9205,14,18,4,9205,9205,1224,18,22,2023-11-05T17:58:58.487000+00:00,23.5,23.5,,-1.5415000000000016
602,20231105,9205,14,14,4,9205,9205,1224,14,25,2023-11-05T18:02:37.359000+00:00,24.2,24.2,,-0.5561666666666673
603,20231105,9205,14,81,8,9205,9205,1224,81,24,2023-11-05T18:03:02.594000+00:00,23.5,23.5,,-0.8880000000000076
604,20231105,9205,14,55,5,9205,9205,1224,55,26,2023-11-05T18:04:07.765000+00:00,23.5,23.5,,-1.4874999999999996
605,20231105,9205,14,10,3,9205,9205,1224,10,26,2023-11-05T18:04:12.796000+00:00,25.2,25.2,,-1.8098333333333325
606,20231105,9205,14,22,2,9205,9205,1224,22,26,2023-11-05T18:04:16.577000+00:00,27.1,27.1,,-1.160333333333336
607,20231105,9205,14,1,12,9205,9205,1224,1,27,2023-11-05T18:04:58.858000+00:00,22.9,22.9,,-0.6110000000000042
608,20231105,9205,14,4,8,9205,9205,1224,4,27,2023-11-05T18:05:03.670000+00:00,23.8,23.8,,-0.418166666666662
609,20231105,9205,14,3,2,9205,9205,1224,3,26,2023-11-05T18:05:32.311000+00:00,23.9,23.9,,-1.5288333333333313
610,20231105,9205,14,31,3,9205,9205,1224,31,31,2023-11-05T18:10:53.682000+00:00,24.4,24.4,,-1.871833333333342
611,20231105,9205,14,2,13,9205,9205,1224,2,44,2023-11-05T18:27:41.108000+00:00,24.1,24.1,,-1.1096666666666644
612,20231105,9205,14,63,9,9205,9205,1224,63,45,2023-11-05T18:28:41.904000+00:00,23.9,23.9,,-0.9338333333333253
613,20231105,9205,14,11,12,9205,9205,1224,11,46,2023-11-05T18:29:37.669000+00:00,23.5,23.5,,-1.2318333333333296
614,20231105,9205,14,44,9,9205,9205,1224,44,46,2023-11-05T18:29:52.950000+00:00,24.0,24.0,,-1.123833333333335
615,20231105,9205,14,10,3,9205,9205,1224,10,46,2023-11-05T18:29:56.278000+00:00,23.5,23.5,,-2.1476666666666637
616,20231105,9205,14,27,6,9205,9205,1224,27,46,2023-11-05T18:30:24.684000+00:00,23.8,23.8,,-0.09316666666667336
617,20231105,9205,14,14,4,9205,9205,1224,14,47,2023-11-05T18:30:49.918000+00:00,23.8,23.8,,-0.14683333333333576
618,20231105,9205,14,55,5,9205,9205,1224,55,51,2023-11-05T18:36:08.883000+00:00,23.7,23.7,,-1.112833333333332
619,20231105,9205,14,31,3,9205,9205,1224,31,51,2023-11-05T18:36:36.539000+00:00,23.5,23.5,,-2.5163333333333306
620,20231105,9205,14,18,4,9205,9205,1224,18,52,2023-11-05T18:37:21.414000+00:00,25.2,25.2,,-1.4163333333333294
621,20231105,9205,14,81,8,9205,9205,1224,81,52,2023-11-05T18:39:01.037000+00:00,23.3,23.3,,-0.9911666666666766
622,20231105,9205,14,22,2,9205,9205,1224,22,55,2023-11-05T18:41:24.723000+00:00,23.4,23.4,,-0.7203333333333385
623,20231105,9205,14,1,12,9205,9205,1224,1,56,2023-11-05T18:41:45.004000+00:00,23.3,23.3,,-1.3385000000000034
624,20231105,9205,14,3,2,9205,9205,1224,3,55,2023-11-05T18:42:40.801000+00:00,23.5,23.5,,-0.9411666666666747
625,20231105,9205,14,4,8,9205,9205,1224,4,59,2023-11-05T18:45:40.627000+00:00,23.6,23.6,,-2.5690000000000004
626,20231119,9189,152,11,12,9189,9189,1225,11,1,2023-11-19T06:06:40.131000+00:00,33.5,33.5,,
627,20231119,9189,152,14,4,9189,9189,1225,14,1,2023-11-19T06:06:56.818000+00:00,29.3,29.3,,
628,20231119,9189,152,77,1,9189,9189,1225,77,1,2023-11-19T06:07:14.818000+00:00,43.9,43.9,,
629,20231119,9189,152,18,4,9189,9189,1225,18,3,2023-11-19T06:10:29.283000+00:00,22.2,22.2,,36.324
630,20231119,9189,152,55,5,9189,9189,1225,55,3,2023-11-19T06:10:41.158000+00:00,21.2,21.2,,31.077999999999996
631,20231119,9189,152,22,2,9189,9189,1225,22,10,2023-11-19T06:25:48.048000+00:00,20.6,20.6,,-2.5211666666666708
632,20231119,9189,152,27,6,9189,9189,1225,27,12,2023-11-19T06:29:08.123000+00:00,22.1,22.1,,-2.2505000000000095
633,20231119,9189,152,20,6,9189,9189,1225,20,14,2023-11-19T06:32:24.760000+00:00,21.6,21.6,,-0.30266666666666475
634,20231119,9189,152,63,9,9189,9189,1225,63,15,2023-11-19T06:33:50.836000+00:00,21.2,21.2,,-0.08233333333333331
635,20231119,9189,152,2,13,9189,9189,1225,2,15,2023-11-19T06:34:02.508000+00:00,21.3,21.3,,-0.3661666666666672
636,20231119,9189,152,1,12,9189,9189,1225,1,16,2023-11-19T06:35:32.163000+00:00,26.6,26.6,,-0.7178333333333361
637,20231119,9189,152,23,13,9189,9189,1225,23,16,2023-11-19T06:35:38.928000+00:00,21.2,21.2,,-0.4056666666666663
638,20231119,9189,152,81,8,9189,9189,1225,81,16,2023-11-19T06:35:43.334000+00:00,23.2,23.2,,-0.19316666666667004
639,20231119,9189,152,10,3,9189,9189,1225,10,17,2023-11-19T06:37:16.630000+00:00,22.2,22.2,,-1.041166666666662
640,20231119,9189,152,3,2,9189,9189,1225,3,17,2023-11-19T06:37:36.489000+00:00,22.2,22.2,,-0.7319999999999969
641,20231119,9189,152,44,9,9189,9189,1225,44,17,2023-11-19T06:37:37.520000+00:00,25.0,25.0,,-0.8446666666666733
642,20231119,9189,152,31,3,9189,9189,1225,31,20,2023-11-19T06:42:20.437000+00:00,21.7,21.7,,-2.428333333333325
643,20231119,9189,152,16,5,9189,9189,1225,16,21,2023-11-19T06:43:41.467000+00:00,22.5,22.5,,-0.2229999999999966
644,20231119,9189,152,22,2,9189,9189,1225,22,21,2023-11-19T06:44:38.372000+00:00,20.8,20.8,,-0.046666666666671575
645,20231119,9189,152,77,1,9189,9189,1225,77,24,2023-11-19T06:49:32.226000+00:00,21.5,21.5,,29.891666666666662
646,20231119,9189,152,11,12,9189,9189,1225,11,26,2023-11-19T06:52:14.786000+00:00,21.5,21.5,,34.7165
647,20231119,9189,152,1,12,9189,9189,1225,1,26,2023-11-19T06:52:30.348000+00:00,21.3,21.3,,33.83800000000001
648,20231119,9189,152,18,4,9189,9189,1225,18,26,2023-11-19T06:52:30.957000+00:00,22.5,22.5,,33.110833333333325
649,20231119,9189,152,63,9,9189,9189,1225,63,26,2023-11-19T06:52:33.926000+00:00,21.9,21.9,,32.48633333333333
650,20231119,9189,152,55,5,9189,9189,1225,55,26,2023-11-19T06:52:36.863000+00:00,22.6,22.6,,31.362500000000008
651,20231119,9189,152,14,4,9189,9189,1225,14,26,2023-11-19T06:52:41.519000+00:00,23.2,23.2,,30.427833333333325
652,20231119,9189,152,24,1,9189,9189,1225,24,26,2023-11-19T06:52:49.676000+00:00,22.1,22.1,,29.38083333333333
653,20231119,9189,152,20,6,9189,9189,1225,20,26,2023-11-19T06:53:01.316000+00:00,21.8,21.8,,30.65166666666667
654,20231119,9189,152,27,6,9189,9189,1225,27,26,2023-11-19T06:53:08.363000+00:00,25.4,25.4,,30.34
655,20231119,9189,152,44,9,9189,9189,1225,44,26,2023-11-19T06:53:12.597000+00:00,22.5,22.5,,28.70733333333333
656,20231119,9189,152,81,8,9189,9189,1225,81,43,2023-11-19T07:22:32.753000+00:00,20.5,20.5,,-1.4353333333333396
657,20231126,9197,70,20,6,9197,9197,1226,20,5,2023-11-26T13:11:39.528000+00:00,22.7,22.7,,-1.7451666666666696
658,20231126,9197,70,3,2,9197,9197,1226,3,7,2023-11-26T13:14:37.589000+00:00,21.6,21.6,,-1.1981666666666655
659,20231126,9197,70,14,4,9197,9197,1226,14,12,2023-11-26T13:22:07.037000+00:00,22.4,22.4,,-0.7311666666666763
660,20231126,9197,70,81,8,9197,9197,1226,81,13,2023-11-26T13:23:35.848000+00:00,21.6,21.6,,-1.201166666666668
661,20231126,9197,70,27,6,9197,9197,1226,27,13,2023-11-26T13:23:47.614000+00:00,21.8,21.8,,-1.4505000000000006
662,20231126,9197,70,24,1,9197,9197,1226,24,13,2023-11-26T13:23:51.395000+00:00,22.8,22.8,,-1.2243333333333364
663,20231126,9197,70,63,9,9197,9197,1226,63,14,2023-11-26T13:25:04.660000+00:00,21.6,21.6,,-1.0809999999999935
664,20231126,9197,70,4,8,9197,9197,1226,4,14,2023-11-26T13:25:05.129000+00:00,24.0,24.0,,-1.249833333333335
665,20231126,9197,70,44,9,9197,9197,1226,44,15,2023-11-26T13:26:44.159000+00:00,22.1,22.1,,-1.536333333333329
666,20231126,9197,70,31,3,9197,9197,1226,31,15,2023-11-26T13:26:45.128000+00:00,22.1,22.1,,-1.4430000000000025
667,20231126,9197,70,2,13,9197,9197,1226,2,15,2023-11-26T13:26:58.221000+00:00,22.1,22.1,,-1.071833333333333
668,20231126,9197,70,1,12,9197,9197,1226,1,16,2023-11-26T13:27:58.955000+00:00,21.6,21.6,,-0.8506666666666713
669,20231126,9197,70,23,13,9197,9197,1226,23,16,2023-11-26T13:28:27.548000+00:00,22.1,22.1,,-1.176666666666674
670,20231126,9197,70,16,5,9197,9197,1226,16,17,2023-11-26T13:29:31.907000+00:00,21.9,21.9,,-0.6428333333333331
671,20231126,9197,70,11,12,9197,9197,1226,11,17,2023-11-26T13:29:43.610000+00:00,21.4,21.4,,-2.027333333333334
672,20231126,9197,70,10,3,9197,9197,1226,10,17,2023-11-26T13:29:49.782000+00:00,23.0,23.0,,-1.784333333333329
673,20231126,9197,70,22,2,9197,9197,1226,22,22,2023-11-26T13:37:16.167000+00:00,21.4,21.4,,-1.0574999999999999
674,20231126,9197,70,18,4,9197,9197,1226,18,22,2023-11-26T13:37:21.792000+00:00,21.8,21.8,,-0.8611666666666693
675,20231126,9197,70,20,6,9197,9197,1226,20,22,2023-11-26T13:37:53.370000+00:00,22.1,22.1,,-0.857000000000004
676,20231126,9197,70,55,5,9197,9197,1226,55,23,2023-11-26T13:38:58.291000+00:00,21.2,21.2,,-1.6318333333333304
677,20231126,9197,70,77,1,9197,9197,1226,77,29,2023-11-26T13:48:24.863000+00:00,22.6,22.6,,-1.5774999999999935
678,20231126,9197,70,3,2,9197,9197,1226,3,31,2023-11-26T13:51:14.017000+00:00,21.7,21.7,,-1.427499999999997
679,20231126,9197,70,10,3,9197,9197,1226,10,32,2023-11-26T13:52:50.297000+00:00,23.4,23.4,,-1.236499999999997
680,20231126,9197,70,4,8,9197,9197,1226,4,33,2023-11-26T13:53:53.484000+00:00,21.4,21.4,,-0.47549999999999903
681,20231126,9197,70,27,6,9197,9197,1226,27,33,2023-11-26T13:54:27.577000+00:00,22.0,22.0,,-0.6071666666666644
682,20231126,9197,70,63,9,9197,9197,1226,63,34,2023-11-26T13:55:20.374000+00:00,22.0,22.0,,-0.7473333333333348
683,20231126,9197,70,16,5,9197,9197,1226,16,35,2023-11-26T13:56:47.498000+00:00,21.2,21.2,,-0.7661666666666657
684,20231126,9197,70,44,9,9197,9197,1226,44,35,2023-11-26T13:57:05.138000+00:00,22.0,22.0,,0.13949999999999818
685,20231126,9197,70,81,8,9197,9197,1226,81,36,2023-11-26T13:58:30.168000+00:00,21.1,21.1,,-1.4313333333333276
686,20231126,9197,70,14,4,9197,9197,1226,14,36,2023-11-26T13:58:33.621000+00:00,21.8,21.8,,-1.2051666666666658
687,20231126,9197,70,24,1,9197,9197,1226,24,37,2023-11-26T14:00:35.448000+00:00,22.3,22.3,,-1.7190000000000012
688,20231126,9197,70,2,13,9197,9197,1226,2,41,2023-11-26T14:06:42.506000+00:00,21.8,21.8,,-3.045500000000004
689,20231126,9197,70,11,12,9197,9197,1226,11,42,2023-11-26T14:07:17.818000+00:00,21.2,21.2,,-1.4129999999999991
690,20231126,9197,70,18,4,9197,9197,1226,18,42,2023-11-26T14:07:42.678000+00:00,21.6,21.6,,-2.018166666666668
691,20231126,9197,70,1,12,9197,9197,1226,1,43,2023-11-26T14:08:30.771000+00:00,21.2,21.2,,-1.598499999999999
692,20231126,9197,70,23,13,9197,9197,1226,23,43,2023-11-26T14:09:32.067000+00:00,21.9,21.9,,-2.062500000000002
693,20231126,9197,70,55,5,9197,9197,1226,55,56,2023-11-26T14:28:46.679000+00:00,21.5,21.5,,
694,20240302,9472,63,27,6,9472,9472,1229,27,1,2024-03-02T15:06:11.115000+00:00,36.6,36.6,,
695,20240302,9472,63,24,7,9472,9472,1229,24,9,2024-03-02T15:19:05.235000+00:00,25.2,25.2,,-2.536999999999999
696,20240302,9472,63,18,4,9472,9472,1229,18,9,2024-03-02T15:19:07.623000+00:00,24.4,24.4,,-2.015833333333336
697,20240302,9472,63,31,3,9472,9472,1229,31,10,2024-03-02T15:20:46.058000+00:00,24.8,24.8,,-1.8143333333333302
698,20240302,9472,63,2,13,9472,9472,1229,2,10,2024-03-02T15:21:55.789000+00:00,35.7,35.7,,0.2710000000000008
699,20240302,9472,63,63,9,9472,9472,1229,63,11,2024-03-02T15:22:03.605000+00:00,24.7,24.7,,-0.4223333333333319
700,20240302,9472,63,16,5,9472,9472,1229,16,11,2024-03-02T15:22:06.457000+00:00,24.0,24.0,,-1.3606666666666623
701,20240302,9472,63,20,6,9472,9472,1229,20,11,2024-03-02T15:22:22.107000+00:00,25.9,25.9,,-1.686666666666665
702,20240302,9472,63,11,12,9472,9472,1229,11,12,2024-03-02T15:23:41.972000+00:00,24.5,24.5,,-1.4768333333333363
703,20240302,9472,63,81,8,9472,9472,1229,81,12,2024-03-02T15:23:50.520000+00:00,25.4,25.4,,-1.3791666666666675
704,20240302,9472,63,44,9,9472,9472,1229,44,12,2024-03-02T15:23:52.389000+00:00,25.0,25.0,,-1.0850000000000055
705,20240302,9472,63,10,3,9472,9472,1229,10,12,2024-03-02T15:24:09.090000+00:00,29.9,29.9,,-1.4218333333333366
706,20240302,9472,63,77,7,9472,9472,1229,77,12,2024-03-02T15:24:09.531000+00:00,26.4,26.4,,-2.37083333333333
707,20240302,9472,63,4,8,9472,9472,1229,4,13,2024-03-02T15:25:25.101000+00:00,24.2,24.2,,-1.3248333333333306
708,20240302,9472,63,3,10,9472,9472,1229,3,13,2024-03-02T15:25:42.894000+00:00,24.9,24.9,,-1.7796666666666685
709,20240302,9472,63,55,5,9472,9472,1229,55,14,2024-03-02T15:26:57.817000+00:00,24.4,24.4,,-1.5748333333333306
710,20240302,9472,63,22,10,9472,9472,1229,22,14,2024-03-02T15:27:13.176000+00:00,24.7,24.7,,-1.310333333333335
711,20240302,9472,63,14,4,9472,9472,1229,14,15,2024-03-02T15:28:49.395000+00:00,24.7,24.7,,-1.4151666666666667
712,20240302,9472,63,23,13,9472,9472,1229,23,15,2024-03-02T15:28:54.348000+00:00,24.6,24.6,,-1.420333333333332
713,20240302,9472,63,1,12,9472,9472,1229,1,17,2024-03-02T15:31:37.825000+00:00,25.0,25.0,,-1.8475000000000037
714,20240302,9472,63,27,6,9472,9472,1229,27,20,2024-03-02T15:37:33.888000+00:00,24.7,24.7,,-1.1981666666666655
715,20240302,9472,63,18,4,9472,9472,1229,18,27,2024-03-02T15:48:50.340000+00:00,24.5,24.5,,-2.3453333333333317
716,20240302,9472,63,24,7,9472,9472,1229,24,28,2024-03-02T15:50:25.427000+00:00,25.0,25.0,,-2.0995000000000013
717,20240302,9472,63,2,13,9472,9472,1229,2,28,2024-03-02T15:51:59.543000+00:00,25.0,25.0,,-2.199333333333333
718,20240302,9472,63,31,3,9472,9472,1229,31,30,2024-03-02T15:53:55.836000+00:00,25.1,25.1,,-1.6968333333333376
719,20240302,9472,63,63,9,9472,9472,1229,63,31,2024-03-02T15:54:47.117000+00:00,24.8,24.8,,-1.5148333333333401
720,20240302,9472,63,77,7,9472,9472,1229,77,30,2024-03-02T15:54:47.631000+00:00,74.7,74.7,,-2.0758333333333305
721,20240302,9472,63,10,3,9472,9472,1229,10,31,2024-03-02T15:55:37.993000+00:00,26.4,26.4,,-2.2986666666666644
722,20240302,9472,63,20,6,9472,9472,1229,20,32,2024-03-02T15:57:02.477000+00:00,24.4,24.4,,-2.367666666666677
723,20240302,9472,63,4,8,9472,9472,1229,4,33,2024-03-02T15:58:04.902000+00:00,24.7,24.7,,-1.9970000000000048
724,20240302,9472,63,44,9,9472,9472,1229,44,33,2024-03-02T15:58:10.632000+00:00,24.0,24.0,,-1.7973333333333321
725,20240302,9472,63,16,5,9472,9472,1229,16,34,2024-03-02T15:59:38.514000+00:00,24.1,24.1,,-2.4108333333333314
726,20240302,9472,63,81,8,9472,9472,1229,81,34,2024-03-02T15:59:45.850000+00:00,24.8,24.8,,-2.310166666666658
727,20240302,9472,63,22,10,9472,9472,1229,22,34,2024-03-02T16:00:12.070000+00:00,24.3,24.3,,-0.8348333333333334
728,20240302,9472,63,55,5,9472,9472,1229,55,35,2024-03-02T16:01:02.991000+00:00,23.8,23.8,,-1.4219999999999995
729,20240302,9472,63,3,10,9472,9472,1229,3,35,2024-03-02T16:01:59.612000+00:00,24.8,24.8,,-2.8288333333333404
730,20240302,9472,63,11,12,9472,9472,1229,11,36,2024-03-02T16:02:37.212000+00:00,24.5,24.5,,-1.8671666666666624
731,20240302,9472,63,23,13,9472,9472,1229,23,36,2024-03-02T16:03:35.177000+00:00,24.6,24.6,,-1.9618333333333335
732,20240302,9472,63,1,12,9472,9472,1229,1,37,2024-03-02T16:03:54.529000+00:00,24.2,24.2,,-1.5201666666666633
733,20240302,9472,63,14,4,9472,9472,1229,14,41,2024-03-02T16:11:23.921000+00:00,25.1,25.1,,-2.7240000000000038
734,20240302,9472,63,2,13,9472,9472,1229,2,40,2024-03-02T16:11:47.875000+00:00,25.3,25.3,,-1.9763333333333315
735,20240302,9472,63,27,6,9472,9472,1229,27,41,2024-03-02T16:11:54.741000+00:00,24.3,24.3,,-2.5406666666666595
736,20240302,9472,63,10,3,9472,9472,1229,10,43,2024-03-02T16:15:21.252000+00:00,25.2,25.2,,-1.5989999999999942
737,20240309,9480,149,1,12,9480,9480,1230,1,7,2024-03-09T17:15:47.097000+00:00,20.6,20.6,,34.2145
738,20240309,9480,149,11,12,9480,9480,1230,11,7,2024-03-09T17:15:52.880000+00:00,22.1,22.1,,33.45949999999999
739,20240309,9480,149,16,5,9480,9480,1230,16,7,2024-03-09T17:15:55.889000+00:00,23.4,23.4,,32.751999999999995
740,20240309,9480,149,81,8,9480,9480,1230,81,7,2024-03-09T17:15:58.220000+00:00,21.4,21.4,,32.06466666666666
741,20240309,9480,149,14,4,9480,9480,1230,14,7,2024-03-09T17:15:59.780000+00:00,22.1,22.1,,31.552666666666664
742,20240309,9480,149,63,9,9480,9480,1230,63,7,2024-03-09T17:16:04.281000+00:00,21.0,21.0,,29.63049999999999
743,20240309,9480,149,22,10,9480,9480,1230,22,7,2024-03-09T17:16:13.313000+00:00,21.6,21.6,,27.811666666666657
744,20240309,9480,149,38,5,9480,9480,1230,38,7,2024-03-09T17:16:14.973000+00:00,22.4,22.4,,26.985333333333333
745,20240309,9480,149,20,6,9480,9480,1230,20,7,2024-03-09T17:16:14.973000+00:00,21.4,21.4,,26.954833333333326
746,20240309,9480,149,23,13,9480,9480,1230,23,7,2024-03-09T17:16:15.932000+00:00,21.7,21.7,,27.165833333333328
747,20240309,9480,149,31,3,9480,9480,1230,31,7,2024-03-09T17:16:22.416000+00:00,22.5,22.5,,25.239000000000004
748,20240309,9480,149,77,7,9480,9480,1230,77,7,2024-03-09T17:16:23.903000+00:00,22.7,22.7,,24.66066666666667
749,20240309,9480,149,2,13,9480,9480,1230,2,7,2024-03-09T17:16:26.084000+00:00,23.6,23.6,,24.344000000000012
750,20240309,9480,149,3,10,9480,9480,1230,3,7,2024-03-09T17:17:01.115000+00:00,63.3,63.3,,19.054999999999996
751,20240309,9480,149,27,6,9480,9480,1230,27,33,2024-03-09T17:59:43.237000+00:00,21.0,21.0,,-1.102166666666669
752,20240309,9480,149,77,7,9480,9480,1230,77,35,2024-03-09T18:03:22.747000+00:00,23.2,23.2,,-2.5585
753,20240309,9480,149,44,9,9480,9480,1230,44,36,2024-03-09T18:03:59.429000+00:00,20.1,20.1,,-1.5678333333333374
754,20240309,9480,149,4,8,9480,9480,1230,4,37,2024-03-09T18:05:31.365000+00:00,22.2,22.2,,-1.489333333333332
755,20240309,9480,149,24,7,9480,9480,1230,24,41,2024-03-09T18:12:50.460000+00:00,46.3,46.3,,-0.9465000000000074
756,20240324,9488,10,3,10,9488,9488,1231,3,5,2024-03-24T04:10:44.051000+00:00,18.2,18.2,,-0.42966666666666
757,20240324,9488,10,23,13,9488,9488,1231,23,6,2024-03-24T04:12:03.960000+00:00,17.7,17.7,,0.02916666666666623
758,20240324,9488,10,24,7,9488,9488,1231,24,6,2024-03-24T04:12:08.895000+00:00,19.0,19.0,,0.005999999999997896
759,20240324,9488,10,44,9,9488,9488,1231,44,7,2024-03-24T04:13:22.694000+00:00,17.5,17.5,,0.039333333333334025
760,20240324,9488,10,20,6,9488,9488,1231,20,7,2024-03-24T04:13:27.578000+00:00,18.3,18.3,,-0.14816666666665645
761,20240324,9488,10,63,9,9488,9488,1231,63,8,2024-03-24T04:14:42.668000+00:00,18.0,18.0,,-0.2918333333333365
762,20240324,9488,10,18,4,9488,9488,1231,18,8,2024-03-24T04:14:44.598000+00:00,17.9,17.9,,-0.3271666666666704
763,20240324,9488,10,77,7,9488,9488,1231,77,8,2024-03-24T04:15:18.023000+00:00,46.9,46.9,,-0.1728333333333344
764,20240324,9488,10,16,5,9488,9488,1231,16,9,2024-03-24T04:16:00.710000+00:00,17.4,17.4,,-0.5360000000000014
765,20240324,9488,10,81,8,9488,9488,1231,81,9,2024-03-24T04:16:02.012000+00:00,17.5,17.5,,0.000999999999995338
766,20240324,9488,10,22,10,9488,9488,1231,22,9,2024-03-24T04:16:09.821000+00:00,18.5,18.5,,-0.38149999999999784
767,20240324,9488,10,31,3,9488,9488,1231,31,9,2024-03-24T04:16:14.735000+00:00,18.2,18.2,,-0.2291666666666619
768,20240324,9488,10,4,8,9488,9488,1231,4,14,2024-03-24T04:22:56.216000+00:00,17.7,17.7,,7.194333333333337
769,20240324,9488,10,11,12,9488,9488,1231,11,14,2024-03-24T04:23:04.121000+00:00,18.1,18.1,,10.549333333333331
770,20240324,9488,10,55,5,9488,9488,1231,55,16,2024-03-24T04:25:32.675000+00:00,17.5,17.5,,3.4331666666666742
771,20240324,9488,10,31,3,9488,9488,1231,31,16,2024-03-24T04:26:30.153000+00:00,30.6,30.6,,-0.32183333333333286
772,20240324,9488,10,14,4,9488,9488,1231,14,17,2024-03-24T04:27:25.795000+00:00,18.1,18.1,,-0.3978333333333358
773,20240324,9488,10,27,6,9488,9488,1231,27,17,2024-03-24T04:27:48.004000+00:00,18.3,18.3,,-1.7638333333333354
774,20240324,9488,10,10,3,9488,9488,1231,10,17,2024-03-24T04:27:53.252000+00:00,20.3,20.3,,-0.7316666666666645
775,20240324,9488,10,23,13,9488,9488,1231,23,27,2024-03-24T04:41:53.767000+00:00,17.7,17.7,,-0.7246666666666736
776,20240324,9488,10,3,10,9488,9488,1231,3,29,2024-03-24T04:44:47.613000+00:00,17.7,17.7,,-0.863666666666667
777,20240324,9488,10,20,6,9488,9488,1231,20,33,2024-03-24T04:50:17.139000+00:00,18.1,18.1,,-1.1151666666666646
778,20240324,9488,10,16,5,9488,9488,1231,16,34,2024-03-24T04:50:53.181000+00:00,17.3,17.3,,-0.6380000000000005
779,20240324,9488,10,11,12,9488,9488,1231,11,35,2024-03-24T04:52:36.668000+00:00,17.2,17.2,,-1.424833333333332
780,20240324,9488,10,27,6,9488,9488,1231,27,35,2024-03-24T04:52:59.402000+00:00,18.1,18.1,,-1.154166666666664
781,20240324,9488,10,24,7,9488,9488,1231,24,35,2024-03-24T04:53:28.344000+00:00,36.8,36.8,,-0.6473333333333287
782,20240324,9488,10,22,10,9488,9488,1231,22,36,2024-03-24T04:54:17.272000+00:00,17.5,17.5,,-1.193833333333328
783,20240324,9488,10,77,7,9488,9488,1231,77,36,2024-03-24T04:54:49.601000+00:00,18.9,18.9,,-2.549500000000002
784,20240324,9488,10,18,4,9488,9488,1231,18,37,2024-03-24T04:55:38.194000+00:00,17.9,17.9,,-1.1686666666666667
785,20240324,9488,10,81,8,9488,9488,1231,81,39,2024-03-24T04:57:51.886000+00:00,18.5,18.5,,-1.7946666666666644
786,20240324,9488,10,4,8,9488,9488,1231,4,40,2024-03-24T04:59:05.080000+00:00,17.6,17.6,,-0.8551666666666643
787,20240324,9488,10,55,5,9488,9488,1231,55,41,2024-03-24T05:00:15.825000+00:00,17.7,17.7,,-0.7211666666666687
788,20240324,9488,10,14,4,9488,9488,1231,14,41,2024-03-24T05:00:56.344000+00:00,17.9,17.9,,-1.1249999999999976
789,20240324,9488,10,10,3,9488,9488,1231,10,41,2024-03-24T05:01:39.520000+00:00,17.6,17.6,,-1.4486666666666654
790,20240324,9488,10,31,3,9488,9488,1231,31,42,2024-03-24T05:03:10.391000+00:00,18.0,18.0,,-1.4768333333333412
791,20240324,9488,10,63,9,9488,9488,1231,63,45,2024-03-24T05:06:26.148000+00:00,17.9,17.9,,-1.6225000000000023
792,20240407,9496,46,1,12,9496,9496,1232,1,1,2024-04-07T05:32:07.088000+00:00,1575.6,1575.6,,
793,20240407,9496,46,11,12,9496,9496,1232,11,1,2024-04-07T05:32:11.228000+00:00,1577.6,1577.6,,
794,20240407,9496,46,4,8,9496,9496,1232,4,1,2024-04-07T05:32:15.605000+00:00,1580.1,1580.1,,
795,20240407,9496,46,55,5,9496,9496,1232,55,1,2024-04-07T05:32:17.863000+00:00,1580.0,1580.0,,
796,20240407,9496,46,14,4,9496,9496,1232,14,1,2024-04-07T05:32:21.901000+00:00,1580.9,1580.9,,
797,20240407,9496,46,81,8,9496,9496,1232,81,1,2024-04-07T05:32:24.731000+00:00,1580.2,1580.2,,
798,20240407,9496,46,44,9,9496,9496,1232,44,1,2024-04-07T05:32:33.770000+00:00,1580.6,1580.6,,
799,20240407,9496,46,16,5,9496,9496,1232,16,1,2024-04-07T05:32:37.738000+00:00,1583.3,1583.3,,
800,20240407,9496,46,63,9,9496,9496,1232,63,1,2024-04-07T05:32:40.039000+00:00,1581.2,1581.2,,
801,20240407,9496,46,27,6,9496,9496,1232,27,1,2024-04-07T05:32:42.543000+00:00,1580.8,1580.8,,
802,20240407,9496,46,77,7,9496,9496,1232,77,1,2024-04-07T05:32:45.909000+00:00,1582.5,1582.5,,
803,20240407,9496,46,22,10,9496,9496,1232,22,1,2024-04-07T05:32:50.762000+00:00,1584.5,1584.5,,
804,20240407,9496,46,31,3,9496,9496,1232,31,1,2024-04-07T05:32:55.037000+00:00,1586.0,1586.0,,
805,20240407,9496,46,10,3,9496,9496,1232,10,1,2024-04-07T05:32:58.104000+00:00,1586.7,1586.7,,
806,20240407,9496,46,18,4,9496,9496,1232,18,1,2024-04-07T05:33:02.066000+00:00,1585.9,1585.9,,
807,20240407,9496,46,20,6,9496,9496,1232,20,1,2024-04-07T05:33:05.236000+00:00,1584.6,1584.6,,
808,20240407,9496,46,2,13,9496,9496,1232,2,1,2024-04-07T05:33:08.853000+00:00,1585.2,1585.2,,
809,20240407,9496,46,24,7,9496,9496,1232,24,1,2024-04-07T05:33:13.702000+00:00,1582.9,1582.9,,
810,20240407,9496,46,27,6,9496,9496,1232,27,5,2024-04-07T05:41:11.036000+00:00,23.6,23.6,,-29.508999999999993
811,20240407,9496,46,77,7,9496,9496,1232,77,6,2024-04-07T05:42:47.149000+00:00,24.8,24.8,,-18.521333333333335
812,20240407,9496,46,22,10,9496,9496,1232,22,7,2024-04-07T05:44:23.658000+00:00,23.3,23.3,,-1.8346666666666682
813,20240407,9496,46,24,7,9496,9496,1232,24,7,2024-04-07T05:44:31.628000+00:00,23.9,23.9,,-2.6086666666666645
814,20240407,9496,46,4,8,9496,9496,1232,4,11,2024-04-07T05:50:44.884000+00:00,23.0,23.0,,-1.7126666666666661
815,20240407,9496,46,24,7,9496,9496,1232,24,11,2024-04-07T05:51:28.738000+00:00,26.6,26.6,,
816,20240407,9496,46,81,8,9496,9496,1232,81,12,2024-04-07T05:52:30.861000+00:00,23.4,23.4,,-1.3926666666666705
817,20240407,9496,46,18,4,9496,9496,1232,18,12,2024-04-07T05:52:41.007000+00:00,23.3,23.3,,-0.9819999999999993
818,20240407,9496,46,14,4,9496,9496,1232,14,13,2024-04-07T05:54:07.567000+00:00,22.9,22.9,,-1.585666666666666
819,20240407,9496,46,11,12,9496,9496,1232,11,15,2024-04-07T05:57:14.863000+00:00,22.9,22.9,,-0.6260000000000048
820,20240407,9496,46,55,5,9496,9496,1232,55,15,2024-04-07T05:57:18.818000+00:00,23.1,23.1,,-1.6445000000000054
821,20240407,9496,46,1,12,9496,9496,1232,1,16,2024-04-07T05:58:47.121000+00:00,23.1,23.1,,-1.2933333333333341
822,20240407,9496,46,10,3,9496,9496,1232,10,16,2024-04-07T05:59:43.262000+00:00,23.8,23.8,,-3.389499999999996
823,20240407,9496,46,31,3,9496,9496,1232,31,19,2024-04-07T06:04:35.659000+00:00,23.3,23.3,,-3.0404999999999966
824,20240407,9496,46,63,9,9496,9496,1232,63,22,2024-04-07T06:09:03.514000+00:00,23.5,23.5,,-3.37133333333333
825,20240407,9496,46,22,10,9496,9496,1232,22,22,2024-04-07T06:09:29.413000+00:00,23.4,23.4,,-2.585000000000001
826,20240407,9496,46,20,6,9496,9496,1232,20,22,2024-04-07T06:09:30.179000+00:00,26.1,26.1,,-2.6048333333333344
827,20240407,9496,46,18,4,9496,9496,1232,18,22,2024-04-07T06:09:30.269000+00:00,23.2,23.2,,-2.6410000000000053
828,20240407,9496,46,77,7,9496,9496,1232,77,22,2024-04-07T06:09:30.585000+00:00,25.9,25.9,,-2.0336666666666616
829,20240407,9496,46,2,13,9496,9496,1232,2,22,2024-04-07T06:09:30.908000+00:00,25.5,25.5,,-1.1103333333333343
830,20240407,9496,46,44,9,9496,9496,1232,44,23,2024-04-07T06:10:45.740000+00:00,23.3,23.3,,-3.588499999999994
831,20240407,9496,46,16,5,9496,9496,1232,16,26,2024-04-07T06:15:25.709000+00:00,23.2,23.2,,-1.6911666666666652
832,20240407,9496,46,4,8,9496,9496,1232,4,26,2024-04-07T06:15:26.492000+00:00,23.2,23.2,,-1.8414999999999988
833,20240407,9496,46,81,8,9496,9496,1232,81,32,2024-04-07T06:25:23.438000+00:00,22.8,22.8,,-2.825499999999998
834,20240407,9496,46,10,3,9496,9496,1232,10,32,2024-04-07T06:26:27.249000+00:00,23.1,23.1,,-0.9684999999999988
835,20240407,9496,46,11,12,9496,9496,1232,11,33,2024-04-07T06:26:41.709000+00:00,22.9,22.9,,-2.8949999999999982
836,20240407,9496,46,14,4,9496,9496,1232,14,33,2024-04-07T06:26:57.226000+00:00,23.1,23.1,,-2.0143333333333353
837,20240407,9496,46,27,6,9496,9496,1232,27,33,2024-04-07T06:27:47.111000+00:00,23.9,23.9,,-3.734500000000004
838,20240407,9496,46,31,3,9496,9496,1232,31,33,2024-04-07T06:27:58.668000+00:00,24.1,24.1,,-1.454499999999996
839,20240407,9496,46,1,12,9496,9496,1232,1,34,2024-04-07T06:28:07.304000+00:00,23.2,23.2,,-2.115166666666667
840,20240407,9496,46,18,4,9496,9496,1232,18,34,2024-04-07T06:29:22.122000+00:00,22.9,22.9,,-2.384833333333328
841,20240407,9496,46,2,13,9496,9496,1232,2,34,2024-04-07T06:29:29.509000+00:00,24.2,24.2,,-2.007333333333335
842,20240407,9496,46,55,5,9496,9496,1232,55,36,2024-04-07T06:31:38.439000+00:00,23.5,23.5,,-2.8203333333333305
843,20240407,9496,46,63,9,9496,9496,1232,63,37,2024-04-07T06:33:31.539000+00:00,22.9,22.9,,-2.076833333333331
844,20240407,9496,46,44,9,9496,9496,1232,44,39,2024-04-07T06:36:50.085000+00:00,23.9,23.9,,-2.6620000000000013
845,20240407,9496,46,2,13,9496,9496,1232,2,41,2024-04-07T06:41:48.805000+00:00,23.2,23.2,,-1.2334999999999947
846,20240421,9673,49,27,6,9673,9673,1233,27,8,2024-04-21T07:17:54.233000+00:00,23.0,23.0,,-2.1675000000000013
847,20240421,9673,49,22,10,9673,9673,1233,22,8,2024-04-21T07:17:58.818000+00:00,23.1,23.1,,-1.8769999999999905
848,20240421,9673,49,24,7,9673,9673,1233,24,8,2024-04-21T07:18:03.165000+00:00,23.3,23.3,,-2.3019999999999996
849,20240421,9673,49,18,4,9673,9673,1233,18,9,2024-04-21T07:19:34.534000+00:00,23.8,23.8,,-1.556999999999995
850,20240421,9673,49,77,7,9673,9673,1233,77,9,2024-04-21T07:19:35.920000+00:00,22.9,22.9,,-1.5516666666666694
851,20240421,9673,49,31,3,9673,9673,1233,31,9,2024-04-21T07:19:38.517000+00:00,23.1,23.1,,-1.9695000000000036
852,20240421,9673,49,23,13,9673,9673,1233,23,9,2024-04-21T07:19:39.721000+00:00,23.2,23.2,,-1.0243333333333358
853,20240421,9673,49,44,9,9673,9673,1233,44,9,2024-04-21T07:19:42.310000+00:00,22.5,22.5,,-2.107499999999999
854,20240421,9673,49,14,4,9673,9673,1233,14,11,2024-04-21T07:22:51.787000+00:00,23.0,23.0,,-1.4536666666666656
855,20240421,9673,49,63,9,9673,9673,1233,63,11,2024-04-21T07:22:55.186000+00:00,22.4,22.4,,-2.1725000000000017
856,20240421,9673,49,10,3,9673,9673,1233,10,11,2024-04-21T07:23:24.239000+00:00,39.7,39.7,,-2.1836666666666673
857,20240421,9673,49,2,13,9673,9673,1233,2,12,2024-04-21T07:24:57.873000+00:00,23.2,23.2,,-2.127833333333335
858,20240421,9673,49,1,12,9673,9673,1233,1,13,2024-04-21T07:25:56.763000+00:00,22.4,22.4,,-1.5930000000000035
859,20240421,9673,49,11,12,9673,9673,1233,11,13,2024-04-21T07:26:05.986000+00:00,22.0,22.0,,-1.6606666666666712
860,20240421,9673,49,3,10,9673,9673,1233,3,14,2024-04-21T07:28:16.873000+00:00,22.5,22.5,,-2.170499999999999
861,20240421,9673,49,81,8,9673,9673,1233,81,16,2024-04-21T07:31:26.972000+00:00,22.6,22.6,,-2.6994999999999907
862,20240421,9673,49,55,5,9673,9673,1233,55,17,2024-04-21T07:33:12.635000+00:00,22.6,22.6,,-2.6448333333333354
863,20240421,9673,49,20,6,9673,9673,1233,20,17,2024-04-21T07:33:37.510000+00:00,22.9,22.9,,-2.815333333333335
864,20240421,9673,49,16,5,9673,9673,1233,16,21,2024-04-21T07:39:57.405000+00:00,22.3,22.3,,32.83083333333334
865,20240421,9673,49,18,4,9673,9673,1233,18,21,2024-04-21T07:40:30.736000+00:00,22.9,22.9,,30.448666666666657
866,20240421,9673,49,44,9,9673,9673,1233,44,21,2024-04-21T07:40:46.670000+00:00,22.6,22.6,,30.482166666666668
867,20240421,9673,49,4,8,9673,9673,1233,4,22,2024-04-21T07:41:59.952000+00:00,22.1,22.1,,43.042999999999985
868,20240421,9673,49,1,12,9673,9673,1233,1,23,2024-04-21T07:44:07.683000+00:00,22.2,22.2,,39.57366666666668
869,20240421,9673,49,11,12,9673,9673,1233,11,23,2024-04-21T07:44:26.611000+00:00,22.3,22.3,,36.02549999999999
870,20240421,9673,49,14,4,9673,9673,1233,14,23,2024-04-21T07:44:44.517000+00:00,22.6,22.6,,27.985666666666667
871,20240421,9673,49,63,9,9673,9673,1233,63,23,2024-04-21T07:44:48.706000+00:00,22.7,22.7,,25.772833333333345
872,20240421,9673,49,27,6,9673,9673,1233,27,23,2024-04-21T07:45:05.889000+00:00,23.3,23.3,,16.127333333333333
873,20240421,9673,49,31,3,9673,9673,1233,31,23,2024-04-21T07:45:12.139000+00:00,23.2,23.2,,13.636666666666667
874,20240421,9673,49,22,10,9673,9673,1233,22,23,2024-04-21T07:45:17.677000+00:00,22.3,22.3,,10.058666666666669
875,20240421,9673,49,23,13,9673,9673,1233,23,23,2024-04-21T07:45:21.571000+00:00,23.6,23.6,,8.381000000000007
876,20240421,9673,49,24,7,9673,9673,1233,24,23,2024-04-21T07:45:28.719000+00:00,25.6,25.6,,4.548000000000005
877,20240421,9673,49,10,3,9673,9673,1233,10,23,2024-04-21T07:45:36.934000+00:00,23.9,23.9,,1.0998333333333328
878,20240421,9673,49,81,8,9673,9673,1233,81,24,2024-04-21T07:47:04.642000+00:00,22.2,22.2,,5.842666666666663
879,20240421,9673,49,2,13,9673,9673,1233,2,24,2024-04-21T07:47:38.247000+00:00,22.6,22.6,,-0.5834999999999972
880,20240421,9673,49,18,4,9673,9673,1233,18,26,2024-04-21T07:53:19.912000+00:00,93.2,93.2,,-9.555000000000007
881,20240421,9673,49,20,6,9673,9673,1233,20,27,2024-04-21T07:54:48.761000+00:00,25.7,25.7,,-1.4075000000000024
882,20240421,9673,49,18,4,9673,9673,1233,18,35,2024-04-21T08:10:45.289000+00:00,34.7,34.7,,-2.7718333333333285
883,20240421,9673,49,10,3,9673,9673,1233,10,38,2024-04-21T08:15:35.007000+00:00,22.8,22.8,,-1.6753333333333416
884,20240421,9673,49,24,7,9673,9673,1233,24,40,2024-04-21T08:18:59.803000+00:00,23.2,23.2,,-2.6228333333333396
885,20240421,9673,49,14,4,9673,9673,1233,14,43,2024-04-21T08:23:42.506000+00:00,23.1,23.1,,-2.084166666666666
886,20240505,9507,151,23,13,9507,9507,1234,23,10,2024-05-05T20:19:39.371000+00:00,22.8,22.8,,0.21950000000000125
887,20240505,9507,151,18,4,9507,9507,1234,18,11,2024-05-05T20:21:11.694000+00:00,23.0,23.0,,-0.4796666666666643
888,20240505,9507,151,2,13,9507,9507,1234,2,11,2024-05-05T20:21:15.599000+00:00,22.6,22.6,,-0.7446666666666697
889,20240505,9507,151,77,7,9507,9507,1234,77,11,2024-05-05T20:21:19.373000+00:00,23.7,23.7,,-0.9938333333333371
890,20240505,9507,151,27,6,9507,9507,1234,27,12,2024-05-05T20:22:45.279000+00:00,23.0,23.0,,-1.6953333333333376
891,20240505,9507,151,10,3,9507,9507,1234,10,12,2024-05-05T20:22:45.973000+00:00,22.4,22.4,,-1.2911666666666641
892,20240505,9507,151,11,12,9507,9507,1234,11,17,2024-05-05T20:30:19.386000+00:00,21.6,21.6,,-0.33366666666666356
893,20240505,9507,151,16,5,9507,9507,1234,16,19,2024-05-05T20:33:18.881000+00:00,21.8,21.8,,-0.5973333333333267
894,20240505,9507,151,31,3,9507,9507,1234,31,22,2024-05-05T20:38:31.386000+00:00,22.6,22.6,,-1.2445000000000022
895,20240505,9507,151,14,4,9507,9507,1234,14,22,2024-05-05T20:38:34.448000+00:00,22.3,22.3,,-0.6315000000000026
896,20240505,9507,151,20,6,9507,9507,1234,20,22,2024-05-05T20:38:42.299000+00:00,23.2,23.2,,-0.9574999999999984
897,20240505,9507,151,1,12,9507,9507,1234,1,23,2024-05-05T20:39:40.124000+00:00,22.1,22.1,,-0.4333333333333371
898,20240505,9507,151,63,9,9507,9507,1234,63,24,2024-05-05T20:41:42.351000+00:00,22.8,22.8,,-6.070499999999996
899,20240505,9507,151,44,9,9507,9507,1234,44,26,2024-05-05T20:44:45.874000+00:00,22.1,22.1,,19.862499999999994
900,20240505,9507,151,81,8,9507,9507,1234,81,27,2024-05-05T20:45:54.132000+00:00,22.2,22.2,,41.83766666666667
901,20240505,9507,151,55,5,9507,9507,1234,55,27,2024-05-05T20:45:57.233000+00:00,22.8,22.8,,41.109500000000004
902,20240505,9507,151,11,12,9507,9507,1234,11,28,2024-05-05T20:48:03.247000+00:00,22.3,22.3,,19.16533333333333
903,20240505,9507,151,22,10,9507,9507,1234,22,28,2024-05-05T20:48:06.859000+00:00,22.1,22.1,,18.90916666666667
904,20240505,9507,151,24,7,9507,9507,1234,24,28,2024-05-05T20:48:24.627000+00:00,23.0,23.0,,19.419333333333327
905,20240505,9507,151,3,10,9507,9507,1234,3,28,2024-05-05T20:48:28.816000+00:00,22.5,22.5,,19.035333333333337
906,20240505,9507,151,27,6,9507,9507,1234,27,28,2024-05-05T20:48:36.053000+00:00,22.4,22.4,,15.277166666666664
907,20240505,9507,151,18,4,9507,9507,1234,18,28,2024-05-05T20:48:38.702000+00:00,22.6,22.6,,15.70983333333333
908,20240505,9507,151,20,6,9507,9507,1234,20,28,2024-05-05T20:49:18.254000+00:00,29.7,29.7,,9.625333333333339
909,20240505,9507,151,4,8,9507,9507,1234,4,29,2024-05-05T20:49:38.496000+00:00,22.0,22.0,,44.95749999999999
910,20240505,9507,151,77,7,9507,9507,1234,77,29,2024-05-05T20:50:57.695000+00:00,22.7,22.7,,10.5745
911,20240505,9507,151,20,6,9507,9507,1234,20,31,2024-05-05T20:55:08.149000+00:00,30.7,30.7,,-11.267000000000003
912,20240505,9507,151,81,8,9507,9507,1234,81,40,2024-05-05T21:09:05.656000+00:00,30.4,30.4,,-1.4698333333333338
913,20240505,9507,151,23,13,9507,9507,1234,23,53,2024-05-05T21:29:26.144000+00:00,22.5,22.5,,-2.5223333333333264
914,20240519,9515,6,14,4,9515,9515,1235,14,7,2024-05-19T13:13:40.698000+00:00,31.3,31.3,,-1.2396666666666647
915,20240519,9515,6,23,13,9515,9515,1235,23,8,2024-05-19T13:14:55.977000+00:00,30.0,30.0,,-0.7233333333333292
916,20240519,9515,6,10,3,9515,9515,1235,10,8,2024-05-19T13:14:56.934000+00:00,30.0,30.0,,-1.0038333333333374
917,20240519,9515,6,77,7,9515,9515,1235,77,8,2024-05-19T13:14:59.233000+00:00,30.2,30.2,,-1.1003333333333363
918,20240519,9515,6,23,13,9515,9515,1235,23,9,2024-05-19T13:17:41.933000+00:00,33.1,33.1,,-0.8454999999999941
919,20240519,9515,6,3,10,9515,9515,1235,3,11,2024-05-19T13:19:00.497000+00:00,30.0,30.0,,-0.5288333333333289
920,20240519,9515,6,22,10,9515,9515,1235,22,12,2024-05-19T13:20:19.893000+00:00,29.6,29.6,,-1.0434999999999992
921,20240519,9515,6,27,6,9515,9515,1235,27,13,2024-05-19T13:21:41.812000+00:00,29.7,29.7,,-0.7046666666666633
922,20240519,9515,6,63,9,9515,9515,1235,63,21,2024-05-19T13:32:27.700000+00:00,29.6,29.6,,-1.3290000000000055
923,20240519,9515,6,4,8,9515,9515,1235,4,22,2024-05-19T13:33:39.268000+00:00,29.9,29.9,,-1.1211666666666649
924,20240519,9515,6,81,8,9515,9515,1235,81,23,2024-05-19T13:35:08.129000+00:00,29.7,29.7,,-1.736000000000002
925,20240519,9515,6,1,12,9515,9515,1235,1,24,2024-05-19T13:36:17.100000+00:00,30.4,30.4,,-1.0738333333333379
926,20240519,9515,6,23,13,9515,9515,1235,23,23,2024-05-19T13:37:31.686000+00:00,38.4,38.4,,1.8140000000000047
927,20240519,9515,6,16,5,9515,9515,1235,16,25,2024-05-19T13:37:46.511000+00:00,30.1,30.1,,-1.4221666666666644
928,20240519,9515,6,31,3,9515,9515,1235,31,25,2024-05-19T13:38:27.998000+00:00,30.6,30.6,,-1.3973333333333335
929,20240519,9515,6,55,5,9515,9515,1235,55,27,2024-05-19T13:40:34.603000+00:00,30.5,30.5,,-0.48716666666666936
930,20240519,9515,6,44,9,9515,9515,1235,44,27,2024-05-19T13:40:44.324000+00:00,29.5,29.5,,-2.8048333333333346
931,20240519,9515,6,23,13,9515,9515,1235,23,28,2024-05-19T13:44:56.973000+00:00,31.1,31.1,,-1.6734999999999995
932,20240519,9515,6,10,3,9515,9515,1235,10,30,2024-05-19T13:45:37.321000+00:00,30.6,30.6,,-1.6070000000000042
933,20240519,9515,6,2,13,9515,9515,1235,2,31,2024-05-19T13:47:00.196000+00:00,31.0,31.0,,-2.0318333333333363
934,20240519,9515,6,24,7,9515,9515,1235,24,33,2024-05-19T13:49:40.143000+00:00,30.2,30.2,,-1.219333333333336
935,20240519,9515,6,11,12,9515,9515,1235,11,37,2024-05-19T13:54:46.675000+00:00,29.6,29.6,,-2.1411666666666775
936,20240519,9515,6,18,4,9515,9515,1235,18,37,2024-05-19T13:54:52.888000+00:00,29.9,29.9,,-1.3488333333333387
937,20240519,9515,6,20,6,9515,9515,1235,20,37,2024-05-19T13:55:08.067000+00:00,31.3,31.3,,-1.1679999999999968
938,20240519,9515,6,14,4,9515,9515,1235,14,40,2024-05-19T13:59:34.672000+00:00,30.4,30.4,,-2.775333333333336
939,20240519,9515,6,63,9,9515,9515,1235,63,52,2024-05-19T14:14:52.415000+00:00,29.6,29.6,,-2.0811666666666633
940,20240519,9515,6,14,4,9515,9515,1235,14,59,2024-05-19T14:25:53.783000+00:00,29.9,29.9,,-1.5375000000000036
941,20240526,9523,22,16,5,9523,9523,1236,16,1,2024-05-26T13:44:08.648000+00:00,2358.0,2358.0,,
942,20240526,9523,22,81,8,9523,9523,1236,81,1,2024-05-26T13:44:10.929000+00:00,2357.6,2357.6,,
943,20240526,9523,22,55,5,9523,9523,1236,55,1,2024-05-26T13:44:15.005000+00:00,2327.0,2327.0,,
944,20240526,9523,22,4,8,9523,9523,1236,4,1,2024-05-26T13:44:20.326000+00:00,2365.5,2365.5,,
945,20240526,9523,22,63,9,9523,9523,1236,63,1,2024-05-26T13:44:26.200000+00:00,2369.3,2369.3,,
946,20240526,9523,22,1,12,9523,9523,1236,1,1,2024-05-26T13:44:31.202000+00:00,2372.6,2372.6,,
947,20240526,9523,22,44,9,9523,9523,1236,44,1,2024-05-26T13:44:36.048000+00:00,2375.3,2375.3,,
948,20240526,9523,22,22,10,9523,9523,1236,22,1,2024-05-26T13:44:40.843000+00:00,2377.5,2377.5,,
949,20240526,9523,22,23,13,9523,9523,1236,23,1,2024-05-26T13:44:47.191000+00:00,2381.3,2381.3,,
950,20240526,9523,22,10,3,9523,9523,1236,10,1,2024-05-26T13:44:50.012000+00:00,2381.8,2381.8,,
951,20240526,9523,22,18,4,9523,9523,1236,18,1,2024-05-26T13:44:55.032000+00:00,2383.5,2383.5,,
952,20240526,9523,22,3,10,9523,9523,1236,3,1,2024-05-26T13:45:00.056000+00:00,2385.8,2385.8,,
953,20240526,9523,22,14,4,9523,9523,1236,14,1,2024-05-26T13:45:05.469000+00:00,2389.4,2389.4,,
954,20240526,9523,22,2,13,9523,9523,1236,2,1,2024-05-26T13:45:09.110000+00:00,2391.6,2391.6,,
955,20240526,9523,22,77,7,9523,9523,1236,77,1,2024-05-26T13:45:13.910000+00:00,2394.0,2394.0,,
956,20240526,9523,22,24,7,9523,9523,1236,24,1,2024-05-26T13:45:18.455000+00:00,2386.4,2386.4,,
957,20240526,9523,22,77,7,9523,9523,1236,77,15,2024-05-26T14:05:22.140000+00:00,24.2,24.2,,-4.799000000000004
958,20240526,9523,22,18,4,9523,9523,1236,18,42,2024-05-26T14:41:30.599000+00:00,24.1,24.1,,-1.4938333333333371
959,20240526,9523,22,18,4,9523,9523,1236,18,48,2024-05-26T14:49:56.313000+00:00,28.2,28.2,,-1.0030000000000026
960,20240526,9523,22,44,9,9523,9523,1236,44,51,2024-05-26T14:52:35.455000+00:00,24.2,24.2,,-1.4736666666666642
961,20240526,9523,22,1,12,9523,9523,1236,1,52,2024-05-26T14:53:50.854000+00:00,23.8,23.8,,-2.893166666666668
962,20240526,9523,22,2,13,9523,9523,1236,2,57,2024-05-26T15:02:08.732000+00:00,24.3,24.3,,-5.781333333333339
963,20240526,9523,22,24,7,9523,9523,1236,24,70,2024-05-26T15:19:29.604000+00:00,24.3,24.3,,-4.110333333333332
964,20240609,9531,23,20,6,9531,9531,1237,20,7,2024-06-09T18:14:57.067000+00:00,30.4,30.4,,-1.9863333333333317
965,20240609,9531,23,27,6,9531,9531,1237,27,12,2024-06-09T18:22:58.338000+00:00,24.2,24.2,,-5.458666666666663
966,20240609,9531,23,24,7,9531,9531,1237,24,24,2024-06-09T18:41:08.894000+00:00,25.5,25.5,,12.575500000000003
967,20240609,9531,23,1,12,9531,9531,1237,1,25,2024-06-09T18:41:16.833000+00:00,24.3,24.3,,42.47366666666667
968,20240609,9531,23,63,9,9531,9531,1237,63,25,2024-06-09T18:41:17.188000+00:00,24.0,24.0,,41.94683333333332
969,20240609,9531,23,81,8,9531,9531,1237,81,25,2024-06-09T18:41:18.206000+00:00,23.9,23.9,,43.52100000000001
970,20240609,9531,23,44,9,9531,9531,1237,44,25,2024-06-09T18:41:37.963000+00:00,23.7,23.7,,32.32583333333333
971,20240609,9531,23,14,4,9531,9531,1237,14,25,2024-06-09T18:41:39.235000+00:00,25.7,25.7,,29.857833333333335
972,20240609,9531,23,18,4,9531,9531,1237,18,25,2024-06-09T18:42:12.056000+00:00,24.2,24.2,,18.64733333333334
973,20240609,9531,23,23,13,9531,9531,1237,23,25,2024-06-09T18:42:19.997000+00:00,24.7,24.7,,17.635833333333334
974,20240609,9531,23,16,5,9531,9531,1237,16,25,2024-06-09T18:42:23.162000+00:00,24.0,24.0,,18.11866666666666
975,20240609,9531,23,55,5,9531,9531,1237,55,25,2024-06-09T18:42:30.087000+00:00,27.6,27.6,,16.554333333333336
976,20240609,9531,23,20,6,9531,9531,1237,20,25,2024-06-09T18:42:30.955000+00:00,26.7,26.7,,15.115333333333334
977,20240609,9531,23,10,3,9531,9531,1237,10,25,2024-06-09T18:42:31.911000+00:00,24.9,24.9,,16.616666666666664
978,20240609,9531,23,11,12,9531,9531,1237,11,25,2024-06-09T18:42:43.648000+00:00,33.7,33.7,,11.681666666666663
979,20240609,9531,23,27,6,9531,9531,1237,27,25,2024-06-09T18:42:46.791000+00:00,24.6,24.6,,9.859166666666667
980,20240609,9531,23,4,8,9531,9531,1237,4,26,2024-06-09T18:43:08.307000+00:00,23.4,23.4,,43.00333333333334
981,20240609,9531,23,3,10,9531,9531,1237,3,26,2024-06-09T18:44:07.949000+00:00,30.2,30.2,,21.80783333333334
982,20240609,9531,23,16,5,9531,9531,1237,16,28,2024-06-09T18:48:19.047000+00:00,47.1,47.1,,-0.5849999999999937
983,20240609,9531,23,16,5,9531,9531,1237,16,31,2024-06-09T18:53:57.163000+00:00,24.6,24.6,,-16.5445
984,20240609,9531,23,10,3,9531,9531,1237,10,40,2024-06-09T19:06:20.775000+00:00,24.4,24.4,,-1.7219999999999966
985,20240609,9531,23,20,6,9531,9531,1237,20,41,2024-06-09T19:07:49.606000+00:00,24.8,24.8,,-0.3764999999999977
986,20240609,9531,23,77,7,9531,9531,1237,77,42,2024-06-09T19:09:10.865000+00:00,24.9,24.9,,0.019666666666663613
987,20240609,9531,23,44,9,9531,9531,1237,44,43,2024-06-09T19:10:11.665000+00:00,24.2,24.2,,1.288333333333341
988,20240609,9531,23,3,10,9531,9531,1237,3,43,2024-06-09T19:10:34.901000+00:00,23.8,23.8,,-1.925500000000002
989,20240609,9531,23,55,5,9531,9531,1237,55,43,2024-06-09T19:10:37.059000+00:00,24.1,24.1,,-2.136333333333335
990,20240609,9531,23,11,12,9531,9531,1237,11,43,2024-06-09T19:10:37.798000+00:00,24.4,24.4,,-0.5358333333333363
991,20240609,9531,23,81,8,9531,9531,1237,81,44,2024-06-09T19:11:34.047000+00:00,23.4,23.4,,-1.622666666666672
992,20240609,9531,23,14,4,9531,9531,1237,14,44,2024-06-09T19:11:48.531000+00:00,24.3,24.3,,0.6625000000000014
993,20240609,9531,23,22,10,9531,9531,1237,22,44,2024-06-09T19:11:52.689000+00:00,25.5,25.5,,-0.02133333333333809
994,20240609,9531,23,18,4,9531,9531,1237,18,44,2024-06-09T19:11:55.703000+00:00,25.0,25.0,,-1.3336666666666634
995,20240609,9531,23,31,3,9531,9531,1237,31,44,2024-06-09T19:11:57.263000+00:00,24.4,24.4,,-1.2598333333333378
996,20240609,9531,23,23,13,9531,9531,1237,23,44,2024-06-09T19:11:59.794000+00:00,24.8,24.8,,-2.0100000000000002
997,20240609,9531,23,27,6,9531,9531,1237,27,44,2024-06-09T19:12:08.566000+00:00,24.7,24.7,,-3.3371666666666657
998,20240609,9531,23,1,12,9531,9531,1237,1,45,2024-06-09T19:12:53.824000+00:00,24.2,24.2,,-2.5631666666666653
999,20240609,9531,23,63,9,9531,9531,1237,63,45,2024-06-09T19:12:57.884000+00:00,25.4,25.4,,-2.5673333333333326
1000,20240609,9531,23,24,7,9531,9531,1237,24,44,2024-06-09T19:12:59.918000+00:00,65.5,65.5,,7.467833333333327
1001,20240609,9531,23,4,8,9531,9531,1237,4,47,2024-06-09T19:15:43.631000+00:00,23.9,23.9,,-4.2745000000000015
1002,20240609,9531,23,24,7,9531,9531,1237,24,52,2024-06-09T19:25:31.543000+00:00,28.3,28.3,,27.444166666666664
1003,20240609,9531,23,63,9,9531,9531,1237,63,54,2024-06-09T19:25:48.175000+00:00,28.1,28.1,,39.808166666666665
1004,20240609,9531,23,44,9,9531,9531,1237,44,54,2024-06-09T19:25:54.234000+00:00,28.8,28.8,,39.18266666666666
1005,20240609,9531,23,20,6,9531,9531,1237,20,54,2024-06-09T19:26:52.500000+00:00,26.8,26.8,,12.818
1006,20240623,9539,15,24,7,9539,9539,1238,24,9,2024-06-23T13:16:10.214000+00:00,22.5,22.5,,-2.484333333333332
1007,20240623,9539,15,22,10,9539,9539,1238,22,9,2024-06-23T13:16:11.335000+00:00,22.0,22.0,,-1.480166666666669
1008,20240623,9539,15,20,6,9539,9539,1238,20,10,2024-06-23T13:17:32.083000+00:00,23.3,23.3,,-1.0783333333333331
1009,20240623,9539,15,77,7,9539,9539,1238,77,11,2024-06-23T13:18:51.710000+00:00,22.7,22.7,,-2.557166666666665
1010,20240623,9539,15,27,6,9539,9539,1238,27,12,2024-06-23T13:20:08.058000+00:00,22.7,22.7,,-1.3200000000000074
1011,20240623,9539,15,31,3,9539,9539,1238,31,13,2024-06-23T13:21:25.661000+00:00,21.8,21.8,,-1.791833333333334
1012,20240623,9539,15,11,12,9539,9539,1238,11,13,2024-06-23T13:21:28.108000+00:00,22.1,22.1,,-1.4240000000000017
1013,20240623,9539,15,10,3,9539,9539,1238,10,14,2024-06-23T13:22:46.357000+00:00,26.0,26.0,,-1.4556666666666633
1014,20240623,9539,15,2,13,9539,9539,1238,2,14,2024-06-23T13:23:07.967000+00:00,22.4,22.4,,-1.725499999999999
1015,20240623,9539,15,63,9,9539,9539,1238,63,15,2024-06-23T13:23:59.253000+00:00,25.0,25.0,,-1.5159999999999982
1016,20240623,9539,15,55,5,9539,9539,1238,55,15,2024-06-23T13:23:59.579000+00:00,22.1,22.1,,-1.2188333333333337
1017,20240623,9539,15,44,9,9539,9539,1238,44,16,2024-06-23T13:25:20.180000+00:00,21.8,21.8,,-2.0035000000000025
1018,20240623,9539,15,3,10,9539,9539,1238,3,16,2024-06-23T13:25:47.108000+00:00,22.3,22.3,,-0.9664999999999987
1019,20240623,9539,15,1,12,9539,9539,1238,1,17,2024-06-23T13:26:33.819000+00:00,21.5,21.5,,-1.257500000000005
1020,20240623,9539,15,18,4,9539,9539,1238,18,17,2024-06-23T13:27:01.983000+00:00,21.8,21.8,,-1.181333333333337
1021,20240623,9539,15,23,13,9539,9539,1238,23,18,2024-06-23T13:28:39.113000+00:00,23.2,23.2,,-3.0868333333333338
1022,20240623,9539,15,14,4,9539,9539,1238,14,19,2024-06-23T13:29:48.043000+00:00,21.9,21.9,,-2.2475000000000067
1023,20240623,9539,15,81,8,9539,9539,1238,81,21,2024-06-23T13:32:17.699000+00:00,22.2,22.2,,-1.7929999999999993
1024,20240623,9539,15,4,8,9539,9539,1238,4,23,2024-06-23T13:34:43.606000+00:00,21.6,21.6,,-1.7041666666666682
1025,20240623,9539,15,16,5,9539,9539,1238,16,24,2024-06-23T13:36:12.078000+00:00,22.2,22.2,,-2.460999999999994
1026,20240623,9539,15,22,10,9539,9539,1238,22,27,2024-06-23T13:41:07.510000+00:00,22.0,22.0,,-2.141666666666668
1027,20240623,9539,15,77,7,9539,9539,1238,77,28,2024-06-23T13:42:21.765000+00:00,22.9,22.9,,-2.8241666666666703
1028,20240623,9539,15,20,6,9539,9539,1238,20,29,2024-06-23T13:43:52.100000+00:00,28.9,28.9,,-2.0486666666666573
1029,20240623,9539,15,11,12,9539,9539,1238,11,31,2024-06-23T13:46:05.658000+00:00,21.4,21.4,,-2.5053333333333327
1030,20240623,9539,15,2,13,9539,9539,1238,2,34,2024-06-23T13:50:51.692000+00:00,22.5,22.5,,-2.364666666666667
1031,20240623,9539,15,63,9,9539,9539,1238,63,36,2024-06-23T13:52:24.915000+00:00,22.7,22.7,,-2.171499999999997
1032,20240623,9539,15,55,5,9539,9539,1238,55,36,2024-06-23T13:52:28.245000+00:00,22.2,22.2,,-1.6618333333333293
1033,20240623,9539,15,31,3,9539,9539,1238,31,37,2024-06-23T13:54:16.424000+00:00,21.9,21.9,,-1.0006666666666675
1034,20240623,9539,15,18,4,9539,9539,1238,18,37,2024-06-23T13:54:30.700000+00:00,23.3,23.3,,-1.316333333333328
1035,20240623,9539,15,10,3,9539,9539,1238,10,38,2024-06-23T13:55:28.473000+00:00,21.6,21.6,,-1.4945
1036,20240623,9539,15,27,6,9539,9539,1238,27,38,2024-06-23T13:55:41.083000+00:00,22.5,22.5,,-0.8180000000000002
1037,20240623,9539,15,24,7,9539,9539,1238,24,41,2024-06-23T13:59:56.159000+00:00,24.2,24.2,,-2.4991666666666674
1038,20240623,9539,15,3,10,9539,9539,1238,3,42,2024-06-23T14:01:24.423000+00:00,22.1,22.1,,-0.30183333333333684
1039,20240623,9539,15,44,9,9539,9539,1238,44,43,2024-06-23T14:01:43.645000+00:00,21.6,21.6,,-1.6679999999999993
1040,20240623,9539,15,1,12,9539,9539,1238,1,44,2024-06-23T14:02:52.696000+00:00,22.3,22.3,,-2.014333333333333
1041,20240623,9539,15,23,13,9539,9539,1238,23,43,2024-06-23T14:02:56.355000+00:00,21.8,21.8,,-1.535499999999999
1042,20240623,9539,15,22,10,9539,9539,1238,22,44,2024-06-23T14:04:29.136000+00:00,22.5,22.5,,-1.637499999999998
1043,20240623,9539,15,14,4,9539,9539,1238,14,45,2024-06-23T14:05:17.419000+00:00,22.5,22.5,,-1.6541666666666708
1044,20240623,9539,15,81,8,9539,9539,1238,81,46,2024-06-23T14:06:00.444000+00:00,22.4,22.4,,-1.5093333333333352
1045,20240623,9539,15,4,8,9539,9539,1238,4,47,2024-06-23T14:06:54.841000+00:00,22.6,22.6,,-1.5515000000000019
1046,20240623,9539,15,16,5,9539,9539,1238,16,47,2024-06-23T14:07:06.625000+00:00,21.6,21.6,,-1.8526666666666618
1047,20240623,9539,15,11,12,9539,9539,1238,11,49,2024-06-23T14:10:14.792000+00:00,21.4,21.4,,-1.6086666666666716
1048,20240630,9550,19,16,5,9550,9550,1239,16,1,2024-06-30T13:04:53.204000+00:00,31.9,31.9,,
1049,20240630,9550,19,2,13,9550,9550,1239,2,1,2024-06-30T13:04:55.523000+00:00,31.7,31.7,,
1050,20240630,9550,19,20,6,9550,9550,1239,20,10,2024-06-30T13:15:24.903000+00:00,21.5,21.5,,0.04599999999999699
1051,20240630,9550,19,3,10,9550,9550,1239,3,10,2024-06-30T13:15:25.998000+00:00,21.5,21.5,,-0.16000000000000134
1052,20240630,9550,19,27,6,9550,9550,1239,27,11,2024-06-30T13:16:35.747000+00:00,22.3,22.3,,-0.8046666666666719
1053,20240630,9550,19,14,4,9550,9550,1239,14,11,2024-06-30T13:16:40.741000+00:00,21.4,21.4,,-0.5179999999999959
1054,20240630,9550,19,23,13,9550,9550,1239,23,12,2024-06-30T13:17:53.027000+00:00,21.8,21.8,,-0.44249999999999545
1055,20240630,9550,19,16,5,9550,9550,1239,16,16,2024-06-30T13:23:00.965000+00:00,21.6,21.6,,-0.7683333333333355
1056,20240630,9550,19,31,3,9550,9550,1239,31,19,2024-06-30T13:26:14.563000+00:00,22.2,22.2,,-0.9026666666666756
1057,20240630,9550,19,77,7,9550,9550,1239,77,19,2024-06-30T13:26:23.447000+00:00,21.9,21.9,,-1.033833333333329
1058,20240630,9550,19,10,3,9550,9550,1239,10,20,2024-06-30T13:27:27.391000+00:00,21.4,21.4,,-1.2861666666666594
1059,20240630,9550,19,18,4,9550,9550,1239,18,20,2024-06-30T13:27:33.892000+00:00,21.3,21.3,,-1.4651666666666638
1060,20240630,9550,19,2,13,9550,9550,1239,2,20,2024-06-30T13:28:14.659000+00:00,22.5,22.5,,-1.187833333333342
1061,20240630,9550,19,44,9,9550,9550,1239,44,21,2024-06-30T13:28:25.744000+00:00,21.5,21.5,,-1.6321666666666605
1062,20240630,9550,19,11,12,9550,9550,1239,11,21,2024-06-30T13:28:31.893000+00:00,21.2,21.2,,-1.219833333333336
1063,20240630,9550,19,22,10,9550,9550,1239,22,21,2024-06-30T13:28:43.636000+00:00,21.2,21.2,,-1.3320000000000032
1064,20240630,9550,19,63,9,9550,9550,1239,63,22,2024-06-30T13:29:31.828000+00:00,21.6,21.6,,-1.902833333333336
1065,20240630,9550,19,55,5,9550,9550,1239,55,22,2024-06-30T13:29:34.062000+00:00,21.2,21.2,,-1.8360000000000056
1066,20240630,9550,19,1,12,9550,9550,1239,1,23,2024-06-30T13:30:32.553000+00:00,21.8,21.8,,-1.8296666666666657
1067,20240630,9550,19,4,8,9550,9550,1239,4,23,2024-06-30T13:30:38.218000+00:00,21.6,21.6,,-1.7450000000000023
1068,20240630,9550,19,81,8,9550,9550,1239,81,25,2024-06-30T13:33:11.119000+00:00,20.9,20.9,,-1.0228333333333333
1069,20240630,9550,19,24,7,9550,9550,1239,24,28,2024-06-30T13:37:32.855000+00:00,23.1,23.1,,-2.7976666666666645
1070,20240630,9550,19,16,5,9550,9550,1239,16,33,2024-06-30T13:43:26.505000+00:00,22.2,22.2,,-0.6314999999999932
1071,20240630,9550,19,14,4,9550,9550,1239,14,35,2024-06-30T13:45:53.752000+00:00,33.9,33.9,,-1.090833333333336
1072,20240630,9550,19,3,10,9550,9550,1239,3,37,2024-06-30T13:48:00.851000+00:00,21.0,21.0,,-1.1680000000000041
1073,20240630,9550,19,20,6,9550,9550,1239,20,38,2024-06-30T13:49:11.394000+00:00,21.8,21.8,,-1.0861666666666685
1074,20240630,9550,19,27,6,9550,9550,1239,27,39,2024-06-30T13:50:18.236000+00:00,21.8,21.8,,-0.05383333333333218
1075,20240630,9550,19,23,13,9550,9550,1239,23,39,2024-06-30T13:50:33.828000+00:00,21.6,21.6,,-1.935999999999995
1076,20240630,9550,19,10,3,9550,9550,1239,10,42,2024-06-30T13:54:02.921000+00:00,22.0,22.0,,-2.242333333333337
1077,20240630,9550,19,77,7,9550,9550,1239,77,42,2024-06-30T13:54:11.713000+00:00,21.9,21.9,,-1.0121666666666678
1078,20240630,9550,19,31,3,9550,9550,1239,31,43,2024-06-30T13:55:14.488000+00:00,21.2,21.2,,-2.584833333333331
1079,20240630,9550,19,18,4,9550,9550,1239,18,43,2024-06-30T13:55:20.077000+00:00,21.3,21.3,,-1.4169999999999991
1080,20240630,9550,19,22,10,9550,9550,1239,22,44,2024-06-30T13:56:31.100000+00:00,23.4,23.4,,-0.9786666666666644
1081,20240630,9550,19,63,9,9550,9550,1239,63,46,2024-06-30T13:58:03.267000+00:00,21.2,21.2,,-1.9643333333333381
1082,20240630,9550,19,55,5,9550,9550,1239,55,47,2024-06-30T13:59:17.091000+00:00,21.2,21.2,,-1.671666666666662
1083,20240630,9550,19,2,13,9550,9550,1239,2,49,2024-06-30T14:03:26.889000+00:00,22.0,22.0,,-1.314666666666665
1084,20240630,9550,19,1,12,9550,9550,1239,1,51,2024-06-30T14:03:40.307000+00:00,25.8,25.8,,-1.7664999999999982
1085,20240630,9550,19,4,8,9550,9550,1239,4,51,2024-06-30T14:03:43.418000+00:00,21.4,21.4,,-2.3654999999999995
1086,20240630,9550,19,81,8,9550,9550,1239,81,51,2024-06-30T14:04:02.252000+00:00,20.7,20.7,,-1.5343333333333387
1087,20240630,9550,19,11,12,9550,9550,1239,11,51,2024-06-30T14:04:31.937000+00:00,27.5,27.5,,-1.666166666666662
1088,20240630,9550,19,16,5,9550,9550,1239,16,51,2024-06-30T14:04:54.872000+00:00,20.9,20.9,,-0.7588333333333328
1089,20240630,9550,19,24,7,9550,9550,1239,24,51,2024-06-30T14:05:25.103000+00:00,21.5,21.5,,-1.5943333333333338
1090,20240630,9550,19,44,9,9550,9550,1239,44,53,2024-06-30T14:06:34.098000+00:00,27.2,27.2,,-1.1391666666666702
1091,20240630,9550,19,1,12,9550,9550,1239,1,64,2024-06-30T14:19:30.264000+00:00,22.7,22.7,,7.723999999999994
1092,20240630,9550,19,14,4,9550,9550,1239,14,68,2024-06-30T14:25:54.074000+00:00,22.4,22.4,,-9.807999999999996
1093,20240707,9558,2,24,7,9558,9558,1240,24,12,2024-07-07T14:22:36.871000+00:00,29.1,29.1,,-2.9228333333333345
1094,20240707,9558,2,16,5,9558,9558,1240,16,19,2024-07-07T14:33:20.548000+00:00,28.4,28.4,,8.881000000000006
1095,20240707,9558,2,11,12,9558,9558,1240,11,19,2024-07-07T14:33:28.571000+00:00,28.3,28.3,,8.651833333333341
1096,20240707,9558,2,31,3,9558,9558,1240,31,19,2024-07-07T14:33:50.761000+00:00,28.4,28.4,,
1097,20240707,9558,2,24,7,9558,9558,1240,24,19,2024-07-07T14:34:16.841000+00:00,29.8,29.8,,9.755666666666672
1098,20240707,9558,2,31,3,9558,9558,1240,31,21,2024-07-07T14:37:31.335000+00:00,28.2,28.2,,-1.7505000000000024
1099,20240707,9558,2,1,12,9558,9558,1240,1,26,2024-07-07T14:44:10.113000+00:00,28.3,28.3,,7.612500000000002
1100,20240707,9558,2,55,5,9558,9558,1240,55,26,2024-07-07T14:44:12.103000+00:00,29.1,29.1,,9.152666666666674
1101,20240707,9558,2,27,6,9558,9558,1240,27,26,2024-07-07T14:44:29.373000+00:00,29.4,29.4,,8.308333333333337
1102,20240707,9558,2,18,4,9558,9558,1240,18,26,2024-07-07T14:44:31.110000+00:00,29.0,29.0,,8.256833333333338
1103,20240707,9558,2,3,10,9558,9558,1240,3,26,2024-07-07T14:44:53.151000+00:00,28.8,28.8,,6.8801666666666605
1104,20240707,9558,2,77,7,9558,9558,1240,77,26,2024-07-07T14:45:13.048000+00:00,30.6,30.6,,5.869666666666674
1105,20240707,9558,2,4,8,9558,9558,1240,4,27,2024-07-07T14:45:43.021000+00:00,28.6,28.6,,4.6745
1106,20240707,9558,2,44,9,9558,9558,1240,44,27,2024-07-07T14:45:46.533000+00:00,28.9,28.9,,4.638499999999998
1107,20240707,9558,2,63,9,9558,9558,1240,63,27,2024-07-07T14:45:53.162000+00:00,32.0,32.0,,5.2549999999999955
1108,20240707,9558,2,14,4,9558,9558,1240,14,27,2024-07-07T14:46:21.489000+00:00,29.3,29.3,,5.026833333333339
1109,20240707,9558,2,22,10,9558,9558,1240,22,27,2024-07-07T14:46:23.350000+00:00,30.0,30.0,,5.744999999999997
1110,20240707,9558,2,31,3,9558,9558,1240,31,26,2024-07-07T14:46:27.115000+00:00,29.2,29.2,,1.7306666666666617
1111,20240707,9558,2,23,13,9558,9558,1240,23,27,2024-07-07T14:46:28.874000+00:00,34.7,34.7,,4.717500000000004
1112,20240707,9558,2,20,6,9558,9558,1240,20,27,2024-07-07T14:46:30.479000+00:00,30.3,30.3,,4.407166666666664
1113,20240707,9558,2,2,13,9558,9558,1240,2,27,2024-07-07T14:46:35.044000+00:00,32.8,32.8,,4.063833333333335
1114,20240707,9558,2,24,7,9558,9558,1240,24,26,2024-07-07T14:47:09.190000+00:00,29.1,29.1,,-7.13483333333334
1115,20240707,9558,2,81,8,9558,9558,1240,81,28,2024-07-07T14:47:42.392000+00:00,29.5,29.5,,-0.22016666666666396
1116,20240707,9558,2,16,5,9558,9558,1240,16,27,2024-07-07T14:47:47.730000+00:00,29.2,29.2,,-6.945499999999996
1117,20240707,9558,2,11,12,9558,9558,1240,11,28,2024-07-07T14:49:46.310000+00:00,32.3,32.3,,-7.185166666666666
1118,20240707,9558,2,20,6,9558,9558,1240,20,37,2024-07-07T15:04:12.072000+00:00,29.8,29.8,,-12.459500000000004
1119,20240707,9558,2,3,10,9558,9558,1240,3,37,2024-07-07T15:04:14.921000+00:00,29.8,29.8,,-12.12266666666666
1120,20240707,9558,2,77,7,9558,9558,1240,77,37,2024-07-07T15:04:37.729000+00:00,31.5,31.5,,-9.504166666666665
1121,20240707,9558,2,44,9,9558,9558,1240,44,38,2024-07-07T15:04:39.618000+00:00,30.0,30.0,,-11.084000000000005
1122,20240707,9558,2,1,12,9558,9558,1240,1,38,2024-07-07T15:04:44.360000+00:00,29.0,29.0,,-11.455333333333334
1123,20240707,9558,2,81,8,9558,9558,1240,81,38,2024-07-07T15:04:58.871000+00:00,29.2,29.2,,-12.077833333333336
1124,20240707,9558,2,16,5,9558,9558,1240,16,37,2024-07-07T15:05:10.357000+00:00,29.1,29.1,,-10.85716666666667
1125,20240707,9558,2,11,12,9558,9558,1240,11,37,2024-07-07T15:05:29.184000+00:00,29.3,29.3,,-10.504166666666675
1126,20240707,9558,2,14,4,9558,9558,1240,14,38,2024-07-07T15:05:33.207000+00:00,29.6,29.6,,-11.633666666666672
1127,20240707,9558,2,22,10,9558,9558,1240,22,38,2024-07-07T15:05:38.006000+00:00,29.6,29.6,,-11.303666666666667
1128,20240707,9558,2,23,13,9558,9558,1240,23,38,2024-07-07T15:05:40.930000+00:00,29.4,29.4,,-12.048
1129,20240707,9558,2,2,13,9558,9558,1240,2,38,2024-07-07T15:05:53.739000+00:00,29.4,29.4,,-12.693666666666665
1130,20240707,9558,2,4,8,9558,9558,1240,4,39,2024-07-07T15:06:15.514000+00:00,30.3,30.3,,-10.172166666666664
1131,20240707,9558,2,24,7,9558,9558,1240,24,37,2024-07-07T15:06:34.386000+00:00,33.0,33.0,,-11.534333333333334
1132,20240707,9558,2,55,5,9558,9558,1240,55,39,2024-07-07T15:06:35.846000+00:00,29.0,29.0,,-10.343166666666674
1133,20240707,9558,2,27,6,9558,9558,1240,27,39,2024-07-07T15:06:59.589000+00:00,30.2,30.2,,-9.952666666666671
1134,20240707,9558,2,18,4,9558,9558,1240,18,39,2024-07-07T15:07:03.351000+00:00,29.4,29.4,,-10.936500000000002
1135,20240707,9558,2,31,3,9558,9558,1240,31,38,2024-07-07T15:07:22.420000+00:00,29.0,29.0,,-10.172333333333338
1136,20240707,9558,2,11,12,9558,9558,1240,11,47,2024-07-07T15:21:08.369000+00:00,28.8,28.8,,3.1271666666666653
1137,20240707,9558,2,55,5,9558,9558,1240,55,50,2024-07-07T15:23:29.144000+00:00,28.7,28.7,,-1.1759999999999926
1138,20240721,9566,4,27,6,9566,9566,1241,27,2,2024-07-21T13:06:24.217000+00:00,22.2,22.2,,-12.532499999999999
1139,20240721,9566,4,23,13,9566,9566,1241,23,6,2024-07-21T13:12:05.656000+00:00,22.0,22.0,,-1.4736666666666736
1140,20240721,9566,4,20,6,9566,9566,1241,20,6,2024-07-21T13:12:06.276000+00:00,21.8,21.8,,-1.5060000000000002
1141,20240721,9566,4,31,3,9566,9566,1241,31,6,2024-07-21T13:12:09.585000+00:00,21.8,21.8,,-1.8440000000000012
1142,20240721,9566,4,14,4,9566,9566,1241,14,7,2024-07-21T13:13:28.576000+00:00,22.5,22.5,,-0.8754999999999977
1143,20240721,9566,4,3,10,9566,9566,1241,3,7,2024-07-21T13:13:29.972000+00:00,21.0,21.0,,-1.051833333333337
1144,20240721,9566,4,24,7,9566,9566,1241,24,7,2024-07-21T13:13:37.622000+00:00,21.9,21.9,,-1.3928333333333334
1145,20240721,9566,4,2,13,9566,9566,1241,2,8,2024-07-21T13:15:00.663000+00:00,21.7,21.7,,-1.0891666666666637
1146,20240721,9566,4,18,4,9566,9566,1241,18,14,2024-07-21T13:23:25.719000+00:00,23.2,23.2,,-0.0029999999999977822
1147,20240721,9566,4,44,9,9566,9566,1241,44,16,2024-07-21T13:25:58.070000+00:00,21.3,21.3,,-1.3925000000000078
1148,20240721,9566,4,77,7,9566,9566,1241,77,16,2024-07-21T13:26:20.677000+00:00,22.1,22.1,,0.04316666666666673
1149,20240721,9566,4,4,8,9566,9566,1241,4,17,2024-07-21T13:27:17.491000+00:00,21.8,21.8,,-0.7153333333333407
1150,20240721,9566,4,81,8,9566,9566,1241,81,18,2024-07-21T13:28:37.926000+00:00,21.6,21.6,,-0.7228333333333362
1151,20240721,9566,4,1,12,9566,9566,1241,1,21,2024-07-21T13:33:00.759000+00:00,22.1,22.1,,-1.7916666666666665
1152,20240721,9566,4,55,5,9566,9566,1241,55,21,2024-07-21T13:33:09.169000+00:00,21.6,21.6,,-0.9451666666666678
1153,20240721,9566,4,16,5,9566,9566,1241,16,23,2024-07-21T13:35:53.032000+00:00,21.8,21.8,,-1.3215000000000028
1154,20240721,9566,4,11,12,9566,9566,1241,11,28,2024-07-21T13:43:25.912000+00:00,21.3,21.3,,-1.4691666666666712
1155,20240721,9566,4,10,3,9566,9566,1241,10,28,2024-07-21T13:43:38.770000+00:00,21.4,21.4,,-2.6163333333333347
1156,20240721,9566,4,3,10,9566,9566,1241,3,28,2024-07-21T13:43:45.142000+00:00,21.3,21.3,,-2.7533333333333303
1157,20240721,9566,4,22,10,9566,9566,1241,22,29,2024-07-21T13:44:49.927000+00:00,21.4,21.4,,-2.3655
1158,20240721,9566,4,27,6,9566,9566,1241,27,29,2024-07-21T13:45:08.414000+00:00,22.4,22.4,,-2.8973333333333313
1159,20240721,9566,4,23,13,9566,9566,1241,23,29,2024-07-21T13:45:10.742000+00:00,23.4,23.4,,-1.9194999999999993
1160,20240721,9566,4,31,3,9566,9566,1241,31,30,2024-07-21T13:46:39.865000+00:00,21.4,21.4,,0.15949999999999653
1161,20240721,9566,4,63,9,9566,9566,1241,63,33,2024-07-21T13:50:31.708000+00:00,21.3,21.3,,-2.3979999999999935
1162,20240721,9566,4,2,13,9566,9566,1241,2,33,2024-07-21T13:50:56.807000+00:00,21.3,21.3,,-0.9363333333333372
1163,20240721,9566,4,20,6,9566,9566,1241,20,34,2024-07-21T13:52:20.306000+00:00,22.5,22.5,,-1.6594999999999918
1164,20240721,9566,4,24,7,9566,9566,1241,24,36,2024-07-21T13:55:25.996000+00:00,22.1,22.1,,-3.789500000000006
1165,20240721,9566,4,14,4,9566,9566,1241,14,37,2024-07-21T13:56:19.367000+00:00,21.8,21.8,,-1.0221666666666682
1166,20240721,9566,4,44,9,9566,9566,1241,44,40,2024-07-21T13:59:50.770000+00:00,21.9,21.9,,-2.1466666666666683
1167,20240721,9566,4,16,5,9566,9566,1241,16,40,2024-07-21T13:59:51.867000+00:00,21.7,21.7,,-1.6158333333333346
1168,20240721,9566,4,4,8,9566,9566,1241,4,45,2024-07-21T14:06:40.704000+00:00,21.2,21.2,,-1.5426666666666713
1169,20240721,9566,4,18,4,9566,9566,1241,18,45,2024-07-21T14:07:40.324000+00:00,22.2,22.2,,-2.0149999999999983
1170,20240721,9566,4,77,7,9566,9566,1241,77,45,2024-07-21T14:07:58.265000+00:00,21.9,21.9,,-2.0461666666666622
1171,20240721,9566,4,81,8,9566,9566,1241,81,47,2024-07-21T14:09:27.380000+00:00,21.8,21.8,,-1.9894999999999996
1172,20240721,9566,4,55,5,9566,9566,1241,55,47,2024-07-21T14:09:45.943000+00:00,21.4,21.4,,-2.2686666666666704
1173,20240721,9566,4,11,12,9566,9566,1241,11,47,2024-07-21T14:10:07.588000+00:00,21.0,21.0,,-1.9454999999999956
1174,20240721,9566,4,1,12,9566,9566,1241,1,49,2024-07-21T14:12:24.668000+00:00,21.3,21.3,,-3.1218333333333277
1175,20240721,9566,4,63,9,9566,9566,1241,63,53,2024-07-21T14:18:26.955000+00:00,21.3,21.3,,-2.0841666666666683
1176,20240721,9566,4,2,13,9566,9566,1241,2,63,2024-07-21T14:33:45.149000+00:00,21.9,21.9,,-4.2913333333333314
1177,20240721,9566,4,31,3,9566,9566,1241,31,64,2024-07-21T14:35:08.797000+00:00,21.3,21.3,,-3.283666666666664
1178,20240728,9574,7,27,6,9574,9574,1242,27,7,2024-07-28T13:17:24.624000+00:00,23.5,23.5,,-1.5348333333333362
1179,20240728,9574,7,23,13,9574,9574,1242,23,8,2024-07-28T13:19:10.060000+00:00,23.6,23.6,,-1.0573333333333395
1180,20240728,9574,7,3,10,9574,9574,1242,3,8,2024-07-28T13:19:12.907000+00:00,22.6,22.6,,-1.0376666666666712
1181,20240728,9574,7,2,13,9574,9574,1242,2,8,2024-07-28T13:19:19.028000+00:00,23.3,23.3,,-1.4515000000000005
1182,20240728,9574,7,10,3,9574,9574,1242,10,9,2024-07-28T13:21:03.384000+00:00,22.9,22.9,,-1.5251666666666683
1183,20240728,9574,7,63,9,9574,9574,1242,63,10,2024-07-28T13:22:42.566000+00:00,22.6,22.6,,-0.9136666666666691
1184,20240728,9574,7,1,12,9574,9574,1242,1,10,2024-07-28T13:22:45.409000+00:00,23.2,23.2,,-1.8659999999999948
1185,20240728,9574,7,44,9,9574,9574,1242,44,11,2024-07-28T13:24:25.722000+00:00,23.1,23.1,,-1.6096666666666668
1186,20240728,9574,7,11,12,9574,9574,1242,11,11,2024-07-28T13:24:30.065000+00:00,22.6,22.6,,-1.5019999999999978
1187,20240728,9574,7,81,8,9574,9574,1242,81,11,2024-07-28T13:24:31.174000+00:00,22.6,22.6,,-2.293999999999997
1188,20240728,9574,7,77,7,9574,9574,1242,77,11,2024-07-28T13:24:45.955000+00:00,23.1,23.1,,-0.6466666666666636
1189,20240728,9574,7,16,5,9574,9574,1242,16,12,2024-07-28T13:26:17.756000+00:00,22.9,22.9,,-1.8846666666666632
1190,20240728,9574,7,31,3,9574,9574,1242,31,12,2024-07-28T13:26:35.403000+00:00,23.3,23.3,,-1.369833333333337
1191,20240728,9574,7,18,4,9574,9574,1242,18,12,2024-07-28T13:26:38.729000+00:00,23.0,23.0,,-1.5929999999999964
1192,20240728,9574,7,14,4,9574,9574,1242,14,13,2024-07-28T13:28:22.402000+00:00,23.0,23.0,,-1.3248333333333377
1193,20240728,9574,7,4,8,9574,9574,1242,4,15,2024-07-28T13:31:52.973000+00:00,22.6,22.6,,-1.9188333333333272
1194,20240728,9574,7,22,10,9574,9574,1242,22,15,2024-07-28T13:32:19.721000+00:00,23.4,23.4,,-1.8134999999999977
1195,20240728,9574,7,20,6,9574,9574,1242,20,17,2024-07-28T13:35:57.049000+00:00,23.6,23.6,,-1.1693333333333342
1196,20240728,9574,7,55,5,9574,9574,1242,55,20,2024-07-28T13:40:57.194000+00:00,23.0,23.0,,-0.7955000000000064
1197,20240728,9574,7,27,6,9574,9574,1242,27,20,2024-07-28T13:41:36.270000+00:00,23.2,23.2,,-1.274999999999994
1198,20240728,9574,7,11,12,9574,9574,1242,11,21,2024-07-28T13:42:57.879000+00:00,22.6,22.6,,-1.4481666666666633
1199,20240728,9574,7,3,10,9574,9574,1242,3,21,2024-07-28T13:43:18.205000+00:00,22.3,22.3,,-1.5750000000000004
1200,20240728,9574,7,23,13,9574,9574,1242,23,23,2024-07-28T13:46:57.912000+00:00,23.1,23.1,,-1.3541666666666692
1201,20240728,9574,7,2,13,9574,9574,1242,2,24,2024-07-28T13:49:10.623000+00:00,23.6,23.6,,-3.3520000000000065
1202,20240728,9574,7,16,5,9574,9574,1242,16,25,2024-07-28T13:50:03.231000+00:00,23.3,23.3,,-1.379833333333328
1203,20240728,9574,7,44,9,9574,9574,1242,44,26,2024-07-28T13:51:47.753000+00:00,22.7,22.7,,-0.6578333333333314
1204,20240728,9574,7,1,12,9574,9574,1242,1,28,2024-07-28T13:55:34.221000+00:00,22.9,22.9,,-1.3173333333333328
1205,20240728,9574,7,55,5,9574,9574,1242,55,28,2024-07-28T13:55:40.948000+00:00,23.0,23.0,,-1.4329999999999998
1206,20240728,9574,7,10,3,9574,9574,1242,10,28,2024-07-28T13:56:09.349000+00:00,22.8,22.8,,-1.5528333333333275
1207,20240728,9574,7,4,8,9574,9574,1242,4,29,2024-07-28T13:57:22.371000+00:00,22.6,22.6,,-1.6836666666666673
1208,20240728,9574,7,81,8,9574,9574,1242,81,30,2024-07-28T13:59:03.646000+00:00,24.1,24.1,,-1.376166666666665
1209,20240728,9574,7,31,3,9574,9574,1242,31,30,2024-07-28T13:59:38.848000+00:00,23.5,23.5,,-1.352333333333334
1210,20240728,9574,7,77,7,9574,9574,1242,77,35,2024-07-28T14:08:54.722000+00:00,22.9,22.9,,-1.7434999999999974
1211,20240728,9574,7,11,12,9574,9574,1242,11,42,2024-07-28T14:21:03.852000+00:00,22.6,22.6,,-3.63500000000001
1212,20240825,9582,55,23,13,9582,9582,1243,23,12,2024-08-25T13:19:18.319000+00:00,21.2,21.2,,-1.6451666666666707
1213,20240825,9582,55,27,6,9582,9582,1243,27,14,2024-08-25T13:21:48.477000+00:00,21.6,21.6,,-1.6141666666666599
1214,20240825,9582,55,22,10,9582,9582,1243,22,14,2024-08-25T13:21:48.821000+00:00,21.2,21.2,,-1.944666666666658
1215,20240825,9582,55,77,7,9582,9582,1243,77,15,2024-08-25T13:23:11.905000+00:00,21.0,21.0,,-1.7426666666666673
1216,20240825,9582,55,24,7,9582,9582,1243,24,18,2024-08-25T13:27:15.008000+00:00,21.2,21.2,,-1.365499999999995
1217,20240825,9582,55,2,13,9582,9582,1243,2,22,2024-08-25T13:32:23.447000+00:00,22.0,22.0,,-2.1376666666666657
1218,20240825,9582,55,44,9,9582,9582,1243,44,23,2024-08-25T13:33:18.033000+00:00,21.1,21.1,,-1.1486666666666683
1219,20240825,9582,55,16,5,9582,9582,1243,16,24,2024-08-25T13:34:18.648000+00:00,20.8,20.8,,-1.1975000000000005
1220,20240825,9582,55,63,9,9582,9582,1243,63,25,2024-08-25T13:35:34.224000+00:00,21.8,21.8,,-1.6763333333333321
1221,20240825,9582,55,1,12,9582,9582,1243,1,27,2024-08-25T13:38:00.708000+00:00,20.7,20.7,,-1.603166666666669
1222,20240825,9582,55,4,8,9582,9582,1243,4,28,2024-08-25T13:39:10.796000+00:00,21.5,21.5,,-1.2943333333333342
1223,20240825,9582,55,11,12,9582,9582,1243,11,29,2024-08-25T13:40:46.942000+00:00,22.9,22.9,,-1.3151666666666582
1224,20240825,9582,55,3,10,9582,9582,1243,3,29,2024-08-25T13:41:13.508000+00:00,20.9,20.9,,-1.2610000000000052
1225,20240825,9582,55,55,5,9582,9582,1243,55,30,2024-08-25T13:42:03.037000+00:00,20.8,20.8,,-0.9798333333333318
1226,20240825,9582,55,18,4,9582,9582,1243,18,30,2024-08-25T13:42:27.754000+00:00,21.3,21.3,,-2.1795000000000044
1227,20240825,9582,55,31,3,9582,9582,1243,31,30,2024-08-25T13:42:38.935000+00:00,21.0,21.0,,-1.6849999999999974
1228,20240825,9582,55,14,4,9582,9582,1243,14,31,2024-08-25T13:43:41.426000+00:00,21.3,21.3,,-2.168833333333334
1229,20240825,9582,55,10,3,9582,9582,1243,10,32,2024-08-25T13:44:54.767000+00:00,22.6,22.6,,-2.6625000000000014
1230,20240825,9582,55,22,10,9582,9582,1243,22,32,2024-08-25T13:45:12.246000+00:00,20.8,20.8,,-1.3593333333333273
1231,20240825,9582,55,81,8,9582,9582,1243,81,33,2024-08-25T13:45:43.994000+00:00,20.9,20.9,,-1.7080000000000006
1232,20240825,9582,55,20,6,9582,9582,1243,20,40,2024-08-25T13:55:32.659000+00:00,21.4,21.4,,-3.2208333333333314
1233,20240825,9582,55,77,7,9582,9582,1243,77,43,2024-08-25T13:59:34.144000+00:00,21.2,21.2,,-1.7969999999999993
1234,20240825,9582,55,44,9,9582,9582,1243,44,48,2024-08-25T14:05:02.172000+00:00,21.0,21.0,,-1.8020000000000043
1235,20240825,9582,55,24,7,9582,9582,1243,24,51,2024-08-25T14:10:20.051000+00:00,22.0,22.0,,-1.381499999999998
1236,20240825,9582,55,63,9,9582,9582,1243,63,54,2024-08-25T14:12:24.747000+00:00,21.1,21.1,,-1.3998333333333335
1237,20240825,9582,55,23,13,9582,9582,1243,23,54,2024-08-25T14:13:22.343000+00:00,21.0,21.0,,-0.5304999999999964
1238,20240901,9590,39,27,6,9590,9590,1244,27,5,2024-09-01T13:11:37.491000+00:00,38.8,38.8,,-1.2124999999999961
1239,20240901,9590,39,10,3,9590,9590,1244,10,10,2024-09-01T13:18:33.172000+00:00,24.3,24.3,,-1.5346666666666664
1240,20240901,9590,39,63,9,9590,9590,1244,63,11,2024-09-01T13:19:55.341000+00:00,32.6,32.6,,-0.7193333333333266
1241,20240901,9590,39,3,10,9590,9590,1244,3,11,2024-09-01T13:20:02.519000+00:00,30.3,30.3,,0.0015000000000000568
1242,20240901,9590,39,14,4,9590,9590,1244,14,12,2024-09-01T13:21:19.343000+00:00,24.8,24.8,,-0.6019999999999968
1243,20240901,9590,39,4,8,9590,9590,1244,4,14,2024-09-01T13:23:51.408000+00:00,24.1,24.1,,0.04883333333333195
1244,20240901,9590,39,20,6,9590,9590,1244,20,14,2024-09-01T13:24:14.191000+00:00,25.6,25.6,,-0.9504999999999957
1245,20240901,9590,39,16,5,9590,9590,1244,16,15,2024-09-01T13:25:17.176000+00:00,24.5,24.5,,-1.2778333333333312
1246,20240901,9590,39,44,9,9590,9590,1244,44,15,2024-09-01T13:25:23.746000+00:00,24.4,24.4,,-0.5223333333333262
1247,20240901,9590,39,24,7,9590,9590,1244,24,15,2024-09-01T13:25:55.958000+00:00,27.1,27.1,,-1.5788333333333333
1248,20240901,9590,39,81,8,9590,9590,1244,81,16,2024-09-01T13:26:37.919000+00:00,23.7,23.7,,-0.6463333333333285
1249,20240901,9590,39,43,13,9590,9590,1244,43,16,2024-09-01T13:27:16.390000+00:00,25.1,25.1,,-1.9641666666666684
1250,20240901,9590,39,23,13,9590,9590,1244,23,17,2024-09-01T13:28:30.112000+00:00,24.8,24.8,,-1.188333333333328
1251,20240901,9590,39,55,5,9590,9590,1244,55,19,2024-09-01T13:31:02.505000+00:00,24.3,24.3,,-1.112833333333332
1252,20240901,9590,39,18,4,9590,9590,1244,18,19,2024-09-01T13:31:32.794000+00:00,24.9,24.9,,-2.1793333333333322
1253,20240901,9590,39,1,12,9590,9590,1244,1,22,2024-09-01T13:35:25.550000+00:00,28.1,28.1,,-1.8193333333333328
1254,20240901,9590,39,11,12,9590,9590,1244,11,23,2024-09-01T13:36:51.246000+00:00,24.7,24.7,,-1.852666666666676
1255,20240901,9590,39,10,3,9590,9590,1244,10,30,2024-09-01T13:47:30.599000+00:00,24.2,24.2,,-2.0268333333333315
1256,20240901,9590,39,31,3,9590,9590,1244,31,31,2024-09-01T13:48:44.910000+00:00,24.1,24.1,,-1.2371666666666694
1257,20240901,9590,39,4,8,9590,9590,1244,4,32,2024-09-01T13:49:24.643000+00:00,24.8,24.8,,-0.9643333333333313
1258,20240901,9590,39,27,6,9590,9590,1244,27,32,2024-09-01T13:50:42.556000+00:00,36.5,36.5,,-1.7726666666666635
1259,20240901,9590,39,63,9,9590,9590,1244,63,33,2024-09-01T13:51:18.271000+00:00,26.2,26.2,,-0.87816666666667
1260,20240901,9590,39,77,7,9590,9590,1244,77,33,2024-09-01T13:51:49.466000+00:00,24.4,24.4,,-1.4033333333333335
1261,20240901,9590,39,11,12,9590,9590,1244,11,35,2024-09-01T13:54:02.598000+00:00,24.0,24.0,,1.1306666666666607
1262,20240901,9590,39,14,4,9590,9590,1244,14,35,2024-09-01T13:54:20.055000+00:00,24.5,24.5,,-1.3820000000000026
1263,20240901,9590,39,18,4,9590,9590,1244,18,36,2024-09-01T13:56:01.044000+00:00,24.2,24.2,,-0.86516666666666
1264,20240901,9590,39,44,9,9590,9590,1244,44,37,2024-09-01T13:56:35.902000+00:00,24.1,24.1,,-0.5133333333333331
1265,20240901,9590,39,81,8,9590,9590,1244,81,38,2024-09-01T13:57:41.127000+00:00,24.6,24.6,,-1.4503333333333355
1266,20240901,9590,39,1,12,9590,9590,1244,1,41,2024-09-01T14:02:19.148000+00:00,24.1,24.1,,-1.3600000000000019
1267,20240901,9590,39,18,4,9590,9590,1244,18,50,2024-09-01T14:16:07.298000+00:00,25.2,25.2,,-2.8286666666666633
1268,20240915,9598,144,18,4,9598,9598,1245,18,1,2024-09-15T11:06:42.160000+00:00,21.1,21.1,,
1269,20240915,9598,144,43,13,9598,9598,1245,43,10,2024-09-15T11:23:01.011000+00:00,20.5,20.5,,-0.10100000000000384
1270,20240915,9598,144,14,4,9598,9598,1245,14,11,2024-09-15T11:24:48.471000+00:00,20.0,20.0,,0.07333333333333059
1271,20240915,9598,144,77,7,9598,9598,1245,77,11,2024-09-15T11:25:22.131000+00:00,20.0,20.0,,-1.8203333333333376
1272,20240915,9598,144,1,12,9598,9598,1245,1,12,2024-09-15T11:26:32.458000+00:00,21.1,21.1,,-1.1398333333333261
1273,20240915,9598,144,63,9,9598,9598,1245,63,12,2024-09-15T11:26:35.450000+00:00,19.9,19.9,,-0.2135000000000058
1274,20240915,9598,144,44,9,9598,9598,1245,44,12,2024-09-15T11:26:55.973000+00:00,21.2,21.2,,-1.2653333333333308
1275,20240915,9598,144,22,10,9598,9598,1245,22,12,2024-09-15T11:27:15.657000+00:00,20.9,20.9,,14.391666666666671
1276,20240915,9598,144,11,12,9598,9598,1245,11,13,2024-09-15T11:28:13.148000+00:00,20.6,20.6,,-1.0065000000000075
1277,20240915,9598,144,50,6,9598,9598,1245,50,14,2024-09-15T11:30:31.510000+00:00,21.2,21.2,,-0.3178333333333374
1278,20240915,9598,144,81,8,9598,9598,1245,81,15,2024-09-15T11:31:49.530000+00:00,20.1,20.1,,-1.0531666666666695
1279,20240915,9598,144,27,6,9598,9598,1245,27,15,2024-09-15T11:32:19.677000+00:00,21.6,21.6,,-0.7533333333333256
1280,20240915,9598,144,16,5,9598,9598,1245,16,16,2024-09-15T11:33:34.615000+00:00,20.6,20.6,,-0.9684999999999964
1281,20240915,9598,144,55,5,9598,9598,1245,55,17,2024-09-15T11:35:33.370000+00:00,21.4,21.4,,-1.1010000000000062
1282,20240915,9598,144,18,4,9598,9598,1245,18,22,2024-09-15T11:45:38.278000+00:00,20.2,20.2,,-1.3888333333333356
1283,20240915,9598,144,23,13,9598,9598,1245,23,31,2024-09-15T12:01:15.716000+00:00,20.2,20.2,,-1.0608333333333302
1284,20240915,9598,144,24,7,9598,9598,1245,24,34,2024-09-15T12:07:33.526000+00:00,20.5,20.5,,-1.2419999999999995
1285,20240915,9598,144,4,8,9598,9598,1245,4,37,2024-09-15T12:12:01.387000+00:00,19.7,19.7,,-1.8180000000000003
1286,20240915,9598,144,1,12,9598,9598,1245,1,49,2024-09-15T12:33:34.735000+00:00,20.7,20.7,,45.80100000000001
1287,20240915,9598,144,3,10,9598,9598,1245,3,49,2024-09-15T12:34:35.128000+00:00,21.9,21.9,,45.085
1288,20240915,9598,144,31,3,9598,9598,1245,31,49,2024-09-15T12:35:03.839000+00:00,20.6,20.6,,
1289,20240915,9598,144,10,3,9598,9598,1245,10,50,2024-09-15T12:36:40.927000+00:00,20.2,20.2,,
1290,20240922,9606,61,3,10,9606,9606,1246,3,10,2024-09-22T12:21:17.341000+00:00,30.3,30.3,,-0.9871666666666622
1291,20240922,9606,61,23,13,9606,9606,1246,23,11,2024-09-22T12:22:52.705000+00:00,29.1,29.1,,-1.8456666666666663
1292,20240922,9606,61,55,5,9606,9606,1246,55,13,2024-09-22T12:26:07.271000+00:00,29.3,29.3,,-2.3834999999999957
1293,20240922,9606,61,44,9,9606,9606,1246,44,17,2024-09-22T12:32:24.811000+00:00,29.2,29.2,,-0.028166666666668533
1294,20240922,9606,61,14,4,9606,9606,1246,14,25,2024-09-22T12:45:51.540000+00:00,29.2,29.2,,-0.7126666666666708
1295,20240922,9606,61,18,4,9606,9606,1246,18,26,2024-09-22T12:48:02.117000+00:00,29.8,29.8,,-1.0216666666666683
1296,20240922,9606,61,63,9,9606,9606,1246,63,27,2024-09-22T12:48:51.363000+00:00,28.7,28.7,,-1.650333333333338
1297,20240922,9606,61,11,12,9606,9606,1246,11,28,2024-09-22T12:50:55.951000+00:00,28.9,28.9,,-0.8475000000000013
1298,20240922,9606,61,20,6,9606,9606,1246,20,28,2024-09-22T12:51:17.715000+00:00,29.7,29.7,,-3.0208333333333313
1299,20240922,9606,61,1,12,9606,9606,1246,1,29,2024-09-22T12:51:58.937000+00:00,29.6,29.6,,-2.1663333333333368
1300,20240922,9606,61,27,6,9606,9606,1246,27,29,2024-09-22T12:52:30.694000+00:00,29.8,29.8,,-1.7381666666666622
1301,20240922,9606,61,43,13,9606,9606,1246,43,29,2024-09-22T12:52:32.748000+00:00,29.7,29.7,,-0.38100000000000256
1302,20240922,9606,61,31,3,9606,9606,1246,31,29,2024-09-22T12:52:52.879000+00:00,29.6,29.6,,-2.0591666666666653
1303,20240922,9606,61,4,8,9606,9606,1246,4,30,2024-09-22T12:53:14.632000+00:00,29.0,29.0,,-2.1439999999999984
1304,20240922,9606,61,22,10,9606,9606,1246,22,33,2024-09-22T12:59:24.565000+00:00,29.6,29.6,,-1.2473333333333325
1305,20240922,9606,61,77,7,9606,9606,1246,77,33,2024-09-22T12:59:53.659000+00:00,30.4,30.4,,-1.7286666666666737
1306,20240922,9606,61,24,7,9606,9606,1246,24,34,2024-09-22T13:01:31.680000+00:00,29.3,29.3,,-3.1675000000000066
1307,20240922,9606,61,16,5,9606,9606,1246,16,36,2024-09-22T13:03:59.209000+00:00,29.0,29.0,,-2.2268333333333294
1308,20240922,9606,61,10,3,9606,9606,1246,10,37,2024-09-22T13:06:36.761000+00:00,31.5,31.5,,-3.5413333333333386
1309,20240922,9606,61,81,8,9606,9606,1246,81,38,2024-09-22T13:06:52.128000+00:00,29.1,29.1,,-1.864500000000002
1310,20240922,9606,61,3,10,9606,9606,1246,3,46,2024-09-22T13:21:28.626000+00:00,29.0,29.0,,-3.2531666666666608
1311,20240922,9606,61,20,6,9606,9606,1246,20,49,2024-09-22T13:27:24.320000+00:00,31.2,31.2,,-2.284833333333329
1312,20240922,9606,61,3,10,9606,9606,1246,3,58,2024-09-22T13:41:28.946000+00:00,29.6,29.6,,-0.20900000000000318
1313,20241020,9617,9,23,13,9617,9617,1247,23,3,2024-10-20T19:10:15.705000+00:00,34.983,34.983,12.5,15.142500000000005
1314,20241020,9617,9,24,7,9617,9617,1247,24,13,2024-10-20T19:28:48.028000+00:00,24.433,24.433,2.8,-3.725833333333334
1315,20241020,9617,9,77,7,9617,9617,1247,77,15,2024-10-20T19:32:04.880000+00:00,24.439,24.439,2.9,-1.4674999999999987
1316,20241020,9617,9,20,6,9617,9617,1247,20,17,2024-10-20T19:35:15.642000+00:00,23.966,23.966,2.6,-0.7066666666666706
1317,20241020,9617,9,10,3,9617,9617,1247,10,18,2024-10-20T19:36:58.722000+00:00,28.228,28.228,6.9,-0.2849999999999918
1318,20241020,9617,9,22,10,9617,9617,1247,22,18,2024-10-20T19:37:00.812000+00:00,24.193,24.193,2.6,-0.8145
1319,20241020,9617,9,55,5,9617,9617,1247,55,21,2024-10-20T19:41:38.183000+00:00,23.963,23.963,2.6,-0.8806666666666653
1320,20241020,9617,9,1,12,9617,9617,1247,1,25,2024-10-20T19:48:17.561000+00:00,24.228,24.228,2.7,-1.3639999999999948
1321,20241020,9617,9,16,5,9617,9617,1247,16,26,2024-10-20T19:49:45.492000+00:00,23.817,23.817,2.5,-0.8554999999999993
1322,20241020,9617,9,11,12,9617,9617,1247,11,26,2024-10-20T19:50:21.889000+00:00,23.58,23.58,2.3,-0.9068333333333338
1323,20241020,9617,9,14,4,9617,9617,1247,14,26,2024-10-20T19:50:40.317000+00:00,24.247,24.247,2.7,-1.2740000000000058
1324,20241020,9617,9,27,6,9617,9617,1247,27,27,2024-10-20T19:52:06.297000+00:00,24.5,24.5,3.0,0.2043333333333332
1325,20241020,9617,9,18,4,9617,9617,1247,18,27,2024-10-20T19:52:33.253000+00:00,26.399,26.399,4.7,-2.1954999999999956
1326,20241020,9617,9,4,8,9617,9617,1247,4,31,2024-10-20T19:58:17.472000+00:00,23.731,23.731,2.2,-1.1276666666666628
1327,20241020,9617,9,31,3,9617,9617,1247,31,31,2024-10-20T19:59:12.307000+00:00,24.156,24.156,2.5,-1.1928333333333352
1328,20241020,9617,9,81,8,9617,9617,1247,81,32,2024-10-20T20:00:03.248000+00:00,24.107,24.107,2.6,-1.7548333333333257
1329,20241020,9617,9,23,13,9617,9617,1247,23,33,2024-10-20T20:02:43.018000+00:00,24.391,24.391,3.0,-1.652666666666666
1330,20241020,9617,9,24,7,9617,9617,1247,24,35,2024-10-20T20:06:25.241000+00:00,24.89,24.89,3.0,-1.2321666666666669
1331,20241020,9617,9,30,10,9617,9617,1247,30,36,2024-10-20T20:07:17.103000+00:00,23.839,23.839,2.5,-1.2558333333333305
1332,20241020,9617,9,20,6,9617,9617,1247,20,38,2024-10-20T20:10:43.657000+00:00,24.087,24.087,3.0,-0.4581666666666635
1333,20241020,9617,9,43,13,9617,9617,1247,43,39,2024-10-20T20:12:21.335000+00:00,23.971,23.971,3.3,-1.522333333333331
1334,20241020,9617,9,63,9,9617,9617,1247,63,40,2024-10-20T20:13:46.808000+00:00,29.327,29.327,8.0,-1.3726666666666651
1335,20241020,9617,9,31,3,9617,9617,1247,31,51,2024-10-20T20:32:59.117000+00:00,26.175,26.175,4.6,-1.3805000000000003
1336,20241027,9625,65,11,12,9625,9625,1248,11,20,2024-10-27T20:36:23.517000+00:00,27.73,27.73,8.1,-3.2906666666666617
1337,20241027,9625,65,1,12,9625,9625,1248,1,26,2024-10-27T20:44:28.025000+00:00,43.73,43.73,24.0,-0.1324999999999955
1338,20241027,9625,65,18,4,9625,9625,1248,18,26,2024-10-27T20:44:40.300000+00:00,22.592,22.592,2.5,-1.2441666666666602
1339,20241027,9625,65,44,9,9625,9625,1248,44,28,2024-10-27T20:47:06.281000+00:00,22.538,22.538,3.1,-2.0053333333333354
1340,20241027,9625,65,10,3,9625,9625,1248,10,28,2024-10-27T20:47:20.014000+00:00,23.204,23.204,3.5,-1.457999999999996
1341,20241027,9625,65,27,6,9625,9625,1248,27,29,2024-10-27T20:48:39.726000+00:00,23.077,23.077,3.2,-1.0229999999999986
1342,20241027,9625,65,4,8,9625,9625,1248,4,30,2024-10-27T20:49:37.868000+00:00,22.111,22.111,2.3,-1.5765000000000005
1343,20241027,9625,65,20,6,9625,9625,1248,20,30,2024-10-27T20:50:00.893000+00:00,23.332,23.332,3.8,-2.0108333333333377
1344,20241027,9625,65,16,5,9625,9625,1248,16,31,2024-10-27T20:50:54.123000+00:00,22.86,22.86,3.1,-1.5026666666666724
1345,20241027,9625,65,63,9,9625,9625,1248,63,31,2024-10-27T20:51:07.736000+00:00,22.462,22.462,2.8,-0.864000000000002
1346,20241027,9625,65,55,5,9625,9625,1248,55,32,2024-10-27T20:52:06.503000+00:00,22.249,22.249,2.7,-0.8074999999999998
1347,20241027,9625,65,81,8,9625,9625,1248,81,39,2024-10-27T21:02:32.103000+00:00,21.825,21.825,2.0,-1.654000000000001
1348,20241027,9625,65,30,10,9625,9625,1248,30,39,2024-10-27T21:02:38.497000+00:00,22.586,22.586,2.9,-1.4170000000000016
1349,20241027,9625,65,24,7,9625,9625,1248,24,43,2024-10-27T21:08:33.457000+00:00,22.935,22.935,2.9,-1.1343333333333352
1350,20241027,9625,65,11,12,9625,9625,1248,11,43,2024-10-27T21:08:36.792000+00:00,22.174,22.174,2.6,-3.2411666666666674
1351,20241027,9625,65,43,13,9625,9625,1248,43,47,2024-10-27T21:13:47.146000+00:00,23.895,23.895,4.4,-2.450333333333331
1352,20241027,9625,65,31,3,9625,9625,1248,31,48,2024-10-27T21:15:23.096000+00:00,23.245,23.245,3.2,-1.9575000000000056
1353,20241027,9625,65,77,7,9625,9625,1248,77,49,2024-10-27T21:16:39.366000+00:00,22.505,22.505,2.5,-1.3268333333333355
1354,20241027,9625,65,30,10,9625,9625,1248,30,65,2024-10-27T21:38:46.256000+00:00,30.299,30.299,10.4,-1.2698333333333334
1355,20241027,9625,65,16,5,9625,9625,1248,16,69,2024-10-27T21:42:28.014000+00:00,22.69,22.69,2.8,-2.7746666666666706
1356,20241027,9625,65,11,12,9625,9625,1248,11,68,2024-10-27T21:43:04.158000+00:00,21.92,21.92,2.1,-4.2956666666666665
1357,20241103,9636,14,16,5,9636,9636,1249,16,24,2024-11-03T16:24:31.874000+00:00,24.573,24.573,2.6,5.460499999999999
1358,20241103,9636,14,27,6,9636,9636,1249,27,25,2024-11-03T16:26:10.648000+00:00,25.369,25.369,2.9,
1359,20241103,9636,14,43,13,9636,9636,1249,43,26,2024-11-03T16:27:50.033000+00:00,25.287,25.287,3.5,16.7225
1360,20241103,9636,14,81,8,9636,9636,1249,81,27,2024-11-03T16:29:04.454000+00:00,26.05,26.05,2.7,23.418000000000003
1361,20241103,9636,14,14,4,9636,9636,1249,14,27,2024-11-03T16:29:07.063000+00:00,25.107,25.107,2.6,27.00916666666667
1362,20241103,9636,14,44,9,9636,9636,1249,44,27,2024-11-03T16:29:21.294000+00:00,25.205,25.205,2.7,25.953
1363,20241103,9636,14,55,5,9636,9636,1249,55,27,2024-11-03T16:29:28.104000+00:00,25.9,25.9,,28.970500000000005
1364,20241103,9636,14,50,6,9636,9636,1249,50,27,2024-11-03T16:29:29.277000+00:00,35.7,35.7,,31.333500000000004
1365,20241103,9636,14,11,12,9636,9636,1249,11,27,2024-11-03T16:29:31.909000+00:00,26.6,26.6,,28.834166666666675
1366,20241103,9636,14,24,7,9636,9636,1249,24,27,2024-11-03T16:29:58.131000+00:00,25.2,25.2,,38.149
1367,20241103,9636,14,63,9,9636,9636,1249,63,28,2024-11-03T16:30:26.235000+00:00,25.6,25.6,,38.199333333333335
1368,20241103,9636,14,4,8,9636,9636,1249,4,28,2024-11-03T16:30:26.835000+00:00,24.7,24.7,,36.47666666666667
1369,20241103,9636,14,22,10,9636,9636,1249,22,28,2024-11-03T16:30:42.947000+00:00,25.4,25.4,,33.60849999999999
1370,20241103,9636,14,30,10,9636,9636,1249,30,28,2024-11-03T16:31:04.523000+00:00,28.167,28.167,5.4,21.883166666666668
1371,20241103,9636,14,24,7,9636,9636,1249,24,28,2024-11-03T16:32:06.153000+00:00,27.067,27.067,3.7,37.585
1372,20241103,9636,14,27,6,9636,9636,1249,27,27,2024-11-03T16:32:21.233000+00:00,58.984,58.984,36.0,
1373,20241103,9636,14,43,13,9636,9636,1249,43,30,2024-11-03T16:35:28.710000+00:00,25.239,25.239,3.3,
1374,20241103,9636,14,27,6,9636,9636,1249,27,29,2024-11-03T16:36:47.096000+00:00,28.59,28.59,6.1,
1375,20241103,9636,14,24,7,9636,9636,1249,24,31,2024-11-03T17:00:06.199000+00:00,1283.1,1283.1,,-26.78
1376,20241103,9636,14,31,3,9636,9636,1249,31,32,2024-11-03T17:02:07.040000+00:00,1408.6,1408.6,,-28.87466666666667
1377,20241103,9636,14,1,12,9636,9636,1249,1,32,2024-11-03T17:02:09.788000+00:00,1409.3,1409.3,,-27.25033333333333
1378,20241103,9636,14,10,3,9636,9636,1249,10,32,2024-11-03T17:02:13.315000+00:00,1407.5,1407.5,,-24.68983333333333
1379,20241103,9636,14,4,8,9636,9636,1249,4,32,2024-11-03T17:02:22.123000+00:00,1415.3,1415.3,,-28.988
1380,20241103,9636,14,63,9,9636,9636,1249,63,32,2024-11-03T17:02:27.963000+00:00,1415.8,1415.8,,-31.911
1381,20241103,9636,14,22,10,9636,9636,1249,22,32,2024-11-03T17:02:32.857000+00:00,1419.0,1419.0,,-24.346999999999994
1382,20241103,9636,14,16,5,9636,9636,1249,16,32,2024-11-03T17:02:36.466000+00:00,1420.2,1420.2,,-18.989333333333335
1383,20241103,9636,14,81,8,9636,9636,1249,81,32,2024-11-03T17:02:39.343000+00:00,1420.2,1420.2,,-18.607999999999997
1384,20241103,9636,14,14,4,9636,9636,1249,14,32,2024-11-03T17:02:44.066000+00:00,1422.8,1422.8,,-17.633833333333335
1385,20241103,9636,14,30,10,9636,9636,1249,30,32,2024-11-03T17:02:46.841000+00:00,1422.7,1422.7,,-17.490500000000004
1386,20241103,9636,14,44,9,9636,9636,1249,44,32,2024-11-03T17:02:51.473000+00:00,1425.7,1425.7,,-16.543000000000006
1387,20241103,9636,14,77,7,9636,9636,1249,77,32,2024-11-03T17:02:53.242000+00:00,1422.0,1422.0,,-18.736333333333334
1388,20241103,9636,14,55,5,9636,9636,1249,55,32,2024-11-03T17:02:57.164000+00:00,1424.6,1424.6,,-17.572333333333336
1389,20241103,9636,14,11,12,9636,9636,1249,11,32,2024-11-03T17:02:59.628000+00:00,1425.2,1425.2,,-18.53916666666667
1390,20241103,9636,14,50,6,9636,9636,1249,50,32,2024-11-03T17:03:01.408000+00:00,1424.7,1424.7,,-22.556
1391,20241103,9636,14,24,7,9636,9636,1249,24,32,2024-11-03T17:03:04.904000+00:00,68.542,68.542,38.3,-28.564500000000002
1392,20241124,9644,152,14,4,9644,9644,1250,14,4,2024-11-24T06:10:57.685000+00:00,21.407,21.407,2.6,-5.154666666666664
1393,20241124,9644,152,16,5,9644,9644,1250,16,9,2024-11-24T06:19:06.266000+00:00,21.329,21.329,2.5,-0.7763333333333313
1394,20241124,9644,152,4,8,9644,9644,1250,4,9,2024-11-24T06:19:07.617000+00:00,21.194,21.194,2.5,-0.860333333333325
1395,20241124,9644,152,23,13,9644,9644,1250,23,9,2024-11-24T06:19:18.900000+00:00,22.012,22.012,3.3,-0.23283333333332953
1396,20241124,9644,152,18,4,9644,9644,1250,18,9,2024-11-24T06:19:33.118000+00:00,34.863,34.863,14.6,-0.15850000000000364
1397,20241124,9644,152,55,5,9644,9644,1250,55,10,2024-11-24T06:20:42.836000+00:00,21.048,21.048,2.3,0.4978333333333276
1398,20241124,9644,152,22,10,9644,9644,1250,22,10,2024-11-24T06:20:51.630000+00:00,21.168,21.168,2.3,-2.392166666666666
1399,20241124,9644,152,10,3,9644,9644,1250,10,10,2024-11-24T06:20:51.948000+00:00,22.179,22.179,3.3,-2.461833333333338
1400,20241124,9644,152,81,8,9644,9644,1250,81,10,2024-11-24T06:20:58.606000+00:00,27.732,27.732,8.9,-2.778833333333336
1401,20241124,9644,152,1,12,9644,9644,1250,1,11,2024-11-24T06:22:21.475000+00:00,20.697,20.697,2.0,-1.292166666666662
1402,20241124,9644,152,31,3,9644,9644,1250,31,11,2024-11-24T06:22:29.432000+00:00,15.7,15.7,,-1.884000000000005
1403,20241124,9644,152,24,7,9644,9644,1250,24,11,2024-11-24T06:22:38.168000+00:00,22.96,22.96,3.9,-1.1175000000000044
1404,20241124,9644,152,30,10,9644,9644,1250,30,11,2024-11-24T06:22:39.393000+00:00,21.049,21.049,2.5,-1.1156666666666695
1405,20241124,9644,152,63,9,9644,9644,1250,63,12,2024-11-24T06:23:51.641000+00:00,21.072,21.072,2.4,-0.3934999999999935
1406,20241124,9644,152,31,3,9644,9644,1250,31,12,2024-11-24T06:24:29.841000+00:00,21.142,21.142,2.4,-2.1855000000000047
1407,20241124,9644,152,44,9,9644,9644,1250,44,13,2024-11-24T06:25:45.957000+00:00,21.067,21.067,2.7,-1.996833333333337
1408,20241124,9644,152,27,6,9644,9644,1250,27,14,2024-11-24T06:27:37.827000+00:00,21.511,21.511,2.6,-2.23966666666666
1409,20241124,9644,152,43,13,9644,9644,1250,43,16,2024-11-24T06:31:11.999000+00:00,21.17,21.17,2.7,-3.2693333333333334
1410,20241124,9644,152,11,12,9644,9644,1250,11,17,2024-11-24T06:32:42.506000+00:00,21.294,21.294,2.4,-2.532166666666664
1411,20241124,9644,152,20,6,9644,9644,1250,20,17,2024-11-24T06:32:54.368000+00:00,21.963,21.963,2.6,-2.5081666666666584
1412,20241124,9644,152,77,7,9644,9644,1250,77,17,2024-11-24T06:32:56.786000+00:00,21.623,21.623,2.7,-3.0926666666666662
1413,20241124,9644,152,14,4,9644,9644,1250,14,24,2024-11-24T06:44:31.742000+00:00,21.407,21.407,2.9,-1.6833333333333325
1414,20241124,9644,152,81,8,9644,9644,1250,81,25,2024-11-24T06:45:59.959000+00:00,21.082,21.082,2.4,-1.0153333333333308
1415,20241124,9644,152,43,13,9644,9644,1250,43,26,2024-11-24T06:47:56.973000+00:00,21.221,21.221,2.7,0.17666666666666703
1416,20241124,9644,152,1,12,9644,9644,1250,1,27,2024-11-24T06:48:53.604000+00:00,22.254,22.254,3.4,-0.5641666666666605
1417,20241124,9644,152,44,9,9644,9644,1250,44,27,2024-11-24T06:48:56.621000+00:00,21.355,21.355,2.6,-0.6808333333333323
1418,20241124,9644,152,55,5,9644,9644,1250,55,28,2024-11-24T06:50:36.753000+00:00,20.879,20.879,2.2,-2.129000000000005
1419,20241124,9644,152,18,4,9644,9644,1250,18,28,2024-11-24T06:51:18.369000+00:00,21.588,21.588,2.6,-0.9999999999999977
1420,20241124,9644,152,22,10,9644,9644,1250,22,29,2024-11-24T06:52:36.039000+00:00,21.208,21.208,2.5,-0.5436666666666621
1421,20241124,9644,152,4,8,9644,9644,1250,4,30,2024-11-24T06:54:02.252000+00:00,20.668,20.668,2.1,-1.1448333333333331
1422,20241124,9644,152,16,5,9644,9644,1250,16,31,2024-11-24T06:55:28.479000+00:00,21.585,21.585,2.9,-0.6103333333333321
1423,20241124,9644,152,63,9,9644,9644,1250,63,32,2024-11-24T06:56:48.548000+00:00,20.975,20.975,2.4,-0.2001666666666703
1424,20241124,9644,152,11,12,9644,9644,1250,11,32,2024-11-24T06:57:41.036000+00:00,21.034,21.034,2.4,-1.5116666666666656
1425,20241124,9644,152,27,6,9644,9644,1250,27,33,2024-11-24T06:59:12.147000+00:00,21.702,21.702,2.8,-0.8318333333333262
1426,20241124,9644,152,24,7,9644,9644,1250,24,34,2024-11-24T07:01:07.676000+00:00,21.761,21.761,2.8,-1.9611666666666683
1427,20241124,9644,152,77,7,9644,9644,1250,77,35,2024-11-24T07:03:12.172000+00:00,22.821,22.821,3.9,-3.2383333333333324
1428,20241124,9644,152,30,10,9644,9644,1250,30,38,2024-11-24T07:07:50.439000+00:00,20.642,20.642,2.3,-2.2841666666666733
1429,20241124,9644,152,31,3,9644,9644,1250,31,45,2024-11-24T07:19:22.430000+00:00,21.858,21.858,2.9,-2.25666666666667
1430,20241124,9644,152,4,8,9644,9644,1250,4,48,2024-11-24T07:23:21.033000+00:00,21.059,21.059,2.5,-1.3953333333333262
1431,20241201,9655,150,18,4,9655,9655,1251,18,1,2024-12-01T16:06:16.114000+00:00,29.783,29.783,3.4,
1432,20241201,9655,150,27,6,9655,9655,1251,27,1,2024-12-01T16:06:47.801000+00:00,32.957,32.957,6.3,
1433,20241201,9655,150,18,4,9655,9655,1251,18,7,2024-12-01T16:18:02.146000+00:00,41.674,41.674,15.2,
1434,20241201,9655,150,63,9,9655,9655,1251,63,23,2024-12-01T16:40:26.391000+00:00,32.308,32.308,7.0,0.05783333333332999
1435,20241201,9655,150,77,7,9655,9655,1251,77,24,2024-12-01T16:42:26.421000+00:00,29.034,29.034,2.4,0.18449999999999278
1436,20241201,9655,150,20,6,9655,9655,1251,20,27,2024-12-01T16:46:33.456000+00:00,28.543,28.543,2.9,-0.5439999999999945
1437,20241201,9655,150,27,6,9655,9655,1251,27,31,2024-12-01T16:52:37.524000+00:00,28.343,28.343,2.6,3.8399999999999936
1438,20241201,9655,150,81,8,9655,9655,1251,81,34,2024-12-01T16:55:56.718000+00:00,27.818,27.818,3.3,
1439,20241201,9655,150,55,5,9655,9655,1251,55,34,2024-12-01T16:56:29.627000+00:00,36.143,36.143,9.8,
1440,20241201,9655,150,1,12,9655,9655,1251,1,35,2024-12-01T16:57:12.738000+00:00,28.303,28.303,2.5,
1441,20241201,9655,150,44,9,9655,9655,1251,44,34,2024-12-01T16:57:15.167000+00:00,37.915,37.915,10.4,
1442,20241201,9655,150,4,8,9655,9655,1251,4,35,2024-12-01T16:57:16.341000+00:00,28.024,28.024,3.3,
1443,20241201,9655,150,16,5,9655,9655,1251,16,35,2024-12-01T16:57:32.728000+00:00,28.46,28.46,2.7,
1444,20241201,9655,150,11,12,9655,9655,1251,11,35,2024-12-01T16:57:58.787000+00:00,28.088,28.088,2.2,
1445,20241201,9655,150,10,3,9655,9655,1251,10,35,2024-12-01T16:58:20.238000+00:00,28.792,28.792,3.2,
1446,20241201,9655,150,63,9,9655,9655,1251,63,35,2024-12-01T16:58:28.445000+00:00,27.87,27.87,2.6,
1447,20241201,9655,150,14,4,9655,9655,1251,14,35,2024-12-01T16:58:30.522000+00:00,28.628,28.628,2.7,
1448,20241201,9655,150,24,7,9655,9655,1251,24,35,2024-12-01T16:58:33.762000+00:00,29.085,29.085,3.0,
1449,20241201,9655,150,22,10,9655,9655,1251,22,35,2024-12-01T16:58:53.548000+00:00,29.024,29.024,3.1,
1450,20241201,9655,150,23,13,9655,9655,1251,23,35,2024-12-01T16:58:55.885000+00:00,29.179,29.179,3.8,
1451,20241201,9655,150,30,10,9655,9655,1251,30,35,2024-12-01T16:59:14.397000+00:00,45.049,45.049,14.0,
1452,20241201,9655,150,1,12,9655,9655,1251,1,36,2024-12-01T16:59:57.391000+00:00,23.8,23.8,,61.74399999999999
1453,20241201,9655,150,44,9,9655,9655,1251,44,35,2024-12-01T16:59:58.493000+00:00,23.4,23.4,,1.470000000000006
1454,20241201,9655,150,4,8,9655,9655,1251,4,36,2024-12-01T17:00:03.433000+00:00,25.5,25.5,,59.68600000000001
1455,20241201,9655,150,77,7,9655,9655,1251,77,35,2024-12-01T17:00:05.489000+00:00,28.968,28.968,3.2,-3.3420000000000036
1456,20241201,9655,150,16,5,9655,9655,1251,16,36,2024-12-01T17:00:06.458000+00:00,25.6,25.6,,57.99100000000001
1457,20241201,9655,150,81,8,9655,9655,1251,81,36,2024-12-01T17:00:07.448000+00:00,22.8,22.8,,56.58800000000001
1458,20241201,9655,150,11,12,9655,9655,1251,11,36,2024-12-01T17:00:16.876000+00:00,22.7,22.7,,
1459,20241201,9655,150,10,3,9655,9655,1251,10,36,2024-12-01T17:00:36.113000+00:00,22.7,22.7,,53.907
1460,20241201,9655,150,63,9,9655,9655,1251,63,36,2024-12-01T17:00:45.252000+00:00,22.7,22.7,,51.294
1461,20241201,9655,150,55,5,9655,9655,1251,55,36,2024-12-01T17:00:47.867000+00:00,22.7,22.7,,50.67100000000001
1462,20241201,9655,150,24,7,9655,9655,1251,24,36,2024-12-01T17:00:53.207000+00:00,23.2,23.2,,49.708
1463,20241201,9655,150,14,4,9655,9655,1251,14,36,2024-12-01T17:00:56.730000+00:00,28.592,28.592,2.6,47.3475
1464,20241201,9655,150,20,6,9655,9655,1251,20,36,2024-12-01T17:00:56.690000+00:00,22.6,22.6,,34.56499999999999
1465,20241201,9655,150,22,10,9655,9655,1251,22,36,2024-12-01T17:01:10.357000+00:00,22.7,22.7,,43.32250000000001
1466,20241201,9655,150,23,13,9655,9655,1251,23,36,2024-12-01T17:01:11.986000+00:00,22.7,22.7,,42.052499999999995
1467,20241201,9655,150,27,6,9655,9655,1251,27,36,2024-12-01T17:01:14.642000+00:00,23.8,23.8,,28.23366666666667
1468,20241201,9655,150,30,10,9655,9655,1251,30,36,2024-12-01T17:01:31.396000+00:00,22.7,22.7,,39.496500000000005
1469,20241201,9655,150,1,12,9655,9655,1251,1,37,2024-12-01T17:02:44.854000+00:00,22.7,22.7,,38.326499999999996
1470,20241201,9655,150,44,9,9655,9655,1251,44,36,2024-12-01T17:02:50.788000+00:00,26.8,26.8,,3.673000000000009
1471,20241201,9655,150,4,8,9655,9655,1251,4,37,2024-12-01T17:02:53.341000+00:00,28.7,28.7,,37.56550000000001
1472,20241201,9655,150,77,7,9655,9655,1251,77,36,2024-12-01T17:02:54.439000+00:00,28.1,28.1,,-3.9924999999999997
1473,20241201,9655,150,16,5,9655,9655,1251,16,37,2024-12-01T17:02:56.722000+00:00,28.9,28.9,,37.6405
1474,20241201,9655,150,81,8,9655,9655,1251,81,37,2024-12-01T17:02:58.699000+00:00,29.3,29.3,,
1475,20241201,9655,150,11,12,9655,9655,1251,11,37,2024-12-01T17:03:00.768000+00:00,29.4,29.4,,
1476,20241201,9655,150,10,3,9655,9655,1251,10,37,2024-12-01T17:03:04.251000+00:00,30.4,30.4,,38.2555
1477,20241201,9655,150,63,9,9655,9655,1251,63,37,2024-12-01T17:03:08.929000+00:00,34.0,34.0,,35.68000000000001
1478,20241201,9655,150,55,5,9655,9655,1251,55,37,2024-12-01T17:03:10.610000+00:00,34.3,34.3,,
1479,20241201,9655,150,24,7,9655,9655,1251,24,37,2024-12-01T17:03:12.770000+00:00,34.8,34.8,,38.275000000000006
1480,20241201,9655,150,14,4,9655,9655,1251,14,37,2024-12-01T17:03:15.314000+00:00,32.8,32.8,,35.119
1481,20241201,9655,150,20,6,9655,9655,1251,20,37,2024-12-01T17:03:16.452000+00:00,33.3,33.3,,19.136999999999993
1482,20241201,9655,150,22,10,9655,9655,1251,22,37,2024-12-01T17:03:21.452000+00:00,35.8,35.8,,43.417000000000016
1483,20241201,9655,150,23,13,9655,9655,1251,23,37,2024-12-01T17:03:23.176000+00:00,36.5,36.5,,33.838
1484,20241201,9655,150,27,6,9655,9655,1251,27,37,2024-12-01T17:03:26.493000+00:00,37.6,37.6,,21.243000000000002
1485,20241201,9655,150,30,10,9655,9655,1251,30,37,2024-12-01T17:03:31.230000+00:00,26.7,26.7,,39.509
1486,20241201,9655,150,22,10,9655,9655,1251,22,40,2024-12-01T17:09:51.860000+00:00,29.271,29.271,3.4,-19.55200000000002
1487,20241201,9655,150,30,10,9655,9655,1251,30,40,2024-12-01T17:09:59.872000+00:00,34.655,34.655,3.5,-16.788500000000013
1488,20241201,9655,150,4,8,9655,9655,1251,4,45,2024-12-01T17:18:36.556000+00:00,36.069,36.069,10.8,-22.58266666666666
1489,20241201,9655,150,44,9,9655,9655,1251,44,47,2024-12-01T17:21:28.004000+00:00,22.7,22.7,,-0.7486666666666674
1490,20241201,9655,150,23,13,9655,9655,1251,23,55,2024-12-01T17:33:23.892000+00:00,39.687,39.687,14.2,
1491,20241208,9662,70,43,13,9662,9662,1252,43,3,2024-12-08T13:09:54.663000+00:00,24.941,24.941,4.9,-22.799500000000002
1492,20241208,9662,70,81,8,9662,9662,1252,81,4,2024-12-08T13:10:50.793000+00:00,23.582,23.582,4.4,-17.88433333333333
1493,20241208,9662,70,77,7,9662,9662,1252,77,6,2024-12-08T13:14:05.238000+00:00,41.144,41.144,21.5,-3.0896666666666683
1494,20241208,9662,70,18,4,9662,9662,1252,18,11,2024-12-08T13:21:14.719000+00:00,23.266,23.266,4.0,-0.39066666666666805
1495,20241208,9662,70,20,6,9662,9662,1252,20,12,2024-12-08T13:22:47.153000+00:00,26.363,26.363,7.2,-1.1598333333333337
1496,20241208,9662,70,24,7,9662,9662,1252,24,12,2024-12-08T13:22:49.740000+00:00,23.024,23.024,3.5,-0.4766666666666689
1497,20241208,9662,70,23,13,9662,9662,1252,23,12,2024-12-08T13:22:50.176000+00:00,22.065,22.065,3.3,-0.7128333333333288
1498,20241208,9662,70,27,6,9662,9662,1252,27,13,2024-12-08T13:24:07.929000+00:00,21.53,21.53,2.5,-0.9254999999999971
1499,20241208,9662,70,14,4,9662,9662,1252,14,13,2024-12-08T13:24:13.849000+00:00,23.326,23.326,4.3,-1.7074999999999985
1500,20241208,9662,70,10,3,9662,9662,1252,10,14,2024-12-08T13:25:34.002000+00:00,22.059,22.059,2.6,-0.18316666666666492
1501,20241208,9662,70,16,5,9662,9662,1252,16,20,2024-12-08T13:34:35.212000+00:00,21.869,21.869,2.7,0.28850000000000864
1502,20241208,9662,70,22,10,9662,9662,1252,22,22,2024-12-08T13:38:02.632000+00:00,21.869,21.869,2.4,-1.4799999999999993
1503,20241208,9662,70,61,3,9662,9662,1252,61,22,2024-12-08T13:38:05.033000+00:00,22.08,22.08,2.6,-1.038666666666669
1504,20241208,9662,70,30,10,9662,9662,1252,30,23,2024-12-08T13:39:28.628000+00:00,23.415,23.415,4.2,-1.2849999999999966
1505,20241208,9662,70,30,10,9662,9662,1252,30,24,2024-12-08T13:41:24.188000+00:00,22.565,22.565,3.5,-1.3575000000000017
1506,20241208,9662,70,55,5,9662,9662,1252,55,25,2024-12-08T13:41:44.930000+00:00,21.28,21.28,2.2,-0.8164999999999978
1507,20241208,9662,70,4,8,9662,9662,1252,4,26,2024-12-08T13:43:11.101000+00:00,21.276,21.276,2.0,-0.9366666666666651
1508,20241208,9662,70,63,9,9662,9662,1252,63,26,2024-12-08T13:43:34.032000+00:00,21.656,21.656,2.4,-1.578999999999996
1509,20241208,9662,70,1,12,9662,9662,1252,1,29,2024-12-08T13:48:20.136000+00:00,32.652,32.652,13.5,-1.838333333333336
1510,20241208,9662,70,20,6,9662,9662,1252,20,29,2024-12-08T13:48:41.187000+00:00,21.678,21.678,2.6,-3.284000000000001
1511,20241208,9662,70,30,10,9662,9662,1252,30,29,2024-12-08T13:49:25.632000+00:00,32.317,32.317,12.2,-0.09449999999999885
1512,20241208,9662,70,20,6,9662,9662,1252,20,30,2024-12-08T13:50:44.261000+00:00,22.815,22.815,2.9,-2.316500000000005
1513,20241208,9662,70,18,4,9662,9662,1252,18,32,2024-12-08T13:53:11.117000+00:00,22.053,22.053,2.6,-0.8358333333333359
1514,20241208,9662,70,81,8,9662,9662,1252,81,32,2024-12-08T13:53:15.592000+00:00,32.774,32.774,13.4,-1.552500000000002
1515,20241208,9662,70,44,9,9662,9662,1252,44,34,2024-12-08T13:55:40.171000+00:00,21.694,21.694,2.5,-1.9296666666666695
1516,20241208,9662,70,14,4,9662,9662,1252,14,37,2024-12-08T14:00:33.716000+00:00,22.437,22.437,3.4,-1.2620000000000005
1517,20241208,9662,70,24,7,9662,9662,1252,24,39,2024-12-08T14:03:51.458000+00:00,28.765,28.765,9.2,-1.4533333333333378
1518,20241208,9662,70,20,6,9662,9662,1252,20,55,2024-12-08T14:28:28.764000+00:00,22.09,22.09,2.8,-4.9433333333333325
1519,20250316,9693,10,4,8,9693,9693,1254,4,2,2025-03-16T04:23:12.761000+00:00,13.3,13.3,,
1520,20250316,9693,10,1,12,9693,9693,1254,1,2,2025-03-16T04:23:14.282000+00:00,13.4,13.4,,
1521,20250316,9693,10,81,8,9693,9693,1254,81,2,2025-03-16T04:23:15.787000+00:00,13.0,13.0,,
1522,20250316,9693,10,63,9,9693,9693,1254,63,2,2025-03-16T04:23:18.291000+00:00,13.6,13.6,,
1523,20250316,9693,10,16,5,9693,9693,1254,16,2,2025-03-16T04:23:21.181000+00:00,14.1,14.1,,
1524,20250316,9693,10,22,11,9693,9693,1254,22,2,2025-03-16T04:23:24.246000+00:00,14.9,14.9,,
1525,20250316,9693,10,23,13,9693,9693,1254,23,2,2025-03-16T04:23:26.497000+00:00,15.0,15.0,,
1526,20250316,9693,10,44,5,9693,9693,1254,44,2,2025-03-16T04:23:28.680000+00:00,15.0,15.0,,
1527,20250316,9693,10,10,3,9693,9693,1254,10,2,2025-03-16T04:23:31.233000+00:00,15.1,15.1,,
1528,20250316,9693,10,14,4,9693,9693,1254,14,2,2025-03-16T04:23:33.032000+00:00,15.5,15.5,,
1529,20250316,9693,10,18,4,9693,9693,1254,18,2,2025-03-16T04:23:35.723000+00:00,15.5,15.5,,
1530,20250316,9693,10,27,7,9693,9693,1254,27,2,2025-03-16T04:23:37.404000+00:00,15.1,15.1,,
1531,20250316,9693,10,12,9,9693,9693,1254,12,2,2025-03-16T04:23:38.906000+00:00,14.6,14.6,,
1532,20250316,9693,10,5,7,9693,9693,1254,5,2,2025-03-16T04:23:40.336000+00:00,14.4,14.4,,
1533,20250316,9693,10,31,6,9693,9693,1254,31,2,2025-03-16T04:23:42.208000+00:00,14.3,14.3,,
1534,20250316,9693,10,30,12,9693,9693,1254,30,2,2025-03-16T04:23:44.866000+00:00,14.7,14.7,,
1535,20250316,9693,10,87,6,9693,9693,1254,87,2,2025-03-16T04:23:45.808000+00:00,14.6,14.6,,
1536,20250316,9693,10,4,8,9693,9693,1254,4,3,2025-03-16T04:25:54.261000+00:00,12.9,12.9,,22.992999999999995
1537,20250316,9693,10,1,12,9693,9693,1254,1,3,2025-03-16T04:25:56.710000+00:00,13.7,13.7,,19.950000000000003
1538,20250316,9693,10,81,8,9693,9693,1254,81,3,2025-03-16T04:25:58.250000+00:00,13.8,13.8,,18.670999999999992
1539,20250316,9693,10,63,9,9693,9693,1254,63,3,2025-03-16T04:26:00.588000+00:00,14.1,14.1,,14.39500000000001
1540,20250316,9693,10,16,5,9693,9693,1254,16,3,2025-03-16T04:26:03.317000+00:00,14.6,14.6,,9.97799999999998
1541,20250316,9693,10,22,11,9693,9693,1254,22,3,2025-03-16T04:26:07.237000+00:00,15.2,15.2,,8.417000000000002
1542,20250316,9693,10,23,13,9693,9693,1254,23,3,2025-03-16T04:26:11.014000+00:00,16.9,16.9,,7.031000000000006
1543,20250316,9693,10,44,5,9693,9693,1254,44,3,2025-03-16T04:26:12.947000+00:00,16.1,16.1,,7.100999999999999
1544,20250316,9693,10,10,3,9693,9693,1254,10,3,2025-03-16T04:26:14.535000+00:00,15.7,15.7,,5.5190000000000055
1545,20250316,9693,10,14,4,9693,9693,1254,14,3,2025-03-16T04:26:16.239000+00:00,16.2,16.2,,2.0039999999999907
1546,20250316,9693,10,18,4,9693,9693,1254,18,3,2025-03-16T04:26:18.773000+00:00,16.0,16.0,,1.2160000000000082
1547,20250316,9693,10,27,7,9693,9693,1254,27,3,2025-03-16T04:26:20.410000+00:00,15.9,15.9,,-0.42600000000001614
1548,20250316,9693,10,12,9,9693,9693,1254,12,3,2025-03-16T04:26:22.648000+00:00,16.3,16.3,,-1.5550000000000068
1549,20250316,9693,10,5,7,9693,9693,1254,5,3,2025-03-16T04:26:24.517000+00:00,16.3,16.3,,-3.460000000000008
1550,20250316,9693,10,31,6,9693,9693,1254,31,3,2025-03-16T04:26:26.647000+00:00,16.4,16.4,,-5.0730000000000075
1551,20250316,9693,10,30,12,9693,9693,1254,30,3,2025-03-16T04:26:29.150000+00:00,16.3,16.3,,-7.5379999999999825
1552,20250316,9693,10,87,6,9693,9693,1254,87,3,2025-03-16T04:26:30.064000+00:00,16.3,16.3,,-7.5470000000000255
1553,20250316,9693,10,4,8,9693,9693,1254,4,4,2025-03-16T04:28:30.190000+00:00,12.8,12.8,,21.335499999999996
1554,20250316,9693,10,1,12,9693,9693,1254,1,4,2025-03-16T04:28:32.243000+00:00,12.9,12.9,,18.346500000000006
1555,20250316,9693,10,81,8,9693,9693,1254,81,4,2025-03-16T04:28:33.914000+00:00,12.8,12.8,,16.51899999999999
1556,20250316,9693,10,63,9,9693,9693,1254,63,4,2025-03-16T04:28:37.172000+00:00,13.6,13.6,,11.994500000000002
1557,20250316,9693,10,16,5,9693,9693,1254,16,4,2025-03-16T04:28:39.089000+00:00,14.1,14.1,,7.157499999999985
1558,20250316,9693,10,22,11,9693,9693,1254,22,4,2025-03-16T04:28:42.407000+00:00,13.6,13.6,,4.451999999999998
1559,20250316,9693,10,23,13,9693,9693,1254,23,4,2025-03-16T04:28:44.788000+00:00,14.2,14.2,,1.7575000000000074
1560,20250316,9693,10,44,5,9693,9693,1254,44,4,2025-03-16T04:28:47.101000+00:00,14.7,14.7,,0.6409999999999982
1561,20250316,9693,10,10,3,9693,9693,1254,10,4,2025-03-16T04:28:49.811000+00:00,14.7,14.7,,-1.0904999999999916
1562,20250316,9693,10,14,4,9693,9693,1254,14,4,2025-03-16T04:28:51.748000+00:00,15.0,15.0,,-4.94550000000001
1563,20250316,9693,10,18,4,9693,9693,1254,18,4,2025-03-16T04:28:54.348000+00:00,14.4,14.4,,-6.927
1564,20250316,9693,10,27,7,9693,9693,1254,27,4,2025-03-16T04:28:56.162000+00:00,14.1,14.1,,-8.923500000000011
1565,20250316,9693,10,12,9,9693,9693,1254,12,4,2025-03-16T04:28:57.988000+00:00,13.9,13.9,,-10.404499999999999
1566,20250316,9693,10,5,7,9693,9693,1254,5,4,2025-03-16T04:29:00.339000+00:00,14.2,14.2,,-12.214500000000008
1567,20250316,9693,10,31,6,9693,9693,1254,31,4,2025-03-16T04:29:08.858000+00:00,19.649,19.649,2.5,-14.057000000000002
1568,20250316,9693,10,30,12,9693,9693,1254,30,4,2025-03-16T04:29:09.440000+00:00,18.88,18.88,2.5,-17.23449999999999
1569,20250316,9693,10,87,6,9693,9693,1254,87,4,2025-03-16T04:29:15.713000+00:00,22.494,22.494,2.4,-17.488500000000023
1570,20250316,9693,10,22,11,9693,9693,1254,22,33,2025-03-16T05:15:54.883000+00:00,18.997,18.997,2.6,10.611333333333333
1571,20250316,9693,10,23,13,9693,9693,1254,23,33,2025-03-16T05:15:55.546000+00:00,18.573,18.573,2.7,12.906333333333334
1572,20250316,9693,10,44,5,9693,9693,1254,44,33,2025-03-16T05:15:57.301000+00:00,18.526,18.526,2.4,12.785000000000002
1573,20250316,9693,10,10,3,9693,9693,1254,10,33,2025-03-16T05:16:00.331000+00:00,19.589,19.589,3.6,13.973500000000007
1574,20250316,9693,10,12,9,9693,9693,1254,12,33,2025-03-16T05:16:04.800000+00:00,18.912,18.912,2.7,13.805500000000002
1575,20250316,9693,10,18,4,9693,9693,1254,18,33,2025-03-16T05:16:26.408000+00:00,18.802,18.802,2.8,11.793666666666669
1576,20250316,9693,10,27,7,9693,9693,1254,27,33,2025-03-16T05:16:36.934000+00:00,21.123,21.123,5.1,11.212666666666669
1577,20250316,9693,10,4,8,9693,9693,1254,4,34,2025-03-16T05:16:41.267000+00:00,18.464,18.464,2.7,59.24816666666667
1578,20250316,9693,10,5,7,9693,9693,1254,5,33,2025-03-16T05:16:45.940000+00:00,24.073,24.073,5.6,54.16899999999999
1579,20250316,9693,10,81,8,9693,9693,1254,81,34,2025-03-16T05:16:49.493000+00:00,19.719,19.719,3.8,56.9505
1580,20250316,9693,10,30,12,9693,9693,1254,30,33,2025-03-16T05:16:53.230000+00:00,20.067,20.067,2.9,53.020166666666675
1581,20250316,9693,10,1,12,9693,9693,1254,1,34,2025-03-16T05:17:05.874000+00:00,18.7,18.7,2.7,51.478
1582,20250316,9693,10,63,9,9693,9693,1254,63,34,2025-03-16T05:17:27.880000+00:00,19.125,19.125,2.6,38.97083333333334
1583,20250316,9693,10,16,5,9693,9693,1254,16,34,2025-03-16T05:17:35.896000+00:00,18.154,18.154,2.3,34.364833333333344
1584,20250316,9693,10,31,6,9693,9693,1254,31,39,2025-03-16T05:30:19.227000+00:00,18.778,18.778,2.8,-55.73916666666666
1585,20250316,9693,10,87,6,9693,9693,1254,87,39,2025-03-16T05:30:28.080000+00:00,22.441,22.441,4.9,-55.67400000000001
1586,20250316,9693,10,4,8,9693,9693,1254,4,44,2025-03-16T05:37:14.711000+00:00,18.031,18.031,3.1,2.6804999999999897
1587,20250316,9693,10,63,9,9693,9693,1254,63,44,2025-03-16T05:37:22.212000+00:00,19.378,19.378,2.7,6.315166666666665
1588,20250316,9693,10,23,13,9693,9693,1254,23,44,2025-03-16T05:37:23.180000+00:00,18.952,18.952,3.5,9.520166666666668
1589,20250316,9693,10,18,4,9693,9693,1254,18,44,2025-03-16T05:37:26.634000+00:00,18.901,18.901,2.8,10.0395
1590,20250316,9693,10,12,9,9693,9693,1254,12,44,2025-03-16T05:37:28.705000+00:00,21.946,21.946,3.0,8.723000000000003
1591,20250316,9693,10,27,7,9693,9693,1254,27,44,2025-03-16T05:37:29.199000+00:00,20.209,20.209,4.0,9.446833333333334
1592,20250316,9693,10,5,7,9693,9693,1254,5,44,2025-03-16T05:37:44.745000+00:00,26.214,26.214,9.3,
1593,20250316,9693,10,81,8,9693,9693,1254,81,44,2025-03-16T05:38:42.285000+00:00,19.85,19.85,4.1,15.13666666666667
1594,20250316,9693,10,87,6,9693,9693,1254,87,44,2025-03-16T05:38:52.612000+00:00,19.37,19.37,2.8,32.77633333333333
1595,20250316,9693,10,1,12,9693,9693,1254,1,46,2025-03-16T05:40:24.422000+00:00,18.721,18.721,2.5,46.06766666666667
1596,20250316,9693,10,10,3,9693,9693,1254,10,46,2025-03-16T05:40:37.586000+00:00,19.482,19.482,3.3,44.45333333333334
1597,20250316,9693,10,31,6,9693,9693,1254,31,46,2025-03-16T05:41:57.402000+00:00,19.858,19.858,2.6,11.300166666666664
1598,20250316,9693,10,44,5,9693,9693,1254,44,47,2025-03-16T05:42:48.260000+00:00,20.802,20.802,2.4,47.763999999999996
1599,20250316,9693,10,16,5,9693,9693,1254,16,47,2025-03-16T05:42:54.048000+00:00,24.528,24.528,3.2,46.592499999999994
1600,20250316,9693,10,22,11,9693,9693,1254,22,47,2025-03-16T05:42:55.649000+00:00,19.312,19.312,2.4,46.2615
1601,20250323,9998,49,5,7,9998,9998,1255,5,1,2025-03-23T07:06:04.340000+00:00,23.385,23.385,3.3,
1602,20250323,9998,49,10,3,9998,9998,1255,10,10,2025-03-23T07:20:44.723000+00:00,23.138,23.138,3.1,-1.2458333333333325
1603,20250323,9998,49,22,11,9998,9998,1255,22,11,2025-03-23T07:22:19.754000+00:00,22.519,22.519,2.1,-0.8133333333333326
1604,20250323,9998,49,31,6,9998,9998,1255,31,11,2025-03-23T07:22:21.968000+00:00,23.114,23.114,2.8,-1.127166666666665
1605,20250323,9998,49,7,3,9998,9998,1255,7,11,2025-03-23T07:22:27.138000+00:00,22.793,22.793,2.7,-1.3738333333333372
1606,20250323,9998,49,12,9,9998,9998,1255,12,12,2025-03-23T07:23:56.527000+00:00,22.675,22.675,2.7,-0.22816666666666197
1607,20250323,9998,49,6,11,9998,9998,1255,6,12,2025-03-23T07:23:59.507000+00:00,22.896,22.896,3.0,-0.7198333333333338
1608,20250323,9998,49,44,5,9998,9998,1255,44,13,2025-03-23T07:25:26.243000+00:00,22.388,22.388,2.4,-0.7818333333333409
1609,20250323,9998,49,1,12,9998,9998,1255,1,13,2025-03-23T07:25:31.444000+00:00,22.454,22.454,2.2,-1.7753333333333263
1610,20250323,9998,49,81,8,9998,9998,1255,81,14,2025-03-23T07:26:57.345000+00:00,23.938,23.938,3.8,-0.9149999999999967
1611,20250323,9998,49,63,9,9998,9998,1255,63,14,2025-03-23T07:27:01.311000+00:00,22.324,22.324,2.4,-0.9946666666666719
1612,20250323,9998,49,4,8,9998,9998,1255,4,15,2025-03-23T07:28:37.122000+00:00,22.213,22.213,2.2,-0.8571666666666644
1613,20250323,9998,49,16,5,9998,9998,1255,16,15,2025-03-23T07:28:42.400000+00:00,22.1,22.1,,-0.5329999999999988
1614,20250323,9998,49,55,13,9998,9998,1255,55,17,2025-03-23T07:32:20.876000+00:00,22.721,22.721,2.7,-0.8578333333333223
1615,20250323,9998,49,30,12,9998,9998,1255,30,18,2025-03-23T07:34:04.511000+00:00,22.536,22.536,2.5,-2.347666666666664
1616,20250323,9998,49,23,13,9998,9998,1255,23,20,2025-03-23T07:37:11.948000+00:00,23.362,23.362,3.3,-1.5730000000000004
1617,20250323,9998,49,27,7,9998,9998,1255,27,20,2025-03-23T07:37:39.728000+00:00,22.959,22.959,2.7,-3.5368333333333317
1618,20250323,9998,49,87,6,9998,9998,1255,87,26,2025-03-23T07:47:11.720000+00:00,22.808,22.808,2.9,-1.9230000000000043
1619,20250323,9998,49,5,7,9998,9998,1255,5,26,2025-03-23T07:47:46.464000+00:00,22.79,22.79,2.6,-3.419500000000002
1620,20250323,9998,49,30,12,9998,9998,1255,30,30,2025-03-23T07:54:02.377000+00:00,22.355,22.355,2.5,-1.6968333333333352
1621,20250323,9998,49,6,11,9998,9998,1255,6,33,2025-03-23T07:58:46.021000+00:00,22.234,22.234,2.5,-1.553500000000002
1622,20250323,9998,49,22,11,9998,9998,1255,22,35,2025-03-23T08:01:56.370000+00:00,22.583,22.583,2.3,-1.1666666666666714
1623,20250323,9998,49,18,4,9998,9998,1255,18,36,2025-03-23T08:03:32.324000+00:00,22.995,22.995,3.2,-1.6995000000000051
1624,20250323,9998,49,44,5,9998,9998,1255,44,37,2025-03-23T08:04:48.706000+00:00,22.364,22.364,2.3,-1.534666666666671
1625,20250323,9998,49,22,11,9998,9998,1255,22,46,2025-03-23T08:20:25.204000+00:00,38.102,38.102,17.6,-0.851833333333334
1626,20250406,10006,46,18,4,10006,10006,1256,18,9,2025-04-06T05:18:42.712000+00:00,23.724,23.724,2.6,-0.20116666666666805
1627,20250406,10006,46,7,3,10006,10006,1256,7,15,2025-04-06T05:28:10.894000+00:00,23.382,23.382,2.5,-1.3364999999999962
1628,20250406,10006,46,63,9,10006,10006,1256,63,19,2025-04-06T05:33:59.151000+00:00,23.184,23.184,2.3,-0.2066666666666659
1629,20250406,10006,46,81,8,10006,10006,1256,81,20,2025-04-06T05:35:38.006000+00:00,23.037,23.037,2.1,-0.1568333333333385
1630,20250406,10006,46,1,12,10006,10006,1256,1,21,2025-04-06T05:36:57.801000+00:00,24.397,24.397,3.3,-0.771833333333331
1631,20250406,10006,46,4,8,10006,10006,1256,4,21,2025-04-06T05:36:57.957000+00:00,23.222,23.222,2.3,-0.4046666666666686
1632,20250406,10006,46,16,5,10006,10006,1256,16,21,2025-04-06T05:37:04.066000+00:00,23.346,23.346,2.4,-0.07000000000000028
1633,20250406,10006,46,27,7,10006,10006,1256,27,22,2025-04-06T05:39:09.192000+00:00,23.515,23.515,2.6,0.4843333333333343
1634,20250406,10006,46,87,6,10006,10006,1256,87,23,2025-04-06T05:40:33.084000+00:00,24.834,24.834,3.9,-1.6601666666666735
1635,20250406,10006,46,22,12,10006,10006,1256,22,23,2025-04-06T05:40:38.849000+00:00,24.181,24.181,2.9,-1.3058333333333298
1636,20250406,10006,46,23,13,10006,10006,1256,23,24,2025-04-06T05:41:59.678000+00:00,23.093,23.093,2.6,-0.4370000000000047
1637,20250406,10006,46,14,4,10006,10006,1256,14,24,2025-04-06T05:42:11.438000+00:00,25.708,25.708,4.7,-1.7151666666666638
1638,20250406,10006,46,10,3,10006,10006,1256,10,24,2025-04-06T05:42:14.929000+00:00,26.041,26.041,4.8,-1.9383333333333277
1639,20250406,10006,46,6,11,10006,10006,1256,6,25,2025-04-06T05:43:29.773000+00:00,23.333,23.333,2.4,-0.49366666666667197
1640,20250406,10006,46,44,5,10006,10006,1256,44,30,2025-04-06T05:51:11.930000+00:00,22.937,22.937,2.2,-1.4396666666666722
1641,20250406,10006,46,18,4,10006,10006,1256,18,30,2025-04-06T05:52:06.619000+00:00,23.608,23.608,2.7,-1.679500000000002
1642,20250406,10006,46,12,9,10006,10006,1256,12,31,2025-04-06T05:52:41.258000+00:00,24.38,24.38,3.1,-1.6289999999999931
1643,20250406,10006,46,5,7,10006,10006,1256,5,31,2025-04-06T05:53:22.493000+00:00,23.419,23.419,2.6,-1.345999999999999
1644,20250406,10006,46,31,6,10006,10006,1256,31,32,2025-04-06T05:54:54.863000+00:00,24.464,24.464,3.5,-1.3989999999999938
1645,20250406,10006,46,30,11,10006,10006,1256,30,33,2025-04-06T05:56:25.345000+00:00,23.662,23.662,2.9,-2.2151666666666663
1646,20250406,10006,46,55,13,10006,10006,1256,55,33,2025-04-06T05:56:27.204000+00:00,23.337,23.337,2.6,-3.7313333333333367
1647,20250413,10014,63,27,7,10014,10014,1257,27,5,2025-04-13T15:12:43.873000+00:00,24.2,24.2,,-1.4801666666666644
1648,20250413,10014,63,6,11,10014,10014,1257,6,6,2025-04-13T15:14:22.192000+00:00,25.265,25.265,3.5,-1.721999999999999
1649,20250413,10014,63,31,6,10014,10014,1257,31,8,2025-04-13T15:17:35.761000+00:00,24.876,24.876,2.6,-1.5025000000000026
1650,20250413,10014,63,7,3,10014,10014,1257,7,9,2025-04-13T15:19:15.767000+00:00,24.791,24.791,2.8,-1.639666666666661
1651,20250413,10014,63,4,8,10014,10014,1257,4,10,2025-04-13T15:20:47.938000+00:00,29.822,29.822,7.7,-1.18733333333333
1652,20250413,10014,63,10,3,10014,10014,1257,10,10,2025-04-13T15:20:49.907000+00:00,25.033,25.033,2.8,-1.9819999999999947
1653,20250413,10014,63,1,12,10014,10014,1257,1,10,2025-04-13T15:20:52.266000+00:00,26.518,26.518,4.7,-1.562500000000007
1654,20250413,10014,63,22,12,10014,10014,1257,22,11,2025-04-13T15:22:35.432000+00:00,26.493,26.493,4.2,-1.9883333333333344
1655,20250413,10014,63,12,9,10014,10014,1257,12,12,2025-04-13T15:24:07.047000+00:00,24.807,24.807,2.5,-1.5288333333333313
1656,20250413,10014,63,18,4,10014,10014,1257,18,12,2025-04-13T15:24:25.037000+00:00,24.611,24.611,2.4,-1.1794999999999998
1657,20250413,10014,63,63,9,10014,10014,1257,63,13,2025-04-13T15:25:38.508000+00:00,24.044,24.044,2.2,-1.098833333333334
1658,20250413,10014,63,5,7,10014,10014,1257,5,13,2025-04-13T15:26:07.068000+00:00,24.143,24.143,2.2,-1.63216666666667
1659,20250413,10014,63,81,8,10014,10014,1257,81,14,2025-04-13T15:27:13.344000+00:00,24.498,24.498,2.3,-0.9259999999999995
1660,20250413,10014,63,55,13,10014,10014,1257,55,14,2025-04-13T15:27:36.042000+00:00,24.6,24.6,2.9,-2.770166666666668
1661,20250413,10014,63,87,6,10014,10014,1257,87,14,2025-04-13T15:27:38.565000+00:00,24.562,24.562,2.9,-1.9729999999999943
1662,20250413,10014,63,30,11,10014,10014,1257,30,14,2025-04-13T15:27:44.924000+00:00,25.242,25.242,3.1,-2.099666666666664
1663,20250413,10014,63,23,13,10014,10014,1257,23,16,2025-04-13T15:30:58.785000+00:00,25.394,25.394,3.6,-2.7213333333333294
1664,20250413,10014,63,14,4,10014,10014,1257,14,16,2025-04-13T15:31:03.591000+00:00,24.826,24.826,2.7,-2.2340000000000044
1665,20250413,10014,63,16,5,10014,10014,1257,16,17,2025-04-13T15:32:17.130000+00:00,24.802,24.802,2.6,-1.8879999999999981
1666,20250413,10014,63,44,5,10014,10014,1257,44,17,2025-04-13T15:32:26.694000+00:00,24.34,24.34,2.3,-2.2343333333333346
1667,20250413,10014,63,1,12,10014,10014,1257,1,26,2025-04-13T15:47:39.342000+00:00,28.067,28.067,6.2,-2.3034999999999997
1668,20250413,10014,63,31,6,10014,10014,1257,31,27,2025-04-13T15:49:11.397000+00:00,24.832,24.832,2.7,-2.2461666666666695
1669,20250413,10014,63,12,9,10014,10014,1257,12,27,2025-04-13T15:49:11.833000+00:00,24.506,24.506,2.8,-2.4979999999999998
1670,20250413,10014,63,27,7,10014,10014,1257,27,27,2025-04-13T15:49:32.563000+00:00,24.2,24.2,,-2.335166666666668
1671,20250413,10014,63,10,3,10014,10014,1257,10,28,2025-04-13T15:50:43.738000+00:00,24.958,24.958,2.8,-1.3021666666666598
1672,20250413,10014,63,7,3,10014,10014,1257,7,28,2025-04-13T15:50:56.202000+00:00,25.093,25.093,3.1,-2.3974999999999937
1673,20250413,10014,63,6,11,10014,10014,1257,6,28,2025-04-13T15:51:07.542000+00:00,24.64,24.64,2.9,-2.561
1674,20250413,10014,63,81,8,10014,10014,1257,81,32,2025-04-13T15:57:04.064000+00:00,24.9,24.9,2.9,45.71666666666666
1675,20250413,10014,63,63,9,10014,10014,1257,63,32,2025-04-13T15:57:12.763000+00:00,24.1,24.1,2.4,45.1865
1676,20250413,10014,63,16,5,10014,10014,1257,16,32,2025-04-13T15:57:14.330000+00:00,24.241,24.241,2.4,44.828500000000005
1677,20250413,10014,63,4,8,10014,10014,1257,4,32,2025-04-13T15:57:16.814000+00:00,24.035,24.035,2.3,44.15749999999999
1678,20250413,10014,63,44,5,10014,10014,1257,44,32,2025-04-13T15:57:30.119000+00:00,24.35,24.35,2.1,40.48983333333333
1679,20250413,10014,63,55,13,10014,10014,1257,55,32,2025-04-13T15:57:56.692000+00:00,24.315,24.315,2.6,26.641999999999996
1680,20250413,10014,63,22,12,10014,10014,1257,22,32,2025-04-13T15:57:58.398000+00:00,24.771,24.771,2.4,25.79816666666666
1681,20250413,10014,63,87,6,10014,10014,1257,87,32,2025-04-13T15:58:03.317000+00:00,24.895,24.895,3.5,24.80183333333333
1682,20250413,10014,63,23,13,10014,10014,1257,23,32,2025-04-13T15:58:03.712000+00:00,25.99,25.99,2.6,25.03149999999999
1683,20250413,10014,63,12,9,10014,10014,1257,12,32,2025-04-13T15:58:06.819000+00:00,24.693,24.693,2.9,25.145166666666665
1684,20250413,10014,63,14,4,10014,10014,1257,14,32,2025-04-13T15:58:10.059000+00:00,24.846,24.846,2.6,21.895499999999995
1685,20250413,10014,63,30,11,10014,10014,1257,30,32,2025-04-13T15:58:20.848000+00:00,24.191,24.191,2.3,15.804499999999999
1686,20250413,10014,63,18,4,10014,10014,1257,18,32,2025-04-13T15:58:22.181000+00:00,24.592,24.592,2.8,15.30666666666667
1687,20250413,10014,63,5,7,10014,10014,1257,5,32,2025-04-13T15:58:30.418000+00:00,25.396,25.396,3.3,11.76616666666667
1688,20250413,10014,63,55,13,10014,10014,1257,55,44,2025-04-13T16:19:49.065000+00:00,37.116,37.116,15.1,
1689,20250420,10022,149,7,3,10022,10022,1258,7,1,2025-04-20T17:06:43.644000+00:00,20.571,20.571,2.5,
1690,20250420,10022,149,31,6,10022,10022,1258,31,1,2025-04-20T17:06:45.644000+00:00,21.512,21.512,3.1,
1691,20250420,10022,149,5,7,10022,10022,1258,5,1,2025-04-20T17:06:46.504000+00:00,21.854,21.854,3.4,
1692,20250420,10022,149,87,6,10022,10022,1258,87,18,2025-04-20T17:36:05.973000+00:00,22.095,22.095,4.2,-1.6526666666666614
1693,20250420,10022,149,81,8,10022,10022,1258,81,19,2025-04-20T17:37:06.014000+00:00,21.388,21.388,3.4,-0.27816666666666134
1694,20250420,10022,149,12,9,10022,10022,1258,12,19,2025-04-20T17:37:20.145000+00:00,20.399,20.399,2.3,-1.2764999999999986
1695,20250420,10022,149,14,4,10022,10022,1258,14,19,2025-04-20T17:37:38.585000+00:00,21.891,21.891,3.9,-0.9650000000000034
1696,20250420,10022,149,63,9,10022,10022,1258,63,20,2025-04-20T17:38:45.260000+00:00,20.329,20.329,2.4,-0.9959999999999951
1697,20250420,10022,149,30,11,10022,10022,1258,30,20,2025-04-20T17:39:10.227000+00:00,20.534,20.534,2.5,-0.27866666666667567
1698,20250420,10022,149,1,12,10022,10022,1258,1,21,2025-04-20T17:40:15.987000+00:00,26.03,26.03,8.3,-0.155166666666671
1699,20250420,10022,149,55,13,10022,10022,1258,55,21,2025-04-20T17:40:41.796000+00:00,24.148,24.148,6.4,-0.8036666666666624
1700,20250420,10022,149,23,13,10022,10022,1258,23,22,2025-04-20T17:42:19.024000+00:00,22.135,22.135,5.0,-1.4098333333333268
1701,20250420,10022,149,44,5,10022,10022,1258,44,23,2025-04-20T17:43:43.458000+00:00,20.144,20.144,2.1,-1.3494999999999966
1702,20250420,10022,149,16,5,10022,10022,1258,16,29,2025-04-20T17:52:49.740000+00:00,20.131,20.131,2.0,-0.9793333333333317
1703,20250420,10022,149,7,3,10022,10022,1258,7,32,2025-04-20T17:58:38.095000+00:00,21.521,21.521,3.6,-2.983666666666674
1704,20250420,10022,149,27,7,10022,10022,1258,27,33,2025-04-20T18:00:03.353000+00:00,20.441,20.441,2.3,-1.3299999999999983
1705,20250420,10022,149,4,8,10022,10022,1258,4,34,2025-04-20T18:00:38.881000+00:00,20.427,20.427,2.6,-0.7403333333333322
1706,20250420,10022,149,6,11,10022,10022,1258,6,34,2025-04-20T18:01:14.102000+00:00,20.827,20.827,3.1,-1.452500000000003
1707,20250420,10022,149,18,4,10022,10022,1258,18,39,2025-04-20T18:09:33.789000+00:00,20.487,20.487,2.5,-2.0761666666666634
1708,20250504,10033,151,5,7,10033,10033,1259,5,19,2025-05-04T20:34:44.021000+00:00,22.188,22.188,2.2,
1709,20250504,10033,151,18,4,10033,10033,1259,18,20,2025-05-04T20:36:21.748000+00:00,22.317,22.317,2.5,
1710,20250504,10033,151,6,11,10033,10033,1259,6,22,2025-05-04T20:39:20.295000+00:00,22.115,22.115,2.3,
1711,20250504,10033,151,31,6,10033,10033,1259,31,23,2025-05-04T20:40:53.467000+00:00,23.162,23.162,3.0,
1712,20250504,10033,151,12,9,10033,10033,1259,12,25,2025-05-04T20:43:43.128000+00:00,24.383,24.383,4.4,
1713,20250504,10033,151,55,13,10033,10033,1259,55,25,2025-05-04T20:43:47.326000+00:00,22.415,22.415,2.9,
1714,20250504,10033,151,1,12,10033,10033,1259,1,26,2025-05-04T20:45:11.303000+00:00,22.501,22.501,2.7,
1715,20250504,10033,151,23,13,10033,10033,1259,23,26,2025-05-04T20:45:15.024000+00:00,21.906,21.906,2.5,
1716,20250504,10033,151,22,12,10033,10033,1259,22,27,2025-05-04T20:46:56.575000+00:00,22.56,22.56,2.3,14.505500000000005
1717,20250504,10033,151,44,5,10033,10033,1259,44,28,2025-05-04T20:48:37.887000+00:00,23.104,23.104,3.4,-1.7875000000000014
1718,20250504,10033,151,14,4,10033,10033,1259,14,28,2025-05-04T20:49:02.324000+00:00,23.602,23.602,3.6,-0.31966666666666776
1719,20250504,10033,151,30,11,10033,10033,1259,30,28,2025-05-04T20:49:36.837000+00:00,22.439,22.439,2.5,-2.1271666666666627
1720,20250504,10033,151,81,8,10033,10033,1259,81,29,2025-05-04T20:49:50.673000+00:00,22.106,22.106,2.2,-1.3618333333333368
1721,20250504,10033,151,4,8,10033,10033,1259,4,29,2025-05-04T20:50:02.131000+00:00,22.044,22.044,2.3,-1.1638333333333317
1722,20250504,10033,151,63,9,10033,10033,1259,63,29,2025-05-04T20:50:24.094000+00:00,24.257,24.257,4.5,-1.4286666666666694
1723,20250504,10033,151,16,5,10033,10033,1259,16,29,2025-05-04T20:50:32.175000+00:00,22.183,22.183,2.3,0.15566666666667572
1724,20250504,10033,151,10,3,10033,10033,1259,10,32,2025-05-04T20:55:38.007000+00:00,22.06,22.06,2.3,-11.574166666666661
1725,20250504,10033,151,27,7,10033,10033,1259,27,36,2025-05-04T21:02:11.272000+00:00,22.108,22.108,2.5,-10.307500000000005
1726,20250518,9987,6,31,6,9987,9987,1260,31,1,2025-05-18T13:05:35.954000+00:00,30.506,30.506,2.6,
1727,20250518,9987,6,10,3,9987,9987,1260,10,9,2025-05-18T13:16:32.985000+00:00,31.488,31.488,3.7,-0.6943333333333376
1728,20250518,9987,6,16,5,9987,9987,1260,16,10,2025-05-18T13:17:48.791000+00:00,29.634,29.634,2.0,-1.084000000000001
1729,20250518,9987,6,30,11,9987,9987,1260,30,10,2025-05-18T13:17:54.304000+00:00,29.695,29.695,2.2,-0.6266666666666604
1730,20250518,9987,6,63,9,9987,9987,1260,63,11,2025-05-18T13:19:09.863000+00:00,29.784,29.784,2.4,-1.0730000000000026
1731,20250518,9987,6,55,13,9987,9987,1260,55,11,2025-05-18T13:19:11.457000+00:00,30.08,30.08,3.4,-0.5883333333333406
1732,20250518,9987,6,14,4,9987,9987,1260,14,12,2025-05-18T13:20:32.826000+00:00,30.163,30.163,2.6,-0.2634999999999982
1733,20250518,9987,6,5,7,9987,9987,1260,5,12,2025-05-18T13:20:40.339000+00:00,30.906,30.906,3.4,-0.3856666666666679
1734,20250518,9987,6,81,8,9987,9987,1260,81,13,2025-05-18T13:21:45.574000+00:00,30.973,30.973,3.6,-0.8015000000000043
1735,20250518,9987,6,18,4,9987,9987,1260,18,14,2025-05-18T13:23:21.071000+00:00,31.218,31.218,3.6,-1.0710000000000028
1736,20250518,9987,6,43,3,9987,9987,1260,43,22,2025-05-18T13:34:31.375000+00:00,30.317,30.317,2.8,-2.421833333333337
1737,20250518,9987,6,4,8,9987,9987,1260,4,28,2025-05-18T13:42:09.669000+00:00,29.513,29.513,2.1,20.132499999999997
1738,20250518,9987,6,1,12,9987,9987,1260,1,29,2025-05-18T13:43:28.454000+00:00,29.991,29.991,2.3,7.412833333333334
1739,20250518,9987,6,23,13,9987,9987,1260,23,29,2025-05-18T13:44:04.660000+00:00,30.471,30.471,2.9,1.5573333333333323
1740,20250518,9987,6,6,11,9987,9987,1260,6,29,2025-05-18T13:44:16.270000+00:00,30.123,30.123,2.5,0.5115000000000052
1741,20250518,9987,6,12,9,9987,9987,1260,12,29,2025-05-18T13:44:16.613000+00:00,30.051,30.051,2.5,0.7113333333333334
1742,20250518,9987,6,44,5,9987,9987,1260,44,29,2025-05-18T13:44:16.991000+00:00,29.949,29.949,2.3,-1.1474999999999986
1743,20250518,9987,6,16,5,9987,9987,1260,16,29,2025-05-18T13:44:24.145000+00:00,31.898,31.898,2.8,0.03616666666666646
1744,20250518,9987,6,27,7,9987,9987,1260,27,29,2025-05-18T13:44:27.364000+00:00,30.184,30.184,2.6,-0.7673333333333308
1745,20250518,9987,6,63,9,9987,9987,1260,63,29,2025-05-18T13:44:30.255000+00:00,30.754,30.754,2.7,-0.6796666666666672
1746,20250518,9987,6,87,6,9987,9987,1260,87,29,2025-05-18T13:44:30.614000+00:00,31.414,31.414,2.9,
1747,20250518,9987,6,22,12,9987,9987,1260,22,29,2025-05-18T13:44:36.052000+00:00,29.807,29.807,2.2,-0.33116666666666345
1748,20250518,9987,6,55,13,9987,9987,1260,55,29,2025-05-18T13:44:37.333000+00:00,30.635,30.635,3.0,-1.3133333333333348
1749,20250518,9987,6,10,3,9987,9987,1260,10,29,2025-05-18T13:44:52.195000+00:00,32.003,32.003,3.2,-1.5941666666666685
1750,20250518,9987,6,30,11,9987,9987,1260,30,29,2025-05-18T13:44:53.898000+00:00,30.291,30.291,2.3,-1.7623333333333306
1751,20250518,9987,6,5,7,9987,9987,1260,5,29,2025-05-18T13:44:56.898000+00:00,30.605,30.605,3.1,-1.0671666666666675
1752,20250518,9987,6,81,8,9987,9987,1260,81,30,2025-05-18T13:46:06.139000+00:00,30.609,30.609,3.3,-8.407833333333329
1753,20250518,9987,6,87,6,9987,9987,1260,87,31,2025-05-18T13:48:38.350000+00:00,56.757,56.757,29.0,-1.7590000000000003
1754,20250518,9987,6,1,12,9987,9987,1260,1,46,2025-05-18T14:07:31.467000+00:00,29.657,29.657,2.1,49.15383333333334
1755,20250518,9987,6,4,8,9987,9987,1260,4,46,2025-05-18T14:08:00.101000+00:00,31.675,31.675,4.4,38.0315
1756,20250518,9987,6,44,5,9987,9987,1260,44,46,2025-05-18T14:08:32.132000+00:00,29.95,29.95,2.1,25.262500000000003
1757,20250518,9987,6,6,11,9987,9987,1260,6,46,2025-05-18T14:08:41.836000+00:00,30.096,30.096,2.6,20.63816666666667
1758,20250518,9987,6,14,4,9987,9987,1260,14,46,2025-05-18T14:09:17.721000+00:00,30.886,30.886,3.1,9.30066666666667
1759,20250518,9987,6,18,4,9987,9987,1260,18,46,2025-05-18T14:09:24.776000+00:00,34.496,34.496,4.1,7.237666666666664
1760,20250518,9987,6,43,3,9987,9987,1260,43,46,2025-05-18T14:09:28.081000+00:00,31.107,31.107,3.2,6.032666666666664
1761,20250518,9987,6,5,7,9987,9987,1260,5,46,2025-05-18T14:09:30.819000+00:00,29.917,29.917,2.3,6.918833333333334
1762,20250518,9987,6,23,13,9987,9987,1260,23,47,2025-05-18T14:10:16.509000+00:00,29.786,29.786,2.5,31.964666666666663
1763,20250525,9979,22,22,12,9979,9979,1261,22,1,2025-05-25T13:05:00.714000+00:00,24.525,24.525,2.6,
1764,20250525,9979,22,10,3,9979,9979,1261,10,1,2025-05-25T13:05:02.483000+00:00,24.376,24.376,2.4,
1765,20250525,9979,22,87,6,9979,9979,1261,87,1,2025-05-25T13:05:30.195000+00:00,50.191,50.191,28.5,
1766,20250525,9979,22,5,7,9979,9979,1261,5,1,2025-05-25T13:05:35.820000+00:00,37.243,37.243,14.6,
1767,20250525,9979,22,27,7,9979,9979,1261,27,12,2025-05-25T13:21:04.879000+00:00,24.065,24.065,2.4,-5.31783333333334
1768,20250525,9979,22,43,3,9979,9979,1261,43,13,2025-05-25T13:22:26.270000+00:00,24.355,24.355,2.5,-4.990333333333332
1769,20250525,9979,22,6,11,9979,9979,1261,6,14,2025-05-25T13:23:19.864000+00:00,24.311,24.311,2.7,-0.9630000000000033
1770,20250525,9979,22,14,4,9979,9979,1261,14,16,2025-05-25T13:25:54.877000+00:00,25.375,25.375,2.6,0.9333333333333325
1771,20250525,9979,22,31,6,9979,9979,1261,31,16,2025-05-25T13:26:00.002000+00:00,25.575,25.575,3.1,-0.5000000000000023
1772,20250525,9979,22,18,4,9979,9979,1261,18,17,2025-05-25T13:27:46.469000+00:00,23.978,23.978,2.5,-2.914666666666657
1773,20250525,9979,22,87,6,9979,9979,1261,87,17,2025-05-25T13:27:48.411000+00:00,24.58,24.58,3.2,-2.9985000000000026
1774,20250525,9979,22,44,5,9979,9979,1261,44,18,2025-05-25T13:28:25.231000+00:00,23.565,23.565,2.1,-0.22883333333333647
1775,20250525,9979,22,4,8,9979,9979,1261,4,19,2025-05-25T13:29:25.731000+00:00,24.545,24.545,2.7,0.10149999999999909
1776,20250525,9979,22,6,11,9979,9979,1261,6,19,2025-05-25T13:30:02.482000+00:00,24.031,24.031,2.5,-0.2681666666666681
1777,20250525,9979,22,81,8,9979,9979,1261,81,20,2025-05-25T13:30:48.575000+00:00,25.756,25.756,3.8,0.6573333333333361
1778,20250525,9979,22,16,5,9979,9979,1261,16,22,2025-05-25T13:33:15.011000+00:00,23.576,23.576,2.0,-0.04933333333333915
1779,20250525,9979,22,5,7,9979,9979,1261,5,26,2025-05-25T13:39:33.903000+00:00,24.483,24.483,2.7,-1.8825000000000025
1780,20250525,9979,22,43,3,9979,9979,1261,43,26,2025-05-25T13:39:35.090000+00:00,24.497,24.497,2.7,-0.3315000000000008
1781,20250525,9979,22,1,12,9979,9979,1261,1,28,2025-05-25T13:40:54.216000+00:00,24.114,24.114,2.3,-0.8251666666666656
1782,20250525,9979,22,31,6,9979,9979,1261,31,28,2025-05-25T13:41:44.900000+00:00,24.773,24.773,2.8,-1.3709999999999927
1783,20250525,9979,22,30,11,9979,9979,1261,30,31,2025-05-25T13:45:47.184000+00:00,24.206,24.206,2.6,0.6053333333333318
1784,20250525,9979,22,23,13,9979,9979,1261,23,32,2025-05-25T13:47:05.165000+00:00,23.927,23.927,2.4,1.3974999999999984
1785,20250525,9979,22,5,7,9979,9979,1261,5,35,2025-05-25T13:51:32.327000+00:00,24.246,24.246,2.4,-4.372666666666663
1786,20250525,9979,22,30,11,9979,9979,1261,30,40,2025-05-25T13:57:37.401000+00:00,24.32,24.32,2.5,0.4523333333333308
1787,20250525,9979,22,23,13,9979,9979,1261,23,40,2025-05-25T13:57:39.323000+00:00,24.19,24.19,2.3,3.0668333333333377
1788,20250525,9979,22,27,7,9979,9979,1261,27,44,2025-05-25T14:03:16.358000+00:00,24.397,24.397,3.0,-2.373666666666665
1789,20250525,9979,22,81,8,9979,9979,1261,81,48,2025-05-25T14:06:10.466000+00:00,23.908,23.908,2.3,-0.28000000000000347
1790,20250525,9979,22,16,5,9979,9979,1261,16,49,2025-05-25T14:07:17.044000+00:00,23.678,23.678,2.2,-0.14016666666666566
1791,20250525,9979,22,55,13,9979,9979,1261,55,48,2025-05-25T14:08:10.982000+00:00,24.498,24.498,3.1,-1.0155000000000007
1792,20250525,9979,22,4,8,9979,9979,1261,4,50,2025-05-25T14:08:27.170000+00:00,23.704,23.704,2.2,-0.13716666666666316
1793,20250525,9979,22,55,13,9979,9979,1261,55,53,2025-05-25T14:14:45.772000+00:00,24.049,24.049,2.7,0.19183333333333508
1794,20250525,9979,22,63,9,9979,9979,1261,63,53,2025-05-25T14:14:47.147000+00:00,19.4,19.4,,1.4390000000000023
1795,20250525,9979,22,44,5,9979,9979,1261,44,56,2025-05-25T14:16:41.123000+00:00,24.256,24.256,2.5,1.1645000000000063
1796,20250525,9979,22,63,9,9979,9979,1261,63,62,2025-05-25T14:26:38.027000+00:00,25.063,25.063,3.7,-2.0236666666666614
1797,20250525,9979,22,18,4,9979,9979,1261,18,64,2025-05-25T14:29:40.406000+00:00,25.916,25.916,4.2,-3.7875000000000063
1798,20250525,9979,22,63,9,9979,9979,1261,63,68,2025-05-25T14:34:22.421000+00:00,24.025,24.025,2.5,0.28433333333332644
1799,20250525,9979,22,12,9,9979,9979,1261,12,69,2025-05-25T14:36:00.507000+00:00,24.457,24.457,2.4,
1800,20250525,9979,22,12,9,9979,9979,1261,12,71,2025-05-25T14:38:51.533000+00:00,24.837,24.837,2.3,-1.434500000000007
1801,20250525,9979,22,22,12,9979,9979,1261,22,73,2025-05-25T14:41:05.576000+00:00,24.086,24.086,2.4,-0.25816666666667
1802,20250525,9979,22,1,12,9979,9979,1261,1,77,2025-05-25T14:42:47.010000+00:00,23.95,23.95,2.2,
1803,20250601,9971,15,23,13,9971,9971,1262,23,6,2025-06-01T13:12:13.654000+00:00,30.823,30.823,11.4,-1.8908333333333307
1804,20250601,9971,15,87,6,9971,9971,1262,87,8,2025-06-01T13:14:49.875000+00:00,22.009,22.009,2.6,-1.2268333333333363
1805,20250601,9971,15,22,12,9971,9971,1262,22,8,2025-06-01T13:19:35.821000+00:00,21.868,21.868,2.3,-2.419833333333332
1806,20250601,9971,15,27,7,9971,9971,1262,27,9,2025-06-01T13:16:07.039000+00:00,22.233,22.233,2.7,-0.48200000000000404
1807,20250601,9971,15,55,13,9971,9971,1262,55,9,2025-06-01T13:16:24.654000+00:00,30.547,30.547,10.8,-1.9891666666666694
1808,20250601,9971,15,10,3,9971,9971,1262,10,10,2025-06-01T13:17:27.032000+00:00,22.224,22.224,2.4,-0.18766666666666748
1809,20250601,9971,15,1,12,9971,9971,1262,1,13,2025-06-01T13:21:17.088000+00:00,21.869,21.869,2.5,-1.7696666666666683
1810,20250601,9971,15,43,3,9971,9971,1262,43,14,2025-06-01T13:23:12.878000+00:00,22.491,22.491,2.8,-1.7688333333333381
1811,20250601,9971,15,14,4,9971,9971,1262,14,15,2025-06-01T13:24:35.450000+00:00,22.782,22.782,3.1,-4.978166666666669
1812,20250601,9971,15,44,5,9971,9971,1262,44,16,2025-06-01T13:25:31.587000+00:00,21.957,21.957,2.2,-0.8576666666666692
1813,20250601,9971,15,16,5,9971,9971,1262,16,17,2025-06-01T13:26:50.882000+00:00,21.863,21.863,2.1,-0.8273333333333308
1814,20250601,9971,15,30,11,9971,9971,1262,30,18,2025-06-01T13:28:34.699000+00:00,22.039,22.039,2.5,-0.8155000000000072
1815,20250601,9971,15,6,11,9971,9971,1262,6,19,2025-06-01T13:29:48.856000+00:00,21.769,21.769,2.5,-1.4143333333333317
1816,20250601,9971,15,5,7,9971,9971,1262,5,19,2025-06-01T13:30:07.914000+00:00,22.041,22.041,2.1,-1.9766666666666641
1817,20250601,9971,15,63,9,9971,9971,1262,63,20,2025-06-01T13:31:01.089000+00:00,21.739,21.739,2.2,-2.6908333333333374
1818,20250601,9971,15,31,6,9971,9971,1262,31,20,2025-06-01T13:31:32.319000+00:00,22.554,22.554,2.8,-2.876666666666665
1819,20250601,9971,15,4,8,9971,9971,1262,4,21,2025-06-01T13:32:04.917000+00:00,22.454,22.454,3.0,-1.3525000000000087
1820,20250601,9971,15,12,9,9971,9971,1262,12,21,2025-06-01T13:32:28.543000+00:00,22.234,22.234,2.5,-1.335166666666666
1821,20250601,9971,15,81,8,9971,9971,1262,81,22,2025-06-01T13:33:20.042000+00:00,21.858,21.858,2.2,-1.231500000000004
1822,20250601,9971,15,22,12,9971,9971,1262,22,24,2025-06-01T13:37:05.525000+00:00,22.056,22.056,2.4,-2.113833333333335
1823,20250601,9971,15,23,13,9971,9971,1262,23,26,2025-06-01T13:40:13.803000+00:00,37.674,37.674,16.9,
1824,20250601,9971,15,1,12,9971,9971,1262,1,29,2025-06-01T13:42:59.372000+00:00,21.933,21.933,2.3,-2.2091666666666705
1825,20250601,9971,15,10,3,9971,9971,1262,10,31,2025-06-01T13:46:33.982000+00:00,22.006,22.006,2.1,-1.2788333333333242
1826,20250601,9971,15,55,13,9971,9971,1262,55,34,2025-06-01T13:50:52.991000+00:00,22.346,22.346,3.0,-1.002
1827,20250601,9971,15,87,6,9971,9971,1262,87,35,2025-06-01T13:52:07.362000+00:00,22.27,22.27,2.9,-0.10783333333333427
1828,20250601,9971,15,16,5,9971,9971,1262,16,40,2025-06-01T13:57:58.470000+00:00,21.893,21.893,2.3,-1.4873333333333414
1829,20250601,9971,15,43,3,9971,9971,1262,43,39,2025-06-01T13:58:06.002000+00:00,22.119,22.119,2.4,-3.578500000000001
1830,20250601,9971,15,63,9,9971,9971,1262,63,41,2025-06-01T13:59:29.893000+00:00,21.752,21.752,2.3,-1.8790000000000049
1831,20250601,9971,15,14,4,9971,9971,1262,14,42,2025-06-01T14:01:40.017000+00:00,22.242,22.242,2.8,-2.4480000000000053
1832,20250601,9971,15,31,6,9971,9971,1262,31,43,2025-06-01T14:03:11.902000+00:00,22.468,22.468,2.7,-2.4640000000000057
1833,20250601,9971,15,30,11,9971,9971,1262,30,44,2025-06-01T14:04:16.481000+00:00,22.127,22.127,2.3,-1.4329999999999998
1834,20250601,9971,15,22,12,9971,9971,1262,22,44,2025-06-01T14:04:32.386000+00:00,21.822,21.822,2.4,-3.2771666666666612
1835,20250601,9971,15,27,7,9971,9971,1262,27,45,2025-06-01T14:05:29.605000+00:00,21.849,21.849,2.5,-0.9016666666666614
1836,20250601,9971,15,44,5,9971,9971,1262,44,46,2025-06-01T14:06:15.959000+00:00,24.416,24.416,4.9,-2.6571666666666736
1837,20250601,9971,15,1,12,9971,9971,1262,1,47,2025-06-01T14:07:10.374000+00:00,21.802,21.802,2.4,-2.600333333333334
1838,20250601,9971,15,4,8,9971,9971,1262,4,48,2025-06-01T14:08:26.277000+00:00,21.863,21.863,2.3,-2.3688333333333325
1839,20250601,9971,15,6,11,9971,9971,1262,6,48,2025-06-01T14:09:20.535000+00:00,22.019,22.019,2.4,-1.410999999999999
1840,20250601,9971,15,81,8,9971,9971,1262,81,49,2025-06-01T14:09:39.403000+00:00,21.838,21.838,2.2,-0.6263333333333279
1841,20250601,9971,15,12,9,9971,9971,1262,12,49,2025-06-01T14:10:32.650000+00:00,23.457,23.457,3.8,-2.3741666666666674
1842,20250601,9971,15,5,7,9971,9971,1262,5,49,2025-06-01T14:11:18.414000+00:00,22.953,22.953,3.4,-3.5521666666666696
1843,20250601,9971,15,81,8,9971,9971,1262,81,55,2025-06-01T14:18:02.898000+00:00,22.748,22.748,3.3,50.55149999999998
1844,20250601,9971,15,4,8,9971,9971,1262,4,55,2025-06-01T14:18:08.762000+00:00,23.562,23.562,3.9,49.62083333333334
1845,20250601,9971,15,1,12,9971,9971,1262,1,55,2025-06-01T14:18:11.362000+00:00,22.197,22.197,2.4,48.95433333333334
1846,20250601,9971,15,14,4,9971,9971,1262,14,54,2025-06-01T14:18:20.041000+00:00,22.216,22.216,2.6,40.56133333333333
1847,20250601,9971,15,87,6,9971,9971,1262,87,54,2025-06-01T14:18:23.590000+00:00,22.765,22.765,3.4,38.962166666666675
1848,20250601,9971,15,22,12,9971,9971,1262,22,54,2025-06-01T14:18:27.128000+00:00,22.283,22.283,2.5,41.381166666666665
1849,20250601,9971,15,16,5,9971,9971,1262,16,55,2025-06-01T14:18:34.491000+00:00,22.383,22.383,2.8,45.74
1850,20250601,9971,15,63,9,9971,9971,1262,63,55,2025-06-01T14:18:39.415000+00:00,23.167,23.167,3.5,44.635
1851,20250601,9971,15,44,5,9971,9971,1262,44,55,2025-06-01T14:18:50.955000+00:00,22.83,22.83,2.7,39.032833333333336
1852,20250601,9971,15,43,3,9971,9971,1262,43,54,2025-06-01T14:19:00.832000+00:00,21.874,21.874,2.1,30.881
1853,20250601,9971,15,6,11,9971,9971,1262,6,55,2025-06-01T14:19:35.767000+00:00,21.841,21.841,2.5,23.46733333333333
1854,20250601,9971,15,10,3,9971,9971,1262,10,55,2025-06-01T14:20:05.783000+00:00,22.818,22.818,3.0,7.5688333333333375
1855,20250601,9971,15,55,13,9971,9971,1262,55,55,2025-06-01T14:20:33.319000+00:00,21.984,21.984,2.8,12.515666666666668
1856,20250601,9971,15,27,7,9971,9971,1262,27,56,2025-06-01T14:21:28.036000+00:00,21.904,21.904,2.7,17.197166666666675
1857,20250615,9963,23,1,12,9963,9963,1263,1,12,2025-06-15T18:18:46.909000+00:00,23.604,23.604,2.6,-0.6635000000000015
1858,20250615,9963,23,63,9,9963,9963,1263,63,13,2025-06-15T18:20:00.568000+00:00,23.231,23.231,2.5,-0.26266666666666794
1859,20250615,9963,23,6,11,9963,9963,1263,6,13,2025-06-15T18:20:28.381000+00:00,24.13,24.13,3.1,-0.8735000000000024
1860,20250615,9963,23,12,9,9963,9963,1263,12,14,2025-06-15T18:21:22.053000+00:00,23.32,23.32,2.4,-0.5701666666666629
1861,20250615,9963,23,43,3,9963,9963,1263,43,14,2025-06-15T18:21:42.506000+00:00,24.735,24.735,3.4,-0.33533333333333104
1862,20250615,9963,23,44,5,9963,9963,1263,44,15,2025-06-15T18:22:45.572000+00:00,23.604,23.604,2.3,-0.13533333333333064
1863,20250615,9963,23,14,4,9963,9963,1263,14,15,2025-06-15T18:22:54.213000+00:00,24.021,24.021,3.2,-1.670500000000004
1864,20250615,9963,23,81,8,9963,9963,1263,81,16,2025-06-15T18:23:58.495000+00:00,23.245,23.245,2.1,-0.9231666666666716
1865,20250615,9963,23,87,6,9963,9963,1263,87,18,2025-06-15T18:27:00.309000+00:00,23.562,23.562,2.8,-1.4816666666666667
1866,20250615,9963,23,27,7,9963,9963,1263,27,19,2025-06-15T18:28:08.403000+00:00,23.476,23.476,2.4,-0.7066666666666706
1867,20250615,9963,23,23,13,9963,9963,1263,23,23,2025-06-15T18:33:34.193000+00:00,23.898,23.898,3.0,-2.895833333333331
1868,20250615,9963,23,18,4,9963,9963,1263,18,24,2025-06-15T18:34:50.901000+00:00,23.742,23.742,2.6,-1.965000000000001
1869,20250615,9963,23,16,5,9963,9963,1263,16,28,2025-06-15T18:39:19.256000+00:00,23.36,23.36,2.2,-0.7676666666666705
1870,20250615,9963,23,4,8,9963,9963,1263,4,29,2025-06-15T18:40:32.682000+00:00,23.223,23.223,2.2,-1.0203333333333333
1871,20250615,9963,23,1,12,9963,9963,1263,1,37,2025-06-15T18:50:44.061000+00:00,23.121,23.121,2.2,-0.7856666666666758
1872,20250615,9963,23,12,9,9963,9963,1263,12,38,2025-06-15T18:52:00.218000+00:00,23.416,23.416,2.2,-0.05033333333332497
1873,20250615,9963,23,30,11,9963,9963,1263,30,38,2025-06-15T18:52:59.709000+00:00,23.28,23.28,2.1,-0.5306666666666686
1874,20250615,9963,23,63,9,9963,9963,1263,63,42,2025-06-15T18:56:57.358000+00:00,24.262,24.262,3.3,-0.3589999999999994
1875,20250615,9963,23,81,8,9963,9963,1263,81,45,2025-06-15T19:00:51.238000+00:00,23.174,23.174,2.2,-0.5541666666666719
1876,20250615,9963,23,44,5,9963,9963,1263,44,45,2025-06-15T19:01:17.519000+00:00,23.338,23.338,2.0,-0.3774999999999977
1877,20250615,9963,23,4,8,9963,9963,1263,4,47,2025-06-15T19:03:25.680000+00:00,23.471,23.471,2.4,-0.9616666666666683
1878,20250615,9963,23,5,7,9963,9963,1263,5,49,2025-06-15T19:07:07.635000+00:00,23.715,23.715,2.4,-1.2826666666666686
1879,20250615,9963,23,14,4,9963,9963,1263,14,50,2025-06-15T19:07:59.919000+00:00,23.409,23.409,2.6,-1.7970000000000041
1880,20250615,9963,23,18,4,9963,9963,1263,18,51,2025-06-15T19:09:55.498000+00:00,34.742,34.742,13.3,-1.643999999999996
1881,20250615,9963,23,16,5,9963,9963,1263,16,53,2025-06-15T19:11:03.280000+00:00,23.859,23.859,2.1,-0.4586666666666706
1882,20250615,9963,23,10,3,9963,9963,1263,10,53,2025-06-15T19:12:18.953000+00:00,23.987,23.987,2.9,-1.0503333333333416
1883,20250615,9963,23,22,12,9963,9963,1263,22,56,2025-06-15T19:15:57.626000+00:00,25.178,25.178,3.7,-1.4791666666666643
1884,20250615,9963,23,31,6,9963,9963,1263,31,57,2025-06-15T19:17:03.230000+00:00,24.452,24.452,3.0,-1.6168333333333322
1885,20250615,9963,23,55,13,9963,9963,1263,55,57,2025-06-15T19:17:07.152000+00:00,23.269,23.269,2.6,-2.352666666666669
1886,20250615,9963,23,14,4,9963,9963,1263,14,66,2025-06-15T19:28:33.451000+00:00,18.2,18.2,,
1887,20250615,9963,23,27,7,9963,9963,1263,27,66,2025-06-15T19:28:37.654000+00:00,18.2,18.2,,
1888,20250615,9963,23,63,9,9963,9963,1263,63,67,2025-06-15T19:28:41.123000+00:00,18.2,18.2,,
1889,20250615,9963,23,1,12,9963,9963,1263,1,67,2025-06-15T19:28:43.779000+00:00,18.2,18.2,,
1890,20250615,9963,23,12,9,9963,9963,1263,12,67,2025-06-15T19:28:46.904000+00:00,18.2,18.2,,
1891,20250615,9963,23,31,6,9963,9963,1263,31,66,2025-06-15T19:28:54.639000+00:00,18.2,18.2,,
1892,20250615,9963,23,55,13,9963,9963,1263,55,66,2025-06-15T19:28:55.248000+00:00,18.2,18.2,,
1893,20250615,9963,23,81,8,9963,9963,1263,81,67,2025-06-15T19:28:56.092000+00:00,26.385,26.385,4.0,
1894,20250615,9963,23,16,5,9963,9963,1263,16,67,2025-06-15T19:29:14.030000+00:00,18.3,18.3,,
1895,20250615,9963,23,87,6,9963,9963,1263,87,66,2025-06-15T19:29:16.967000+00:00,27.985,27.985,7.2,
1896,20250615,9963,23,22,12,9963,9963,1263,22,66,2025-06-15T19:29:19.201000+00:00,18.2,18.2,,
1897,20250615,9963,23,43,3,9963,9963,1263,43,66,2025-06-15T19:29:21.748000+00:00,18.1,18.1,,
1898,20250615,9963,23,5,7,9963,9963,1263,5,66,2025-06-15T19:29:22.670000+00:00,18.2,18.2,,
1899,20250615,9963,23,10,3,9963,9963,1263,10,66,2025-06-15T19:29:26.092000+00:00,18.2,18.2,,
1900,20250615,9963,23,6,11,9963,9963,1263,6,66,2025-06-15T19:29:32.417000+00:00,23.693,23.693,2.8,
1901,20250615,9963,23,18,4,9963,9963,1263,18,66,2025-06-15T19:29:35.126000+00:00,23.772,23.772,2.6,
1902,20250615,9963,23,44,5,9963,9963,1263,44,67,2025-06-15T19:29:45.861000+00:00,18.2,18.2,,
1903,20250615,9963,23,14,4,9963,9963,1263,14,67,2025-06-15T19:30:27.190000+00:00,18.1,18.1,,
1904,20250615,9963,23,27,7,9963,9963,1263,27,67,2025-06-15T19:30:30.052000+00:00,18.2,18.2,,
1905,20250615,9963,23,63,9,9963,9963,1263,63,68,2025-06-15T19:30:47.996000+00:00,19.4,19.4,,
1906,20250615,9963,23,1,12,9963,9963,1263,1,68,2025-06-15T19:30:49.058000+00:00,19.2,19.2,,
1907,20250615,9963,23,12,9,9963,9963,1263,12,68,2025-06-15T19:30:50.277000+00:00,18.9,18.9,,
1908,20250615,9963,23,31,6,9963,9963,1263,31,67,2025-06-15T19:30:51.777000+00:00,18.2,18.2,,
1909,20250615,9963,23,55,13,9963,9963,1263,55,67,2025-06-15T19:30:52.730000+00:00,18.1,18.1,,
1910,20250615,9963,23,81,8,9963,9963,1263,81,68,2025-06-15T19:30:53.949000+00:00,18.2,18.2,,
1911,20250615,9963,23,16,5,9963,9963,1263,16,68,2025-06-15T19:31:08.887000+00:00,18.2,18.2,,
1912,20250615,9963,23,87,6,9963,9963,1263,87,67,2025-06-15T19:31:13.668000+00:00,18.2,18.2,,
1913,20250615,9963,23,22,12,9963,9963,1263,22,67,2025-06-15T19:31:16.491000+00:00,18.2,18.2,,
1914,20250615,9963,23,43,3,9963,9963,1263,43,67,2025-06-15T19:31:18.654000+00:00,18.1,18.1,,
1915,20250615,9963,23,5,7,9963,9963,1263,5,67,2025-06-15T19:31:20.346000+00:00,18.2,18.2,,
1916,20250615,9963,23,10,3,9963,9963,1263,10,67,2025-06-15T19:31:21.526000+00:00,18.2,18.2,,
1917,20250615,9963,23,6,11,9963,9963,1263,6,67,2025-06-15T19:31:27.900000+00:00,18.2,18.2,,
1918,20250615,9963,23,18,4,9963,9963,1263,18,67,2025-06-15T19:31:30.993000+00:00,18.2,18.2,,
1919,20250615,9963,23,44,5,9963,9963,1263,44,68,2025-06-15T19:31:36.447000+00:00,18.2,18.2,,
1920,20250615,9963,23,14,4,9963,9963,1263,14,68,2025-06-15T19:32:06.587000+00:00,18.2,18.2,,
1921,20250615,9963,23,27,7,9963,9963,1263,27,68,2025-06-15T19:32:09.150000+00:00,18.3,18.3,,
1922,20250615,9963,23,63,9,9963,9963,1263,63,69,2025-06-15T19:32:51.728000+00:00,18.2,18.2,,
1923,20250615,9963,23,1,12,9963,9963,1263,1,69,2025-06-15T19:32:52.760000+00:00,18.3,18.3,,
1924,20250615,9963,23,12,9,9963,9963,1263,12,69,2025-06-15T19:32:53.900000+00:00,18.2,18.2,,
1925,20250615,9963,23,31,6,9963,9963,1263,31,68,2025-06-15T19:32:55.228000+00:00,18.2,18.2,,
1926,20250615,9963,23,55,13,9963,9963,1263,55,68,2025-06-15T19:32:56.228000+00:00,18.1,18.1,,
1927,20250615,9963,23,81,8,9963,9963,1263,81,69,2025-06-15T19:32:57.822000+00:00,18.2,18.2,,
1928,20250615,9963,23,16,5,9963,9963,1263,16,69,2025-06-15T19:32:59.650000+00:00,18.2,18.2,,
1929,20250615,9963,23,87,6,9963,9963,1263,87,68,2025-06-15T19:33:00.697000+00:00,18.2,18.2,,
1930,20250615,9963,23,22,12,9963,9963,1263,22,68,2025-06-15T19:33:02.791000+00:00,18.2,18.2,,
1931,20250615,9963,23,43,3,9963,9963,1263,43,68,2025-06-15T19:33:04.510000+00:00,18.1,18.1,,
1932,20250615,9963,23,5,7,9963,9963,1263,5,68,2025-06-15T19:33:06.244000+00:00,18.2,18.2,,
1933,20250615,9963,23,10,3,9963,9963,1263,10,68,2025-06-15T19:33:08.260000+00:00,18.2,18.2,,
1934,20250615,9963,23,6,11,9963,9963,1263,6,68,2025-06-15T19:33:10.916000+00:00,18.2,18.2,,
1935,20250615,9963,23,18,4,9963,9963,1263,18,68,2025-06-15T19:33:13.025000+00:00,18.2,18.2,,
1936,20250615,9963,23,44,5,9963,9963,1263,44,69,2025-06-15T19:33:14.229000+00:00,18.2,18.2,,
1937,20250615,9963,23,14,4,9963,9963,1263,14,69,2025-06-15T19:33:43.135000+00:00,18.2,18.2,,
1938,20250615,9963,23,27,7,9963,9963,1263,27,69,2025-06-15T19:33:46.010000+00:00,18.3,18.3,,
1939,20250629,9955,19,6,11,9955,9955,1264,6,2,2025-06-29T13:21:58.785000+00:00,21.297,21.297,2.2,-45.2675
1940,20250629,9955,19,87,6,9955,9955,1264,87,11,2025-06-29T13:33:15.023000+00:00,21.91,21.91,3.1,-0.29249999999999926
1941,20250629,9955,19,10,3,9955,9955,1264,10,12,2025-06-29T13:34:25.507000+00:00,21.959,21.959,3.0,-1.0956666666666712
1942,20250629,9955,19,27,7,9955,9955,1264,27,12,2025-06-29T13:34:29.788000+00:00,21.236,21.236,2.3,-0.23183333333333184
1943,20250629,9955,19,23,13,9955,9955,1264,23,13,2025-06-29T13:35:33.152000+00:00,21.21,21.21,2.5,7.425666666666667
1944,20250629,9955,19,43,3,9955,9955,1264,43,13,2025-06-29T13:35:43.334000+00:00,23.038,23.038,3.9,-0.9790000000000015
1945,20250629,9955,19,63,9,9955,9955,1264,63,18,2025-06-29T13:41:30.636000+00:00,21.344,21.344,2.4,-0.5389999999999968
1946,20250629,9955,19,22,12,9955,9955,1264,22,18,2025-06-29T13:41:42.896000+00:00,21.492,21.492,2.4,-0.7963333333333296
1947,20250629,9955,19,31,6,9955,9955,1264,31,19,2025-06-29T13:42:53.542000+00:00,23.188,23.188,3.9,-1.4234999999999995
1948,20250629,9955,19,4,8,9955,9955,1264,4,20,2025-06-29T13:43:35.564000+00:00,22.131,22.131,3.1,-0.9244999999999972
1949,20250629,9955,19,5,7,9955,9955,1264,5,21,2025-06-29T13:45:08.630000+00:00,21.676,21.676,2.4,-0.891166666666661
1950,20250629,9955,19,81,8,9955,9955,1264,81,24,2025-06-29T13:48:21.332000+00:00,22.599,22.599,3.4,-1.25
1951,20250629,9955,19,16,5,9955,9955,1264,16,25,2025-06-29T13:49:38.562000+00:00,21.308,21.308,2.3,-0.5109999999999981
1952,20250629,9955,19,44,5,9955,9955,1264,44,26,2025-06-29T13:50:52.763000+00:00,21.287,21.287,2.2,-0.9241666666666599
1953,20250629,9955,19,18,4,9955,9955,1264,18,26,2025-06-29T13:51:27.716000+00:00,22.907,22.907,3.6,-2.1599999999999993
1954,20250629,9955,19,6,11,9955,9955,1264,6,28,2025-06-29T13:53:45.441000+00:00,21.68,21.68,2.7,-1.250333333333328
1955,20250629,9955,19,22,12,9955,9955,1264,22,30,2025-06-29T13:56:28.687000+00:00,30.0,30.0,10.6,-1.0950000000000037
1956,20250629,9955,19,30,11,9955,9955,1264,30,32,2025-06-29T13:58:21.124000+00:00,21.434,21.434,2.2,-1.450333333333326
1957,20250629,9955,19,14,4,9955,9955,1264,14,33,2025-06-29T13:59:35.606000+00:00,21.865,21.865,2.8,-1.2081666666666657
1958,20250629,9955,19,10,3,9955,9955,1264,10,38,2025-06-29T14:05:48.294000+00:00,22.105,22.105,2.7,-1.536999999999999
1959,20250629,9955,19,87,6,9955,9955,1264,87,39,2025-06-29T14:06:55.950000+00:00,21.771,21.771,3.0,-0.9858333333333343
1960,20250629,9955,19,43,3,9955,9955,1264,43,39,2025-06-29T14:07:09.171000+00:00,21.087,21.087,2.2,-2.2213333333333365
1961,20250629,9955,19,27,7,9955,9955,1264,27,42,2025-06-29T14:10:20.552000+00:00,21.045,21.045,2.3,-0.5249999999999938
1962,20250629,9955,19,63,9,9955,9955,1264,63,45,2025-06-29T14:13:44.466000+00:00,21.854,21.854,2.9,-1.227333333333334
1963,20250629,9955,19,16,5,9955,9955,1264,16,49,2025-06-29T14:17:56.986000+00:00,21.536,21.536,2.4,-0.37916666666667
1964,20250629,9955,19,5,7,9955,9955,1264,5,49,2025-06-29T14:18:32.536000+00:00,21.286,21.286,2.2,-1.0408333333333317
1965,20250629,9955,19,44,5,9955,9955,1264,44,50,2025-06-29T14:19:16.051000+00:00,21.158,21.158,2.2,-1.9588333333333359
1966,20250629,9955,19,31,6,9955,9955,1264,31,50,2025-06-29T14:19:50.397000+00:00,22.284,22.284,3.0,-1.1563333333333337
1967,20250629,9955,19,4,8,9955,9955,1264,4,52,2025-06-29T14:21:10.318000+00:00,21.427,21.427,2.5,-1.0220000000000007
1968,20250629,9955,19,81,8,9955,9955,1264,81,53,2025-06-29T14:22:22.916000+00:00,21.033,21.033,2.0,-1.6464999999999936
1969,20250629,9955,19,18,4,9955,9955,1264,18,53,2025-06-29T14:23:47.998000+00:00,21.763,21.763,2.5,-1.8248333333333353
1970,20250629,9955,19,22,12,9955,9955,1264,22,60,2025-06-29T14:32:24.688000+00:00,32.643,32.643,13.6,-1.051000000000002
1971,20250706,9947,2,12,9,9947,9947,1277,12,2,2025-07-06T14:08:17.498000+00:00,28.721,28.721,2.3,6.463999999999999
1972,20250706,9947,2,18,4,9947,9947,1277,18,6,2025-07-06T14:16:33.376000+00:00,29.125,29.125,2.7,-13.87383333333333
1973,20250706,9947,2,27,7,9947,9947,1277,27,9,2025-07-06T14:22:11.077000+00:00,29.736,29.736,3.7,-14.896666666666661
1974,20250706,9947,2,12,9,9947,9947,1277,12,9,2025-07-06T14:22:24.173000+00:00,28.707,28.707,2.2,-11.234000000000002
1975,20250706,9947,2,18,4,9947,9947,1277,18,10,2025-07-06T14:23:53.899000+00:00,28.853,28.853,2.6,5.511499999999998
1976,20250706,9947,2,63,9,9947,9947,1277,63,10,2025-07-06T14:23:59.805000+00:00,28.647,28.647,2.4,8.186666666666662
1977,20250706,9947,2,16,5,9947,9947,1277,16,10,2025-07-06T14:24:06.524000+00:00,29.089,29.089,2.8,8.291499999999994
1978,20250706,9947,2,6,11,9947,9947,1277,6,10,2025-07-06T14:24:11.518000+00:00,28.523,28.523,2.5,7.039166666666663
1979,20250706,9947,2,87,6,9947,9947,1277,87,10,2025-07-06T14:24:14.486000+00:00,29.201,29.201,2.8,7.726333333333339
1980,20250706,9947,2,81,8,9947,9947,1277,81,11,2025-07-06T14:25:25.048000+00:00,29.491,29.491,3.1,17.21283333333333
1981,20250706,9947,2,1,12,9947,9947,1277,1,11,2025-07-06T14:25:32.725000+00:00,28.182,28.182,2.2,17.824666666666666
1982,20250706,9947,2,4,8,9947,9947,1277,4,11,2025-07-06T14:25:33.734000+00:00,30.63,30.63,5.1,18.792166666666677
1983,20250706,9947,2,44,5,9947,9947,1277,44,11,2025-07-06T14:25:42.487000+00:00,28.917,28.917,2.3,21.224166666666658
1984,20250706,9947,2,10,3,9947,9947,1277,10,11,2025-07-06T14:25:43.534000+00:00,28.912,28.912,2.4,18.56999999999999
1985,20250706,9947,2,14,4,9947,9947,1277,14,11,2025-07-06T14:25:44.440000+00:00,28.707,28.707,2.8,21.81083333333334
1986,20250706,9947,2,55,13,9947,9947,1277,55,11,2025-07-06T14:25:46.815000+00:00,29.554,29.554,3.2,21.84633333333333
1987,20250706,9947,2,22,12,9947,9947,1277,22,11,2025-07-06T14:25:59.565000+00:00,28.544,28.544,2.1,17.975500000000007
1988,20250706,9947,2,23,13,9947,9947,1277,23,12,2025-07-06T14:27:41.561000+00:00,29.251,29.251,2.5,29.21716666666666
1989,20250706,9947,2,31,6,9947,9947,1277,31,18,2025-07-06T14:42:15.259000+00:00,29.562,29.562,2.7,-3.38750000000001
1990,20250706,9947,2,12,9,9947,9947,1277,12,20,2025-07-06T14:47:35.833000+00:00,29.728,29.728,3.1,-35.41316666666666
1991,20250706,9947,2,14,4,9947,9947,1277,14,37,2025-07-06T15:18:04.337000+00:00,28.534,28.534,2.5,1.673833333333332
1992,20250706,9947,2,63,9,9947,9947,1277,63,38,2025-07-06T15:19:45.200000+00:00,28.205,28.205,2.3,1.0321666666666665
1993,20250706,9947,2,44,5,9947,9947,1277,44,41,2025-07-06T15:24:34.802000+00:00,29.127,29.127,3.1,-4.9925000000000015
1994,20250706,9947,2,18,4,9947,9947,1277,18,41,2025-07-06T15:24:46.957000+00:00,28.5,28.5,,-5.263666666666668
1995,20250706,9947,2,1,12,9947,9947,1277,1,41,2025-07-06T15:24:51.692000+00:00,29.6,29.6,,-3.818666666666663
1996,20250706,9947,2,10,3,9947,9947,1277,10,41,2025-07-06T15:24:52.755000+00:00,28.4,28.4,,-5.137833333333333
1997,20250706,9947,2,55,13,9947,9947,1277,55,41,2025-07-06T15:25:01.917000+00:00,28.6,28.6,,-0.9711666666666665
1998,20250706,9947,2,87,6,9947,9947,1277,87,41,2025-07-06T15:25:03.733000+00:00,29.0,29.0,,-3.70150000000001
1999,20250706,9947,2,22,12,9947,9947,1277,22,41,2025-07-06T15:25:39.003000+00:00,40.1,40.1,,-4.563166666666675
2000,20250706,9947,2,27,7,9947,9947,1277,27,42,2025-07-06T15:26:13.413000+00:00,29.952,29.952,4.6,-5.73533333333333
2001,20250706,9947,2,16,5,9947,9947,1277,16,42,2025-07-06T15:26:39.555000+00:00,28.84,28.84,2.6,-3.696500000000005
2002,20250706,9947,2,23,13,9947,9947,1277,23,42,2025-07-06T15:26:43.790000+00:00,29.2,29.2,,-7.1739999999999995
2003,20250706,9947,2,31,6,9947,9947,1277,31,42,2025-07-06T15:26:45.946000+00:00,28.646,28.646,2.5,-7.684666666666663
2004,20250706,9947,2,81,8,9947,9947,1277,81,43,2025-07-06T15:27:27.684000+00:00,40.28,40.28,14.6,-5.929833333333329
2005,20250706,9947,2,4,8,9947,9947,1277,4,44,2025-07-06T15:28:57.318000+00:00,28.214,28.214,2.4,-8.120666666666667
2006,20250727,9939,7,44,5,9939,9939,1265,44,11,2025-07-27T14:46:51.232000+00:00,23.284,23.284,2.2,-12.841333333333337
2007,20250727,9939,7,27,7,9939,9939,1265,27,11,2025-07-27T14:46:55.195000+00:00,23.599,23.599,2.9,-12.691000000000006
2008,20250727,9939,7,10,3,9939,9939,1265,10,11,2025-07-27T14:46:57.838000+00:00,26.825,26.825,3.9,-13.287166666666664
2009,20250727,9939,7,14,4,9939,9939,1265,14,11,2025-07-27T14:46:58.342000+00:00,23.404,23.404,2.5,-11.691499999999998
2010,20250727,9939,7,81,8,9939,9939,1265,81,12,2025-07-27T14:48:23.686000+00:00,23.844,23.844,2.8,-11.673166666666667
2011,20250727,9939,7,16,5,9939,9939,1265,16,12,2025-07-27T14:48:33.936000+00:00,23.806,23.806,2.5,-14.383833333333332
2012,20250727,9939,7,1,12,9939,9939,1265,1,12,2025-07-27T14:48:36.639000+00:00,25.913,25.913,4.8,-14.245833333333334
2013,20250727,9939,7,63,9,9939,9939,1265,63,12,2025-07-27T14:48:38.404000+00:00,23.635,23.635,2.8,-14.389166666666664
2014,20250727,9939,7,23,13,9939,9939,1265,23,12,2025-07-27T14:48:40.404000+00:00,24.029,24.029,2.7,-14.290166666666664
2015,20250727,9939,7,30,11,9939,9939,1265,30,12,2025-07-27T14:48:46.326000+00:00,23.269,23.269,2.3,-14.635333333333332
2016,20250727,9939,7,5,7,9939,9939,1265,5,12,2025-07-27T14:48:48.514000+00:00,23.274,23.274,2.2,-14.320500000000003
2017,20250727,9939,7,87,6,9939,9939,1265,87,12,2025-07-27T14:48:50.448000+00:00,24.13,24.13,3.2,-11.337833333333334
2018,20250727,9939,7,43,3,9939,9939,1265,43,12,2025-07-27T14:48:58.204000+00:00,23.665,23.665,2.6,-14.633833333333325
2019,20250727,9939,7,12,9,9939,9939,1265,12,12,2025-07-27T14:49:01.423000+00:00,23.609,23.609,2.4,-15.922499999999996
2020,20250727,9939,7,18,4,9939,9939,1265,18,12,2025-07-27T14:49:02.220000+00:00,23.787,23.787,2.7,-15.954333333333334
2021,20250727,9939,7,55,13,9939,9939,1265,55,12,2025-07-27T14:49:03.120000+00:00,27.528,27.528,6.2,-15.854499999999994
2022,20250727,9939,7,4,8,9939,9939,1265,4,13,2025-07-27T14:50:23.650000+00:00,24.376,24.376,3.5,-13.034666666666661
2023,20250727,9939,7,22,12,9939,9939,1265,22,13,2025-07-27T14:50:46.228000+00:00,23.33,23.33,2.2,-14.293333333333338
2024,20250727,9939,7,6,11,9939,9939,1265,6,13,2025-07-27T14:50:48.009000+00:00,23.58,23.58,2.8,-14.412666666666672
2025,20250727,9939,7,31,6,9939,9939,1265,31,13,2025-07-27T14:50:58.918000+00:00,23.802,23.802,2.6,-14.693666666666669
2026,20250727,9939,7,6,11,9939,9939,1265,6,20,2025-07-27T15:04:04.883000+00:00,23.376,23.376,2.8,-1.6629999999999945
2027,20250727,9939,7,55,13,9939,9939,1265,55,26,2025-07-27T15:14:55.941000+00:00,23.77,23.77,3.1,-2.237333333333332
2028,20250727,9939,7,43,3,9939,9939,1265,43,28,2025-07-27T15:18:31.792000+00:00,23.449,23.449,2.9,-2.30966666666667
2029,20250727,9939,7,14,4,9939,9939,1265,14,29,2025-07-27T15:20:11.108000+00:00,23.692,23.692,3.3,-2.4173333333333296
2030,20250727,9939,7,12,9,9939,9939,1265,12,30,2025-07-27T15:21:56.569000+00:00,23.059,23.059,2.3,-1.868499999999995
2031,20250727,9939,7,27,7,9939,9939,1265,27,32,2025-07-27T15:25:26.166000+00:00,23.89,23.89,3.4,-2.8230000000000026
2032,20250803,9928,4,27,7,9928,9928,1266,27,5,2025-08-03T13:10:42.523000+00:00,21.5,21.5,,-2.5106666666666726
2033,20250803,9928,4,43,3,9928,9928,1266,43,13,2025-08-03T13:22:01.414000+00:00,30.248,30.248,11.1,-1.9020000000000035
2034,20250803,9928,4,23,13,9928,9928,1266,23,14,2025-08-03T13:23:14.814000+00:00,21.345,21.345,2.6,-1.7421666666666624
2035,20250803,9928,4,31,6,9928,9928,1266,31,14,2025-08-03T13:23:15.143000+00:00,22.444,22.444,3.1,-1.6609999999999943
2036,20250803,9928,4,55,13,9928,9928,1266,55,15,2025-08-03T13:24:35.579000+00:00,21.67,21.67,2.7,-1.6571666666666687
2037,20250803,9928,4,1,12,9928,9928,1266,1,17,2025-08-03T13:27:14.953000+00:00,21.433,21.433,2.3,-1.3019999999999972
2038,20250803,9928,4,81,8,9928,9928,1266,81,18,2025-08-03T13:28:15.303000+00:00,21.145,21.145,2.1,-0.47516666666666885
2039,20250803,9928,4,16,5,9928,9928,1266,16,19,2025-08-03T13:29:34.867000+00:00,21.13,21.13,2.0,-1.092000000000001
2040,20250803,9928,4,63,9,9928,9928,1266,63,19,2025-08-03T13:29:41.506000+00:00,21.703,21.703,2.9,-1.1928333333333399
2041,20250803,9928,4,22,12,9928,9928,1266,22,20,2025-08-03T13:31:41.726000+00:00,21.295,21.295,2.1,-2.284499999999999
2042,20250803,9928,4,12,9,9928,9928,1266,12,21,2025-08-03T13:32:58.761000+00:00,22.328,22.328,3.2,-2.104499999999999
2043,20250803,9928,4,87,6,9928,9928,1266,87,30,2025-08-03T13:45:32.129000+00:00,21.754,21.754,2.8,-1.8110000000000024
2044,20250803,9928,4,4,8,9928,9928,1266,4,31,2025-08-03T13:46:07.537000+00:00,20.94,20.94,1.9,-1.3581666666666692
2045,20250803,9928,4,10,3,9928,9928,1266,10,32,2025-08-03T13:48:23.595000+00:00,21.699,21.699,2.6,-2.297499999999997
2046,20250803,9928,4,6,11,9928,9928,1266,6,33,2025-08-03T13:49:42.725000+00:00,21.096,21.096,2.2,-2.1806666666666743
2047,20250803,9928,4,43,3,9928,9928,1266,43,35,2025-08-03T13:52:42.991000+00:00,26.28,26.28,7.2,-0.23416666666667152
2048,20250803,9928,4,18,4,9928,9928,1266,18,36,2025-08-03T13:53:38.463000+00:00,21.464,21.464,2.4,-1.923333333333332
2049,20250803,9928,4,22,12,9928,9928,1266,22,37,2025-08-03T13:55:26.296000+00:00,21.541,21.541,2.4,-1.6229999999999998
2050,20250803,9928,4,23,13,9928,9928,1266,23,38,2025-08-03T13:56:46.767000+00:00,22.726,22.726,3.8,-2.212999999999996
2051,20250803,9928,4,14,4,9928,9928,1266,14,39,2025-08-03T13:57:35.927000+00:00,22.204,22.204,2.9,-0.5871666666666613
2052,20250803,9928,4,16,5,9928,9928,1266,16,40,2025-08-03T13:58:22.592000+00:00,21.136,21.136,2.0,-0.9089999999999989
2053,20250803,9928,4,5,7,9928,9928,1266,5,40,2025-08-03T13:59:03.655000+00:00,21.773,21.773,2.6,-1.6933333333333351
2054,20250803,9928,4,30,11,9928,9928,1266,30,40,2025-08-03T13:59:09.858000+00:00,22.136,22.136,3.0,-1.2163333333333337
2055,20250803,9928,4,27,7,9928,9928,1266,27,41,2025-08-03T14:00:56.554000+00:00,28.7,28.7,,-1.8539999999999968
2056,20250803,9928,4,44,5,9928,9928,1266,44,42,2025-08-03T14:02:07.096000+00:00,21.15,21.15,2.3,-1.8233333333333352
2057,20250803,9928,4,63,9,9928,9928,1266,63,43,2025-08-03T14:02:38.276000+00:00,21.45,21.45,2.9,-2.0856666666666634
2058,20250803,9928,4,81,8,9928,9928,1266,81,45,2025-08-03T14:05:10.901000+00:00,20.94,20.94,1.9,-1.710999999999996
2059,20250803,9928,4,1,12,9928,9928,1266,1,48,2025-08-03T14:10:05.385000+00:00,21.258,21.258,2.2,-2.2021666666666797
2060,20250803,9928,4,55,13,9928,9928,1266,55,51,2025-08-03T14:14:40.796000+00:00,21.423,21.423,2.6,-2.5018333333333302
2061,20250831,9920,55,18,4,9920,9920,1267,18,8,2025-08-31T13:14:08.910000+00:00,17.561,17.561,2.4,-1.6590000000000011
2062,20250831,9920,55,14,4,9920,9920,1267,14,18,2025-08-31T13:26:54.464000+00:00,17.417,17.417,2.5,-1.7434999999999998
2063,20250831,9920,55,22,12,9920,9920,1267,22,19,2025-08-31T13:28:11.388000+00:00,18.348,18.348,3.2,-1.8091666666666626
2064,20250831,9920,55,43,3,9920,9920,1267,43,19,2025-08-31T13:28:15.263000+00:00,17.986,17.986,2.8,-1.938833333333335
2065,20250831,9920,55,27,7,9920,9920,1267,27,19,2025-08-31T13:28:15.588000+00:00,17.602,17.602,2.6,0.3921666666666705
2066,20250831,9920,55,16,5,9920,9920,1267,16,22,2025-08-31T13:31:42.364000+00:00,17.081,17.081,2.0,25.379499999999993
2067,20250831,9920,55,5,7,9920,9920,1267,5,22,2025-08-31T13:32:12.034000+00:00,17.908,17.908,2.8,17.107833333333325
2068,20250831,9920,55,81,8,9920,9920,1267,81,23,2025-08-31T13:32:42.802000+00:00,17.375,17.375,2.6,46.879
2069,20250831,9920,55,4,8,9920,9920,1267,4,23,2025-08-31T13:32:50.571000+00:00,20.042,20.042,4.5,44.79966666666667
2070,20250831,9920,55,1,12,9920,9920,1267,1,23,2025-08-31T13:33:08.690000+00:00,18.74,18.74,3.4,37.07083333333333
2071,20250831,9920,55,6,11,9920,9920,1267,6,23,2025-08-31T13:33:10.759000+00:00,17.414,17.414,2.8,36.154
2072,20250831,9920,55,63,9,9920,9920,1267,63,23,2025-08-31T13:33:15.415000+00:00,18.832,18.832,3.4,34.194500000000005
2073,20250831,9920,55,30,11,9920,9920,1267,30,23,2025-08-31T13:33:26.707000+00:00,17.549,17.549,2.2,28.12633333333334
2074,20250831,9920,55,55,13,9920,9920,1267,55,23,2025-08-31T13:33:27.973000+00:00,17.67,17.67,2.7,28.201666666666664
2075,20250831,9920,55,23,13,9920,9920,1267,23,23,2025-08-31T13:33:36.849000+00:00,19.692,19.692,4.1,25.410500000000003
2076,20250831,9920,55,12,9,9920,9920,1267,12,23,2025-08-31T13:33:38.078000+00:00,17.476,17.476,2.5,24.191999999999997
2077,20250831,9920,55,10,3,9920,9920,1267,10,23,2025-08-31T13:33:46.306000+00:00,19.223,19.223,4.2,20.111666666666665
2078,20250831,9920,55,30,11,9920,9920,1267,30,27,2025-08-31T13:41:04.116000+00:00,22.209,22.209,6.7,-22.648000000000003
2079,20250831,9920,55,55,13,9920,9920,1267,55,27,2025-08-31T13:41:10.549000+00:00,29.443,29.443,13.2,-23.270000000000003
2080,20250831,9920,55,14,4,9920,9920,1267,14,40,2025-08-31T13:57:13.739000+00:00,17.949,17.949,3.3,-2.212333333333343
2081,20250831,9920,55,12,9,9920,9920,1267,12,51,2025-08-31T14:10:41.425000+00:00,17.365,17.365,2.5,
2082,20250831,9920,55,16,5,9920,9920,1267,16,52,2025-08-31T14:11:54.453000+00:00,17.042,17.042,2.1,
2083,20250831,9920,55,55,13,9920,9920,1267,55,51,2025-08-31T14:12:27.454000+00:00,30.34,30.34,15.3,19.680166666666675
2084,20250831,9920,55,18,4,9920,9920,1267,18,52,2025-08-31T14:12:28.628000+00:00,17.598,17.598,2.6,19.29283333333333
2085,20250831,9920,55,31,6,9920,9920,1267,31,52,2025-08-31T14:12:31.402000+00:00,18.27,18.27,2.8,20.2985
2086,20250831,9920,55,81,8,9920,9920,1267,81,53,2025-08-31T14:12:57.881000+00:00,18.589,18.589,3.8,50.76983333333333
2087,20250831,9920,55,4,8,9920,9920,1267,4,53,2025-08-31T14:13:05.704000+00:00,22.608,22.608,4.8,50.77250000000001
2088,20250831,9920,55,1,12,9920,9920,1267,1,53,2025-08-31T14:13:14.523000+00:00,18.261,18.261,3.3,49.71666666666666
2089,20250831,9920,55,6,11,9920,9920,1267,6,53,2025-08-31T14:13:18.898000+00:00,18.535,18.535,4.3,47.90233333333334
2090,20250831,9920,55,63,9,9920,9920,1267,63,53,2025-08-31T14:13:36.861000+00:00,17.344,17.344,2.4,39.35366666666666
2091,20250831,9920,55,23,13,9920,9920,1267,23,53,2025-08-31T14:13:40.892000+00:00,17.84,17.84,3.2,38.706
2092,20250831,9920,55,30,11,9920,9920,1267,30,52,2025-08-31T14:13:57.375000+00:00,18.552,18.552,2.7,25.017666666666667
2093,20250831,9920,55,12,9,9920,9920,1267,12,53,2025-08-31T14:13:59.140000+00:00,21.3,21.3,,31.24799999999999
2094,20250831,9920,55,87,6,9920,9920,1267,87,53,2025-08-31T14:14:13.278000+00:00,18.622,18.622,3.6,23.969333333333335
2095,20250831,9920,55,22,12,9920,9920,1267,22,53,2025-08-31T14:14:13.825000+00:00,18.147,18.147,2.9,20.957833333333333
2096,20250831,9920,55,43,3,9920,9920,1267,43,53,2025-08-31T14:14:23.235000+00:00,17.586,17.586,2.7,21.168666666666663
2097,20250831,9920,55,27,7,9920,9920,1267,27,53,2025-08-31T14:14:23.517000+00:00,17.944,17.944,3.5,20.84783333333333
2098,20250831,9920,55,5,7,9920,9920,1267,5,60,2025-08-31T14:25:15.124000+00:00,17.491,17.491,2.2,-13.646166666666666
2099,20250831,9920,55,43,3,9920,9920,1267,43,65,2025-08-31T14:31:49.153000+00:00,18.077,18.077,3.1,33.728500000000004
2100,20250831,9920,55,55,13,9920,9920,1267,55,65,2025-08-31T14:32:08.359000+00:00,18.043,18.043,3.9,23.432
2101,20250907,9912,39,30,11,9912,9912,1268,30,9,2025-09-07T13:16:53.530000+00:00,24.156,24.156,2.2,-0.697166666666663
2102,20250907,9912,39,87,6,9912,9912,1268,87,18,2025-09-07T13:29:32.907000+00:00,25.372,25.372,3.3,-0.8270000000000006
2103,20250907,9912,39,22,12,9912,9912,1268,22,19,2025-09-07T13:30:55.654000+00:00,24.372,24.372,2.3,-0.7294999999999968
2104,20250907,9912,39,14,4,9912,9912,1268,14,20,2025-09-07T13:32:17.708000+00:00,25.16,25.16,3.2,-0.2674999999999983
2105,20250907,9912,39,5,7,9912,9912,1268,5,20,2025-09-07T13:32:18.150000+00:00,26.143,26.143,4.0,-0.35899999999999943
2106,20250907,9912,39,63,9,9912,9912,1268,63,27,2025-09-07T13:41:53.352000+00:00,25.021,25.021,2.9,-1.2833333333333339
2107,20250907,9912,39,12,9,9912,9912,1268,12,28,2025-09-07T13:43:27.992000+00:00,24.916,24.916,2.9,-1.2303333333333317
2108,20250907,9912,39,55,13,9912,9912,1268,55,30,2025-09-07T13:46:20.012000+00:00,24.605,24.605,3.0,-1.2223333333333362
2109,20250907,9912,39,6,11,9912,9912,1268,6,32,2025-09-07T13:49:09.846000+00:00,24.326,24.326,2.2,-0.8879999999999957
2110,20250907,9912,39,16,5,9912,9912,1268,16,33,2025-09-07T13:50:04.888000+00:00,24.235,24.235,2.0,-0.6691666666666597
2111,20250907,9912,39,43,3,9912,9912,1268,43,33,2025-09-07T13:50:45.890000+00:00,24.971,24.971,2.8,-1.7586666666666677
2112,20250907,9912,39,1,12,9912,9912,1268,1,37,2025-09-07T13:55:17.647000+00:00,24.545,24.545,2.3,-1.2014999999999982
2113,20250907,9912,39,44,5,9912,9912,1268,44,38,2025-09-07T13:57:08.320000+00:00,23.971,23.971,2.1,-0.7023333333333284
2114,20250907,9912,39,23,13,9912,9912,1268,23,41,2025-09-07T14:01:27.096000+00:00,24.717,24.717,3.1,-0.6224999999999976
2115,20250907,9912,39,81,8,9912,9912,1268,81,45,2025-09-07T14:06:26.957000+00:00,23.602,23.602,1.9,-0.8833333333333281
2116,20250907,9912,39,4,8,9912,9912,1268,4,46,2025-09-07T14:07:50.629000+00:00,27.498,27.498,5.9,-1.595000000000006
2117,20250907,9912,39,10,3,9912,9912,1268,10,49,2025-09-07T14:12:58.481000+00:00,25.012,25.012,2.9,-0.5981666666666641
2118,20250907,9912,39,18,4,9912,9912,1268,18,49,2025-09-07T14:13:01.946000+00:00,38.418,38.418,16.2,-0.8743333333333349
2119,20250907,9912,39,31,6,9912,9912,1268,31,51,2025-09-07T14:15:37.886000+00:00,30.754,30.754,8.6,
2120,20250921,9904,144,31,6,9904,9904,1269,31,1,2025-09-21T11:06:46.440000+00:00,20.691,20.691,2.5,
2121,20250921,9904,144,23,13,9904,9904,1269,23,1,2025-09-21T11:06:49.890000+00:00,20.758,20.758,2.6,
2122,20250921,9904,144,31,6,9904,9904,1269,31,2,2025-09-21T11:09:33.338000+00:00,20.759,20.759,2.5,
2123,20250921,9904,144,23,13,9904,9904,1269,23,15,2025-09-21T11:35:01.462000+00:00,20.489,20.489,2.4,-0.5190000000000055
2124,20250921,9904,144,43,3,9904,9904,1269,43,16,2025-09-21T11:36:47.589000+00:00,21.088,21.088,2.8,-0.8058333333333276
2125,20250921,9904,144,12,9,9904,9904,1269,12,18,2025-09-21T11:39:57.929000+00:00,20.669,20.669,2.7,-0.2750000000000009
2126,20250921,9904,144,16,5,9904,9904,1269,16,19,2025-09-21T11:41:48.078000+00:00,20.5,20.5,,-0.652333333333336
2127,20250921,9904,144,30,11,9904,9904,1269,30,20,2025-09-21T11:43:29.987000+00:00,20.283,20.283,2.3,-0.007500000000002616
2128,20250921,9904,144,14,4,9904,9904,1269,14,21,2025-09-21T11:45:39.568000+00:00,25.768,25.768,8.2,0.08033333333333559
2129,20250921,9904,144,5,7,9904,9904,1269,5,26,2025-09-21T11:54:26.724000+00:00,20.845,20.845,2.4,-0.11900000000000215
2130,20250921,9904,144,55,13,9904,9904,1269,55,27,2025-09-21T11:55:46.106000+00:00,20.508,20.508,2.6,-0.8374999999999938
2131,20250921,9904,144,87,6,9904,9904,1269,87,28,2025-09-21T11:58:15.827000+00:00,21.194,21.194,3.4,-2.7076666666666704
2132,20250921,9904,144,6,11,9904,9904,1269,6,29,2025-09-21T11:59:39.966000+00:00,20.294,20.294,2.2,-1.326166666666668
2133,20250921,9904,144,10,3,9904,9904,1269,10,35,2025-09-21T12:10:52.502000+00:00,21.5,21.5,3.3,-1.1946666666666608
2134,20250921,9904,144,44,5,9904,9904,1269,44,36,2025-09-21T12:11:50.527000+00:00,20.062,20.062,2.2,-1.5549999999999973
2135,20250921,9904,144,27,7,9904,9904,1269,27,36,2025-09-21T12:12:31.329000+00:00,19.97,19.97,2.3,-2.217333333333336
2136,20250921,9904,144,4,8,9904,9904,1269,4,37,2025-09-21T12:13:29.850000+00:00,21.975,21.975,4.1,-0.16850000000000165
2137,20250921,9904,144,18,4,9904,9904,1269,18,37,2025-09-21T12:14:16.997000+00:00,21.82,21.82,4.0,-1.0743333333333283
2138,20250921,9904,144,22,12,9904,9904,1269,22,38,2025-09-21T12:15:11.802000+00:00,20.323,20.323,2.2,-0.4211666666666716
2139,20250921,9904,144,63,9,9904,9904,1269,63,39,2025-09-21T12:16:46.908000+00:00,19.809,19.809,2.3,-0.7299999999999969
2140,20250921,9904,144,1,12,9904,9904,1269,1,40,2025-09-21T12:18:18.941000+00:00,20.221,20.221,2.4,-1.072166666666675
2141,20251005,9896,61,22,12,9896,9896,1270,22,13,2025-10-05T12:25:48.079000+00:00,24.61,24.61,2.1,-2.0490000000000044
2142,20251005,9896,61,5,7,9896,9896,1270,5,13,2025-10-05T12:25:51.721000+00:00,32.856,32.856,11.2,-1.7186666666666615
2143,20251005,9896,61,43,3,9896,9896,1270,43,14,2025-10-05T12:27:18.400000+00:00,24.04,24.04,2.7,-1.4728333333333314
2144,20251005,9896,61,1,12,9896,9896,1270,1,19,2025-10-05T12:34:57.215000+00:00,24.008,24.008,3.0,-0.7746666666666636
2145,20251005,9896,61,6,11,9896,9896,1270,6,20,2025-10-05T12:37:03.329000+00:00,23.827,23.827,2.4,-0.5889999999999986
2146,20251005,9896,61,16,5,9896,9896,1270,16,21,2025-10-05T12:38:22.641000+00:00,23.63,23.63,2.3,-1.3745000000000025
2147,20251005,9896,61,87,6,9896,9896,1270,87,23,2025-10-05T12:41:57.960000+00:00,23.979,23.979,2.8,-0.7628333333333307
2148,20251005,9896,61,44,5,9896,9896,1270,44,24,2025-10-05T12:43:21.169000+00:00,24.794,24.794,3.5,-1.4275000000000044
2149,20251005,9896,61,10,3,9896,9896,1270,10,24,2025-10-05T12:43:56.518000+00:00,25.583,25.583,4.1,-2.063499999999993
2150,20251005,9896,61,63,9,9896,9896,1270,63,25,2025-10-05T12:44:30.970000+00:00,23.966,23.966,2.5,-1.43483333333333
2151,20251005,9896,61,12,9,9896,9896,1270,12,25,2025-10-05T12:44:51.800000+00:00,23.806,23.806,2.4,-1.175333333333337
2152,20251005,9896,61,27,7,9896,9896,1270,27,25,2025-10-05T12:45:19.688000+00:00,24.1,24.1,,-0.17200000000000415
2153,20251005,9896,61,4,8,9896,9896,1270,4,26,2025-10-05T12:46:15.810000+00:00,23.314,23.314,2.1,-1.314
2154,20251005,9896,61,81,8,9896,9896,1270,81,27,2025-10-05T12:48:00.511000+00:00,26.637,26.637,5.2,-1.4370000000000023
2155,20251005,9896,61,14,4,9896,9896,1270,14,27,2025-10-05T12:48:33.356000+00:00,30.749,30.749,9.2,-0.006666666666660603
2156,20251005,9896,61,31,6,9896,9896,1270,31,30,2025-10-05T12:53:39.945000+00:00,25.078,25.078,3.2,-1.6991666666666632
2157,20251005,9896,61,18,4,9896,9896,1270,18,38,2025-10-05T13:06:50.853000+00:00,24.012,24.012,2.6,-0.8371666666666732
2158,20251005,9896,61,23,13,9896,9896,1270,23,42,2025-10-05T13:13:32.820000+00:00,25.732,25.732,4.3,-2.4638333333333313
2159,20251005,9896,61,27,7,9896,9896,1270,27,44,2025-10-05T13:17:22.947000+00:00,31.8,31.8,,-2.890333333333338
2160,20251005,9896,61,44,5,9896,9896,1270,44,46,2025-10-05T13:19:00.893000+00:00,23.344,23.344,2.3,-1.880333333333335
2161,20251005,9896,61,30,11,9896,9896,1270,30,48,2025-10-05T13:23:18.249000+00:00,24.027,24.027,2.5,-0.0005000000000023874
2162,20251005,9896,61,55,13,9896,9896,1270,55,50,2025-10-05T13:26:35.223000+00:00,24.075,24.075,2.9,-3.9903333333333366
2163,20251005,9896,61,10,3,9896,9896,1270,10,51,2025-10-05T13:28:40.228000+00:00,25.188,25.188,3.8,-5.346166666666673
2164,20251019,9888,9,23,13,9888,9888,1271,23,7,2025-10-19T19:16:40.245000+00:00,23.763,23.763,2.4,-2.451333333333328
2165,20251019,9888,9,5,7,9888,9888,1271,5,14,2025-10-19T19:28:52.915000+00:00,25.567,25.567,4.2,-1.0379999999999967
2166,20251019,9888,9,16,5,9888,9888,1271,16,22,2025-10-19T19:41:52.626000+00:00,23.718,23.718,2.3,-1.5115000000000027
2167,20251019,9888,9,31,6,9888,9888,1271,31,24,2025-10-19T19:45:54.440000+00:00,25.06,25.06,3.1,-1.6413333333333309
2168,20251019,9888,9,10,3,9888,9888,1271,10,27,2025-10-19T19:50:53.659000+00:00,26.631,26.631,5.3,-1.6300000000000026
2169,20251019,9888,9,18,4,9888,9888,1271,18,28,2025-10-19T19:52:29.263000+00:00,24.192,24.192,2.8,-1.7803333333333313
2170,20251019,9888,9,6,11,9888,9888,1271,6,28,2025-10-19T19:52:41.432000+00:00,23.831,23.831,2.4,-1.4315000000000044
2171,20251019,9888,9,22,12,9888,9888,1271,22,29,2025-10-19T19:53:50.773000+00:00,24.539,24.539,3.4,-1.5660000000000003
2172,20251019,9888,9,81,8,9888,9888,1271,81,30,2025-10-19T19:55:20.165000+00:00,23.452,23.452,2.3,-1.1630000000000038
2173,20251019,9888,9,87,6,9888,9888,1271,87,30,2025-10-19T19:55:32.548000+00:00,24.11,24.11,2.7,-1.8828333333333327
2174,20251019,9888,9,14,4,9888,9888,1271,14,30,2025-10-19T19:55:43.948000+00:00,24.054,24.054,2.6,-0.44199999999999784
2175,20251019,9888,9,30,11,9888,9888,1271,30,30,2025-10-19T19:55:46.326000+00:00,23.681,23.681,2.2,-1.0856666666666612
2176,20251019,9888,9,44,5,9888,9888,1271,44,31,2025-10-19T19:56:56.565000+00:00,23.937,23.937,2.6,-1.5761666666666656
2177,20251019,9888,9,12,9,9888,9888,1271,12,31,2025-10-19T19:57:34.602000+00:00,23.949,23.949,2.6,-1.862166666666667
2178,20251019,9888,9,4,8,9888,9888,1271,4,32,2025-10-19T19:58:29.205000+00:00,24.58,24.58,3.8,-1.8486666666666618
2179,20251019,9888,9,43,3,9888,9888,1271,43,32,2025-10-19T19:59:24.550000+00:00,24.045,24.045,2.5,-1.645666666666673
2180,20251019,9888,9,1,12,9888,9888,1271,1,33,2025-10-19T19:59:59.042000+00:00,23.987,23.987,2.6,-1.814
2181,20251019,9888,9,63,9,9888,9888,1271,63,33,2025-10-19T20:00:24.120000+00:00,23.555,23.555,2.3,-2.4065000000000034
2182,20251019,9888,9,27,7,9888,9888,1271,27,33,2025-10-19T20:00:34.358000+00:00,23.753,23.753,2.4,-0.6699999999999994
2183,20251019,9888,9,23,13,9888,9888,1271,23,36,2025-10-19T20:06:00.064000+00:00,24.582,24.582,3.3,-2.005666666666668
2184,20251019,9888,9,5,7,9888,9888,1271,5,36,2025-10-19T20:06:12.150000+00:00,24.007,24.007,2.6,-3.6181666666666645
2185,20251026,9877,65,30,11,9877,9877,1272,30,2,2025-10-26T20:06:52.641000+00:00,34.212,34.212,13.9,-4.944499999999998
2186,20251026,9877,65,55,13,9877,9877,1272,55,17,2025-10-26T20:27:37.255000+00:00,22.502,22.502,5.1,-1.9753333333333316
2187,20251026,9877,65,14,4,9877,9877,1272,14,20,2025-10-26T20:31:56.534000+00:00,26.816,26.816,7.1,-2.428333333333337
2188,20251026,9877,65,12,9,9877,9877,1272,12,22,2025-10-26T20:34:19.665000+00:00,22.476,22.476,2.5,-1.0330000000000061
2189,20251026,9877,65,44,5,9877,9877,1272,44,23,2025-10-26T20:35:48.975000+00:00,33.308,33.308,13.5,-0.5930000000000082
2190,20251026,9877,65,87,6,9877,9877,1272,87,24,2025-10-26T20:37:02.592000+00:00,22.647,22.647,2.7,-0.550166666666667
2191,20251026,9877,65,81,8,9877,9877,1272,81,24,2025-10-26T20:37:09.936000+00:00,23.211,23.211,3.6,-1.3393333333333384
2192,20251026,9877,65,63,9,9877,9877,1272,63,25,2025-10-26T20:38:30.984000+00:00,22.347,22.347,2.7,-1.9056666666666664
2193,20251026,9877,65,18,4,9877,9877,1272,18,26,2025-10-26T20:40:14.300000+00:00,22.071,22.071,2.6,-1.9606666666666708
2194,20251026,9877,65,31,6,9877,9877,1272,31,27,2025-10-26T20:41:30.822000+00:00,23.203,23.203,3.0,-1.5546666666666649
2195,20251026,9877,65,16,5,9877,9877,1272,16,31,2025-10-26T20:46:37.358000+00:00,22.215,22.215,2.2,-1.0993333333333364
2196,20251026,9877,65,10,3,9877,9877,1272,10,33,2025-10-26T20:50:26.031000+00:00,22.834,22.834,2.8,-1.656333333333336
2197,20251026,9877,65,4,8,9877,9877,1272,4,34,2025-10-26T20:50:29.025000+00:00,22.567,22.567,2.6,-1.115666666666667
2198,20251026,9877,65,6,11,9877,9877,1272,6,34,2025-10-26T20:51:23.005000+00:00,22.196,22.196,2.4,-2.3958333333333357
2199,20251026,9877,65,22,12,9877,9877,1272,22,36,2025-10-26T20:54:14.394000+00:00,31.63,31.63,12.0,-2.935833333333335
2200,20251026,9877,65,1,12,9877,9877,1272,1,37,2025-10-26T20:55:10.670000+00:00,22.762,22.762,2.9,-2.5108333333333284
2201,20251026,9877,65,5,7,9877,9877,1272,5,37,2025-10-26T20:55:36.348000+00:00,22.41,22.41,2.3,-2.923333333333332
2202,20251026,9877,65,23,13,9877,9877,1272,23,41,2025-10-26T21:01:19.045000+00:00,22.04,22.04,2.3,-2.8208333333333377
2203,20251026,9877,65,18,4,9877,9877,1272,18,43,2025-10-26T21:04:01.158000+00:00,23.713,23.713,4.2,-1.6629999999999967
2204,20251026,9877,65,55,13,9877,9877,1272,55,46,2025-10-26T21:08:05.554000+00:00,30.5,30.5,,-1.8111666666666675
2205,20251026,9877,65,81,8,9877,9877,1272,81,47,2025-10-26T21:09:49.689000+00:00,22.159,22.159,2.1,-0.801166666666667
2206,20251026,9877,65,12,9,9877,9877,1272,12,47,2025-10-26T21:09:06.973000+00:00,24.523,24.523,4.6,-1.1984999999999981
2207,20251026,9877,65,44,5,9877,9877,1272,44,47,2025-10-26T21:09:09.701000+00:00,23.342,23.342,3.5,-1.6338333333333328
2208,20251026,9877,65,87,6,9877,9877,1272,87,48,2025-10-26T21:10:22.169000+00:00,22.174,22.174,2.3,-1.4429999999999978
2209,20251026,9877,65,63,9,9877,9877,1272,63,48,2025-10-26T21:10:24.920000+00:00,22.47,22.47,3.2,-2.145166666666668
2210,20251026,9877,65,43,3,9877,9877,1272,43,48,2025-10-26T21:11:28.773000+00:00,22.789,22.789,2.8,-2.555833333333337
2211,20251026,9877,65,55,13,9877,9877,1272,55,56,2025-10-26T21:21:53.849000+00:00,17.9,17.9,,0.10366666666666191
2212,20251109,9869,14,22,12,9869,9869,1273,22,2,2025-11-09T17:06:59.702000+00:00,22.974,22.974,2.0,20.041500000000006
2213,20251109,9869,14,44,5,9869,9869,1273,44,2,2025-11-09T17:07:24.400000+00:00,40.076,40.076,18.5,12.034000000000006
2214,20251109,9869,14,1,12,9869,9869,1273,1,7,2025-11-09T17:15:31.935000+00:00,23.197,23.197,2.2,-24.572999999999997
2215,20251109,9869,14,31,6,9869,9869,1273,31,8,2025-11-09T17:17:13.579000+00:00,24.204,24.204,2.9,-23.409833333333342
2216,20251109,9869,14,44,5,9869,9869,1273,44,14,2025-11-09T17:24:47.649000+00:00,23.426,23.426,2.4,-1.709666666666666
2217,20251109,9869,14,87,6,9869,9869,1273,87,17,2025-11-09T17:28:28.124000+00:00,23.748,23.748,3.0,-1.7636666666666727
2218,20251109,9869,14,55,13,9869,9869,1273,55,17,2025-11-09T17:28:34.078000+00:00,26.064,26.064,5.2,-2.0568333333333344
2219,20251109,9869,14,6,11,9869,9869,1273,6,18,2025-11-09T17:29:42.776000+00:00,23.708,23.708,2.4,-1.5089999999999957
2220,20251109,9869,14,10,3,9869,9869,1273,10,18,2025-11-09T17:29:45.653000+00:00,23.673,23.673,2.8,-1.544833333333327
2221,20251109,9869,14,30,11,9869,9869,1273,30,19,2025-11-09T17:31:02.424000+00:00,22.899,22.899,2.0,-1.5861666666666685
2222,20251109,9869,14,12,9,9869,9869,1273,12,21,2025-11-09T17:33:20.888000+00:00,23.356,23.356,2.2,-1.1626666666666687
2223,20251109,9869,14,22,12,9869,9869,1273,22,24,2025-11-09T17:37:36.928000+00:00,34.185,34.185,13.3,-2.293666666666664
2224,20251109,9869,14,14,4,9869,9869,1273,14,28,2025-11-09T17:42:30.689000+00:00,23.942,23.942,3.2,-1.8103333333333325
2225,20251109,9869,14,43,3,9869,9869,1273,43,29,2025-11-09T17:43:48.580000+00:00,23.71,23.71,2.6,-1.8503333333333316
2226,20251109,9869,14,18,4,9869,9869,1273,18,29,2025-11-09T17:43:49.293000+00:00,23.76,23.76,2.9,-1.6688333333333294
2227,20251109,9869,14,4,8,9869,9869,1273,4,30,2025-11-09T17:44:26.554000+00:00,23.49,23.49,2.2,-0.5810000000000006
2228,20251109,9869,14,44,5,9869,9869,1273,44,32,2025-11-09T17:47:56.309000+00:00,30.752,30.752,9.8,-1.2656666666666752
2229,20251109,9869,14,63,9,9869,9869,1273,63,34,2025-11-09T17:49:42.685000+00:00,23.358,23.358,2.4,-2.0278333333333336
2230,20251109,9869,14,1,12,9869,9869,1273,1,34,2025-11-09T17:49:48.897000+00:00,23.058,23.058,2.3,-1.8898333333333308
2231,20251109,9869,14,23,13,9869,9869,1273,23,35,2025-11-09T17:51:17.776000+00:00,23.061,23.061,2.4,-2.9266666666666667
2232,20251109,9869,14,27,7,9869,9869,1273,27,36,2025-11-09T17:52:30.227000+00:00,23.0,23.0,,-2.199833333333333
2233,20251109,9869,14,6,11,9869,9869,1273,6,37,2025-11-09T17:53:50.990000+00:00,23.46,23.46,2.4,-1.036499999999999
2234,20251109,9869,14,81,8,9869,9869,1273,81,38,2025-11-09T17:54:47.696000+00:00,34.644,34.644,13.5,-1.549833333333332
2235,20251109,9869,14,55,13,9869,9869,1273,55,38,2025-11-09T17:55:10.135000+00:00,23.234,23.234,2.5,-1.2481666666666673
2236,20251109,9869,14,10,3,9869,9869,1273,10,39,2025-11-09T17:56:21.926000+00:00,23.648,23.648,2.8,-0.8993333333333334
2237,20251109,9869,14,87,6,9869,9869,1273,87,42,2025-11-09T17:59:59.590000+00:00,24.654,24.654,3.9,-0.5465000000000041
2238,20251109,9869,14,43,3,9869,9869,1273,43,43,2025-11-09T18:01:41.658000+00:00,26.124,26.124,5.4,-2.2481666666666626
2239,20251109,9869,14,14,4,9869,9869,1273,14,46,2025-11-09T18:05:21.290000+00:00,23.563,23.563,2.7,-1.9263333333333297
2240,20251109,9869,14,12,9,9869,9869,1273,12,47,2025-11-09T18:06:00.862000+00:00,23.401,23.401,2.2,-1.0054999999999978
2241,20251109,9869,14,31,6,9869,9869,1273,31,47,2025-11-09T18:06:32.445000+00:00,24.177,24.177,2.9,-1.4884999999999948
2242,20251109,9869,14,22,12,9869,9869,1273,22,47,2025-11-09T18:06:55.174000+00:00,33.841,33.841,13.0,-2.3185000000000024
2243,20251109,9869,14,63,9,9869,9869,1273,63,48,2025-11-09T18:07:18.286000+00:00,23.128,23.128,2.3,-1.0553333333333275
2244,20251109,9869,14,4,8,9869,9869,1273,4,50,2025-11-09T18:09:35.109000+00:00,23.238,23.238,2.2,-0.8034999999999973
2245,20251109,9869,14,81,8,9869,9869,1273,81,51,2025-11-09T18:11:07.234000+00:00,23.113,23.113,2.2,-0.9560000000000007
2246,20251109,9869,14,1,12,9869,9869,1273,1,54,2025-11-09T18:14:45.259000+00:00,23.311,23.311,2.5,-1.4115000000000038
2247,20251109,9869,14,18,4,9869,9869,1273,18,54,2025-11-09T18:15:22.847000+00:00,22.968,22.968,2.4,-2.3643333333333323
2248,20251109,9869,14,23,13,9869,9869,1273,23,55,2025-11-09T18:16:32.416000+00:00,23.112,23.112,2.3,-2.506666666666663
2249,20251123,9858,152,22,12,9858,9858,1274,22,1,2025-11-23T04:06:24.941000+00:00,21.383,21.383,2.5,
2250,20251123,9858,152,5,7,9858,9858,1274,5,1,2025-11-23T04:06:49.609000+00:00,33.23,33.23,14.2,
2251,20251123,9858,152,12,9,9858,9858,1274,12,2,2025-11-23T04:08:21.548000+00:00,21.968,21.968,3.1,-13.268999999999998
2252,20251123,9858,152,10,3,9858,9858,1274,10,2,2025-11-23T04:08:33.857000+00:00,23.903,23.903,5.2,-17.459500000000006
2253,20251123,9858,152,30,11,9858,9858,1274,30,2,2025-11-23T04:08:42.280000+00:00,32.736,32.736,13.1,-8.198499999999996
2254,20251123,9858,152,23,13,9858,9858,1274,23,13,2025-11-23T04:26:53.267000+00:00,23.361,23.361,3.9,-0.3583333333333343
2255,20251123,9858,152,23,13,9858,9858,1274,23,14,2025-11-23T04:29:02.515000+00:00,30.065,30.065,11.3,-0.535499999999999
2256,20251123,9858,152,14,4,9858,9858,1274,14,16,2025-11-23T04:32:00.114000+00:00,21.068,21.068,2.5,-0.7753333333333288
2257,20251123,9858,152,63,9,9858,9858,1274,63,17,2025-11-23T04:33:13.981000+00:00,20.929,20.929,2.2,-7.978
2258,20251123,9858,152,87,6,9858,9858,1274,87,17,2025-11-23T04:33:38.004000+00:00,21.491,21.491,3.1,-8.128666666666668
2259,20251123,9858,152,6,11,9858,9858,1274,6,20,2025-11-23T04:38:22.909000+00:00,21.324,21.324,2.9,-1.0491666666666717
2260,20251123,9858,152,81,8,9858,9858,1274,81,21,2025-11-23T04:39:54.483000+00:00,21.371,21.371,2.7,-0.4521666666666633
2261,20251123,9858,152,4,8,9858,9858,1274,4,22,2025-11-23T04:41:15.397000+00:00,21.049,21.049,2.5,-0.12650000000000006
2262,20251123,9858,152,55,13,9858,9858,1274,55,22,2025-11-23T04:41:30.088000+00:00,21.164,21.164,2.6,-0.62716666666667
2263,20251123,9858,152,16,5,9858,9858,1274,16,24,2025-11-23T04:44:43.963000+00:00,21.351,21.351,2.7,-1.5750000000000053
2264,20251123,9858,152,1,12,9858,9858,1274,1,25,2025-11-23T04:45:59.349000+00:00,21.708,21.708,3.0,-0.7288333333333317
2265,20251123,9858,152,43,3,9858,9858,1274,43,25,2025-11-23T04:46:56.693000+00:00,22.842,22.842,4.0,-1.8428333333333384
2266,20251123,9858,152,31,6,9858,9858,1274,31,27,2025-11-23T04:49:49.465000+00:00,22.389,22.389,3.2,-1.8560000000000016
2267,20251123,9858,152,22,12,9858,9858,1274,22,27,2025-11-23T04:50:08.739000+00:00,20.68,20.68,2.2,-1.6641666666666666
2268,20251123,9858,152,30,11,9858,9858,1274,30,28,2025-11-23T04:51:50.731000+00:00,21.287,21.287,2.4,-1.1519999999999986
2269,20251123,9858,152,44,5,9858,9858,1274,44,29,2025-11-23T04:52:53.262000+00:00,21.638,21.638,3.1,-0.13750000000000284
2270,20251123,9858,152,27,7,9858,9858,1274,27,30,2025-11-23T04:54:29.901000+00:00,22.3,22.3,,-1.0374999999999968
2271,20251123,9858,152,23,13,9858,9858,1274,23,34,2025-11-23T05:01:52.169000+00:00,29.308,29.308,9.9,
2272,20251130,9850,150,1,12,9850,9850,1275,1,7,2025-11-30T16:14:20.672000+00:00,29.97,29.97,4.1,52.94033333333332
2273,20251130,9850,150,55,13,9850,9850,1275,55,7,2025-11-30T16:14:27.141000+00:00,28.56,28.56,2.9,51.98416666666667
2274,20251130,9850,150,12,9,9850,9850,1275,12,7,2025-11-30T16:14:28.078000+00:00,32.002,32.002,6.3,52.2395
2275,20251130,9850,150,14,4,9850,9850,1275,14,7,2025-11-30T16:14:29.422000+00:00,28.288,28.288,2.5,51.42916666666666
2276,20251130,9850,150,6,11,9850,9850,1275,6,7,2025-11-30T16:14:32.844000+00:00,28.815,28.815,3.2,50.764
2277,20251130,9850,150,63,9,9850,9850,1275,63,7,2025-11-30T16:14:35.063000+00:00,33.241,33.241,7.2,50.26449999999999
2278,20251130,9850,150,16,5,9850,9850,1275,16,7,2025-11-30T16:14:39.047000+00:00,30.395,30.395,4.7,49.69216666666667
2279,20251130,9850,150,87,6,9850,9850,1275,87,7,2025-11-30T16:14:39.078000+00:00,28.837,28.837,3.8,49.062666666666665
2280,20251130,9850,150,30,11,9850,9850,1275,30,7,2025-11-30T16:14:40.610000+00:00,28.993,28.993,3.2,48.77549999999999
2281,20251130,9850,150,22,12,9850,9850,1275,22,7,2025-11-30T16:14:42.782000+00:00,29.188,29.188,3.6,47.991833333333325
2282,20251130,9850,150,23,13,9850,9850,1275,23,7,2025-11-30T16:14:43.641000+00:00,28.89,28.89,3.1,47.51783333333333
2283,20251130,9850,150,44,5,9850,9850,1275,44,7,2025-11-30T16:14:44.469000+00:00,32.166,32.166,3.2,47.14966666666667
2284,20251130,9850,150,5,7,9850,9850,1275,5,7,2025-11-30T16:14:45.563000+00:00,28.471,28.471,2.5,46.73166666666666
2285,20251130,9850,150,18,4,9850,9850,1275,18,7,2025-11-30T16:14:45.719000+00:00,28.124,28.124,2.7,46.67816666666666
2286,20251130,9850,150,43,3,9850,9850,1275,43,7,2025-11-30T16:14:47.735000+00:00,29.538,29.538,3.1,46.050000000000004
2287,20251130,9850,150,10,3,9850,9850,1275,10,7,2025-11-30T16:15:12.668000+00:00,31.343,31.343,3.8,42.184999999999995
2288,20251130,9850,150,31,6,9850,9850,1275,31,8,2025-11-30T16:16:50.755000+00:00,34.006,34.006,8.3,-4.88666666666667
2289,20251130,9850,150,31,6,9850,9850,1275,31,9,2025-11-30T16:19:32.036000+00:00,34.54,34.54,8.6,-7.887500000000003
2290,20251130,9850,150,81,8,9850,9850,1275,81,24,2025-11-30T16:41:27.928000+00:00,29.047,29.047,3.1,-0.9470000000000075
2291,20251130,9850,150,18,4,9850,9850,1275,18,24,2025-11-30T16:42:05.819000+00:00,28.064,28.064,2.5,-1.3048333333333368
2292,20251130,9850,150,4,8,9850,9850,1275,4,25,2025-11-30T16:42:56.225000+00:00,27.938,27.938,2.2,-0.8435000000000012
2293,20251130,9850,150,1,12,9850,9850,1275,1,32,2025-11-30T16:52:57.981000+00:00,28.168,28.168,2.5,-0.6029999999999992
2294,20251130,9850,150,55,13,9850,9850,1275,55,32,2025-11-30T16:53:16.514000+00:00,28.181,28.181,2.6,-1.0646666666666722
2295,20251130,9850,150,12,9,9850,9850,1275,12,32,2025-11-30T16:53:20.955000+00:00,28.544,28.544,2.6,-2.0034999999999976
2296,20251130,9850,150,14,4,9850,9850,1275,14,32,2025-11-30T16:53:27.633000+00:00,28.935,28.935,3.0,0.4438333333333375
2297,20251130,9850,150,6,11,9850,9850,1275,6,32,2025-11-30T16:53:29.980000+00:00,27.931,27.931,2.2,-0.6963333333333352
2298,20251130,9850,150,63,9,9850,9850,1275,63,32,2025-11-30T16:53:33.480000+00:00,29.077,29.077,3.0,-1.514833333333333
2299,20251130,9850,150,16,5,9850,9850,1275,16,32,2025-11-30T16:53:36.294000+00:00,28.999,28.999,3.2,-1.6494999999999986
2300,20251130,9850,150,30,11,9850,9850,1275,30,32,2025-11-30T16:53:38.635000+00:00,28.078,28.078,2.3,-1.5906666666666684
2301,20251130,9850,150,22,12,9850,9850,1275,22,32,2025-11-30T16:53:39.921000+00:00,28.33,28.33,2.9,-1.6433333333333355
2302,20251130,9850,150,23,13,9850,9850,1275,23,32,2025-11-30T16:53:42.521000+00:00,29.457,29.457,3.7,-1.7624999999999982
2303,20251130,9850,150,44,5,9850,9850,1275,44,32,2025-11-30T16:53:42.997000+00:00,28.541,28.541,2.7,-1.5921666666666663
2304,20251130,9850,150,5,7,9850,9850,1275,5,32,2025-11-30T16:53:45.788000+00:00,28.234,28.234,2.2,-1.8906666666666727
2305,20251130,9850,150,43,3,9850,9850,1275,43,32,2025-11-30T16:53:47.468000+00:00,28.942,28.942,3.2,-1.1741666666666692
2306,20251130,9850,150,87,6,9850,9850,1275,87,32,2025-11-30T16:53:53.810000+00:00,45.232,45.232,16.3,-1.8058333333333274
2307,20251130,9850,150,10,3,9850,9850,1275,10,32,2025-11-30T16:53:54.435000+00:00,30.559,30.559,3.7,-1.524833333333331
2308,20251130,9850,150,31,6,9850,9850,1275,31,34,2025-11-30T16:56:44.641000+00:00,30.469,30.469,4.6,-2.046333333333339
2309,20251130,9850,150,87,6,9850,9850,1275,87,40,2025-11-30T17:05:53.736000+00:00,37.513,37.513,11.8,
2310,20251130,9850,150,81,8,9850,9850,1275,81,42,2025-11-30T17:07:22.436000+00:00,27.853,27.853,1.8,-1.5076666666666703
2311,20251130,9850,150,4,8,9850,9850,1275,4,44,2025-11-30T17:10:20.448000+00:00,28.243,28.243,2.7,-1.537333333333334
2312,20251130,9850,150,18,4,9850,9850,1275,18,49,2025-11-30T17:18:27.412000+00:00,35.671,35.671,10.1,-1.788166666666669
2313,20251207,9839,70,27,7,9839,9839,1276,27,7,2025-12-07T13:14:35.391000+00:00,21.6,21.6,,-1.812166666666665
2314,20251207,9839,70,44,5,9839,9839,1276,44,8,2025-12-07T13:16:02.970000+00:00,21.601,21.601,2.4,-1.571166666666668
2315,20251207,9839,70,23,13,9839,9839,1276,23,8,2025-12-07T13:16:05.538000+00:00,21.551,21.551,2.1,-0.7284999999999991
2316,20251207,9839,70,10,3,9839,9839,1276,10,13,2025-12-07T13:23:44.702000+00:00,22.585,22.585,3.0,-1.476333333333341
2317,20251207,9839,70,63,9,9839,9839,1276,63,14,2025-12-07T13:24:56.676000+00:00,21.979,21.979,2.3,-0.7248333333333363
2318,20251207,9839,70,6,11,9839,9839,1276,6,14,2025-12-07T13:25:03.744000+00:00,21.932,21.932,2.6,-0.8884999999999982
2319,20251207,9839,70,87,6,9839,9839,1276,87,14,2025-12-07T13:25:07.866000+00:00,22.263,22.263,3.0,-1.4303333333333323
2320,20251207,9839,70,5,7,9839,9839,1276,5,15,2025-12-07T13:26:30.094000+00:00,22.121,22.121,2.5,0.02849999999999872
2321,20251207,9839,70,43,3,9839,9839,1276,43,15,2025-12-07T13:26:47.592000+00:00,21.953,21.953,2.7,-1.5733333333333377
2322,20251207,9839,70,4,8,9839,9839,1276,4,16,2025-12-07T13:27:50.505000+00:00,21.323,21.323,2.1,0.020833333333326154
2323,20251207,9839,70,16,5,9839,9839,1276,16,16,2025-12-07T13:27:53.297000+00:00,21.692,21.692,2.5,-0.2961666666666716
2324,20251207,9839,70,14,4,9839,9839,1276,14,16,2025-12-07T13:27:59.378000+00:00,23.267,23.267,4.1,0.028833333333328902
2325,20251207,9839,70,55,13,9839,9839,1276,55,18,2025-12-07T13:31:13.956000+00:00,21.799,21.799,2.7,-2.07616666666667
2326,20251207,9839,70,31,6,9839,9839,1276,31,19,2025-12-07T13:32:39.350000+00:00,22.254,22.254,2.7,-2.1828333333333374
2327,20251207,9839,70,30,11,9839,9839,1276,30,21,2025-12-07T13:35:56.234000+00:00,28.369,28.369,8.9,-2.1653333333333338
2328,20251207,9839,70,1,12,9839,9839,1276,1,23,2025-12-07T13:38:12.048000+00:00,21.703,21.703,2.3,-0.9111666666666688
2329,20251207,9839,70,44,5,9839,9839,1276,44,31,2025-12-07T13:50:48.636000+00:00,21.417,21.417,2.1,-0.9385000000000001
2330,20251207,9839,70,22,12,9839,9839,1276,22,32,2025-12-07T13:52:20.008000+00:00,27.041,27.041,7.9,-1.7908333333333364
2331,20251207,9839,70,12,9,9839,9839,1276,12,32,2025-12-07T13:52:27.790000+00:00,22.155,22.155,2.6,-2.6723333333333343
2332,20251207,9839,70,23,13,9839,9839,1276,23,33,2025-12-07T13:53:58.599000+00:00,21.495,21.495,2.4,-1.8995000000000082
2333,20251207,9839,70,16,5,9839,9839,1276,16,39,2025-12-07T14:02:15.372000+00:00,20.902,20.902,2.0,-0.5713333333333281
2334,20251207,9839,70,4,8,9839,9839,1276,4,40,2025-12-07T14:03:37.692000+00:00,21.407,21.407,2.4,0.049999999999999545
2335,20251207,9839,70,10,3,9839,9839,1276,10,40,2025-12-07T14:04:37.122000+00:00,22.234,22.234,3.0,-1.944666666666663
2336,20251207,9839,70,43,3,9839,9839,1276,43,40,2025-12-07T14:04:44.299000+00:00,22.955,22.955,3.6,-3.506833333333333
2337,20251207,9839,70,81,8,9839,9839,1276,81,41,2025-12-07T14:05:01.126000+00:00,21.565,21.565,2.2,-2.184333333333335
2338,20251207,9839,70,18,4,9839,9839,1276,18,42,2025-12-07T14:07:18.986000+00:00,21.535,21.535,2.3,-2.159499999999999
2339,20251207,9839,70,27,7,9839,9839,1276,27,42,2025-12-07T14:07:26.254000+00:00,21.468,21.468,2.4,-2.6286666666666676
