time,temperature_2m,relative_humidity_2m,precipitation,rain,cloud_cover,wind_speed_10m,wind_gusts_10m,session_key,circuit_key,weather_date,latitude,longitude
2023-03-05T00:00,19.1,59,0.0,0.0,0,11.5,18.0,7953,63,2023-03-05,26.0325,50.5106
2023-03-05T01:00,18.2,63,0.0,0.0,0,10.5,15.5,7953,63,2023-03-05,26.0325,50.5106
2023-03-05T02:00,17.8,66,0.0,0.0,0,10.5,13.7,7953,63,2023-03-05,26.0325,50.5106
2023-03-05T03:00,17.4,69,0.0,0.0,0,9.6,13.3,7953,63,2023-03-05,26.0325,50.5106
2023-03-05T04:00,19.1,62,0.0,0.0,2,8.2,12.2,7953,63,2023-03-05,26.0325,50.5106
2023-03-05T05:00,22.1,44,0.0,0.0,1,4.9,10.8,7953,63,2023-03-05,26.0325,50.5106
2023-03-05T06:00,24.8,29,0.0,0.0,3,2.5,10.4,7953,63,2023-03-05,26.0325,50.5106
2023-03-05T07:00,27.2,23,0.0,0.0,0,5.4,13.3,7953,63,2023-03-05,26.0325,50.5106
2023-03-05T08:00,28.9,20,0.0,0.0,0,9.1,19.8,7953,63,2023-03-05,26.0325,50.5106
2023-03-05T09:00,30.2,18,0.0,0.0,0,8.6,20.5,7953,63,2023-03-05,26.0325,50.5106
2023-03-05T10:00,31.4,15,0.0,0.0,0,6.0,19.8,7953,63,2023-03-05,26.0325,50.5106
2023-03-05T11:00,32.2,14,0.0,0.0,0,5.9,16.9,7953,63,2023-03-05,26.0325,50.5106
2023-03-05T12:00,32.2,15,0.0,0.0,0,8.1,17.3,7953,63,2023-03-05,26.0325,50.5106
2023-03-05T13:00,32.0,16,0.0,0.0,0,10.1,18.4,7953,63,2023-03-05,26.0325,50.5106
2023-03-05T14:00,30.6,18,0.0,0.0,0,10.9,18.4,7953,63,2023-03-05,26.0325,50.5106
2023-03-05T15:00,27.9,23,0.0,0.0,0,9.8,16.2,7953,63,2023-03-05,26.0325,50.5106
2023-03-05T16:00,26.3,25,0.0,0.0,0,10.1,13.3,7953,63,2023-03-05,26.0325,50.5106
2023-03-05T17:00,25.1,29,0.0,0.0,0,10.5,14.0,7953,63,2023-03-05,26.0325,50.5106
2023-03-05T18:00,24.3,31,0.0,0.0,0,9.7,14.0,7953,63,2023-03-05,26.0325,50.5106
2023-03-05T19:00,23.5,37,0.0,0.0,0,11.2,14.0,7953,63,2023-03-05,26.0325,50.5106
2023-03-05T20:00,21.9,48,0.0,0.0,0,9.0,14.4,7953,63,2023-03-05,26.0325,50.5106
2023-03-05T21:00,20.6,58,0.0,0.0,0,7.7,11.5,7953,63,2023-03-05,26.0325,50.5106
2023-03-05T22:00,20.1,62,0.0,0.0,0,6.3,9.4,7953,63,2023-03-05,26.0325,50.5106
2023-03-05T23:00,19.6,66,0.0,0.0,0,6.4,8.6,7953,63,2023-03-05,26.0325,50.5106
2023-03-19T00:00,22.4,47,0.0,0.0,53,14.1,18.4,7779,149,2023-03-19,21.6319,39.1044
2023-03-19T01:00,21.5,47,0.0,0.0,93,14.4,19.1,7779,149,2023-03-19,21.6319,39.1044
2023-03-19T02:00,21.0,47,0.0,0.0,96,12.4,19.1,7779,149,2023-03-19,21.6319,39.1044
2023-03-19T03:00,19.6,44,0.0,0.0,7,10.9,15.8,7779,149,2023-03-19,21.6319,39.1044
2023-03-19T04:00,18.9,41,0.0,0.0,10,9.5,13.7,7779,149,2023-03-19,21.6319,39.1044
2023-03-19T05:00,22.5,29,0.0,0.0,18,6.5,11.2,7779,149,2023-03-19,21.6319,39.1044
2023-03-19T06:00,26.2,20,0.0,0.0,6,0.5,10.8,7779,149,2023-03-19,21.6319,39.1044
2023-03-19T07:00,28.4,23,0.0,0.0,16,11.0,20.5,7779,149,2023-03-19,21.6319,39.1044
2023-03-19T08:00,29.9,22,0.0,0.0,1,14.8,27.7,7779,149,2023-03-19,21.6319,39.1044
2023-03-19T09:00,30.6,24,0.0,0.0,66,17.6,31.7,7779,149,2023-03-19,21.6319,39.1044
2023-03-19T10:00,30.6,31,0.0,0.0,56,22.1,37.8,7779,149,2023-03-19,21.6319,39.1044
2023-03-19T11:00,29.8,40,0.0,0.0,0,27.4,44.3,7779,149,2023-03-19,21.6319,39.1044
2023-03-19T12:00,29.4,38,0.0,0.0,30,27.9,47.2,7779,149,2023-03-19,21.6319,39.1044
2023-03-19T13:00,29.0,36,0.0,0.0,5,26.1,45.0,7779,149,2023-03-19,21.6319,39.1044
2023-03-19T14:00,28.0,43,0.0,0.0,0,23.9,41.8,7779,149,2023-03-19,21.6319,39.1044
2023-03-19T15:00,26.9,50,0.0,0.0,0,21.7,37.1,7779,149,2023-03-19,21.6319,39.1044
2023-03-19T16:00,25.9,55,0.0,0.0,0,20.1,32.4,7779,149,2023-03-19,21.6319,39.1044
2023-03-19T17:00,25.1,57,0.0,0.0,0,18.2,28.8,7779,149,2023-03-19,21.6319,39.1044
2023-03-19T18:00,24.1,67,0.0,0.0,0,18.6,25.9,7779,149,2023-03-19,21.6319,39.1044
2023-03-19T19:00,23.2,75,0.0,0.0,0,18.2,25.9,7779,149,2023-03-19,21.6319,39.1044
2023-03-19T20:00,22.5,79,0.0,0.0,0,17.1,25.2,7779,149,2023-03-19,21.6319,39.1044
2023-03-19T21:00,21.8,80,0.0,0.0,19,14.4,23.4,7779,149,2023-03-19,21.6319,39.1044
2023-03-19T22:00,20.6,80,0.0,0.0,24,12.3,19.4,7779,149,2023-03-19,21.6319,39.1044
2023-03-19T23:00,19.5,83,0.0,0.0,0,10.7,15.8,7779,149,2023-03-19,21.6319,39.1044
2023-04-02T00:00,15.0,67,0.0,0.0,0,2.9,14.0,7787,10,2023-04-02,-37.8497,144.968
2023-04-02T01:00,16.5,60,0.0,0.0,31,7.1,19.4,7787,10,2023-04-02,-37.8497,144.968
2023-04-02T02:00,17.2,55,0.0,0.0,63,5.8,19.8,7787,10,2023-04-02,-37.8497,144.968
2023-04-02T03:00,17.8,54,0.0,0.0,64,7.8,20.2,7787,10,2023-04-02,-37.8497,144.968
2023-04-02T04:00,16.9,59,0.0,0.0,29,16.3,31.7,7787,10,2023-04-02,-37.8497,144.968
2023-04-02T05:00,17.0,56,0.0,0.0,40,15.7,33.8,7787,10,2023-04-02,-37.8497,144.968
2023-04-02T06:00,16.9,61,0.0,0.0,43,17.8,33.5,7787,10,2023-04-02,-37.8497,144.968
2023-04-02T07:00,15.8,64,0.0,0.0,44,17.9,34.9,7787,10,2023-04-02,-37.8497,144.968
2023-04-02T08:00,14.9,72,0.0,0.0,2,11.2,31.7,7787,10,2023-04-02,-37.8497,144.968
2023-04-02T09:00,13.8,74,0.0,0.0,6,13.2,23.4,7787,10,2023-04-02,-37.8497,144.968
2023-04-02T10:00,12.5,80,0.0,0.0,1,9.7,22.0,7787,10,2023-04-02,-37.8497,144.968
2023-04-02T11:00,11.4,86,0.0,0.0,0,7.4,16.2,7787,10,2023-04-02,-37.8497,144.968
2023-04-02T12:00,11.4,87,0.0,0.0,0,6.6,12.2,7787,10,2023-04-02,-37.8497,144.968
2023-04-02T13:00,10.1,89,0.0,0.0,0,8.5,13.0,7787,10,2023-04-02,-37.8497,144.968
2023-04-02T14:00,10.1,91,0.0,0.0,0,7.9,10.8,7787,10,2023-04-02,-37.8497,144.968
2023-04-02T15:00,11.0,90,0.0,0.0,0,6.7,9.7,7787,10,2023-04-02,-37.8497,144.968
2023-04-02T16:00,11.1,92,0.0,0.0,0,4.9,8.3,7787,10,2023-04-02,-37.8497,144.968
2023-04-02T17:00,10.2,98,0.0,0.0,0,2.6,6.5,7787,10,2023-04-02,-37.8497,144.968
2023-04-02T18:00,9.0,100,0.0,0.0,100,2.6,4.3,7787,10,2023-04-02,-37.8497,144.968
2023-04-02T19:00,6.8,100,0.0,0.0,100,4.4,6.1,7787,10,2023-04-02,-37.8497,144.968
2023-04-02T20:00,6.7,100,0.0,0.0,100,4.0,6.8,7787,10,2023-04-02,-37.8497,144.968
2023-04-02T21:00,7.8,98,0.0,0.0,88,6.4,10.4,7787,10,2023-04-02,-37.8497,144.968
2023-04-02T22:00,9.9,94,0.0,0.0,60,4.6,12.2,7787,10,2023-04-02,-37.8497,144.968
2023-04-02T23:00,12.9,83,0.0,0.0,0,4.6,14.8,7787,10,2023-04-02,-37.8497,144.968
2023-04-30T00:00,18.1,92,0.0,0.0,100,5.8,9.7,9070,144,2023-04-30,40.3725,49.8533
2023-04-30T01:00,18.9,88,0.0,0.0,100,4.7,11.5,9070,144,2023-04-30,40.3725,49.8533
2023-04-30T02:00,18.0,88,0.0,0.0,100,5.1,16.6,9070,144,2023-04-30,40.3725,49.8533
2023-04-30T03:00,17.9,88,0.0,0.0,100,5.4,8.3,9070,144,2023-04-30,40.3725,49.8533
2023-04-30T04:00,18.7,71,0.0,0.0,100,16.9,28.1,9070,144,2023-04-30,40.3725,49.8533
2023-04-30T05:00,17.9,74,0.0,0.0,100,18.6,30.2,9070,144,2023-04-30,40.3725,49.8533
2023-04-30T06:00,19.8,63,0.0,0.0,100,16.2,33.5,9070,144,2023-04-30,40.3725,49.8533
2023-04-30T07:00,21.1,57,0.0,0.0,100,13.4,28.8,9070,144,2023-04-30,40.3725,49.8533
2023-04-30T08:00,22.9,48,0.0,0.0,93,12.6,25.6,9070,144,2023-04-30,40.3725,49.8533
2023-04-30T09:00,24.6,43,0.0,0.0,2,10.6,25.6,9070,144,2023-04-30,40.3725,49.8533
2023-04-30T10:00,25.5,40,0.0,0.0,9,11.0,25.6,9070,144,2023-04-30,40.3725,49.8533
2023-04-30T11:00,26.3,36,0.0,0.0,23,9.9,24.1,9070,144,2023-04-30,40.3725,49.8533
2023-04-30T12:00,26.1,39,0.0,0.0,31,13.4,22.7,9070,144,2023-04-30,40.3725,49.8533
2023-04-30T13:00,25.5,37,0.0,0.0,100,7.9,28.1,9070,144,2023-04-30,40.3725,49.8533
2023-04-30T14:00,22.5,52,0.0,0.0,100,20.4,41.8,9070,144,2023-04-30,40.3725,49.8533
2023-04-30T15:00,19.5,64,0.0,0.0,100,13.8,41.8,9070,144,2023-04-30,40.3725,49.8533
2023-04-30T16:00,18.4,72,0.1,0.1,100,14.9,34.2,9070,144,2023-04-30,40.3725,49.8533
2023-04-30T17:00,17.8,75,0.0,0.0,100,16.1,29.9,9070,144,2023-04-30,40.3725,49.8533
2023-04-30T18:00,17.0,82,0.0,0.0,100,18.1,29.2,9070,144,2023-04-30,40.3725,49.8533
2023-04-30T19:00,16.1,85,0.1,0.1,99,25.0,40.0,9070,144,2023-04-30,40.3725,49.8533
2023-04-30T20:00,15.9,89,0.6,0.6,100,30.9,49.7,9070,144,2023-04-30,40.3725,49.8533
2023-04-30T21:00,15.9,91,0.7,0.7,100,32.4,53.6,9070,144,2023-04-30,40.3725,49.8533
2023-04-30T22:00,15.9,89,0.0,0.0,100,29.5,52.2,9070,144,2023-04-30,40.3725,49.8533
2023-04-30T23:00,15.8,88,0.0,0.0,83,31.4,49.3,9070,144,2023-04-30,40.3725,49.8533
2023-05-07T00:00,24.5,77,0.0,0.0,46,9.6,33.5,9078,151,2023-05-07,25.9581,-80.2389
2023-05-07T01:00,24.4,78,0.0,0.0,12,13.5,22.7,9078,151,2023-05-07,25.9581,-80.2389
2023-05-07T02:00,22.8,84,0.1,0.1,67,20.2,35.6,9078,151,2023-05-07,25.9581,-80.2389
2023-05-07T03:00,22.0,89,0.1,0.1,50,18.4,35.6,9078,151,2023-05-07,25.9581,-80.2389
2023-05-07T04:00,21.3,90,0.1,0.1,28,16.6,38.2,9078,151,2023-05-07,25.9581,-80.2389
2023-05-07T05:00,22.2,86,0.0,0.0,24,11.3,28.4,9078,151,2023-05-07,25.9581,-80.2389
2023-05-07T06:00,21.9,88,0.1,0.1,32,15.1,26.6,9078,151,2023-05-07,25.9581,-80.2389
2023-05-07T07:00,22.0,89,0.0,0.0,28,13.5,25.9,9078,151,2023-05-07,25.9581,-80.2389
2023-05-07T08:00,22.8,82,0.2,0.2,39,15.4,25.9,9078,151,2023-05-07,25.9581,-80.2389
2023-05-07T09:00,22.6,86,0.1,0.1,29,16.2,28.1,9078,151,2023-05-07,25.9581,-80.2389
2023-05-07T10:00,22.2,87,0.0,0.0,40,16.1,29.2,9078,151,2023-05-07,25.9581,-80.2389
2023-05-07T11:00,22.5,86,0.0,0.0,21,16.2,28.1,9078,151,2023-05-07,25.9581,-80.2389
2023-05-07T12:00,22.2,85,0.0,0.0,21,18.9,38.2,9078,151,2023-05-07,25.9581,-80.2389
2023-05-07T13:00,23.5,80,0.2,0.2,24,18.5,34.6,9078,151,2023-05-07,25.9581,-80.2389
2023-05-07T14:00,25.2,68,0.0,0.0,1,19.1,38.5,9078,151,2023-05-07,25.9581,-80.2389
2023-05-07T15:00,26.5,63,0.4,0.4,74,21.6,42.5,9078,151,2023-05-07,25.9581,-80.2389
2023-05-07T16:00,26.8,61,0.3,0.3,62,21.7,43.9,9078,151,2023-05-07,25.9581,-80.2389
2023-05-07T17:00,26.2,60,0.1,0.1,46,23.0,44.6,9078,151,2023-05-07,25.9581,-80.2389
2023-05-07T18:00,26.1,62,0.2,0.2,15,24.3,47.5,9078,151,2023-05-07,25.9581,-80.2389
2023-05-07T19:00,26.8,59,0.1,0.1,41,24.6,48.6,9078,151,2023-05-07,25.9581,-80.2389
2023-05-07T20:00,26.9,59,0.1,0.1,19,25.6,50.4,9078,151,2023-05-07,25.9581,-80.2389
2023-05-07T21:00,26.3,61,0.0,0.0,22,23.6,50.0,9078,151,2023-05-07,25.9581,-80.2389
2023-05-07T22:00,25.4,63,0.0,0.0,13,23.1,45.7,9078,151,2023-05-07,25.9581,-80.2389
2023-05-07T23:00,24.7,64,0.0,0.0,19,20.6,43.6,9078,151,2023-05-07,25.9581,-80.2389
2023-05-28T00:00,18.3,76,0.0,0.0,95,1.5,11.9,9094,22,2023-05-28,43.7347,7.4206
2023-05-28T01:00,18.5,74,0.2,0.2,100,4.2,14.8,9094,22,2023-05-28,43.7347,7.4206
2023-05-28T02:00,18.0,85,1.0,1.0,100,9.4,18.0,9094,22,2023-05-28,43.7347,7.4206
2023-05-28T03:00,18.1,86,4.3,4.3,100,7.9,38.2,9094,22,2023-05-28,43.7347,7.4206
2023-05-28T04:00,18.6,79,0.8,0.8,100,11.4,39.2,9094,22,2023-05-28,43.7347,7.4206
2023-05-28T05:00,18.8,77,0.0,0.0,100,9.3,28.8,9094,22,2023-05-28,43.7347,7.4206
2023-05-28T06:00,20.2,74,0.0,0.0,100,9.2,21.6,9094,22,2023-05-28,43.7347,7.4206
2023-05-28T07:00,21.4,69,0.0,0.0,97,10.6,27.7,9094,22,2023-05-28,43.7347,7.4206
2023-05-28T08:00,21.7,71,0.0,0.0,19,8.0,27.4,9094,22,2023-05-28,43.7347,7.4206
2023-05-28T09:00,22.6,68,0.0,0.0,11,7.4,22.7,9094,22,2023-05-28,43.7347,7.4206
2023-05-28T10:00,23.0,71,0.0,0.0,48,10.7,28.4,9094,22,2023-05-28,43.7347,7.4206
2023-05-28T11:00,22.4,75,0.2,0.2,92,5.6,30.2,9094,22,2023-05-28,43.7347,7.4206
2023-05-28T12:00,24.0,58,0.1,0.1,93,4.5,24.8,9094,22,2023-05-28,43.7347,7.4206
2023-05-28T13:00,24.4,58,0.1,0.1,100,6.4,20.9,9094,22,2023-05-28,43.7347,7.4206
2023-05-28T14:00,24.4,60,0.1,0.1,100,4.3,20.5,9094,22,2023-05-28,43.7347,7.4206
2023-05-28T15:00,23.4,67,0.1,0.1,100,2.6,18.0,9094,22,2023-05-28,43.7347,7.4206
2023-05-28T16:00,23.7,65,0.0,0.0,100,7.2,20.9,9094,22,2023-05-28,43.7347,7.4206
2023-05-28T17:00,23.7,64,0.0,0.0,100,2.5,19.4,9094,22,2023-05-28,43.7347,7.4206
2023-05-28T18:00,23.4,64,0.0,0.0,100,3.1,11.9,9094,22,2023-05-28,43.7347,7.4206
2023-05-28T19:00,22.4,72,0.0,0.0,100,2.1,7.9,9094,22,2023-05-28,43.7347,7.4206
2023-05-28T20:00,21.6,77,0.0,0.0,100,1.6,5.0,9094,22,2023-05-28,43.7347,7.4206
2023-05-28T21:00,21.1,75,0.0,0.0,82,2.9,9.0,9094,22,2023-05-28,43.7347,7.4206
2023-05-28T22:00,20.9,73,0.0,0.0,64,4.0,11.5,9094,22,2023-05-28,43.7347,7.4206
2023-05-28T23:00,20.8,72,0.0,0.0,100,3.8,11.9,9094,22,2023-05-28,43.7347,7.4206
2023-06-04T00:00,16.9,89,0.0,0.0,100,5.8,7.2,9102,15,2023-06-04,41.57,2.2611
2023-06-04T01:00,15.4,94,5.1,5.1,99,10.0,16.9,9102,15,2023-06-04,41.57,2.2611
2023-06-04T02:00,16.0,89,0.0,0.0,83,0.0,22.3,9102,15,2023-06-04,41.57,2.2611
2023-06-04T03:00,14.7,98,2.1,2.1,100,3.5,9.4,9102,15,2023-06-04,41.57,2.2611
2023-06-04T04:00,14.6,96,2.8,2.8,94,8.6,14.4,9102,15,2023-06-04,41.57,2.2611
2023-06-04T05:00,14.6,95,0.2,0.2,60,10.7,22.3,9102,15,2023-06-04,41.57,2.2611
2023-06-04T06:00,16.5,88,0.0,0.0,18,8.8,18.7,9102,15,2023-06-04,41.57,2.2611
2023-06-04T07:00,19.2,81,0.0,0.0,2,4.1,15.5,9102,15,2023-06-04,41.57,2.2611
2023-06-04T08:00,20.4,76,0.0,0.0,20,9.9,22.0,9102,15,2023-06-04,41.57,2.2611
2023-06-04T09:00,20.6,74,0.0,0.0,21,10.9,25.9,9102,15,2023-06-04,41.57,2.2611
2023-06-04T10:00,21.2,70,0.1,0.1,21,10.7,25.9,9102,15,2023-06-04,41.57,2.2611
2023-06-04T11:00,21.5,73,0.0,0.0,21,12.0,28.1,9102,15,2023-06-04,41.57,2.2611
2023-06-04T12:00,21.5,68,0.0,0.0,51,8.0,28.8,9102,15,2023-06-04,41.57,2.2611
2023-06-04T13:00,22.5,65,0.1,0.1,55,7.6,23.0,9102,15,2023-06-04,41.57,2.2611
2023-06-04T14:00,22.2,68,0.0,0.0,60,9.4,23.4,9102,15,2023-06-04,41.57,2.2611
2023-06-04T15:00,22.5,64,0.0,0.0,76,6.6,24.5,9102,15,2023-06-04,41.57,2.2611
2023-06-04T16:00,22.2,62,0.0,0.0,90,4.2,19.1,9102,15,2023-06-04,41.57,2.2611
2023-06-04T17:00,21.4,68,0.1,0.1,92,5.2,16.6,9102,15,2023-06-04,41.57,2.2611
2023-06-04T18:00,20.3,75,0.3,0.3,60,7.8,16.6,9102,15,2023-06-04,41.57,2.2611
2023-06-04T19:00,19.0,85,0.0,0.0,11,4.0,16.6,9102,15,2023-06-04,41.57,2.2611
2023-06-04T20:00,18.5,88,0.0,0.0,10,2.2,7.9,9102,15,2023-06-04,41.57,2.2611
2023-06-04T21:00,16.5,94,0.0,0.0,6,4.0,6.8,9102,15,2023-06-04,41.57,2.2611
2023-06-04T22:00,16.6,93,0.0,0.0,57,3.5,7.9,9102,15,2023-06-04,41.57,2.2611
2023-06-04T23:00,16.1,93,0.0,0.0,4,4.5,9.4,9102,15,2023-06-04,41.57,2.2611
2023-06-18T00:00,15.5,93,0.3,0.3,100,21.1,35.6,9110,23,2023-06-18,45.5,-73.5228
2023-06-18T01:00,14.7,93,0.3,0.3,100,20.2,36.0,9110,23,2023-06-18,45.5,-73.5228
2023-06-18T02:00,14.2,94,0.4,0.4,100,19.7,34.6,9110,23,2023-06-18,45.5,-73.5228
2023-06-18T03:00,13.9,92,0.1,0.1,100,18.2,33.8,9110,23,2023-06-18,45.5,-73.5228
2023-06-18T04:00,13.6,93,0.1,0.1,100,17.9,31.3,9110,23,2023-06-18,45.5,-73.5228
2023-06-18T05:00,13.4,92,0.1,0.1,100,18.5,31.7,9110,23,2023-06-18,45.5,-73.5228
2023-06-18T06:00,13.1,92,0.1,0.1,100,18.9,32.0,9110,23,2023-06-18,45.5,-73.5228
2023-06-18T07:00,12.8,91,0.0,0.0,100,18.4,32.0,9110,23,2023-06-18,45.5,-73.5228
2023-06-18T08:00,12.6,91,0.0,0.0,100,18.1,31.7,9110,23,2023-06-18,45.5,-73.5228
2023-06-18T09:00,12.6,89,0.0,0.0,100,18.7,32.0,9110,23,2023-06-18,45.5,-73.5228
2023-06-18T10:00,12.6,88,0.0,0.0,100,18.4,32.0,9110,23,2023-06-18,45.5,-73.5228
2023-06-18T11:00,13.6,85,0.0,0.0,100,17.1,31.3,9110,23,2023-06-18,45.5,-73.5228
2023-06-18T12:00,14.3,80,0.0,0.0,100,22.1,35.6,9110,23,2023-06-18,45.5,-73.5228
2023-06-18T13:00,14.4,80,0.0,0.0,89,19.5,39.2,9110,23,2023-06-18,45.5,-73.5228
2023-06-18T14:00,15.9,72,0.0,0.0,79,20.5,38.2,9110,23,2023-06-18,45.5,-73.5228
2023-06-18T15:00,17.0,66,0.0,0.0,100,21.9,41.0,9110,23,2023-06-18,45.5,-73.5228
2023-06-18T16:00,17.2,66,0.0,0.0,100,18.9,40.7,9110,23,2023-06-18,45.5,-73.5228
2023-06-18T17:00,18.2,64,0.0,0.0,100,17.1,36.0,9110,23,2023-06-18,45.5,-73.5228
2023-06-18T18:00,18.8,63,0.0,0.0,100,15.4,33.5,9110,23,2023-06-18,45.5,-73.5228
2023-06-18T19:00,19.1,63,0.0,0.0,97,14.8,29.9,9110,23,2023-06-18,45.5,-73.5228
2023-06-18T20:00,19.6,61,0.0,0.0,100,13.0,28.8,9110,23,2023-06-18,45.5,-73.5228
2023-06-18T21:00,19.4,61,0.0,0.0,100,11.0,25.2,9110,23,2023-06-18,45.5,-73.5228
2023-06-18T22:00,19.1,62,0.0,0.0,24,10.7,20.9,9110,23,2023-06-18,45.5,-73.5228
2023-06-18T23:00,19.0,63,0.0,0.0,100,10.5,20.9,9110,23,2023-06-18,45.5,-73.5228
2023-07-02T00:00,11.5,98,0.0,0.0,4,4.1,10.8,9118,19,2023-07-02,47.2197,14.7647
2023-07-02T01:00,11.5,98,0.0,0.0,63,3.0,10.1,9118,19,2023-07-02,47.2197,14.7647
2023-07-02T02:00,12.0,97,0.0,0.0,100,2.8,10.4,9118,19,2023-07-02,47.2197,14.7647
2023-07-02T03:00,12.3,95,0.0,0.0,26,4.2,12.6,9118,19,2023-07-02,47.2197,14.7647
2023-07-02T04:00,12.4,94,0.0,0.0,88,4.4,12.6,9118,19,2023-07-02,47.2197,14.7647
2023-07-02T05:00,14.1,91,0.1,0.1,96,0.7,13.0,9118,19,2023-07-02,47.2197,14.7647
2023-07-02T06:00,15.4,87,0.0,0.0,99,1.1,9.0,9118,19,2023-07-02,47.2197,14.7647
2023-07-02T07:00,17.8,74,0.0,0.0,72,0.7,11.2,9118,19,2023-07-02,47.2197,14.7647
2023-07-02T08:00,20.1,62,0.0,0.0,59,7.4,23.0,9118,19,2023-07-02,47.2197,14.7647
2023-07-02T09:00,21.6,55,0.1,0.1,26,10.2,31.7,9118,19,2023-07-02,47.2197,14.7647
2023-07-02T10:00,23.2,47,0.1,0.1,32,10.9,33.5,9118,19,2023-07-02,47.2197,14.7647
2023-07-02T11:00,24.0,42,0.0,0.0,79,11.6,34.6,9118,19,2023-07-02,47.2197,14.7647
2023-07-02T12:00,23.0,47,0.0,0.0,49,7.7,34.6,9118,19,2023-07-02,47.2197,14.7647
2023-07-02T13:00,23.9,44,0.0,0.0,82,7.0,24.8,9118,19,2023-07-02,47.2197,14.7647
2023-07-02T14:00,24.0,45,0.0,0.0,58,8.6,27.0,9118,19,2023-07-02,47.2197,14.7647
2023-07-02T15:00,22.7,50,0.0,0.0,100,6.9,26.6,9118,19,2023-07-02,47.2197,14.7647
2023-07-02T16:00,21.5,57,0.0,0.0,100,2.9,21.6,9118,19,2023-07-02,47.2197,14.7647
2023-07-02T17:00,21.4,59,0.0,0.0,47,3.3,10.8,9118,19,2023-07-02,47.2197,14.7647
2023-07-02T18:00,20.0,69,0.0,0.0,42,5.9,12.6,9118,19,2023-07-02,47.2197,14.7647
2023-07-02T19:00,18.2,77,0.0,0.0,29,5.3,14.8,9118,19,2023-07-02,47.2197,14.7647
2023-07-02T20:00,16.5,85,0.0,0.0,15,3.6,12.6,9118,19,2023-07-02,47.2197,14.7647
2023-07-02T21:00,15.9,85,0.0,0.0,5,3.1,8.6,9118,19,2023-07-02,47.2197,14.7647
2023-07-02T22:00,16.0,83,0.0,0.0,14,1.4,7.2,9118,19,2023-07-02,47.2197,14.7647
2023-07-02T23:00,15.0,88,0.0,0.0,9,1.0,6.1,9118,19,2023-07-02,47.2197,14.7647
2023-07-09T00:00,16.6,96,0.0,0.0,99,10.8,18.0,9126,2,2023-07-09,52.0733,-1.0147
2023-07-09T01:00,16.1,96,0.0,0.0,88,8.9,18.0,9126,2,2023-07-09,52.0733,-1.0147
2023-07-09T02:00,15.1,96,0.0,0.0,100,8.9,15.5,9126,2,2023-07-09,52.0733,-1.0147
2023-07-09T03:00,14.6,97,0.0,0.0,5,9.2,15.1,9126,2,2023-07-09,52.0733,-1.0147
2023-07-09T04:00,13.9,97,0.0,0.0,99,7.5,14.8,9126,2,2023-07-09,52.0733,-1.0147
2023-07-09T05:00,14.1,96,0.0,0.0,100,6.9,12.6,9126,2,2023-07-09,52.0733,-1.0147
2023-07-09T06:00,15.1,93,0.0,0.0,98,5.4,11.9,9126,2,2023-07-09,52.0733,-1.0147
2023-07-09T07:00,16.4,88,0.0,0.0,100,4.8,12.6,9126,2,2023-07-09,52.0733,-1.0147
2023-07-09T08:00,17.4,80,0.0,0.0,100,7.8,17.3,9126,2,2023-07-09,52.0733,-1.0147
2023-07-09T09:00,17.9,74,0.0,0.0,100,10.6,21.2,9126,2,2023-07-09,52.0733,-1.0147
2023-07-09T10:00,18.1,71,0.0,0.0,100,13.3,25.2,9126,2,2023-07-09,52.0733,-1.0147
2023-07-09T11:00,18.3,65,0.0,0.0,100,14.5,26.3,9126,2,2023-07-09,52.0733,-1.0147
2023-07-09T12:00,20.5,58,0.0,0.0,98,15.4,29.2,9126,2,2023-07-09,52.0733,-1.0147
2023-07-09T13:00,21.6,51,0.2,0.2,71,21.9,40.0,9126,2,2023-07-09,52.0733,-1.0147
2023-07-09T14:00,21.2,60,0.0,0.0,39,16.6,41.0,9126,2,2023-07-09,52.0733,-1.0147
2023-07-09T15:00,22.0,54,0.0,0.0,27,18.6,36.7,9126,2,2023-07-09,52.0733,-1.0147
2023-07-09T16:00,21.9,52,0.0,0.0,16,20.2,37.1,9126,2,2023-07-09,52.0733,-1.0147
2023-07-09T17:00,20.2,57,0.1,0.1,65,22.7,42.1,9126,2,2023-07-09,52.0733,-1.0147
2023-07-09T18:00,19.6,67,0.0,0.0,58,14.3,40.3,9126,2,2023-07-09,52.0733,-1.0147
2023-07-09T19:00,19.6,60,0.0,0.0,100,16.6,28.4,9126,2,2023-07-09,52.0733,-1.0147
2023-07-09T20:00,18.3,63,0.0,0.0,100,13.8,28.1,9126,2,2023-07-09,52.0733,-1.0147
2023-07-09T21:00,17.2,68,0.0,0.0,100,12.0,23.0,9126,2,2023-07-09,52.0733,-1.0147
2023-07-09T22:00,16.0,75,0.0,0.0,96,10.6,19.8,9126,2,2023-07-09,52.0733,-1.0147
2023-07-09T23:00,15.2,81,0.0,0.0,86,11.6,19.8,9126,2,2023-07-09,52.0733,-1.0147
2023-07-23T00:00,17.3,77,0.0,0.0,15,7.4,8.6,9133,4,2023-07-23,47.5822,19.2511
2023-07-23T01:00,16.5,83,0.0,0.0,8,6.8,10.8,9133,4,2023-07-23,47.5822,19.2511
2023-07-23T02:00,15.9,86,0.0,0.0,43,7.9,10.4,9133,4,2023-07-23,47.5822,19.2511
2023-07-23T03:00,15.9,88,0.0,0.0,73,7.2,10.4,9133,4,2023-07-23,47.5822,19.2511
2023-07-23T04:00,17.3,81,0.0,0.0,3,2.3,9.7,9133,4,2023-07-23,47.5822,19.2511
2023-07-23T05:00,18.7,77,0.0,0.0,14,2.0,7.6,9133,4,2023-07-23,47.5822,19.2511
2023-07-23T06:00,20.8,68,0.0,0.0,5,1.8,10.4,9133,4,2023-07-23,47.5822,19.2511
2023-07-23T07:00,22.6,62,0.0,0.0,0,2.5,12.2,9133,4,2023-07-23,47.5822,19.2511
2023-07-23T08:00,24.5,52,0.0,0.0,17,6.5,18.0,9133,4,2023-07-23,47.5822,19.2511
2023-07-23T09:00,25.5,45,0.0,0.0,8,9.9,23.4,9133,4,2023-07-23,47.5822,19.2511
2023-07-23T10:00,26.6,42,0.0,0.0,7,12.0,27.7,9133,4,2023-07-23,47.5822,19.2511
2023-07-23T11:00,27.5,39,0.0,0.0,6,13.0,29.5,9133,4,2023-07-23,47.5822,19.2511
2023-07-23T12:00,28.3,36,0.0,0.0,1,14.1,29.5,9133,4,2023-07-23,47.5822,19.2511
2023-07-23T13:00,28.9,34,0.0,0.0,7,15.6,32.8,9133,4,2023-07-23,47.5822,19.2511
2023-07-23T14:00,29.0,34,0.0,0.0,10,16.4,33.8,9133,4,2023-07-23,47.5822,19.2511
2023-07-23T15:00,28.8,34,0.0,0.0,7,15.6,33.5,9133,4,2023-07-23,47.5822,19.2511
2023-07-23T16:00,28.4,35,0.0,0.0,6,15.3,31.0,9133,4,2023-07-23,47.5822,19.2511
2023-07-23T17:00,27.6,38,0.0,0.0,23,12.5,29.2,9133,4,2023-07-23,47.5822,19.2511
2023-07-23T18:00,25.6,46,0.0,0.0,29,5.9,22.0,9133,4,2023-07-23,47.5822,19.2511
2023-07-23T19:00,23.3,56,0.0,0.0,24,8.9,11.5,9133,4,2023-07-23,47.5822,19.2511
2023-07-23T20:00,23.0,57,0.0,0.0,17,5.8,11.5,9133,4,2023-07-23,47.5822,19.2511
2023-07-23T21:00,22.3,63,0.0,0.0,21,6.2,10.8,9133,4,2023-07-23,47.5822,19.2511
2023-07-23T22:00,21.4,68,0.0,0.0,66,6.6,10.8,9133,4,2023-07-23,47.5822,19.2511
2023-07-23T23:00,21.5,68,0.0,0.0,20,9.0,15.5,9133,4,2023-07-23,47.5822,19.2511
2023-07-30T00:00,15.7,89,0.0,0.0,33,11.6,19.8,9141,7,2023-07-30,50.4372,5.9714
2023-07-30T01:00,14.8,88,0.0,0.0,31,10.1,21.6,9141,7,2023-07-30,50.4372,5.9714
2023-07-30T02:00,14.2,92,0.0,0.0,54,11.3,21.2,9141,7,2023-07-30,50.4372,5.9714
2023-07-30T03:00,13.7,92,0.0,0.0,72,14.1,25.9,9141,7,2023-07-30,50.4372,5.9714
2023-07-30T04:00,13.2,91,0.0,0.0,100,13.0,25.9,9141,7,2023-07-30,50.4372,5.9714
2023-07-30T05:00,13.3,89,0.0,0.0,100,13.5,24.8,9141,7,2023-07-30,50.4372,5.9714
2023-07-30T06:00,13.6,87,0.1,0.1,100,13.9,25.9,9141,7,2023-07-30,50.4372,5.9714
2023-07-30T07:00,13.3,90,0.3,0.3,100,19.2,32.8,9141,7,2023-07-30,50.4372,5.9714
2023-07-30T08:00,14.2,84,0.0,0.0,97,23.5,42.5,9141,7,2023-07-30,50.4372,5.9714
2023-07-30T09:00,15.5,76,0.1,0.1,59,25.7,48.2,9141,7,2023-07-30,50.4372,5.9714
2023-07-30T10:00,15.9,73,0.2,0.2,92,26.8,50.0,9141,7,2023-07-30,50.4372,5.9714
2023-07-30T11:00,15.4,77,0.2,0.2,83,25.5,50.8,9141,7,2023-07-30,50.4372,5.9714
2023-07-30T12:00,17.2,68,0.1,0.1,73,26.0,49.3,9141,7,2023-07-30,50.4372,5.9714
2023-07-30T13:00,17.5,62,0.0,0.0,68,28.5,53.6,9141,7,2023-07-30,50.4372,5.9714
2023-07-30T14:00,17.6,63,0.0,0.0,100,28.6,53.6,9141,7,2023-07-30,50.4372,5.9714
2023-07-30T15:00,17.7,63,0.1,0.1,85,27.5,55.8,9141,7,2023-07-30,50.4372,5.9714
2023-07-30T16:00,17.8,63,0.1,0.1,99,29.1,54.4,9141,7,2023-07-30,50.4372,5.9714
2023-07-30T17:00,16.9,70,0.0,0.0,100,23.3,53.6,9141,7,2023-07-30,50.4372,5.9714
2023-07-30T18:00,16.8,69,0.0,0.0,100,20.5,42.8,9141,7,2023-07-30,50.4372,5.9714
2023-07-30T19:00,15.8,76,0.2,0.2,100,21.6,43.2,9141,7,2023-07-30,50.4372,5.9714
2023-07-30T20:00,15.2,80,0.5,0.5,100,21.9,40.0,9141,7,2023-07-30,50.4372,5.9714
2023-07-30T21:00,14.8,84,0.6,0.6,100,22.3,40.7,9141,7,2023-07-30,50.4372,5.9714
2023-07-30T22:00,14.6,87,0.1,0.1,87,23.8,43.2,9141,7,2023-07-30,50.4372,5.9714
2023-07-30T23:00,14.2,92,0.1,0.1,78,23.5,43.9,9141,7,2023-07-30,50.4372,5.9714
2023-08-27T00:00,15.6,88,0.0,0.0,100,16.9,24.5,9149,55,2023-08-27,52.3888,4.5409
2023-08-27T01:00,15.4,89,0.0,0.0,98,16.6,24.5,9149,55,2023-08-27,52.3888,4.5409
2023-08-27T02:00,15.1,90,0.0,0.0,100,16.3,24.1,9149,55,2023-08-27,52.3888,4.5409
2023-08-27T03:00,15.2,90,0.0,0.0,99,24.0,32.4,9149,55,2023-08-27,52.3888,4.5409
2023-08-27T04:00,14.7,89,0.6,0.6,93,20.9,33.5,9149,55,2023-08-27,52.3888,4.5409
2023-08-27T05:00,14.5,91,0.1,0.1,70,24.2,33.1,9149,55,2023-08-27,52.3888,4.5409
2023-08-27T06:00,14.5,88,0.4,0.4,92,26.4,36.7,9149,55,2023-08-27,52.3888,4.5409
2023-08-27T07:00,15.0,86,0.1,0.1,100,28.3,38.9,9149,55,2023-08-27,52.3888,4.5409
2023-08-27T08:00,15.4,81,0.1,0.1,95,28.8,40.7,9149,55,2023-08-27,52.3888,4.5409
2023-08-27T09:00,15.9,80,0.3,0.3,85,26.8,38.9,9149,55,2023-08-27,52.3888,4.5409
2023-08-27T10:00,16.0,77,0.7,0.7,98,26.1,36.4,9149,55,2023-08-27,52.3888,4.5409
2023-08-27T11:00,16.4,74,0.2,0.2,90,28.6,37.1,9149,55,2023-08-27,52.3888,4.5409
2023-08-27T12:00,15.6,82,0.1,0.1,68,29.7,44.3,9149,55,2023-08-27,52.3888,4.5409
2023-08-27T13:00,16.3,76,0.4,0.4,60,24.1,40.0,9149,55,2023-08-27,52.3888,4.5409
2023-08-27T14:00,16.3,75,0.3,0.3,43,26.1,36.7,9149,55,2023-08-27,52.3888,4.5409
2023-08-27T15:00,16.9,71,0.1,0.1,20,27.0,36.7,9149,55,2023-08-27,52.3888,4.5409
2023-08-27T16:00,17.3,68,0.0,0.0,13,26.9,36.7,9149,55,2023-08-27,52.3888,4.5409
2023-08-27T17:00,17.4,67,0.0,0.0,10,26.6,36.7,9149,55,2023-08-27,52.3888,4.5409
2023-08-27T18:00,17.3,67,0.0,0.0,8,24.4,35.6,9149,55,2023-08-27,52.3888,4.5409
2023-08-27T19:00,17.3,68,0.0,0.0,6,23.0,32.8,9149,55,2023-08-27,52.3888,4.5409
2023-08-27T20:00,17.2,69,0.0,0.0,12,22.5,31.3,9149,55,2023-08-27,52.3888,4.5409
2023-08-27T21:00,17.3,69,0.0,0.0,11,21.8,30.6,9149,55,2023-08-27,52.3888,4.5409
2023-08-27T22:00,17.3,68,0.0,0.0,14,21.9,29.9,9149,55,2023-08-27,52.3888,4.5409
2023-08-27T23:00,17.3,68,0.0,0.0,20,20.3,29.5,9149,55,2023-08-27,52.3888,4.5409
2023-09-03T00:00,18.3,89,0.0,0.0,100,5.4,8.6,9157,39,2023-09-03,45.6156,9.2811
2023-09-03T01:00,18.1,90,0.0,0.0,28,5.2,11.2,9157,39,2023-09-03,45.6156,9.2811
2023-09-03T02:00,17.6,93,0.0,0.0,24,4.5,9.7,9157,39,2023-09-03,45.6156,9.2811
2023-09-03T03:00,17.2,94,0.0,0.0,21,3.7,9.0,9157,39,2023-09-03,45.6156,9.2811
2023-09-03T04:00,17.1,94,0.0,0.0,0,2.9,7.9,9157,39,2023-09-03,45.6156,9.2811
2023-09-03T05:00,17.0,93,0.0,0.0,0,2.2,6.8,9157,39,2023-09-03,45.6156,9.2811
2023-09-03T06:00,19.0,89,0.0,0.0,97,5.0,9.0,9157,39,2023-09-03,45.6156,9.2811
2023-09-03T07:00,21.9,82,0.0,0.0,100,2.9,9.4,9157,39,2023-09-03,45.6156,9.2811
2023-09-03T08:00,24.0,73,0.0,0.0,100,2.4,9.4,9157,39,2023-09-03,45.6156,9.2811
2023-09-03T09:00,25.2,68,0.0,0.0,100,5.5,14.4,9157,39,2023-09-03,45.6156,9.2811
2023-09-03T10:00,26.2,63,0.0,0.0,99,8.8,19.8,9157,39,2023-09-03,45.6156,9.2811
2023-09-03T11:00,27.0,58,0.0,0.0,100,10.7,23.4,9157,39,2023-09-03,45.6156,9.2811
2023-09-03T12:00,27.5,55,0.0,0.0,100,10.5,23.4,9157,39,2023-09-03,45.6156,9.2811
2023-09-03T13:00,27.9,54,0.0,0.0,100,9.8,22.3,9157,39,2023-09-03,45.6156,9.2811
2023-09-03T14:00,27.9,55,0.0,0.0,100,10.2,21.2,9157,39,2023-09-03,45.6156,9.2811
2023-09-03T15:00,27.6,56,0.0,0.0,100,10.3,21.6,9157,39,2023-09-03,45.6156,9.2811
2023-09-03T16:00,27.1,60,0.0,0.0,100,7.2,19.4,9157,39,2023-09-03,45.6156,9.2811
2023-09-03T17:00,25.8,75,0.0,0.0,100,4.3,13.0,9157,39,2023-09-03,45.6156,9.2811
2023-09-03T18:00,23.5,75,0.0,0.0,100,8.0,9.0,9157,39,2023-09-03,45.6156,9.2811
2023-09-03T19:00,22.1,79,0.0,0.0,100,6.5,9.4,9157,39,2023-09-03,45.6156,9.2811
2023-09-03T20:00,22.0,81,0.0,0.0,100,4.9,8.3,9157,39,2023-09-03,45.6156,9.2811
2023-09-03T21:00,21.1,86,0.0,0.0,100,6.8,11.5,9157,39,2023-09-03,45.6156,9.2811
2023-09-03T22:00,21.0,86,0.0,0.0,100,6.6,11.2,9157,39,2023-09-03,45.6156,9.2811
2023-09-03T23:00,21.0,86,0.0,0.0,100,8.9,14.4,9157,39,2023-09-03,45.6156,9.2811
2023-09-17T00:00,26.8,84,0.0,0.0,100,2.3,22.0,9165,61,2023-09-17,1.2914,103.864
2023-09-17T01:00,26.5,81,1.6,1.6,93,13.8,27.0,9165,61,2023-09-17,1.2914,103.864
2023-09-17T02:00,27.4,78,0.2,0.2,90,9.9,24.1,9165,61,2023-09-17,1.2914,103.864
2023-09-17T03:00,28.7,73,0.0,0.0,39,9.4,22.3,9165,61,2023-09-17,1.2914,103.864
2023-09-17T04:00,29.8,70,0.0,0.0,32,10.0,23.4,9165,61,2023-09-17,1.2914,103.864
2023-09-17T05:00,30.6,67,0.0,0.0,55,10.5,24.5,9165,61,2023-09-17,1.2914,103.864
2023-09-17T06:00,30.5,65,0.2,0.2,99,9.7,25.9,9165,61,2023-09-17,1.2914,103.864
2023-09-17T07:00,30.5,64,0.1,0.1,95,11.0,25.9,9165,61,2023-09-17,1.2914,103.864
2023-09-17T08:00,30.6,61,0.1,0.1,87,11.8,25.9,9165,61,2023-09-17,1.2914,103.864
2023-09-17T09:00,30.4,62,0.1,0.1,53,15.4,27.4,9165,61,2023-09-17,1.2914,103.864
2023-09-17T10:00,29.8,64,0.2,0.2,41,15.1,28.1,9165,61,2023-09-17,1.2914,103.864
2023-09-17T11:00,29.1,68,0.1,0.1,55,13.5,25.9,9165,61,2023-09-17,1.2914,103.864
2023-09-17T12:00,27.6,75,0.1,0.1,36,2.5,21.6,9165,61,2023-09-17,1.2914,103.864
2023-09-17T13:00,27.8,75,0.0,0.0,44,4.7,8.3,9165,61,2023-09-17,1.2914,103.864
2023-09-17T14:00,27.9,76,0.0,0.0,38,6.1,9.0,9165,61,2023-09-17,1.2914,103.864
2023-09-17T15:00,27.9,79,0.0,0.0,81,8.6,12.2,9165,61,2023-09-17,1.2914,103.864
2023-09-17T16:00,27.7,83,0.0,0.0,99,9.2,12.6,9165,61,2023-09-17,1.2914,103.864
2023-09-17T17:00,27.9,80,0.0,0.0,100,13.0,18.4,9165,61,2023-09-17,1.2914,103.864
2023-09-17T18:00,27.8,81,0.0,0.0,85,13.3,19.4,9165,61,2023-09-17,1.2914,103.864
2023-09-17T19:00,27.5,83,0.0,0.0,58,13.3,19.1,9165,61,2023-09-17,1.2914,103.864
2023-09-17T20:00,27.2,84,0.0,0.0,45,12.1,18.7,9165,61,2023-09-17,1.2914,103.864
2023-09-17T21:00,27.0,87,0.0,0.0,98,12.5,17.3,9165,61,2023-09-17,1.2914,103.864
2023-09-17T22:00,26.9,87,0.0,0.0,100,10.7,18.0,9165,61,2023-09-17,1.2914,103.864
2023-09-17T23:00,26.9,87,0.0,0.0,99,10.8,14.8,9165,61,2023-09-17,1.2914,103.864
2023-09-24T00:00,24.0,63,0.0,0.0,87,3.3,15.5,9173,46,2023-09-24,34.8431,136.541
2023-09-24T01:00,25.1,55,0.0,0.0,3,4.8,13.7,9173,46,2023-09-24,34.8431,136.541
2023-09-24T02:00,26.0,53,0.0,0.0,1,5.7,16.2,9173,46,2023-09-24,34.8431,136.541
2023-09-24T03:00,26.3,53,0.0,0.0,5,5.8,17.3,9173,46,2023-09-24,34.8431,136.541
2023-09-24T04:00,26.7,52,0.0,0.0,1,4.8,16.9,9173,46,2023-09-24,34.8431,136.541
2023-09-24T05:00,26.7,51,0.0,0.0,8,9.3,20.9,9173,46,2023-09-24,34.8431,136.541
2023-09-24T06:00,26.2,54,0.0,0.0,17,10.1,21.6,9173,46,2023-09-24,34.8431,136.541
2023-09-24T07:00,25.9,57,0.0,0.0,19,9.7,20.9,9173,46,2023-09-24,34.8431,136.541
2023-09-24T08:00,24.9,64,0.0,0.0,7,7.4,18.0,9173,46,2023-09-24,34.8431,136.541
2023-09-24T09:00,23.5,68,0.0,0.0,13,7.2,13.0,9173,46,2023-09-24,34.8431,136.541
2023-09-24T10:00,23.1,70,0.0,0.0,10,7.2,12.2,9173,46,2023-09-24,34.8431,136.541
2023-09-24T11:00,24.5,62,0.0,0.0,57,18.9,29.9,9173,46,2023-09-24,34.8431,136.541
2023-09-24T12:00,23.1,66,0.0,0.0,62,1.5,35.6,9173,46,2023-09-24,34.8431,136.541
2023-09-24T13:00,24.0,67,0.0,0.0,4,14.2,20.5,9173,46,2023-09-24,34.8431,136.541
2023-09-24T14:00,23.9,66,0.0,0.0,2,21.4,36.4,9173,46,2023-09-24,34.8431,136.541
2023-09-24T15:00,23.5,67,0.0,0.0,0,22.9,38.9,9173,46,2023-09-24,34.8431,136.541
2023-09-24T16:00,22.9,72,0.0,0.0,3,15.6,38.5,9173,46,2023-09-24,34.8431,136.541
2023-09-24T17:00,22.1,76,0.0,0.0,9,9.2,26.3,9173,46,2023-09-24,34.8431,136.541
2023-09-24T18:00,20.9,82,0.0,0.0,42,6.0,14.8,9173,46,2023-09-24,34.8431,136.541
2023-09-24T19:00,20.1,83,0.0,0.0,100,8.2,10.4,9173,46,2023-09-24,34.8431,136.541
2023-09-24T20:00,20.0,81,0.0,0.0,100,9.3,11.5,9173,46,2023-09-24,34.8431,136.541
2023-09-24T21:00,19.9,80,0.0,0.0,99,8.9,11.5,9173,46,2023-09-24,34.8431,136.541
2023-09-24T22:00,22.5,73,0.0,0.0,17,4.7,11.2,9173,46,2023-09-24,34.8431,136.541
2023-09-24T23:00,23.6,72,0.0,0.0,35,5.5,13.3,9173,46,2023-09-24,34.8431,136.541
2023-10-08T00:00,27.9,91,0.0,0.0,0,10.4,13.7,9221,150,2023-10-08,25.49,51.4542
2023-10-08T01:00,27.8,93,0.0,0.0,0,10.5,13.7,9221,150,2023-10-08,25.49,51.4542
2023-10-08T02:00,27.4,95,0.0,0.0,0,10.1,13.7,9221,150,2023-10-08,25.49,51.4542
2023-10-08T03:00,27.0,96,0.0,0.0,0,5.8,12.6,9221,150,2023-10-08,25.49,51.4542
2023-10-08T04:00,29.0,91,0.0,0.0,0,2.9,6.8,9221,150,2023-10-08,25.49,51.4542
2023-10-08T05:00,31.1,80,0.0,0.0,0,3.8,10.4,9221,150,2023-10-08,25.49,51.4542
2023-10-08T06:00,33.5,64,0.0,0.0,0,4.4,13.0,9221,150,2023-10-08,25.49,51.4542
2023-10-08T07:00,36.5,39,0.0,0.0,0,5.0,14.8,9221,150,2023-10-08,25.49,51.4542
2023-10-08T08:00,39.0,23,0.0,0.0,0,5.0,15.5,9221,150,2023-10-08,25.49,51.4542
2023-10-08T09:00,40.0,18,0.0,0.0,0,3.2,15.1,9221,150,2023-10-08,25.49,51.4542
2023-10-08T10:00,40.5,17,0.0,0.0,0,3.5,13.7,9221,150,2023-10-08,25.49,51.4542
2023-10-08T11:00,40.3,21,0.0,0.0,0,10.0,18.7,9221,150,2023-10-08,25.49,51.4542
2023-10-08T12:00,36.8,47,0.0,0.0,0,26.0,39.2,9221,150,2023-10-08,25.49,51.4542
2023-10-08T13:00,36.5,42,0.0,0.0,0,20.2,42.5,9221,150,2023-10-08,25.49,51.4542
2023-10-08T14:00,35.0,56,0.0,0.0,0,17.1,31.3,9221,150,2023-10-08,25.49,51.4542
2023-10-08T15:00,34.0,59,0.0,0.0,0,9.2,26.3,9221,150,2023-10-08,25.49,51.4542
2023-10-08T16:00,33.3,60,0.0,0.0,0,6.2,13.7,9221,150,2023-10-08,25.49,51.4542
2023-10-08T17:00,32.0,65,0.0,0.0,0,3.9,8.3,9221,150,2023-10-08,25.49,51.4542
2023-10-08T18:00,32.2,62,0.0,0.0,0,1.8,4.7,9221,150,2023-10-08,25.49,51.4542
2023-10-08T19:00,30.2,61,0.0,0.0,0,6.5,7.2,9221,150,2023-10-08,25.49,51.4542
2023-10-08T20:00,29.7,57,0.0,0.0,0,9.0,10.8,9221,150,2023-10-08,25.49,51.4542
2023-10-08T21:00,28.9,63,0.0,0.0,0,9.7,12.2,9221,150,2023-10-08,25.49,51.4542
2023-10-08T22:00,28.2,70,0.0,0.0,0,10.4,13.0,9221,150,2023-10-08,25.49,51.4542
2023-10-08T23:00,27.4,75,0.0,0.0,0,10.1,13.0,9221,150,2023-10-08,25.49,51.4542
2023-10-22T00:00,28.6,32,0.0,0.0,100,9.6,10.8,9213,9,2023-10-22,30.1328,-97.6411
2023-10-22T01:00,28.3,33,0.0,0.0,100,11.7,17.6,9213,9,2023-10-22,30.1328,-97.6411
2023-10-22T02:00,27.2,37,0.0,0.0,100,12.6,19.1,9213,9,2023-10-22,30.1328,-97.6411
2023-10-22T03:00,26.5,42,0.0,0.0,100,18.5,27.7,9213,9,2023-10-22,30.1328,-97.6411
2023-10-22T04:00,25.5,49,0.0,0.0,100,18.1,30.2,9213,9,2023-10-22,30.1328,-97.6411
2023-10-22T05:00,24.0,56,0.0,0.0,100,16.5,28.4,9213,9,2023-10-22,30.1328,-97.6411
2023-10-22T06:00,23.1,65,0.0,0.0,100,16.7,26.3,9213,9,2023-10-22,30.1328,-97.6411
2023-10-22T07:00,22.5,73,0.0,0.0,100,15.2,25.9,9213,9,2023-10-22,30.1328,-97.6411
2023-10-22T08:00,21.8,83,0.0,0.0,100,13.2,23.4,9213,9,2023-10-22,30.1328,-97.6411
2023-10-22T09:00,21.5,89,0.0,0.0,100,11.4,20.5,9213,9,2023-10-22,30.1328,-97.6411
2023-10-22T10:00,21.4,93,0.0,0.0,100,9.8,17.6,9213,9,2023-10-22,30.1328,-97.6411
2023-10-22T11:00,20.9,96,0.0,0.0,98,8.0,15.1,9213,9,2023-10-22,30.1328,-97.6411
2023-10-22T12:00,22.5,96,0.0,0.0,93,9.5,13.3,9213,9,2023-10-22,30.1328,-97.6411
2023-10-22T13:00,22.6,95,0.0,0.0,100,11.9,17.6,9213,9,2023-10-22,30.1328,-97.6411
2023-10-22T14:00,23.3,86,0.0,0.0,100,16.0,26.6,9213,9,2023-10-22,30.1328,-97.6411
2023-10-22T15:00,24.5,77,0.1,0.1,48,14.5,27.4,9213,9,2023-10-22,30.1328,-97.6411
2023-10-22T16:00,26.5,64,0.0,0.0,84,12.3,27.0,9213,9,2023-10-22,30.1328,-97.6411
2023-10-22T17:00,27.5,58,0.0,0.0,69,12.3,25.6,9213,9,2023-10-22,30.1328,-97.6411
2023-10-22T18:00,28.9,51,0.0,0.0,60,12.8,27.0,9213,9,2023-10-22,30.1328,-97.6411
2023-10-22T19:00,29.9,43,0.0,0.0,3,14.4,29.2,9213,9,2023-10-22,30.1328,-97.6411
2023-10-22T20:00,30.6,37,0.0,0.0,24,16.1,31.0,9213,9,2023-10-22,30.1328,-97.6411
2023-10-22T21:00,30.5,38,0.0,0.0,49,18.1,32.8,9213,9,2023-10-22,30.1328,-97.6411
2023-10-22T22:00,31.2,34,0.0,0.0,52,15.7,32.8,9213,9,2023-10-22,30.1328,-97.6411
2023-10-22T23:00,31.1,33,0.0,0.0,47,20.8,33.1,9213,9,2023-10-22,30.1328,-97.6411
2023-10-29T00:00,19.9,55,0.0,0.0,73,20.5,38.2,9181,65,2023-10-29,19.4042,-99.0907
2023-10-29T01:00,19.0,60,0.3,0.3,85,20.0,32.0,9181,65,2023-10-29,19.4042,-99.0907
2023-10-29T02:00,18.0,66,0.0,0.0,79,17.9,29.5,9181,65,2023-10-29,19.4042,-99.0907
2023-10-29T03:00,16.3,76,0.0,0.0,22,15.2,26.3,9181,65,2023-10-29,19.4042,-99.0907
2023-10-29T04:00,15.6,82,0.0,0.0,25,11.0,22.3,9181,65,2023-10-29,19.4042,-99.0907
2023-10-29T05:00,14.7,88,0.0,0.0,20,9.7,15.5,9181,65,2023-10-29,19.4042,-99.0907
2023-10-29T06:00,13.6,93,0.0,0.0,29,6.8,13.7,9181,65,2023-10-29,19.4042,-99.0907
2023-10-29T07:00,12.7,96,0.0,0.0,54,5.1,8.3,9181,65,2023-10-29,19.4042,-99.0907
2023-10-29T08:00,12.9,96,0.0,0.0,100,6.0,7.6,9181,65,2023-10-29,19.4042,-99.0907
2023-10-29T09:00,13.0,93,0.0,0.0,46,5.8,8.3,9181,65,2023-10-29,19.4042,-99.0907
2023-10-29T10:00,12.9,92,0.0,0.0,52,4.2,8.3,9181,65,2023-10-29,19.4042,-99.0907
2023-10-29T11:00,12.6,95,0.0,0.0,96,1.9,6.1,9181,65,2023-10-29,19.4042,-99.0907
2023-10-29T12:00,12.9,91,0.0,0.0,99,1.5,4.7,9181,65,2023-10-29,19.4042,-99.0907
2023-10-29T13:00,13.1,89,0.0,0.0,100,5.4,9.4,9181,65,2023-10-29,19.4042,-99.0907
2023-10-29T14:00,13.4,87,0.0,0.0,100,2.9,8.6,9181,65,2023-10-29,19.4042,-99.0907
2023-10-29T15:00,14.4,83,0.0,0.0,100,0.4,8.6,9181,65,2023-10-29,19.4042,-99.0907
2023-10-29T16:00,16.1,76,0.0,0.0,100,0.4,9.0,9181,65,2023-10-29,19.4042,-99.0907
2023-10-29T17:00,19.0,61,0.0,0.0,18,2.6,13.3,9181,65,2023-10-29,19.4042,-99.0907
2023-10-29T18:00,21.1,52,0.0,0.0,12,6.2,18.0,9181,65,2023-10-29,19.4042,-99.0907
2023-10-29T19:00,23.1,41,0.0,0.0,1,8.4,21.2,9181,65,2023-10-29,19.4042,-99.0907
2023-10-29T20:00,24.4,31,0.0,0.0,0,7.6,21.2,9181,65,2023-10-29,19.4042,-99.0907
2023-10-29T21:00,25.1,25,0.0,0.0,2,8.2,19.8,9181,65,2023-10-29,19.4042,-99.0907
2023-10-29T22:00,25.2,24,0.0,0.0,4,10.8,20.9,9181,65,2023-10-29,19.4042,-99.0907
2023-10-29T23:00,23.6,28,0.0,0.0,4,18.2,28.1,9181,65,2023-10-29,19.4042,-99.0907
2023-11-05T00:00,17.0,93,0.0,0.0,84,8.1,18.4,9205,14,2023-11-05,-23.7036,-46.6997
2023-11-05T01:00,17.3,92,0.0,0.0,73,5.5,13.0,9205,14,2023-11-05,-23.7036,-46.6997
2023-11-05T02:00,17.1,90,0.0,0.0,88,5.6,10.1,9205,14,2023-11-05,-23.7036,-46.6997
2023-11-05T03:00,16.5,94,0.0,0.0,32,5.8,10.4,9205,14,2023-11-05,-23.7036,-46.6997
2023-11-05T04:00,16.2,95,0.0,0.0,71,6.7,10.4,9205,14,2023-11-05,-23.7036,-46.6997
2023-11-05T05:00,16.0,93,0.0,0.0,11,9.2,14.8,9205,14,2023-11-05,-23.7036,-46.6997
2023-11-05T06:00,15.7,90,0.0,0.0,0,10.5,16.6,9205,14,2023-11-05,-23.7036,-46.6997
2023-11-05T07:00,15.2,86,0.0,0.0,0,9.7,17.3,9205,14,2023-11-05,-23.7036,-46.6997
2023-11-05T08:00,14.8,89,0.0,0.0,0,8.6,15.8,9205,14,2023-11-05,-23.7036,-46.6997
2023-11-05T09:00,15.1,88,0.0,0.0,0,9.3,14.4,9205,14,2023-11-05,-23.7036,-46.6997
2023-11-05T10:00,16.6,75,0.0,0.0,60,13.9,24.1,9205,14,2023-11-05,-23.7036,-46.6997
2023-11-05T11:00,18.0,68,0.0,0.0,64,14.6,26.6,9205,14,2023-11-05,-23.7036,-46.6997
2023-11-05T12:00,18.6,72,0.1,0.1,94,16.2,29.9,9205,14,2023-11-05,-23.7036,-46.6997
2023-11-05T13:00,20.6,59,0.0,0.0,67,10.9,24.1,9205,14,2023-11-05,-23.7036,-46.6997
2023-11-05T14:00,21.1,62,0.0,0.0,96,12.7,26.6,9205,14,2023-11-05,-23.7036,-46.6997
2023-11-05T15:00,20.9,69,0.0,0.0,65,15.4,29.9,9205,14,2023-11-05,-23.7036,-46.6997
2023-11-05T16:00,21.0,69,0.1,0.1,89,17.8,33.8,9205,14,2023-11-05,-23.7036,-46.6997
2023-11-05T17:00,20.5,73,0.1,0.1,45,20.1,36.7,9205,14,2023-11-05,-23.7036,-46.6997
2023-11-05T18:00,20.1,74,0.0,0.0,65,20.4,38.5,9205,14,2023-11-05,-23.7036,-46.6997
2023-11-05T19:00,19.1,74,0.0,0.0,67,19.8,37.1,9205,14,2023-11-05,-23.7036,-46.6997
2023-11-05T20:00,17.8,79,0.0,0.0,75,19.2,35.3,9205,14,2023-11-05,-23.7036,-46.6997
2023-11-05T21:00,16.4,84,0.0,0.0,98,19.5,33.5,9205,14,2023-11-05,-23.7036,-46.6997
2023-11-05T22:00,15.6,86,0.0,0.0,66,20.4,33.8,9205,14,2023-11-05,-23.7036,-46.6997
2023-11-05T23:00,14.9,90,0.0,0.0,75,21.1,35.3,9205,14,2023-11-05,-23.7036,-46.6997
2023-11-19T00:00,19.1,39,0.0,0.0,4,16.1,34.6,9189,152,2023-11-19,36.1162,-115.1745
2023-11-19T01:00,17.8,45,0.0,0.0,55,21.1,29.9,9189,152,2023-11-19,36.1162,-115.1745
2023-11-19T02:00,16.6,50,0.0,0.0,7,19.7,31.7,9189,152,2023-11-19,36.1162,-115.1745
2023-11-19T03:00,15.7,54,0.0,0.0,3,21.2,29.5,9189,152,2023-11-19,36.1162,-115.1745
2023-11-19T04:00,15.1,55,0.0,0.0,17,23.2,33.5,9189,152,2023-11-19,36.1162,-115.1745
2023-11-19T05:00,14.4,58,0.0,0.0,16,18.5,33.5,9189,152,2023-11-19,36.1162,-115.1745
2023-11-19T06:00,13.6,61,0.0,0.0,5,18.0,27.0,9189,152,2023-11-19,36.1162,-115.1745
2023-11-19T07:00,13.1,63,0.0,0.0,28,17.9,26.3,9189,152,2023-11-19,36.1162,-115.1745
2023-11-19T08:00,12.6,67,0.0,0.0,13,19.0,28.1,9189,152,2023-11-19,36.1162,-115.1745
2023-11-19T09:00,12.2,72,0.0,0.0,12,17.1,28.1,9189,152,2023-11-19,36.1162,-115.1745
2023-11-19T10:00,11.1,78,0.0,0.0,42,11.5,25.2,9189,152,2023-11-19,36.1162,-115.1745
2023-11-19T11:00,10.4,82,0.0,0.0,46,9.4,15.8,9189,152,2023-11-19,36.1162,-115.1745
2023-11-19T12:00,10.6,81,0.0,0.0,18,10.2,14.0,9189,152,2023-11-19,36.1162,-115.1745
2023-11-19T13:00,10.4,74,0.0,0.0,3,11.8,16.9,9189,152,2023-11-19,36.1162,-115.1745
2023-11-19T14:00,10.1,78,0.0,0.0,17,13.5,18.7,9189,152,2023-11-19,36.1162,-115.1745
2023-11-19T15:00,10.9,77,0.0,0.0,9,11.5,18.4,9189,152,2023-11-19,36.1162,-115.1745
2023-11-19T16:00,13.8,56,0.0,0.0,17,22.6,25.6,9189,152,2023-11-19,36.1162,-115.1745
2023-11-19T17:00,15.5,41,0.0,0.0,2,40.9,59.8,9189,152,2023-11-19,36.1162,-115.1745
2023-11-19T18:00,16.0,17,0.0,0.0,0,51.1,75.6,9189,152,2023-11-19,36.1162,-115.1745
2023-11-19T19:00,16.6,18,0.0,0.0,0,50.9,78.1,9189,152,2023-11-19,36.1162,-115.1745
2023-11-19T20:00,17.3,20,0.0,0.0,0,46.6,77.0,9189,152,2023-11-19,36.1162,-115.1745
2023-11-19T21:00,17.8,20,0.0,0.0,0,45.4,70.9,9189,152,2023-11-19,36.1162,-115.1745
2023-11-19T22:00,17.8,21,0.0,0.0,0,44.6,68.8,9189,152,2023-11-19,36.1162,-115.1745
2023-11-19T23:00,17.2,22,0.0,0.0,0,43.0,67.3,9189,152,2023-11-19,36.1162,-115.1745
2023-11-26T00:00,20.8,83,0.0,0.0,37,9.1,12.2,9197,70,2023-11-26,24.4672,54.6031
2023-11-26T01:00,21.2,81,0.0,0.0,40,6.6,11.2,9197,70,2023-11-26,24.4672,54.6031
2023-11-26T02:00,23.0,70,0.0,0.0,19,2.9,7.6,9197,70,2023-11-26,24.4672,54.6031
2023-11-26T03:00,21.1,76,0.0,0.0,37,4.8,5.0,9197,70,2023-11-26,24.4672,54.6031
2023-11-26T04:00,21.7,70,0.0,0.0,67,5.8,9.7,9197,70,2023-11-26,24.4672,54.6031
2023-11-26T05:00,24.4,58,0.0,0.0,58,4.6,10.8,9197,70,2023-11-26,24.4672,54.6031
2023-11-26T06:00,26.3,50,0.0,0.0,17,7.1,15.5,9197,70,2023-11-26,24.4672,54.6031
2023-11-26T07:00,27.5,44,0.0,0.0,1,5.6,16.2,9197,70,2023-11-26,24.4672,54.6031
2023-11-26T08:00,28.4,39,0.0,0.0,0,5.2,15.5,9197,70,2023-11-26,24.4672,54.6031
2023-11-26T09:00,29.0,37,0.0,0.0,0,7.8,18.4,9197,70,2023-11-26,24.4672,54.6031
2023-11-26T10:00,29.1,38,0.0,0.0,0,11.7,22.7,9197,70,2023-11-26,24.4672,54.6031
2023-11-26T11:00,28.6,41,0.0,0.0,0,17.7,29.2,9197,70,2023-11-26,24.4672,54.6031
2023-11-26T12:00,27.5,43,0.0,0.0,0,21.2,33.5,9197,70,2023-11-26,24.4672,54.6031
2023-11-26T13:00,27.2,45,0.0,0.0,0,15.6,28.4,9197,70,2023-11-26,24.4672,54.6031
2023-11-26T14:00,26.4,49,0.0,0.0,0,16.0,24.1,9197,70,2023-11-26,24.4672,54.6031
2023-11-26T15:00,26.0,51,0.0,0.0,0,10.0,23.0,9197,70,2023-11-26,24.4672,54.6031
2023-11-26T16:00,25.2,54,0.0,0.0,0,10.0,13.7,9197,70,2023-11-26,24.4672,54.6031
2023-11-26T17:00,24.4,60,0.0,0.0,0,8.7,13.7,9197,70,2023-11-26,24.4672,54.6031
2023-11-26T18:00,23.2,69,0.0,0.0,13,5.8,11.2,9197,70,2023-11-26,24.4672,54.6031
2023-11-26T19:00,23.9,66,0.0,0.0,43,2.8,6.5,9197,70,2023-11-26,24.4672,54.6031
2023-11-26T20:00,21.5,76,0.0,0.0,51,5.2,5.4,9197,70,2023-11-26,24.4672,54.6031
2023-11-26T21:00,20.2,79,0.0,0.0,92,6.4,7.6,9197,70,2023-11-26,24.4672,54.6031
2023-11-26T22:00,19.8,78,0.0,0.0,88,5.4,7.6,9197,70,2023-11-26,24.4672,54.6031
2023-11-26T23:00,19.0,80,0.0,0.0,79,6.2,7.2,9197,70,2023-11-26,24.4672,54.6031
2024-03-02T00:00,12.9,76,0.0,0.0,75,14.8,19.8,9472,63,2024-03-02,26.0325,50.5106
2024-03-02T01:00,13.6,73,0.0,0.0,89,14.3,20.2,9472,63,2024-03-02,26.0325,50.5106
2024-03-02T02:00,13.2,74,0.0,0.0,97,13.0,19.1,9472,63,2024-03-02,26.0325,50.5106
2024-03-02T03:00,12.7,79,0.0,0.0,90,11.5,17.6,9472,63,2024-03-02,26.0325,50.5106
2024-03-02T04:00,14.2,73,0.0,0.0,100,10.6,14.4,9472,63,2024-03-02,26.0325,50.5106
2024-03-02T05:00,16.5,56,0.0,0.0,97,12.1,19.1,9472,63,2024-03-02,26.0325,50.5106
2024-03-02T06:00,17.9,46,0.0,0.0,100,11.4,21.6,9472,63,2024-03-02,26.0325,50.5106
2024-03-02T07:00,18.8,42,0.0,0.0,100,10.5,21.2,9472,63,2024-03-02,26.0325,50.5106
2024-03-02T08:00,19.6,39,0.0,0.0,97,10.4,22.3,9472,63,2024-03-02,26.0325,50.5106
2024-03-02T09:00,20.4,36,0.0,0.0,100,11.2,23.4,9472,63,2024-03-02,26.0325,50.5106
2024-03-02T10:00,20.9,34,0.0,0.0,100,12.5,25.2,9472,63,2024-03-02,26.0325,50.5106
2024-03-02T11:00,21.2,30,0.0,0.0,100,12.7,25.6,9472,63,2024-03-02,26.0325,50.5106
2024-03-02T12:00,21.1,27,0.0,0.0,100,11.6,25.2,9472,63,2024-03-02,26.0325,50.5106
2024-03-02T13:00,20.5,27,0.0,0.0,98,11.3,22.0,9472,63,2024-03-02,26.0325,50.5106
2024-03-02T14:00,19.6,33,0.0,0.0,100,11.8,20.9,9472,63,2024-03-02,26.0325,50.5106
2024-03-02T15:00,18.2,41,0.0,0.0,99,11.5,19.1,9472,63,2024-03-02,26.0325,50.5106
2024-03-02T16:00,17.4,47,0.0,0.0,100,9.2,16.6,9472,63,2024-03-02,26.0325,50.5106
2024-03-02T17:00,16.8,53,0.0,0.0,99,8.0,12.6,9472,63,2024-03-02,26.0325,50.5106
2024-03-02T18:00,15.9,59,0.0,0.0,100,7.9,10.8,9472,63,2024-03-02,26.0325,50.5106
2024-03-02T19:00,14.9,63,0.0,0.0,99,7.8,9.7,9472,63,2024-03-02,26.0325,50.5106
2024-03-02T20:00,14.1,69,0.0,0.0,94,7.6,9.4,9472,63,2024-03-02,26.0325,50.5106
2024-03-02T21:00,13.7,75,0.0,0.0,95,7.7,9.4,9472,63,2024-03-02,26.0325,50.5106
2024-03-02T22:00,13.3,79,0.0,0.0,100,8.1,9.7,9472,63,2024-03-02,26.0325,50.5106
2024-03-02T23:00,12.9,80,0.0,0.0,73,8.4,9.7,9472,63,2024-03-02,26.0325,50.5106
2024-03-09T00:00,19.3,74,0.0,0.0,0,13.0,16.6,9480,149,2024-03-09,21.6319,39.1044
2024-03-09T01:00,20.1,64,0.0,0.0,0,14.1,19.4,9480,149,2024-03-09,21.6319,39.1044
2024-03-09T02:00,19.6,63,0.0,0.0,0,13.3,18.7,9480,149,2024-03-09,21.6319,39.1044
2024-03-09T03:00,18.9,65,0.0,0.0,0,13.0,17.3,9480,149,2024-03-09,21.6319,39.1044
2024-03-09T04:00,18.8,64,0.0,0.0,0,13.8,17.3,9480,149,2024-03-09,21.6319,39.1044
2024-03-09T05:00,21.6,53,0.0,0.0,0,12.6,18.0,9480,149,2024-03-09,21.6319,39.1044
2024-03-09T06:00,24.3,51,0.0,0.0,0,15.5,24.5,9480,149,2024-03-09,21.6319,39.1044
2024-03-09T07:00,25.9,52,0.0,0.0,0,18.6,31.3,9480,149,2024-03-09,21.6319,39.1044
2024-03-09T08:00,27.5,46,0.0,0.0,0,19.6,33.8,9480,149,2024-03-09,21.6319,39.1044
2024-03-09T09:00,28.5,45,0.0,0.0,0,21.4,36.7,9480,149,2024-03-09,21.6319,39.1044
2024-03-09T10:00,29.1,42,0.0,0.0,0,23.7,39.6,9480,149,2024-03-09,21.6319,39.1044
2024-03-09T11:00,29.2,42,0.0,0.0,0,26.6,43.2,9480,149,2024-03-09,21.6319,39.1044
2024-03-09T12:00,28.9,43,0.0,0.0,0,28.6,45.7,9480,149,2024-03-09,21.6319,39.1044
2024-03-09T13:00,28.4,46,0.0,0.0,0,28.5,45.4,9480,149,2024-03-09,21.6319,39.1044
2024-03-09T14:00,27.5,49,0.0,0.0,0,26.1,44.6,9480,149,2024-03-09,21.6319,39.1044
2024-03-09T15:00,26.0,58,0.0,0.0,0,24.7,40.0,9480,149,2024-03-09,21.6319,39.1044
2024-03-09T16:00,24.9,67,0.0,0.0,0,21.3,36.4,9480,149,2024-03-09,21.6319,39.1044
2024-03-09T17:00,24.0,72,0.0,0.0,0,17.6,29.9,9480,149,2024-03-09,21.6319,39.1044
2024-03-09T18:00,23.3,74,0.0,0.0,0,15.8,24.8,9480,149,2024-03-09,21.6319,39.1044
2024-03-09T19:00,22.4,75,0.0,0.0,0,13.6,21.6,9480,149,2024-03-09,21.6319,39.1044
2024-03-09T20:00,21.4,77,0.0,0.0,0,11.3,18.4,9480,149,2024-03-09,21.6319,39.1044
2024-03-09T21:00,20.0,79,0.0,0.0,0,9.5,14.4,9480,149,2024-03-09,21.6319,39.1044
2024-03-09T22:00,19.0,77,0.0,0.0,0,8.8,11.2,9480,149,2024-03-09,21.6319,39.1044
2024-03-09T23:00,18.4,73,0.0,0.0,0,8.9,10.4,9480,149,2024-03-09,21.6319,39.1044
2024-03-24T00:00,16.6,56,0.0,0.0,100,13.1,29.9,9488,10,2024-03-24,-37.8497,144.968
2024-03-24T01:00,18.1,51,0.0,0.0,42,17.2,38.2,9488,10,2024-03-24,-37.8497,144.968
2024-03-24T02:00,19.0,49,0.0,0.0,100,15.8,37.4,9488,10,2024-03-24,-37.8497,144.968
2024-03-24T03:00,19.4,48,0.0,0.0,75,14.2,36.0,9488,10,2024-03-24,-37.8497,144.968
2024-03-24T04:00,21.2,42,0.0,0.0,64,13.2,32.4,9488,10,2024-03-24,-37.8497,144.968
2024-03-24T05:00,21.4,44,0.0,0.0,63,20.4,43.2,9488,10,2024-03-24,-37.8497,144.968
2024-03-24T06:00,19.3,63,0.0,0.0,31,17.2,43.9,9488,10,2024-03-24,-37.8497,144.968
2024-03-24T07:00,19.0,63,0.0,0.0,23,15.4,37.1,9488,10,2024-03-24,-37.8497,144.968
2024-03-24T08:00,19.3,55,0.0,0.0,47,12.1,31.7,9488,10,2024-03-24,-37.8497,144.968
2024-03-24T09:00,18.1,59,0.0,0.0,40,14.6,26.3,9488,10,2024-03-24,-37.8497,144.968
2024-03-24T10:00,17.6,61,0.0,0.0,7,17.9,32.0,9488,10,2024-03-24,-37.8497,144.968
2024-03-24T11:00,17.1,64,0.0,0.0,5,17.3,33.5,9488,10,2024-03-24,-37.8497,144.968
2024-03-24T12:00,16.4,69,0.0,0.0,5,13.5,30.6,9488,10,2024-03-24,-37.8497,144.968
2024-03-24T13:00,14.4,80,0.0,0.0,5,9.6,22.3,9488,10,2024-03-24,-37.8497,144.968
2024-03-24T14:00,13.6,83,0.0,0.0,5,10.3,18.0,9488,10,2024-03-24,-37.8497,144.968
2024-03-24T15:00,13.0,83,0.0,0.0,4,11.6,20.5,9488,10,2024-03-24,-37.8497,144.968
2024-03-24T16:00,12.6,84,0.0,0.0,6,11.1,21.2,9488,10,2024-03-24,-37.8497,144.968
2024-03-24T17:00,12.3,85,0.0,0.0,9,10.8,19.8,9488,10,2024-03-24,-37.8497,144.968
2024-03-24T18:00,12.1,84,0.0,0.0,26,11.1,19.4,9488,10,2024-03-24,-37.8497,144.968
2024-03-24T19:00,12.1,82,0.0,0.0,39,13.8,23.8,9488,10,2024-03-24,-37.8497,144.968
2024-03-24T20:00,12.4,81,0.0,0.0,35,15.1,27.0,9488,10,2024-03-24,-37.8497,144.968
2024-03-24T21:00,13.1,78,0.0,0.0,100,15.8,28.1,9488,10,2024-03-24,-37.8497,144.968
2024-03-24T22:00,15.0,71,0.0,0.0,86,14.1,28.4,9488,10,2024-03-24,-37.8497,144.968
2024-03-24T23:00,16.6,65,0.0,0.0,24,14.6,30.6,9488,10,2024-03-24,-37.8497,144.968
2024-04-07T00:00,16.9,74,0.0,0.0,100,3.3,16.2,9496,46,2024-04-07,34.8431,136.541
2024-04-07T01:00,18.6,62,0.0,0.0,100,1.9,13.3,9496,46,2024-04-07,34.8431,136.541
2024-04-07T02:00,19.4,60,0.0,0.0,100,3.0,12.6,9496,46,2024-04-07,34.8431,136.541
2024-04-07T03:00,20.1,58,0.0,0.0,64,5.2,16.2,9496,46,2024-04-07,34.8431,136.541
2024-04-07T04:00,20.9,55,0.0,0.0,1,6.7,18.4,9496,46,2024-04-07,34.8431,136.541
2024-04-07T05:00,21.2,53,0.0,0.0,68,7.6,19.8,9496,46,2024-04-07,34.8431,136.541
2024-04-07T06:00,21.0,52,0.0,0.0,83,8.7,19.1,9496,46,2024-04-07,34.8431,136.541
2024-04-07T07:00,19.2,62,0.0,0.0,65,12.3,23.0,9496,46,2024-04-07,34.8431,136.541
2024-04-07T08:00,17.0,78,0.0,0.0,76,6.0,22.3,9496,46,2024-04-07,34.8431,136.541
2024-04-07T09:00,15.9,88,0.0,0.0,98,3.5,11.5,9496,46,2024-04-07,34.8431,136.541
2024-04-07T10:00,15.2,88,0.0,0.0,99,3.4,6.1,9496,46,2024-04-07,34.8431,136.541
2024-04-07T11:00,14.8,89,0.0,0.0,100,3.0,4.3,9496,46,2024-04-07,34.8431,136.541
2024-04-07T12:00,13.4,92,0.0,0.0,100,0.8,3.6,9496,46,2024-04-07,34.8431,136.541
2024-04-07T13:00,14.9,87,0.0,0.0,100,2.2,4.7,9496,46,2024-04-07,34.8431,136.541
2024-04-07T14:00,14.1,90,0.0,0.0,100,1.6,2.5,9496,46,2024-04-07,34.8431,136.541
2024-04-07T15:00,13.6,93,0.0,0.0,95,4.3,6.1,9496,46,2024-04-07,34.8431,136.541
2024-04-07T16:00,12.4,94,0.0,0.0,36,4.8,6.8,9496,46,2024-04-07,34.8431,136.541
2024-04-07T17:00,13.2,91,0.0,0.0,100,4.0,7.6,9496,46,2024-04-07,34.8431,136.541
2024-04-07T18:00,13.8,89,0.0,0.0,100,8.3,13.3,9496,46,2024-04-07,34.8431,136.541
2024-04-07T19:00,14.1,90,0.2,0.2,100,10.1,16.9,9496,46,2024-04-07,34.8431,136.541
2024-04-07T20:00,14.1,93,0.1,0.1,100,9.1,16.9,9496,46,2024-04-07,34.8431,136.541
2024-04-07T21:00,13.9,96,0.0,0.0,100,8.1,14.8,9496,46,2024-04-07,34.8431,136.541
2024-04-07T22:00,14.4,96,0.0,0.0,100,6.8,13.0,9496,46,2024-04-07,34.8431,136.541
2024-04-07T23:00,15.4,95,0.0,0.0,100,8.2,16.6,9496,46,2024-04-07,34.8431,136.541
2024-04-21T00:00,14.1,88,0.0,0.0,100,11.3,22.3,9673,49,2024-04-21,31.3389,121.2197
2024-04-21T01:00,15.2,83,0.0,0.0,100,9.4,20.5,9673,49,2024-04-21,31.3389,121.2197
2024-04-21T02:00,16.9,76,0.0,0.0,100,7.9,22.0,9673,49,2024-04-21,31.3389,121.2197
2024-04-21T03:00,18.6,69,0.0,0.0,100,8.5,22.0,9673,49,2024-04-21,31.3389,121.2197
2024-04-21T04:00,19.5,66,0.0,0.0,100,7.4,21.6,9673,49,2024-04-21,31.3389,121.2197
2024-04-21T05:00,20.1,63,0.0,0.0,100,6.8,20.5,9673,49,2024-04-21,31.3389,121.2197
2024-04-21T06:00,20.2,63,0.0,0.0,100,7.8,19.1,9673,49,2024-04-21,31.3389,121.2197
2024-04-21T07:00,20.0,64,0.0,0.0,100,8.0,19.1,9673,49,2024-04-21,31.3389,121.2197
2024-04-21T08:00,19.0,69,0.0,0.0,100,10.8,22.0,9673,49,2024-04-21,31.3389,121.2197
2024-04-21T09:00,18.5,71,0.0,0.0,100,8.0,21.6,9673,49,2024-04-21,31.3389,121.2197
2024-04-21T10:00,17.9,84,0.0,0.0,100,2.8,14.8,9673,49,2024-04-21,31.3389,121.2197
2024-04-21T11:00,17.1,84,0.0,0.0,100,3.4,4.0,9673,49,2024-04-21,31.3389,121.2197
2024-04-21T12:00,16.6,82,0.0,0.0,100,4.7,6.8,9673,49,2024-04-21,31.3389,121.2197
2024-04-21T13:00,15.5,87,0.0,0.0,100,9.7,17.6,9673,49,2024-04-21,31.3389,121.2197
2024-04-21T14:00,14.8,89,0.0,0.0,100,7.0,17.3,9673,49,2024-04-21,31.3389,121.2197
2024-04-21T15:00,14.4,91,0.0,0.0,100,5.9,11.9,9673,49,2024-04-21,31.3389,121.2197
2024-04-21T16:00,14.1,93,0.2,0.2,100,6.3,10.8,9673,49,2024-04-21,31.3389,121.2197
2024-04-21T17:00,13.6,95,0.2,0.2,100,7.2,11.9,9673,49,2024-04-21,31.3389,121.2197
2024-04-21T18:00,13.7,96,0.3,0.3,100,6.2,13.3,9673,49,2024-04-21,31.3389,121.2197
2024-04-21T19:00,13.7,96,0.3,0.3,100,5.2,9.7,9673,49,2024-04-21,31.3389,121.2197
2024-04-21T20:00,13.7,96,0.3,0.3,100,5.6,9.7,9673,49,2024-04-21,31.3389,121.2197
2024-04-21T21:00,13.7,95,0.0,0.0,100,5.1,9.4,9673,49,2024-04-21,31.3389,121.2197
2024-04-21T22:00,13.8,96,0.3,0.3,100,6.2,10.8,9673,49,2024-04-21,31.3389,121.2197
2024-04-21T23:00,14.1,93,0.1,0.1,100,6.3,12.6,9673,49,2024-04-21,31.3389,121.2197
2024-05-05T00:00,24.8,75,0.0,0.0,13,12.2,29.2,9507,151,2024-05-05,25.9581,-80.2389
2024-05-05T01:00,24.1,79,0.0,0.0,24,8.6,16.9,9507,151,2024-05-05,25.9581,-80.2389
2024-05-05T02:00,23.7,81,0.0,0.0,16,8.0,14.8,9507,151,2024-05-05,25.9581,-80.2389
2024-05-05T03:00,23.4,81,0.0,0.0,10,8.0,13.3,9507,151,2024-05-05,25.9581,-80.2389
2024-05-05T04:00,22.9,83,0.0,0.0,7,7.4,13.3,9507,151,2024-05-05,25.9581,-80.2389
2024-05-05T05:00,22.9,82,0.0,0.0,14,7.9,13.3,9507,151,2024-05-05,25.9581,-80.2389
2024-05-05T06:00,22.6,84,0.0,0.0,25,8.1,13.3,9507,151,2024-05-05,25.9581,-80.2389
2024-05-05T07:00,22.9,83,0.0,0.0,22,9.8,16.6,9507,151,2024-05-05,25.9581,-80.2389
2024-05-05T08:00,22.7,84,0.0,0.0,14,9.1,16.9,9507,151,2024-05-05,25.9581,-80.2389
2024-05-05T09:00,22.6,86,0.0,0.0,33,9.4,16.2,9507,151,2024-05-05,25.9581,-80.2389
2024-05-05T10:00,22.1,88,0.0,0.0,87,7.4,16.2,9507,151,2024-05-05,25.9581,-80.2389
2024-05-05T11:00,22.5,86,0.0,0.0,79,9.5,15.1,9507,151,2024-05-05,25.9581,-80.2389
2024-05-05T12:00,24.2,78,0.0,0.0,24,13.7,22.3,9507,151,2024-05-05,25.9581,-80.2389
2024-05-05T13:00,26.2,64,0.0,0.0,6,16.3,31.0,9507,151,2024-05-05,25.9581,-80.2389
2024-05-05T14:00,27.2,60,0.0,0.0,16,16.1,32.4,9507,151,2024-05-05,25.9581,-80.2389
2024-05-05T15:00,28.0,57,0.0,0.0,19,15.1,32.8,9507,151,2024-05-05,25.9581,-80.2389
2024-05-05T16:00,28.5,55,0.0,0.0,29,15.5,32.8,9507,151,2024-05-05,25.9581,-80.2389
2024-05-05T17:00,28.8,54,0.0,0.0,26,17.6,36.4,9507,151,2024-05-05,25.9581,-80.2389
2024-05-05T18:00,28.8,54,0.0,0.0,17,19.5,39.6,9507,151,2024-05-05,25.9581,-80.2389
2024-05-05T19:00,28.5,56,0.1,0.1,27,21.1,42.5,9507,151,2024-05-05,25.9581,-80.2389
2024-05-05T20:00,28.0,59,0.1,0.1,15,20.5,42.5,9507,151,2024-05-05,25.9581,-80.2389
2024-05-05T21:00,27.4,62,0.1,0.1,13,18.3,40.3,9507,151,2024-05-05,25.9581,-80.2389
2024-05-05T22:00,26.9,63,0.0,0.0,14,17.0,36.0,9507,151,2024-05-05,25.9581,-80.2389
2024-05-05T23:00,26.1,66,0.0,0.0,9,15.6,32.4,9507,151,2024-05-05,25.9581,-80.2389
2024-05-19T00:00,14.6,97,0.0,0.0,98,4.6,8.6,9515,6,2024-05-19,44.3439,11.7167
2024-05-19T01:00,14.2,95,0.0,0.0,16,6.6,11.9,9515,6,2024-05-19,44.3439,11.7167
2024-05-19T02:00,13.9,93,0.0,0.0,67,7.9,15.1,9515,6,2024-05-19,44.3439,11.7167
2024-05-19T03:00,12.8,95,0.0,0.0,85,6.4,14.8,9515,6,2024-05-19,44.3439,11.7167
2024-05-19T04:00,12.2,95,0.0,0.0,100,6.3,9.0,9515,6,2024-05-19,44.3439,11.7167
2024-05-19T05:00,14.3,93,0.0,0.0,91,5.5,11.2,9515,6,2024-05-19,44.3439,11.7167
2024-05-19T06:00,15.1,94,0.0,0.0,99,5.2,14.4,9515,6,2024-05-19,44.3439,11.7167
2024-05-19T07:00,16.8,87,0.0,0.0,94,3.9,14.0,9515,6,2024-05-19,44.3439,11.7167
2024-05-19T08:00,18.5,80,0.0,0.0,90,8.8,21.2,9515,6,2024-05-19,44.3439,11.7167
2024-05-19T09:00,20.2,72,0.0,0.0,100,7.6,22.3,9515,6,2024-05-19,44.3439,11.7167
2024-05-19T10:00,21.6,64,0.0,0.0,100,5.1,20.5,9515,6,2024-05-19,44.3439,11.7167
2024-05-19T11:00,22.3,61,0.0,0.0,99,2.9,17.3,9515,6,2024-05-19,44.3439,11.7167
2024-05-19T12:00,23.0,58,0.1,0.1,99,3.3,15.1,9515,6,2024-05-19,44.3439,11.7167
2024-05-19T13:00,23.2,57,0.1,0.1,43,3.5,14.4,9515,6,2024-05-19,44.3439,11.7167
2024-05-19T14:00,23.5,56,0.0,0.0,17,4.1,14.4,9515,6,2024-05-19,44.3439,11.7167
2024-05-19T15:00,23.7,55,0.0,0.0,53,5.5,14.8,9515,6,2024-05-19,44.3439,11.7167
2024-05-19T16:00,23.3,57,0.0,0.0,45,9.8,19.4,9515,6,2024-05-19,44.3439,11.7167
2024-05-19T17:00,22.2,63,0.0,0.0,35,10.4,21.6,9515,6,2024-05-19,44.3439,11.7167
2024-05-19T18:00,20.6,72,0.0,0.0,6,7.0,19.4,9515,6,2024-05-19,44.3439,11.7167
2024-05-19T19:00,18.4,82,0.0,0.0,27,5.8,12.2,9515,6,2024-05-19,44.3439,11.7167
2024-05-19T20:00,17.4,84,0.0,0.0,100,5.8,9.7,9515,6,2024-05-19,44.3439,11.7167
2024-05-19T21:00,16.6,88,0.0,0.0,100,5.4,9.4,9515,6,2024-05-19,44.3439,11.7167
2024-05-19T22:00,15.9,92,0.0,0.0,100,5.2,7.9,9515,6,2024-05-19,44.3439,11.7167
2024-05-19T23:00,16.5,89,0.0,0.0,96,2.3,6.8,9515,6,2024-05-19,44.3439,11.7167
2024-05-26T00:00,14.9,84,0.0,0.0,23,3.6,10.4,9523,22,2024-05-26,43.7347,7.4206
2024-05-26T01:00,15.1,80,0.0,0.0,19,2.2,9.7,9523,22,2024-05-26,43.7347,7.4206
2024-05-26T02:00,14.7,80,0.0,0.0,5,1.8,9.0,9523,22,2024-05-26,43.7347,7.4206
2024-05-26T03:00,14.6,79,0.0,0.0,3,2.5,9.7,9523,22,2024-05-26,43.7347,7.4206
2024-05-26T04:00,14.4,80,0.0,0.0,6,2.5,9.7,9523,22,2024-05-26,43.7347,7.4206
2024-05-26T05:00,15.7,79,0.0,0.0,0,1.1,9.0,9523,22,2024-05-26,43.7347,7.4206
2024-05-26T06:00,18.0,76,0.0,0.0,57,1.0,6.5,9523,22,2024-05-26,43.7347,7.4206
2024-05-26T07:00,18.9,77,0.0,0.0,100,2.8,12.2,9523,22,2024-05-26,43.7347,7.4206
2024-05-26T08:00,19.8,75,0.0,0.0,100,5.4,17.3,9523,22,2024-05-26,43.7347,7.4206
2024-05-26T09:00,20.1,78,0.0,0.0,100,8.2,23.0,9523,22,2024-05-26,43.7347,7.4206
2024-05-26T10:00,20.4,83,0.0,0.0,97,7.8,24.1,9523,22,2024-05-26,43.7347,7.4206
2024-05-26T11:00,20.8,84,0.0,0.0,100,8.5,24.8,9523,22,2024-05-26,43.7347,7.4206
2024-05-26T12:00,20.8,82,0.0,0.0,95,8.4,26.3,9523,22,2024-05-26,43.7347,7.4206
2024-05-26T13:00,20.5,77,0.0,0.0,89,8.3,25.9,9523,22,2024-05-26,43.7347,7.4206
2024-05-26T14:00,20.7,72,0.0,0.0,41,6.5,24.5,9523,22,2024-05-26,43.7347,7.4206
2024-05-26T15:00,20.1,75,0.0,0.0,39,7.9,23.0,9523,22,2024-05-26,43.7347,7.4206
2024-05-26T16:00,19.8,77,0.0,0.0,11,6.4,22.7,9523,22,2024-05-26,43.7347,7.4206
2024-05-26T17:00,19.8,78,0.0,0.0,43,5.7,19.8,9523,22,2024-05-26,43.7347,7.4206
2024-05-26T18:00,18.9,84,0.0,0.0,55,6.1,17.3,9523,22,2024-05-26,43.7347,7.4206
2024-05-26T19:00,17.4,93,0.0,0.0,89,3.4,16.6,9523,22,2024-05-26,43.7347,7.4206
2024-05-26T20:00,16.4,94,0.0,0.0,68,3.7,10.8,9523,22,2024-05-26,43.7347,7.4206
2024-05-26T21:00,17.6,89,0.0,0.0,77,1.1,9.0,9523,22,2024-05-26,43.7347,7.4206
2024-05-26T22:00,16.5,93,0.0,0.0,99,3.2,5.8,9523,22,2024-05-26,43.7347,7.4206
2024-05-26T23:00,15.9,95,0.0,0.0,99,3.9,10.1,9523,22,2024-05-26,43.7347,7.4206
2024-06-09T00:00,18.1,77,0.0,0.0,100,20.0,41.0,9531,23,2024-06-09,45.5,-73.5228
2024-06-09T01:00,17.0,85,0.0,0.0,100,16.9,35.3,9531,23,2024-06-09,45.5,-73.5228
2024-06-09T02:00,17.0,85,0.0,0.0,93,18.4,34.2,9531,23,2024-06-09,45.5,-73.5228
2024-06-09T03:00,16.5,82,0.0,0.0,100,17.3,32.4,9531,23,2024-06-09,45.5,-73.5228
2024-06-09T04:00,16.3,81,0.0,0.0,97,18.2,32.0,9531,23,2024-06-09,45.5,-73.5228
2024-06-09T05:00,16.2,79,0.0,0.0,100,19.3,34.2,9531,23,2024-06-09,45.5,-73.5228
2024-06-09T06:00,15.9,77,0.0,0.0,7,19.6,34.6,9531,23,2024-06-09,45.5,-73.5228
2024-06-09T07:00,15.2,80,0.0,0.0,66,17.9,35.3,9531,23,2024-06-09,45.5,-73.5228
2024-06-09T08:00,14.9,82,0.0,0.0,100,22.4,38.2,9531,23,2024-06-09,45.5,-73.5228
2024-06-09T09:00,15.1,79,0.0,0.0,100,20.5,41.4,9531,23,2024-06-09,45.5,-73.5228
2024-06-09T10:00,14.8,81,0.1,0.1,100,19.7,36.4,9531,23,2024-06-09,45.5,-73.5228
2024-06-09T11:00,14.8,83,0.2,0.2,100,18.5,34.9,9531,23,2024-06-09,45.5,-73.5228
2024-06-09T12:00,14.6,87,0.6,0.6,100,16.6,32.8,9531,23,2024-06-09,45.5,-73.5228
2024-06-09T13:00,14.9,79,0.2,0.2,100,14.8,29.9,9531,23,2024-06-09,45.5,-73.5228
2024-06-09T14:00,14.4,83,0.2,0.2,90,17.5,33.1,9531,23,2024-06-09,45.5,-73.5228
2024-06-09T15:00,16.4,79,0.2,0.2,75,18.4,36.0,9531,23,2024-06-09,45.5,-73.5228
2024-06-09T16:00,17.6,70,0.1,0.1,87,16.3,37.8,9531,23,2024-06-09,45.5,-73.5228
2024-06-09T17:00,19.2,61,0.2,0.2,100,19.0,39.2,9531,23,2024-06-09,45.5,-73.5228
2024-06-09T18:00,16.0,77,2.2,2.2,97,17.9,42.8,9531,23,2024-06-09,45.5,-73.5228
2024-06-09T19:00,18.2,66,0.3,0.3,94,25.6,48.2,9531,23,2024-06-09,45.5,-73.5228
2024-06-09T20:00,17.6,69,0.1,0.1,57,19.8,49.0,9531,23,2024-06-09,45.5,-73.5228
2024-06-09T21:00,18.5,64,0.0,0.0,99,20.2,41.0,9531,23,2024-06-09,45.5,-73.5228
2024-06-09T22:00,18.5,60,0.0,0.0,100,19.6,40.3,9531,23,2024-06-09,45.5,-73.5228
2024-06-09T23:00,17.9,60,0.0,0.0,44,19.1,37.8,9531,23,2024-06-09,45.5,-73.5228
2024-06-23T00:00,18.2,85,0.1,0.1,100,2.5,6.5,9539,15,2024-06-23,41.57,2.2611
2024-06-23T01:00,18.4,88,0.0,0.0,100,2.7,7.2,9539,15,2024-06-23,41.57,2.2611
2024-06-23T02:00,18.6,86,0.0,0.0,97,1.5,6.1,9539,15,2024-06-23,41.57,2.2611
2024-06-23T03:00,18.3,88,0.0,0.0,77,4.7,7.2,9539,15,2024-06-23,41.57,2.2611
2024-06-23T04:00,18.0,88,0.0,0.0,95,5.3,10.1,9539,15,2024-06-23,41.57,2.2611
2024-06-23T05:00,18.1,88,0.0,0.0,79,4.6,9.0,9539,15,2024-06-23,41.57,2.2611
2024-06-23T06:00,19.0,82,0.0,0.0,59,3.3,7.9,9539,15,2024-06-23,41.57,2.2611
2024-06-23T07:00,19.8,77,0.0,0.0,100,4.0,10.4,9539,15,2024-06-23,41.57,2.2611
2024-06-23T08:00,20.7,72,0.0,0.0,100,8.2,18.0,9539,15,2024-06-23,41.57,2.2611
2024-06-23T09:00,21.0,68,0.4,0.4,100,10.2,21.2,9539,15,2024-06-23,41.57,2.2611
2024-06-23T10:00,21.0,67,0.6,0.6,100,11.2,22.7,9539,15,2024-06-23,41.57,2.2611
2024-06-23T11:00,21.4,70,0.2,0.2,95,13.6,27.4,9539,15,2024-06-23,41.57,2.2611
2024-06-23T12:00,21.5,71,0.2,0.2,38,16.5,33.5,9539,15,2024-06-23,41.57,2.2611
2024-06-23T13:00,22.1,73,0.3,0.3,52,15.6,33.5,9539,15,2024-06-23,41.57,2.2611
2024-06-23T14:00,22.0,71,0.5,0.5,91,17.3,34.9,9539,15,2024-06-23,41.57,2.2611
2024-06-23T15:00,21.1,74,0.2,0.2,95,17.5,35.3,9539,15,2024-06-23,41.57,2.2611
2024-06-23T16:00,20.9,74,0.0,0.0,100,13.8,34.6,9539,15,2024-06-23,41.57,2.2611
2024-06-23T17:00,20.0,78,0.1,0.1,100,13.0,28.1,9539,15,2024-06-23,41.57,2.2611
2024-06-23T18:00,19.4,79,0.1,0.1,99,9.8,25.9,9539,15,2024-06-23,41.57,2.2611
2024-06-23T19:00,19.0,81,0.1,0.1,100,3.8,19.1,9539,15,2024-06-23,41.57,2.2611
2024-06-23T20:00,18.6,89,0.0,0.0,100,0.4,7.9,9539,15,2024-06-23,41.57,2.2611
2024-06-23T21:00,18.6,85,0.0,0.0,90,3.5,5.8,9539,15,2024-06-23,41.57,2.2611
2024-06-23T22:00,18.6,84,0.0,0.0,98,4.9,10.1,9539,15,2024-06-23,41.57,2.2611
2024-06-23T23:00,18.0,90,0.0,0.0,57,5.6,8.6,9539,15,2024-06-23,41.57,2.2611
2024-06-30T00:00,16.7,95,0.0,0.0,78,4.0,15.5,9550,19,2024-06-30,47.2197,14.7647
2024-06-30T01:00,17.5,95,0.0,0.0,100,5.4,18.0,9550,19,2024-06-30,47.2197,14.7647
2024-06-30T02:00,17.0,94,0.0,0.0,100,3.6,18.4,9550,19,2024-06-30,47.2197,14.7647
2024-06-30T03:00,16.9,93,0.0,0.0,100,4.3,18.4,9550,19,2024-06-30,47.2197,14.7647
2024-06-30T04:00,17.2,91,0.0,0.0,99,2.9,18.7,9550,19,2024-06-30,47.2197,14.7647
2024-06-30T05:00,18.4,88,0.0,0.0,93,4.5,19.4,9550,19,2024-06-30,47.2197,14.7647
2024-06-30T06:00,21.4,83,0.0,0.0,33,3.1,19.1,9550,19,2024-06-30,47.2197,14.7647
2024-06-30T07:00,24.6,68,0.0,0.0,0,3.3,19.1,9550,19,2024-06-30,47.2197,14.7647
2024-06-30T08:00,26.9,52,0.0,0.0,1,7.4,25.6,9550,19,2024-06-30,47.2197,14.7647
2024-06-30T09:00,28.1,43,0.0,0.0,0,9.7,31.7,9550,19,2024-06-30,47.2197,14.7647
2024-06-30T10:00,28.6,42,0.0,0.0,41,10.9,34.2,9550,19,2024-06-30,47.2197,14.7647
2024-06-30T11:00,28.3,44,0.0,0.0,79,12.5,41.0,9550,19,2024-06-30,47.2197,14.7647
2024-06-30T12:00,28.1,46,0.0,0.0,21,11.5,39.2,9550,19,2024-06-30,47.2197,14.7647
2024-06-30T13:00,29.0,37,0.0,0.0,60,13.8,40.0,9550,19,2024-06-30,47.2197,14.7647
2024-06-30T14:00,28.2,42,0.0,0.0,90,13.0,40.7,9550,19,2024-06-30,47.2197,14.7647
2024-06-30T15:00,27.0,47,0.0,0.0,61,11.8,38.2,9550,19,2024-06-30,47.2197,14.7647
2024-06-30T16:00,26.3,50,0.0,0.0,9,10.0,33.8,9550,19,2024-06-30,47.2197,14.7647
2024-06-30T17:00,24.7,57,0.0,0.0,70,9.0,29.2,9550,19,2024-06-30,47.2197,14.7647
2024-06-30T18:00,23.4,67,0.0,0.0,40,4.3,23.8,9550,19,2024-06-30,47.2197,14.7647
2024-06-30T19:00,22.0,71,0.0,0.0,76,5.4,15.1,9550,19,2024-06-30,47.2197,14.7647
2024-06-30T20:00,20.2,78,0.0,0.0,100,5.7,17.3,9550,19,2024-06-30,47.2197,14.7647
2024-06-30T21:00,18.8,87,0.0,0.0,54,2.4,15.1,9550,19,2024-06-30,47.2197,14.7647
2024-06-30T22:00,18.1,90,0.0,0.0,99,2.2,8.3,9550,19,2024-06-30,47.2197,14.7647
2024-06-30T23:00,16.8,93,0.0,0.0,25,2.6,9.4,9550,19,2024-06-30,47.2197,14.7647
2024-07-07T00:00,10.0,82,0.0,0.0,20,15.8,26.3,9558,2,2024-07-07,52.0733,-1.0147
2024-07-07T01:00,9.6,87,0.0,0.0,30,15.3,25.6,9558,2,2024-07-07,52.0733,-1.0147
2024-07-07T02:00,9.4,90,0.0,0.0,7,15.5,26.3,9558,2,2024-07-07,52.0733,-1.0147
2024-07-07T03:00,9.2,93,0.0,0.0,21,15.3,25.9,9558,2,2024-07-07,52.0733,-1.0147
2024-07-07T04:00,9.2,95,0.0,0.0,60,15.8,26.3,9558,2,2024-07-07,52.0733,-1.0147
2024-07-07T05:00,9.8,93,0.0,0.0,86,16.3,27.0,9558,2,2024-07-07,52.0733,-1.0147
2024-07-07T06:00,11.1,87,0.0,0.0,40,17.8,31.3,9558,2,2024-07-07,52.0733,-1.0147
2024-07-07T07:00,12.4,81,0.0,0.0,91,16.4,31.0,9558,2,2024-07-07,52.0733,-1.0147
2024-07-07T08:00,13.9,73,0.0,0.0,100,20.2,39.2,9558,2,2024-07-07,52.0733,-1.0147
2024-07-07T09:00,14.8,72,0.1,0.1,99,18.6,39.6,9558,2,2024-07-07,52.0733,-1.0147
2024-07-07T10:00,13.6,76,0.7,0.7,93,19.4,38.2,9558,2,2024-07-07,52.0733,-1.0147
2024-07-07T11:00,14.7,73,0.2,0.2,73,17.8,36.7,9558,2,2024-07-07,52.0733,-1.0147
2024-07-07T12:00,16.2,63,0.2,0.2,100,20.9,40.7,9558,2,2024-07-07,52.0733,-1.0147
2024-07-07T13:00,15.4,65,0.1,0.1,69,16.5,34.6,9558,2,2024-07-07,52.0733,-1.0147
2024-07-07T14:00,16.1,64,0.1,0.1,94,17.8,35.6,9558,2,2024-07-07,52.0733,-1.0147
2024-07-07T15:00,14.4,73,0.5,0.5,64,19.5,36.7,9558,2,2024-07-07,52.0733,-1.0147
2024-07-07T16:00,16.0,62,0.1,0.1,14,17.1,35.3,9558,2,2024-07-07,52.0733,-1.0147
2024-07-07T17:00,16.3,58,0.0,0.0,22,17.3,34.2,9558,2,2024-07-07,52.0733,-1.0147
2024-07-07T18:00,15.8,59,0.0,0.0,42,15.7,31.3,9558,2,2024-07-07,52.0733,-1.0147
2024-07-07T19:00,14.2,70,0.0,0.0,7,11.6,27.7,9558,2,2024-07-07,52.0733,-1.0147
2024-07-07T20:00,12.6,79,0.0,0.0,17,6.4,19.1,9558,2,2024-07-07,52.0733,-1.0147
2024-07-07T21:00,11.4,86,0.0,0.0,19,6.9,10.4,9558,2,2024-07-07,52.0733,-1.0147
2024-07-07T22:00,11.1,89,0.0,0.0,15,8.4,13.0,9558,2,2024-07-07,52.0733,-1.0147
2024-07-07T23:00,10.9,86,0.0,0.0,8,10.9,18.0,9558,2,2024-07-07,52.0733,-1.0147
2024-07-21T00:00,20.4,92,0.0,0.0,100,5.4,12.6,9566,4,2024-07-21,47.5822,19.2511
2024-07-21T01:00,21.0,84,0.0,0.0,100,2.6,6.5,9566,4,2024-07-21,47.5822,19.2511
2024-07-21T02:00,20.2,87,0.0,0.0,99,4.0,6.5,9566,4,2024-07-21,47.5822,19.2511
2024-07-21T03:00,19.8,90,0.0,0.0,98,6.5,11.5,9566,4,2024-07-21,47.5822,19.2511
2024-07-21T04:00,19.8,91,0.0,0.0,22,3.4,11.5,9566,4,2024-07-21,47.5822,19.2511
2024-07-21T05:00,20.5,89,0.0,0.0,3,3.1,9.0,9566,4,2024-07-21,47.5822,19.2511
2024-07-21T06:00,21.9,83,0.0,0.0,8,4.3,12.6,9566,4,2024-07-21,47.5822,19.2511
2024-07-21T07:00,23.4,74,0.0,0.0,14,7.2,18.0,9566,4,2024-07-21,47.5822,19.2511
2024-07-21T08:00,25.0,65,0.0,0.0,6,7.2,19.1,9566,4,2024-07-21,47.5822,19.2511
2024-07-21T09:00,26.1,57,0.1,0.1,29,5.5,19.1,9566,4,2024-07-21,47.5822,19.2511
2024-07-21T10:00,26.9,54,0.0,0.0,18,5.4,17.3,9566,4,2024-07-21,47.5822,19.2511
2024-07-21T11:00,27.8,50,0.0,0.0,12,5.2,16.9,9566,4,2024-07-21,47.5822,19.2511
2024-07-21T12:00,28.5,48,0.0,0.0,16,6.5,19.1,9566,4,2024-07-21,47.5822,19.2511
2024-07-21T13:00,27.8,53,0.0,0.0,86,10.2,22.7,9566,4,2024-07-21,47.5822,19.2511
2024-07-21T14:00,27.5,54,0.0,0.0,31,10.9,23.0,9566,4,2024-07-21,47.5822,19.2511
2024-07-21T15:00,28.4,52,0.0,0.0,19,9.3,23.0,9566,4,2024-07-21,47.5822,19.2511
2024-07-21T16:00,27.9,54,0.1,0.1,23,6.9,20.5,9566,4,2024-07-21,47.5822,19.2511
2024-07-21T17:00,27.5,57,0.0,0.0,11,2.2,15.8,9566,4,2024-07-21,47.5822,19.2511
2024-07-21T18:00,26.3,67,0.0,0.0,6,2.8,4.7,9566,4,2024-07-21,47.5822,19.2511
2024-07-21T19:00,23.9,73,0.0,0.0,16,6.6,8.3,9566,4,2024-07-21,47.5822,19.2511
2024-07-21T20:00,23.5,73,0.0,0.0,8,4.8,8.6,9566,4,2024-07-21,47.5822,19.2511
2024-07-21T21:00,22.8,75,0.0,0.0,4,5.5,8.6,9566,4,2024-07-21,47.5822,19.2511
2024-07-21T22:00,22.1,77,0.0,0.0,8,5.8,9.0,9566,4,2024-07-21,47.5822,19.2511
2024-07-21T23:00,21.5,81,0.0,0.0,10,6.8,9.0,9566,4,2024-07-21,47.5822,19.2511
2024-07-28T00:00,13.5,96,0.0,0.0,93,13.0,24.1,9574,7,2024-07-28,50.4372,5.9714
2024-07-28T01:00,12.9,98,0.0,0.0,100,13.9,25.9,9574,7,2024-07-28,50.4372,5.9714
2024-07-28T02:00,12.5,98,0.0,0.0,87,13.9,26.3,9574,7,2024-07-28,50.4372,5.9714
2024-07-28T03:00,12.0,99,0.0,0.0,82,11.9,25.9,9574,7,2024-07-28,50.4372,5.9714
2024-07-28T04:00,12.1,99,0.0,0.0,97,11.6,22.3,9574,7,2024-07-28,50.4372,5.9714
2024-07-28T05:00,12.4,99,0.0,0.0,96,11.2,21.2,9574,7,2024-07-28,50.4372,5.9714
2024-07-28T06:00,12.9,97,0.0,0.0,90,10.2,21.6,9574,7,2024-07-28,50.4372,5.9714
2024-07-28T07:00,14.3,89,0.0,0.0,41,11.8,24.5,9574,7,2024-07-28,50.4372,5.9714
2024-07-28T08:00,15.7,84,0.0,0.0,2,8.8,24.1,9574,7,2024-07-28,50.4372,5.9714
2024-07-28T09:00,17.1,75,0.0,0.0,0,9.3,22.3,9574,7,2024-07-28,50.4372,5.9714
2024-07-28T10:00,18.2,67,0.0,0.0,0,8.4,22.7,9574,7,2024-07-28,50.4372,5.9714
2024-07-28T11:00,19.0,64,0.0,0.0,3,7.8,21.6,9574,7,2024-07-28,50.4372,5.9714
2024-07-28T12:00,19.8,60,0.0,0.0,47,7.9,20.9,9574,7,2024-07-28,50.4372,5.9714
2024-07-28T13:00,19.4,62,0.0,0.0,100,8.7,20.9,9574,7,2024-07-28,50.4372,5.9714
2024-07-28T14:00,19.7,61,0.0,0.0,100,7.8,21.2,9574,7,2024-07-28,50.4372,5.9714
2024-07-28T15:00,19.3,62,0.0,0.0,30,8.3,19.1,9574,7,2024-07-28,50.4372,5.9714
2024-07-28T16:00,19.5,61,0.0,0.0,8,8.3,19.1,9574,7,2024-07-28,50.4372,5.9714
2024-07-28T17:00,19.3,63,0.0,0.0,6,8.6,18.4,9574,7,2024-07-28,50.4372,5.9714
2024-07-28T18:00,18.6,70,0.0,0.0,10,5.7,17.3,9574,7,2024-07-28,50.4372,5.9714
2024-07-28T19:00,16.5,79,0.0,0.0,0,5.9,10.4,9574,7,2024-07-28,50.4372,5.9714
2024-07-28T20:00,14.9,83,0.0,0.0,0,7.8,13.3,9574,7,2024-07-28,50.4372,5.9714
2024-07-28T21:00,14.4,81,0.0,0.0,0,8.9,16.2,9574,7,2024-07-28,50.4372,5.9714
2024-07-28T22:00,13.6,82,0.0,0.0,100,7.3,15.5,9574,7,2024-07-28,50.4372,5.9714
2024-07-28T23:00,13.4,82,0.0,0.0,0,8.3,15.1,9574,7,2024-07-28,50.4372,5.9714
2024-08-25T00:00,16.6,86,1.6,1.6,40,33.8,49.7,9582,55,2024-08-25,52.3888,4.5409
2024-08-25T01:00,15.3,84,3.0,3.0,80,33.6,45.4,9582,55,2024-08-25,52.3888,4.5409
2024-08-25T02:00,17.2,72,0.1,0.1,30,31.8,46.1,9582,55,2024-08-25,52.3888,4.5409
2024-08-25T03:00,16.9,64,0.1,0.1,16,30.1,43.6,9582,55,2024-08-25,52.3888,4.5409
2024-08-25T04:00,16.7,63,0.0,0.0,14,28.9,41.4,9582,55,2024-08-25,52.3888,4.5409
2024-08-25T05:00,16.7,61,0.1,0.1,12,29.3,39.6,9582,55,2024-08-25,52.3888,4.5409
2024-08-25T06:00,16.8,62,0.0,0.0,19,30.1,40.7,9582,55,2024-08-25,52.3888,4.5409
2024-08-25T07:00,17.0,63,0.0,0.0,13,31.0,41.8,9582,55,2024-08-25,52.3888,4.5409
2024-08-25T08:00,17.1,63,0.0,0.0,20,30.9,42.5,9582,55,2024-08-25,52.3888,4.5409
2024-08-25T09:00,17.1,63,0.0,0.0,40,31.3,42.1,9582,55,2024-08-25,52.3888,4.5409
2024-08-25T10:00,17.2,63,0.1,0.1,28,30.3,42.1,9582,55,2024-08-25,52.3888,4.5409
2024-08-25T11:00,17.4,63,0.0,0.0,21,29.9,40.3,9582,55,2024-08-25,52.3888,4.5409
2024-08-25T12:00,17.6,62,0.0,0.0,21,31.9,42.1,9582,55,2024-08-25,52.3888,4.5409
2024-08-25T13:00,17.5,67,0.0,0.0,17,31.3,42.1,9582,55,2024-08-25,52.3888,4.5409
2024-08-25T14:00,17.7,67,0.0,0.0,7,30.1,41.8,9582,55,2024-08-25,52.3888,4.5409
2024-08-25T15:00,17.9,66,0.0,0.0,32,30.6,40.3,9582,55,2024-08-25,52.3888,4.5409
2024-08-25T16:00,18.3,60,0.3,0.3,41,33.6,43.9,9582,55,2024-08-25,52.3888,4.5409
2024-08-25T17:00,18.2,64,0.0,0.0,23,33.6,45.7,9582,55,2024-08-25,52.3888,4.5409
2024-08-25T18:00,18.1,65,0.0,0.0,25,32.8,44.6,9582,55,2024-08-25,52.3888,4.5409
2024-08-25T19:00,17.8,67,0.0,0.0,21,31.9,43.9,9582,55,2024-08-25,52.3888,4.5409
2024-08-25T20:00,17.9,67,0.1,0.1,45,32.4,43.2,9582,55,2024-08-25,52.3888,4.5409
2024-08-25T21:00,17.8,68,0.0,0.0,67,34.4,45.0,9582,55,2024-08-25,52.3888,4.5409
2024-08-25T22:00,17.6,71,0.1,0.1,100,35.4,46.8,9582,55,2024-08-25,52.3888,4.5409
2024-08-25T23:00,17.2,74,0.1,0.1,92,34.7,47.2,9582,55,2024-08-25,52.3888,4.5409
2024-09-01T00:00,23.3,78,0.0,0.0,86,4.5,7.9,9590,39,2024-09-01,45.6156,9.2811
2024-09-01T01:00,23.7,71,0.0,0.0,100,6.5,13.0,9590,39,2024-09-01,45.6156,9.2811
2024-09-01T02:00,23.7,70,0.0,0.0,100,6.2,11.2,9590,39,2024-09-01,45.6156,9.2811
2024-09-01T03:00,23.4,69,0.0,0.0,99,6.6,10.4,9590,39,2024-09-01,45.6156,9.2811
2024-09-01T04:00,23.3,67,0.0,0.0,98,7.2,11.9,9590,39,2024-09-01,45.6156,9.2811
2024-09-01T05:00,22.3,72,1.4,1.4,78,12.2,14.4,9590,39,2024-09-01,45.6156,9.2811
2024-09-01T06:00,20.5,85,16.6,16.6,100,20.4,55.4,9590,39,2024-09-01,45.6156,9.2811
2024-09-01T07:00,20.9,83,0.4,0.4,100,21.4,37.1,9590,39,2024-09-01,45.6156,9.2811
2024-09-01T08:00,23.2,74,0.0,0.0,98,12.6,35.6,9590,39,2024-09-01,45.6156,9.2811
2024-09-01T09:00,27.1,65,0.0,0.0,62,8.0,23.0,9590,39,2024-09-01,45.6156,9.2811
2024-09-01T10:00,29.5,50,0.0,0.0,0,5.4,18.0,9590,39,2024-09-01,45.6156,9.2811
2024-09-01T11:00,30.5,46,0.0,0.0,1,5.1,15.8,9590,39,2024-09-01,45.6156,9.2811
2024-09-01T12:00,30.8,42,0.0,0.0,55,5.9,15.5,9590,39,2024-09-01,45.6156,9.2811
2024-09-01T13:00,28.5,56,0.0,0.0,100,5.9,25.9,9590,39,2024-09-01,45.6156,9.2811
2024-09-01T14:00,28.8,54,0.7,0.7,100,7.1,19.8,9590,39,2024-09-01,45.6156,9.2811
2024-09-01T15:00,27.6,58,0.0,0.0,100,4.6,15.8,9590,39,2024-09-01,45.6156,9.2811
2024-09-01T16:00,28.1,58,0.0,0.0,80,4.0,11.9,9590,39,2024-09-01,45.6156,9.2811
2024-09-01T17:00,27.1,79,0.0,0.0,99,3.3,8.3,9590,39,2024-09-01,45.6156,9.2811
2024-09-01T18:00,24.8,75,0.0,0.0,7,6.5,8.3,9590,39,2024-09-01,45.6156,9.2811
2024-09-01T19:00,23.9,75,0.0,0.0,1,6.1,10.4,9590,39,2024-09-01,45.6156,9.2811
2024-09-01T20:00,22.8,79,0.0,0.0,0,5.8,10.4,9590,39,2024-09-01,45.6156,9.2811
2024-09-01T21:00,22.2,80,0.0,0.0,0,8.0,13.3,9590,39,2024-09-01,45.6156,9.2811
2024-09-01T22:00,22.0,80,0.0,0.0,5,7.6,13.7,9590,39,2024-09-01,45.6156,9.2811
2024-09-01T23:00,21.4,84,0.0,0.0,12,7.6,13.0,9590,39,2024-09-01,45.6156,9.2811
2024-09-15T00:00,22.2,43,0.0,0.0,93,17.4,27.4,9598,144,2024-09-15,40.3725,49.8533
2024-09-15T01:00,22.1,40,0.0,0.0,63,17.6,29.5,9598,144,2024-09-15,40.3725,49.8533
2024-09-15T02:00,21.6,45,0.0,0.0,39,16.6,28.1,9598,144,2024-09-15,40.3725,49.8533
2024-09-15T03:00,21.3,54,0.0,0.0,70,15.9,26.3,9598,144,2024-09-15,40.3725,49.8533
2024-09-15T04:00,22.9,51,0.0,0.0,30,16.6,27.7,9598,144,2024-09-15,40.3725,49.8533
2024-09-15T05:00,24.5,36,0.0,0.0,15,25.2,40.3,9598,144,2024-09-15,40.3725,49.8533
2024-09-15T06:00,25.5,29,0.0,0.0,5,25.8,43.2,9598,144,2024-09-15,40.3725,49.8533
2024-09-15T07:00,26.2,27,0.0,0.0,2,25.9,43.9,9598,144,2024-09-15,40.3725,49.8533
2024-09-15T08:00,26.5,25,0.0,0.0,1,25.0,43.9,9598,144,2024-09-15,40.3725,49.8533
2024-09-15T09:00,26.6,25,0.0,0.0,1,24.3,43.2,9598,144,2024-09-15,40.3725,49.8533
2024-09-15T10:00,26.5,26,0.0,0.0,0,23.8,42.5,9598,144,2024-09-15,40.3725,49.8533
2024-09-15T11:00,26.2,26,0.0,0.0,0,23.0,41.8,9598,144,2024-09-15,40.3725,49.8533
2024-09-15T12:00,25.5,30,0.0,0.0,0,22.5,40.0,9598,144,2024-09-15,40.3725,49.8533
2024-09-15T13:00,24.7,37,0.0,0.0,0,20.8,36.7,9598,144,2024-09-15,40.3725,49.8533
2024-09-15T14:00,23.6,42,0.0,0.0,0,18.8,34.9,9598,144,2024-09-15,40.3725,49.8533
2024-09-15T15:00,22.3,52,0.0,0.0,0,13.5,30.6,9598,144,2024-09-15,40.3725,49.8533
2024-09-15T16:00,21.4,59,0.0,0.0,0,10.0,21.6,9598,144,2024-09-15,40.3725,49.8533
2024-09-15T17:00,20.9,60,0.0,0.0,0,9.4,18.0,9598,144,2024-09-15,40.3725,49.8533
2024-09-15T18:00,20.1,65,0.0,0.0,0,8.4,15.5,9598,144,2024-09-15,40.3725,49.8533
2024-09-15T19:00,19.5,70,0.0,0.0,0,8.8,13.3,9598,144,2024-09-15,40.3725,49.8533
2024-09-15T20:00,19.0,73,0.0,0.0,0,8.8,13.3,9598,144,2024-09-15,40.3725,49.8533
2024-09-15T21:00,18.5,74,0.0,0.0,0,9.0,13.3,9598,144,2024-09-15,40.3725,49.8533
2024-09-15T22:00,18.3,74,0.0,0.0,0,10.0,14.4,9598,144,2024-09-15,40.3725,49.8533
2024-09-15T23:00,18.0,74,0.0,0.0,0,10.7,15.8,9598,144,2024-09-15,40.3725,49.8533
2024-09-22T00:00,25.6,93,0.0,0.0,100,1.1,6.5,9606,61,2024-09-22,1.2914,103.864
2024-09-22T01:00,29.7,67,0.0,0.0,46,7.7,14.4,9606,61,2024-09-22,1.2914,103.864
2024-09-22T02:00,30.5,61,0.0,0.0,100,10.7,20.9,9606,61,2024-09-22,1.2914,103.864
2024-09-22T03:00,31.0,60,0.0,0.0,77,10.6,22.3,9606,61,2024-09-22,1.2914,103.864
2024-09-22T04:00,31.5,58,0.0,0.0,87,7.1,22.3,9606,61,2024-09-22,1.2914,103.864
2024-09-22T05:00,31.7,58,0.0,0.0,54,5.8,21.6,9606,61,2024-09-22,1.2914,103.864
2024-09-22T06:00,32.0,58,0.0,0.0,96,7.2,22.7,9606,61,2024-09-22,1.2914,103.864
2024-09-22T07:00,32.2,57,0.0,0.0,99,9.2,24.5,9606,61,2024-09-22,1.2914,103.864
2024-09-22T08:00,32.0,56,0.0,0.0,98,8.8,24.1,9606,61,2024-09-22,1.2914,103.864
2024-09-22T09:00,31.9,56,0.0,0.0,100,7.9,20.2,9606,61,2024-09-22,1.2914,103.864
2024-09-22T10:00,31.4,59,0.0,0.0,100,5.9,17.6,9606,61,2024-09-22,1.2914,103.864
2024-09-22T11:00,30.3,67,0.0,0.0,100,10.4,16.2,9606,61,2024-09-22,1.2914,103.864
2024-09-22T12:00,29.1,79,0.0,0.0,18,14.0,21.6,9606,61,2024-09-22,1.2914,103.864
2024-09-22T13:00,29.0,81,0.0,0.0,100,13.3,19.8,9606,61,2024-09-22,1.2914,103.864
2024-09-22T14:00,28.8,84,0.0,0.0,100,12.4,19.1,9606,61,2024-09-22,1.2914,103.864
2024-09-22T15:00,28.5,85,0.0,0.0,100,12.3,18.0,9606,61,2024-09-22,1.2914,103.864
2024-09-22T16:00,28.6,85,0.0,0.0,100,14.8,20.2,9606,61,2024-09-22,1.2914,103.864
2024-09-22T17:00,28.5,85,0.0,0.0,100,16.3,23.4,9606,61,2024-09-22,1.2914,103.864
2024-09-22T18:00,28.4,87,0.0,0.0,100,13.8,23.4,9606,61,2024-09-22,1.2914,103.864
2024-09-22T19:00,28.2,88,0.0,0.0,100,13.4,19.4,9606,61,2024-09-22,1.2914,103.864
2024-09-22T20:00,28.0,89,0.0,0.0,100,13.6,19.1,9606,61,2024-09-22,1.2914,103.864
2024-09-22T21:00,27.9,89,0.0,0.0,100,11.6,19.1,9606,61,2024-09-22,1.2914,103.864
2024-09-22T22:00,27.8,90,0.0,0.0,100,10.8,15.8,9606,61,2024-09-22,1.2914,103.864
2024-09-22T23:00,27.6,91,0.0,0.0,100,11.3,15.8,9606,61,2024-09-22,1.2914,103.864
2024-10-20T00:00,26.6,36,0.0,0.0,2,12.6,28.8,9617,9,2024-10-20,30.1328,-97.6411
2024-10-20T01:00,25.4,39,0.0,0.0,2,14.3,22.3,9617,9,2024-10-20,30.1328,-97.6411
2024-10-20T02:00,24.4,39,0.0,0.0,0,13.7,22.3,9617,9,2024-10-20,30.1328,-97.6411
2024-10-20T03:00,23.4,42,0.0,0.0,0,13.0,21.2,9617,9,2024-10-20,30.1328,-97.6411
2024-10-20T04:00,22.6,49,0.0,0.0,4,15.5,24.1,9617,9,2024-10-20,30.1328,-97.6411
2024-10-20T05:00,21.9,63,0.0,0.0,0,13.1,24.1,9617,9,2024-10-20,30.1328,-97.6411
2024-10-20T06:00,21.1,69,0.0,0.0,0,9.8,20.5,9617,9,2024-10-20,30.1328,-97.6411
2024-10-20T07:00,20.1,72,0.0,0.0,0,6.8,15.5,9617,9,2024-10-20,30.1328,-97.6411
2024-10-20T08:00,19.0,77,0.0,0.0,0,7.3,10.1,9617,9,2024-10-20,30.1328,-97.6411
2024-10-20T09:00,18.2,81,0.0,0.0,0,6.6,9.4,9617,9,2024-10-20,30.1328,-97.6411
2024-10-20T10:00,17.8,83,0.0,0.0,0,5.3,8.3,9617,9,2024-10-20,30.1328,-97.6411
2024-10-20T11:00,17.4,86,0.0,0.0,0,5.9,8.6,9617,9,2024-10-20,30.1328,-97.6411
2024-10-20T12:00,17.0,89,0.0,0.0,0,6.2,9.4,9617,9,2024-10-20,30.1328,-97.6411
2024-10-20T13:00,16.2,93,0.0,0.0,0,7.2,11.2,9617,9,2024-10-20,30.1328,-97.6411
2024-10-20T14:00,18.5,80,0.0,0.0,0,8.1,16.2,9617,9,2024-10-20,30.1328,-97.6411
2024-10-20T15:00,21.2,63,0.0,0.0,0,9.1,20.2,9617,9,2024-10-20,30.1328,-97.6411
2024-10-20T16:00,24.0,53,0.0,0.0,0,10.2,22.7,9617,9,2024-10-20,30.1328,-97.6411
2024-10-20T17:00,26.0,43,0.0,0.0,0,11.7,25.9,9617,9,2024-10-20,30.1328,-97.6411
2024-10-20T18:00,27.5,36,0.0,0.0,0,12.3,27.0,9617,9,2024-10-20,30.1328,-97.6411
2024-10-20T19:00,28.5,31,0.0,0.0,0,12.5,27.7,9617,9,2024-10-20,30.1328,-97.6411
2024-10-20T20:00,29.1,28,0.0,0.0,0,12.4,27.4,9617,9,2024-10-20,30.1328,-97.6411
2024-10-20T21:00,29.4,26,0.0,0.0,0,12.8,27.0,9617,9,2024-10-20,30.1328,-97.6411
2024-10-20T22:00,29.1,25,0.0,0.0,0,12.8,26.6,9617,9,2024-10-20,30.1328,-97.6411
2024-10-20T23:00,28.4,27,0.0,0.0,0,12.0,24.5,9617,9,2024-10-20,30.1328,-97.6411
2024-10-27T00:00,17.5,58,0.1,0.1,89,18.6,24.8,9625,65,2024-10-27,19.4042,-99.0907
2024-10-27T01:00,15.1,66,0.0,0.0,42,21.8,31.3,9625,65,2024-10-27,19.4042,-99.0907
2024-10-27T02:00,13.9,74,0.0,0.0,38,20.9,31.3,9625,65,2024-10-27,19.4042,-99.0907
2024-10-27T03:00,13.4,76,0.0,0.0,20,19.1,30.6,9625,65,2024-10-27,19.4042,-99.0907
2024-10-27T04:00,12.9,80,0.0,0.0,36,16.3,27.7,9625,65,2024-10-27,19.4042,-99.0907
2024-10-27T05:00,12.8,83,0.0,0.0,42,14.4,24.1,9625,65,2024-10-27,19.4042,-99.0907
2024-10-27T06:00,12.2,86,0.0,0.0,23,11.5,21.2,9625,65,2024-10-27,19.4042,-99.0907
2024-10-27T07:00,11.9,88,0.0,0.0,35,11.2,16.6,9625,65,2024-10-27,19.4042,-99.0907
2024-10-27T08:00,11.8,90,0.0,0.0,40,10.8,16.2,9625,65,2024-10-27,19.4042,-99.0907
2024-10-27T09:00,11.5,91,0.0,0.0,76,10.2,15.5,9625,65,2024-10-27,19.4042,-99.0907
2024-10-27T10:00,11.7,90,0.0,0.0,85,10.3,14.8,9625,65,2024-10-27,19.4042,-99.0907
2024-10-27T11:00,11.8,89,0.0,0.0,83,10.2,15.1,9625,65,2024-10-27,19.4042,-99.0907
2024-10-27T12:00,11.9,88,0.0,0.0,73,9.4,14.8,9625,65,2024-10-27,19.4042,-99.0907
2024-10-27T13:00,12.1,87,0.0,0.0,38,7.6,14.0,9625,65,2024-10-27,19.4042,-99.0907
2024-10-27T14:00,13.3,79,0.0,0.0,16,7.6,13.3,9625,65,2024-10-27,19.4042,-99.0907
2024-10-27T15:00,14.7,72,0.0,0.0,73,8.9,17.6,9625,65,2024-10-27,19.4042,-99.0907
2024-10-27T16:00,16.2,65,0.0,0.0,41,10.3,20.5,9625,65,2024-10-27,19.4042,-99.0907
2024-10-27T17:00,17.8,58,0.0,0.0,100,10.3,22.0,9625,65,2024-10-27,19.4042,-99.0907
2024-10-27T18:00,18.8,52,0.0,0.0,96,10.6,21.6,9625,65,2024-10-27,19.4042,-99.0907
2024-10-27T19:00,19.6,50,0.0,0.0,60,11.5,22.7,9625,65,2024-10-27,19.4042,-99.0907
2024-10-27T20:00,20.2,48,0.1,0.1,40,12.6,24.1,9625,65,2024-10-27,19.4042,-99.0907
2024-10-27T21:00,20.6,47,0.0,0.0,39,11.1,24.8,9625,65,2024-10-27,19.4042,-99.0907
2024-10-27T22:00,20.9,45,0.0,0.0,98,9.0,22.3,9625,65,2024-10-27,19.4042,-99.0907
2024-10-27T23:00,18.6,56,1.6,1.6,56,14.8,21.6,9625,65,2024-10-27,19.4042,-99.0907
2024-11-03T00:00,20.6,98,0.0,0.0,100,5.5,9.7,9636,14,2024-11-03,-23.7036,-46.6997
2024-11-03T01:00,20.2,95,0.0,0.0,100,4.0,7.9,9636,14,2024-11-03,-23.7036,-46.6997
2024-11-03T02:00,19.8,97,0.0,0.0,100,4.4,7.9,9636,14,2024-11-03,-23.7036,-46.6997
2024-11-03T03:00,19.9,98,0.0,0.0,100,3.4,8.6,9636,14,2024-11-03,-23.7036,-46.6997
2024-11-03T04:00,19.5,99,0.1,0.1,100,4.0,6.1,9636,14,2024-11-03,-23.7036,-46.6997
2024-11-03T05:00,19.9,99,0.4,0.4,100,3.6,6.1,9636,14,2024-11-03,-23.7036,-46.6997
2024-11-03T06:00,19.9,97,0.7,0.7,100,4.8,7.9,9636,14,2024-11-03,-23.7036,-46.6997
2024-11-03T07:00,19.7,96,1.0,1.0,100,5.2,9.4,9636,14,2024-11-03,-23.7036,-46.6997
2024-11-03T08:00,19.5,95,0.7,0.7,100,4.6,9.4,9636,14,2024-11-03,-23.7036,-46.6997
2024-11-03T09:00,19.5,96,0.2,0.2,100,5.9,9.7,9636,14,2024-11-03,-23.7036,-46.6997
2024-11-03T10:00,20.0,95,0.2,0.2,100,8.6,14.8,9636,14,2024-11-03,-23.7036,-46.6997
2024-11-03T11:00,20.1,93,1.4,1.4,100,7.3,18.4,9636,14,2024-11-03,-23.7036,-46.6997
2024-11-03T12:00,20.8,89,0.5,0.5,100,9.3,18.7,9636,14,2024-11-03,-23.7036,-46.6997
2024-11-03T13:00,21.1,86,0.5,0.5,100,14.2,25.9,9636,14,2024-11-03,-23.7036,-46.6997
2024-11-03T14:00,21.9,83,0.3,0.3,100,14.7,27.7,9636,14,2024-11-03,-23.7036,-46.6997
2024-11-03T15:00,21.1,87,0.9,0.9,100,13.9,27.0,9636,14,2024-11-03,-23.7036,-46.6997
2024-11-03T16:00,20.8,88,1.7,1.7,100,12.8,23.4,9636,14,2024-11-03,-23.7036,-46.6997
2024-11-03T17:00,20.6,85,2.5,2.5,100,15.2,26.3,9636,14,2024-11-03,-23.7036,-46.6997
2024-11-03T18:00,20.6,85,2.0,2.0,100,12.8,26.6,9636,14,2024-11-03,-23.7036,-46.6997
2024-11-03T19:00,20.5,89,1.2,1.2,100,13.4,22.0,9636,14,2024-11-03,-23.7036,-46.6997
2024-11-03T20:00,20.2,95,0.5,0.5,100,14.8,24.1,9636,14,2024-11-03,-23.7036,-46.6997
2024-11-03T21:00,19.6,97,0.5,0.5,100,12.4,24.5,9636,14,2024-11-03,-23.7036,-46.6997
2024-11-03T22:00,19.5,95,0.8,0.8,100,14.1,23.8,9636,14,2024-11-03,-23.7036,-46.6997
2024-11-03T23:00,19.4,95,0.5,0.5,100,14.0,23.4,9636,14,2024-11-03,-23.7036,-46.6997
2024-11-24T00:00,20.8,34,0.0,0.0,54,19.5,45.0,9644,152,2024-11-24,36.1162,-115.1745
2024-11-24T01:00,20.4,31,0.0,0.0,20,20.4,46.1,9644,152,2024-11-24,36.1162,-115.1745
2024-11-24T02:00,20.2,31,0.0,0.0,22,23.7,49.0,9644,152,2024-11-24,36.1162,-115.1745
2024-11-24T03:00,19.4,34,0.0,0.0,40,24.6,51.5,9644,152,2024-11-24,36.1162,-115.1745
2024-11-24T04:00,18.5,42,0.0,0.0,90,25.8,54.4,9644,152,2024-11-24,36.1162,-115.1745
2024-11-24T05:00,17.4,49,0.0,0.0,65,23.2,54.4,9644,152,2024-11-24,36.1162,-115.1745
2024-11-24T06:00,16.4,54,0.0,0.0,0,21.8,48.2,9644,152,2024-11-24,36.1162,-115.1745
2024-11-24T07:00,15.5,54,0.0,0.0,0,20.7,45.4,9644,152,2024-11-24,36.1162,-115.1745
2024-11-24T08:00,14.6,55,0.0,0.0,6,18.9,42.1,9644,152,2024-11-24,36.1162,-115.1745
2024-11-24T09:00,14.0,58,0.0,0.0,32,18.3,38.2,9644,152,2024-11-24,36.1162,-115.1745
2024-11-24T10:00,13.6,58,0.0,0.0,6,16.0,37.1,9644,152,2024-11-24,36.1162,-115.1745
2024-11-24T11:00,13.1,58,0.0,0.0,1,12.8,32.4,9644,152,2024-11-24,36.1162,-115.1745
2024-11-24T12:00,12.6,58,0.0,0.0,14,10.6,25.9,9644,152,2024-11-24,36.1162,-115.1745
2024-11-24T13:00,13.2,51,0.0,0.0,84,9.1,24.8,9644,152,2024-11-24,36.1162,-115.1745
2024-11-24T14:00,11.6,59,0.0,0.0,21,7.6,18.7,9644,152,2024-11-24,36.1162,-115.1745
2024-11-24T15:00,10.4,63,0.0,0.0,75,11.4,21.6,9644,152,2024-11-24,36.1162,-115.1745
2024-11-24T16:00,12.3,54,0.0,0.0,85,11.9,24.5,9644,152,2024-11-24,36.1162,-115.1745
2024-11-24T17:00,14.9,43,0.0,0.0,63,12.1,29.5,9644,152,2024-11-24,36.1162,-115.1745
2024-11-24T18:00,16.4,35,0.0,0.0,87,10.7,29.9,9644,152,2024-11-24,36.1162,-115.1745
2024-11-24T19:00,17.6,31,0.0,0.0,82,7.3,28.1,9644,152,2024-11-24,36.1162,-115.1745
2024-11-24T20:00,18.4,28,0.0,0.0,99,5.1,22.7,9644,152,2024-11-24,36.1162,-115.1745
2024-11-24T21:00,18.6,27,0.0,0.0,44,6.2,20.2,9644,152,2024-11-24,36.1162,-115.1745
2024-11-24T22:00,18.7,27,0.0,0.0,91,8.3,23.4,9644,152,2024-11-24,36.1162,-115.1745
2024-11-24T23:00,18.3,27,0.0,0.0,0,10.0,25.9,9644,152,2024-11-24,36.1162,-115.1745
2024-12-01T00:00,17.5,73,0.0,0.0,3,17.4,26.3,9655,150,2024-12-01,25.49,51.4542
2024-12-01T01:00,17.5,73,0.0,0.0,5,17.3,26.3,9655,150,2024-12-01,25.49,51.4542
2024-12-01T02:00,17.4,71,0.0,0.0,2,16.8,25.9,9655,150,2024-12-01,25.49,51.4542
2024-12-01T03:00,17.2,68,0.0,0.0,2,15.3,25.2,9655,150,2024-12-01,25.49,51.4542
2024-12-01T04:00,17.8,67,0.0,0.0,5,16.7,24.5,9655,150,2024-12-01,25.49,51.4542
2024-12-01T05:00,19.5,63,0.0,0.0,0,18.3,28.4,9655,150,2024-12-01,25.49,51.4542
2024-12-01T06:00,21.2,57,0.0,0.0,6,23.0,36.7,9655,150,2024-12-01,25.49,51.4542
2024-12-01T07:00,22.4,51,0.0,0.0,12,25.6,41.8,9655,150,2024-12-01,25.49,51.4542
2024-12-01T08:00,23.0,48,0.0,0.0,8,25.6,42.5,9655,150,2024-12-01,25.49,51.4542
2024-12-01T09:00,23.1,46,0.0,0.0,1,26.2,43.2,9655,150,2024-12-01,25.49,51.4542
2024-12-01T10:00,23.1,46,0.0,0.0,4,27.4,45.0,9655,150,2024-12-01,25.49,51.4542
2024-12-01T11:00,23.0,47,0.0,0.0,2,28.6,46.1,9655,150,2024-12-01,25.49,51.4542
2024-12-01T12:00,22.4,48,0.0,0.0,1,28.6,46.1,9655,150,2024-12-01,25.49,51.4542
2024-12-01T13:00,21.4,51,0.0,0.0,1,28.4,45.7,9655,150,2024-12-01,25.49,51.4542
2024-12-01T14:00,20.5,55,0.0,0.0,1,24.5,43.9,9655,150,2024-12-01,25.49,51.4542
2024-12-01T15:00,19.9,58,0.0,0.0,0,22.1,36.7,9655,150,2024-12-01,25.49,51.4542
2024-12-01T16:00,19.5,59,0.0,0.0,0,20.8,33.1,9655,150,2024-12-01,25.49,51.4542
2024-12-01T17:00,19.0,61,0.0,0.0,0,19.5,31.3,9655,150,2024-12-01,25.49,51.4542
2024-12-01T18:00,18.6,63,0.0,0.0,0,17.6,29.5,9655,150,2024-12-01,25.49,51.4542
2024-12-01T19:00,18.3,65,0.0,0.0,13,15.9,26.6,9655,150,2024-12-01,25.49,51.4542
2024-12-01T20:00,18.1,66,0.0,0.0,14,15.0,24.1,9655,150,2024-12-01,25.49,51.4542
2024-12-01T21:00,17.9,67,0.0,0.0,14,14.1,23.0,9655,150,2024-12-01,25.49,51.4542
2024-12-01T22:00,17.5,68,0.0,0.0,2,13.9,21.2,9655,150,2024-12-01,25.49,51.4542
2024-12-01T23:00,17.4,68,0.0,0.0,2,14.0,21.2,9655,150,2024-12-01,25.49,51.4542
2024-12-08T00:00,20.1,87,0.0,0.0,0,5.8,8.3,9662,70,2024-12-08,24.4672,54.6031
2024-12-08T01:00,21.2,84,0.0,0.0,0,7.6,11.2,9662,70,2024-12-08,24.4672,54.6031
2024-12-08T02:00,20.1,87,0.0,0.0,0,6.8,10.8,9662,70,2024-12-08,24.4672,54.6031
2024-12-08T03:00,19.1,89,0.0,0.0,0,7.5,10.8,9662,70,2024-12-08,24.4672,54.6031
2024-12-08T04:00,20.1,76,0.0,0.0,0,11.6,15.8,9662,70,2024-12-08,24.4672,54.6031
2024-12-08T05:00,22.8,59,0.0,0.0,0,10.6,19.1,9662,70,2024-12-08,24.4672,54.6031
2024-12-08T06:00,25.5,47,0.0,0.0,0,10.3,20.9,9662,70,2024-12-08,24.4672,54.6031
2024-12-08T07:00,27.5,37,0.0,0.0,0,12.6,25.6,9662,70,2024-12-08,24.4672,54.6031
2024-12-08T08:00,28.6,30,0.0,0.0,0,12.4,26.3,9662,70,2024-12-08,24.4672,54.6031
2024-12-08T09:00,29.5,24,0.0,0.0,0,11.7,25.9,9662,70,2024-12-08,24.4672,54.6031
2024-12-08T10:00,30.0,23,0.0,0.0,0,9.7,24.8,9662,70,2024-12-08,24.4672,54.6031
2024-12-08T11:00,30.0,21,0.0,0.0,0,7.8,21.6,9662,70,2024-12-08,24.4672,54.6031
2024-12-08T12:00,29.5,23,0.0,0.0,0,9.4,18.0,9662,70,2024-12-08,24.4672,54.6031
2024-12-08T13:00,26.2,48,0.0,0.0,0,16.3,28.4,9662,70,2024-12-08,24.4672,54.6031
2024-12-08T14:00,24.9,58,0.0,0.0,0,14.1,26.6,9662,70,2024-12-08,24.4672,54.6031
2024-12-08T15:00,24.3,63,0.0,0.0,0,13.4,21.6,9662,70,2024-12-08,24.4672,54.6031
2024-12-08T16:00,23.8,65,0.0,0.0,0,12.3,20.9,9662,70,2024-12-08,24.4672,54.6031
2024-12-08T17:00,22.9,63,0.0,0.0,0,10.4,19.1,9662,70,2024-12-08,24.4672,54.6031
2024-12-08T18:00,22.1,44,0.0,0.0,0,9.1,15.8,9662,70,2024-12-08,24.4672,54.6031
2024-12-08T19:00,21.1,39,0.0,0.0,0,8.7,14.0,9662,70,2024-12-08,24.4672,54.6031
2024-12-08T20:00,20.4,41,0.0,0.0,0,8.8,13.3,9662,70,2024-12-08,24.4672,54.6031
2024-12-08T21:00,19.5,42,0.0,0.0,0,8.5,13.7,9662,70,2024-12-08,24.4672,54.6031
2024-12-08T22:00,18.8,43,0.0,0.0,0,8.2,13.0,9662,70,2024-12-08,24.4672,54.6031
2024-12-08T23:00,18.1,42,0.0,0.0,0,8.6,12.6,9662,70,2024-12-08,24.4672,54.6031
2025-03-16T00:00,20.2,92,2.6,2.6,100,15.7,34.6,9693,10,2025-03-16,-37.8497,144.968
2025-03-16T01:00,19.5,91,3.2,3.2,100,18.8,35.3,9693,10,2025-03-16,-37.8497,144.968
2025-03-16T02:00,18.1,85,1.0,1.0,100,26.0,55.4,9693,10,2025-03-16,-37.8497,144.968
2025-03-16T03:00,16.9,84,2.9,2.9,100,29.4,58.3,9693,10,2025-03-16,-37.8497,144.968
2025-03-16T04:00,16.5,79,1.6,1.6,100,26.1,60.5,9693,10,2025-03-16,-37.8497,144.968
2025-03-16T05:00,16.1,71,0.4,0.4,100,24.5,61.9,9693,10,2025-03-16,-37.8497,144.968
2025-03-16T06:00,15.8,65,0.1,0.1,47,25.0,61.2,9693,10,2025-03-16,-37.8497,144.968
2025-03-16T07:00,14.5,71,0.1,0.1,33,25.7,64.4,9693,10,2025-03-16,-37.8497,144.968
2025-03-16T08:00,14.2,71,0.1,0.1,14,20.6,69.5,9693,10,2025-03-16,-37.8497,144.968
2025-03-16T09:00,13.1,72,0.4,0.4,20,22.4,52.2,9693,10,2025-03-16,-37.8497,144.968
2025-03-16T10:00,12.6,68,0.1,0.1,28,21.4,52.9,9693,10,2025-03-16,-37.8497,144.968
2025-03-16T11:00,12.6,67,0.1,0.1,26,21.9,50.8,9693,10,2025-03-16,-37.8497,144.968
2025-03-16T12:00,12.9,68,0.1,0.1,28,20.7,46.8,9693,10,2025-03-16,-37.8497,144.968
2025-03-16T13:00,12.4,69,0.0,0.0,33,23.4,50.8,9693,10,2025-03-16,-37.8497,144.968
2025-03-16T14:00,12.8,68,0.3,0.3,46,23.2,48.2,9693,10,2025-03-16,-37.8497,144.968
2025-03-16T15:00,13.1,65,0.1,0.1,36,24.8,50.8,9693,10,2025-03-16,-37.8497,144.968
2025-03-16T16:00,13.6,63,0.0,0.0,48,24.6,51.5,9693,10,2025-03-16,-37.8497,144.968
2025-03-16T17:00,13.9,60,0.0,0.0,90,24.4,51.8,9693,10,2025-03-16,-37.8497,144.968
2025-03-16T18:00,14.1,59,0.0,0.0,81,24.8,52.9,9693,10,2025-03-16,-37.8497,144.968
2025-03-16T19:00,14.2,59,0.0,0.0,30,24.5,52.2,9693,10,2025-03-16,-37.8497,144.968
2025-03-16T20:00,14.3,59,0.0,0.0,86,22.1,49.3,9693,10,2025-03-16,-37.8497,144.968
2025-03-16T21:00,14.4,60,0.0,0.0,52,20.6,45.0,9693,10,2025-03-16,-37.8497,144.968
2025-03-16T22:00,15.0,57,0.0,0.0,91,19.3,42.1,9693,10,2025-03-16,-37.8497,144.968
2025-03-16T23:00,15.5,51,0.0,0.0,90,21.5,48.2,9693,10,2025-03-16,-37.8497,144.968
2025-03-23T00:00,16.3,45,0.0,0.0,0,7.9,19.4,9998,49,2025-03-23,31.3389,121.2197
2025-03-23T01:00,20.2,36,0.0,0.0,0,8.3,23.0,9998,49,2025-03-23,31.3389,121.2197
2025-03-23T02:00,23.1,30,0.0,0.0,0,11.1,29.5,9998,49,2025-03-23,31.3389,121.2197
2025-03-23T03:00,25.2,27,0.0,0.0,0,13.1,34.6,9998,49,2025-03-23,31.3389,121.2197
2025-03-23T04:00,26.7,23,0.0,0.0,0,15.1,38.9,9998,49,2025-03-23,31.3389,121.2197
2025-03-23T05:00,27.5,20,0.0,0.0,0,18.0,44.3,9998,49,2025-03-23,31.3389,121.2197
2025-03-23T06:00,27.7,19,0.0,0.0,0,19.4,47.2,9998,49,2025-03-23,31.3389,121.2197
2025-03-23T07:00,27.8,18,0.0,0.0,24,19.7,47.5,9998,49,2025-03-23,31.3389,121.2197
2025-03-23T08:00,27.4,21,0.0,0.0,98,17.9,46.4,9998,49,2025-03-23,31.3389,121.2197
2025-03-23T09:00,26.3,24,0.0,0.0,90,12.2,41.0,9998,49,2025-03-23,31.3389,121.2197
2025-03-23T10:00,24.9,29,0.0,0.0,100,13.4,27.4,9998,49,2025-03-23,31.3389,121.2197
2025-03-23T11:00,21.5,44,0.0,0.0,100,20.6,48.2,9998,49,2025-03-23,31.3389,121.2197
2025-03-23T12:00,19.0,59,0.4,0.4,100,17.1,43.9,9998,49,2025-03-23,31.3389,121.2197
2025-03-23T13:00,17.4,71,1.3,1.3,100,14.7,36.0,9998,49,2025-03-23,31.3389,121.2197
2025-03-23T14:00,17.2,73,0.3,0.3,100,7.4,28.1,9998,49,2025-03-23,31.3389,121.2197
2025-03-23T15:00,16.8,79,0.6,0.6,100,5.8,14.0,9998,49,2025-03-23,31.3389,121.2197
2025-03-23T16:00,16.2,81,0.5,0.5,100,10.7,18.0,9998,49,2025-03-23,31.3389,121.2197
2025-03-23T17:00,15.4,80,0.3,0.3,100,14.0,25.9,9998,49,2025-03-23,31.3389,121.2197
2025-03-23T18:00,15.6,76,0.0,0.0,23,10.9,24.8,9998,49,2025-03-23,31.3389,121.2197
2025-03-23T19:00,14.8,79,0.0,0.0,3,10.6,19.8,9998,49,2025-03-23,31.3389,121.2197
2025-03-23T20:00,14.2,81,0.0,0.0,0,11.8,21.2,9998,49,2025-03-23,31.3389,121.2197
2025-03-23T21:00,13.8,83,0.0,0.0,0,12.0,22.7,9998,49,2025-03-23,31.3389,121.2197
2025-03-23T22:00,13.3,85,0.0,0.0,0,11.7,22.3,9998,49,2025-03-23,31.3389,121.2197
2025-03-23T23:00,14.3,79,0.0,0.0,0,11.9,22.7,9998,49,2025-03-23,31.3389,121.2197
2025-04-06T00:00,12.8,84,0.0,0.0,89,7.6,20.9,10006,46,2025-04-06,34.8431,136.541
2025-04-06T01:00,13.7,82,0.8,0.8,79,15.4,32.4,10006,46,2025-04-06,34.8431,136.541
2025-04-06T02:00,14.9,75,0.0,0.0,88,13.9,32.0,10006,46,2025-04-06,34.8431,136.541
2025-04-06T03:00,14.6,80,0.0,0.0,76,13.2,32.8,10006,46,2025-04-06,34.8431,136.541
2025-04-06T04:00,13.9,89,4.9,4.9,43,7.3,33.5,10006,46,2025-04-06,34.8431,136.541
2025-04-06T05:00,14.7,80,0.5,0.5,28,14.1,31.0,10006,46,2025-04-06,34.8431,136.541
2025-04-06T06:00,15.9,73,0.0,0.0,39,9.6,31.3,10006,46,2025-04-06,34.8431,136.541
2025-04-06T07:00,15.7,74,0.0,0.0,12,4.8,23.4,10006,46,2025-04-06,34.8431,136.541
2025-04-06T08:00,14.8,77,0.0,0.0,14,1.9,14.8,10006,46,2025-04-06,34.8431,136.541
2025-04-06T09:00,13.1,88,1.2,1.2,37,1.7,15.1,10006,46,2025-04-06,34.8431,136.541
2025-04-06T10:00,12.9,89,0.0,0.0,17,9.1,13.3,10006,46,2025-04-06,34.8431,136.541
2025-04-06T11:00,11.4,76,0.0,0.0,30,9.4,18.0,10006,46,2025-04-06,34.8431,136.541
2025-04-06T12:00,9.5,82,0.0,0.0,97,7.1,16.2,10006,46,2025-04-06,34.8431,136.541
2025-04-06T13:00,10.9,92,0.0,0.0,100,7.7,14.8,10006,46,2025-04-06,34.8431,136.541
2025-04-06T14:00,10.2,86,0.0,0.0,96,7.5,13.7,10006,46,2025-04-06,34.8431,136.541
2025-04-06T15:00,9.4,85,0.0,0.0,98,6.2,13.3,10006,46,2025-04-06,34.8431,136.541
2025-04-06T16:00,9.1,82,0.0,0.0,46,7.4,13.0,10006,46,2025-04-06,34.8431,136.541
2025-04-06T17:00,8.6,77,0.0,0.0,10,9.4,15.8,10006,46,2025-04-06,34.8431,136.541
2025-04-06T18:00,8.9,72,0.0,0.0,0,11.5,19.8,10006,46,2025-04-06,34.8431,136.541
2025-04-06T19:00,8.8,72,0.0,0.0,0,14.3,24.1,10006,46,2025-04-06,34.8431,136.541
2025-04-06T20:00,8.4,74,0.0,0.0,1,13.7,26.6,10006,46,2025-04-06,34.8431,136.541
2025-04-06T21:00,8.4,74,0.0,0.0,1,14.1,25.2,10006,46,2025-04-06,34.8431,136.541
2025-04-06T22:00,10.4,68,0.0,0.0,2,18.4,32.4,10006,46,2025-04-06,34.8431,136.541
2025-04-06T23:00,12.6,60,0.0,0.0,5,18.3,39.2,10006,46,2025-04-06,34.8431,136.541
2025-04-13T00:00,23.9,72,0.0,0.0,0,17.1,29.9,10014,63,2025-04-13,26.0325,50.5106
2025-04-13T01:00,24.5,65,0.0,0.0,22,19.7,34.6,10014,63,2025-04-13,26.0325,50.5106
2025-04-13T02:00,24.5,63,0.0,0.0,26,17.7,34.9,10014,63,2025-04-13,26.0325,50.5106
2025-04-13T03:00,24.8,60,0.0,0.0,5,19.1,34.2,10014,63,2025-04-13,26.0325,50.5106
2025-04-13T04:00,25.5,60,0.0,0.0,0,18.4,34.9,10014,63,2025-04-13,26.0325,50.5106
2025-04-13T05:00,27.0,51,0.0,0.0,0,20.3,39.2,10014,63,2025-04-13,26.0325,50.5106
2025-04-13T06:00,27.9,49,0.0,0.0,0,22.2,43.9,10014,63,2025-04-13,26.0325,50.5106
2025-04-13T07:00,28.7,46,0.0,0.0,1,23.1,46.4,10014,63,2025-04-13,26.0325,50.5106
2025-04-13T08:00,29.5,42,0.0,0.0,0,23.5,47.9,10014,63,2025-04-13,26.0325,50.5106
2025-04-13T09:00,30.1,39,0.0,0.0,2,23.2,47.9,10014,63,2025-04-13,26.0325,50.5106
2025-04-13T10:00,30.2,38,0.0,0.0,26,23.0,47.9,10014,63,2025-04-13,26.0325,50.5106
2025-04-13T11:00,29.8,39,0.0,0.0,6,22.6,46.8,10014,63,2025-04-13,26.0325,50.5106
2025-04-13T12:00,28.9,42,0.0,0.0,1,22.6,45.7,10014,63,2025-04-13,26.0325,50.5106
2025-04-13T13:00,28.0,46,0.0,0.0,1,20.8,45.7,10014,63,2025-04-13,26.0325,50.5106
2025-04-13T14:00,26.6,52,0.0,0.0,4,19.1,41.0,10014,63,2025-04-13,26.0325,50.5106
2025-04-13T15:00,25.1,61,0.0,0.0,16,16.5,36.4,10014,63,2025-04-13,26.0325,50.5106
2025-04-13T16:00,24.8,61,0.0,0.0,0,14.6,29.5,10014,63,2025-04-13,26.0325,50.5106
2025-04-13T17:00,24.8,57,0.0,0.0,3,16.2,29.9,10014,63,2025-04-13,26.0325,50.5106
2025-04-13T18:00,24.5,57,0.0,0.0,1,14.2,28.4,10014,63,2025-04-13,26.0325,50.5106
2025-04-13T19:00,24.2,60,0.0,0.0,12,11.8,24.8,10014,63,2025-04-13,26.0325,50.5106
2025-04-13T20:00,23.8,65,0.0,0.0,0,9.6,20.5,10014,63,2025-04-13,26.0325,50.5106
2025-04-13T21:00,23.2,64,0.0,0.0,4,6.7,16.6,10014,63,2025-04-13,26.0325,50.5106
2025-04-13T22:00,22.6,67,0.0,0.0,23,5.3,10.8,10014,63,2025-04-13,26.0325,50.5106
2025-04-13T23:00,22.4,72,0.0,0.0,48,4.6,6.8,10014,63,2025-04-13,26.0325,50.5106
2025-04-20T00:00,26.5,53,0.0,0.0,0,6.7,13.3,10022,149,2025-04-20,21.6319,39.1044
2025-04-20T01:00,27.5,48,0.0,0.0,0,5.8,14.0,10022,149,2025-04-20,21.6319,39.1044
2025-04-20T02:00,27.4,47,0.0,0.0,0,5.5,11.5,10022,149,2025-04-20,21.6319,39.1044
2025-04-20T03:00,27.3,46,0.0,0.0,0,5.9,11.5,10022,149,2025-04-20,21.6319,39.1044
2025-04-20T04:00,28.5,43,0.0,0.0,0,7.4,13.3,10022,149,2025-04-20,21.6319,39.1044
2025-04-20T05:00,31.5,36,0.0,0.0,0,5.3,15.1,10022,149,2025-04-20,21.6319,39.1044
2025-04-20T06:00,34.2,31,0.0,0.0,0,4.9,18.0,10022,149,2025-04-20,21.6319,39.1044
2025-04-20T07:00,35.8,29,0.0,0.0,0,5.8,19.4,10022,149,2025-04-20,21.6319,39.1044
2025-04-20T08:00,35.5,32,0.0,0.0,0,12.8,34.2,10022,149,2025-04-20,21.6319,39.1044
2025-04-20T09:00,34.6,37,0.0,0.0,0,15.1,40.0,10022,149,2025-04-20,21.6319,39.1044
2025-04-20T10:00,34.1,40,0.0,0.0,0,14.0,40.0,10022,149,2025-04-20,21.6319,39.1044
2025-04-20T11:00,34.0,40,0.0,0.0,0,13.4,38.2,10022,149,2025-04-20,21.6319,39.1044
2025-04-20T12:00,33.2,41,0.0,0.0,0,13.2,37.4,10022,149,2025-04-20,21.6319,39.1044
2025-04-20T13:00,33.0,40,0.0,0.0,7,11.4,33.5,10022,149,2025-04-20,21.6319,39.1044
2025-04-20T14:00,31.6,44,0.0,0.0,5,11.3,31.7,10022,149,2025-04-20,21.6319,39.1044
2025-04-20T15:00,30.5,48,0.0,0.0,10,8.9,29.5,10022,149,2025-04-20,21.6319,39.1044
2025-04-20T16:00,29.3,56,0.0,0.0,1,6.9,22.3,10022,149,2025-04-20,21.6319,39.1044
2025-04-20T17:00,28.8,59,0.0,0.0,0,5.7,16.6,10022,149,2025-04-20,21.6319,39.1044
2025-04-20T18:00,28.5,63,0.0,0.0,0,3.9,13.7,10022,149,2025-04-20,21.6319,39.1044
2025-04-20T19:00,28.7,61,0.0,0.0,0,6.3,13.3,10022,149,2025-04-20,21.6319,39.1044
2025-04-20T20:00,29.0,53,0.0,0.0,0,6.2,13.7,10022,149,2025-04-20,21.6319,39.1044
2025-04-20T21:00,28.9,49,0.0,0.0,0,5.7,12.2,10022,149,2025-04-20,21.6319,39.1044
2025-04-20T22:00,28.4,48,0.0,0.0,0,4.5,11.5,10022,149,2025-04-20,21.6319,39.1044
2025-04-20T23:00,28.0,46,0.0,0.0,0,4.6,9.7,10022,149,2025-04-20,21.6319,39.1044
2025-05-04T00:00,25.5,69,0.0,0.0,39,6.4,17.6,10033,151,2025-05-04,25.9581,-80.2389
2025-05-04T01:00,25.3,75,0.0,0.0,37,4.4,8.6,10033,151,2025-05-04,25.9581,-80.2389
2025-05-04T02:00,24.8,78,0.0,0.0,23,6.1,12.6,10033,151,2025-05-04,25.9581,-80.2389
2025-05-04T03:00,24.2,80,0.0,0.0,8,6.3,13.0,10033,151,2025-05-04,25.9581,-80.2389
2025-05-04T04:00,24.1,81,0.0,0.0,86,6.5,13.0,10033,151,2025-05-04,25.9581,-80.2389
2025-05-04T05:00,23.8,82,0.0,0.0,99,5.2,13.3,10033,151,2025-05-04,25.9581,-80.2389
2025-05-04T06:00,23.7,82,0.0,0.0,83,7.8,14.8,10033,151,2025-05-04,25.9581,-80.2389
2025-05-04T07:00,23.5,83,0.0,0.0,16,6.3,17.6,10033,151,2025-05-04,25.9581,-80.2389
2025-05-04T08:00,23.4,83,0.0,0.0,99,7.4,14.4,10033,151,2025-05-04,25.9581,-80.2389
2025-05-04T09:00,23.1,85,0.0,0.0,99,5.6,15.5,10033,151,2025-05-04,25.9581,-80.2389
2025-05-04T10:00,22.9,86,0.0,0.0,100,2.7,10.8,10033,151,2025-05-04,25.9581,-80.2389
2025-05-04T11:00,22.9,86,0.0,0.0,100,2.8,4.0,10033,151,2025-05-04,25.9581,-80.2389
2025-05-04T12:00,24.1,81,0.0,0.0,100,3.1,6.5,10033,151,2025-05-04,25.9581,-80.2389
2025-05-04T13:00,26.2,73,0.0,0.0,98,10.8,22.7,10033,151,2025-05-04,25.9581,-80.2389
2025-05-04T14:00,27.5,64,0.1,0.1,100,11.1,28.4,10033,151,2025-05-04,25.9581,-80.2389
2025-05-04T15:00,28.9,55,0.0,0.0,100,10.8,27.4,10033,151,2025-05-04,25.9581,-80.2389
2025-05-04T16:00,28.2,53,0.2,0.2,100,11.8,30.2,10033,151,2025-05-04,25.9581,-80.2389
2025-05-04T17:00,29.0,57,0.1,0.1,100,6.4,28.4,10033,151,2025-05-04,25.9581,-80.2389
2025-05-04T18:00,25.1,73,0.9,0.9,100,10.9,34.9,10033,151,2025-05-04,25.9581,-80.2389
2025-05-04T19:00,27.2,64,0.0,0.0,100,4.3,26.3,10033,151,2025-05-04,25.9581,-80.2389
2025-05-04T20:00,27.0,67,0.0,0.0,65,0.7,16.2,10033,151,2025-05-04,25.9581,-80.2389
2025-05-04T21:00,27.3,67,0.0,0.0,82,9.2,22.7,10033,151,2025-05-04,25.9581,-80.2389
2025-05-04T22:00,25.5,75,0.2,0.2,99,6.4,26.3,10033,151,2025-05-04,25.9581,-80.2389
2025-05-04T23:00,24.0,84,0.5,0.5,35,2.1,20.5,10033,151,2025-05-04,25.9581,-80.2389
2025-05-18T00:00,14.3,49,0.0,0.0,0,20.6,35.6,9987,6,2025-05-18,44.3439,11.7167
2025-05-18T01:00,14.8,50,0.0,0.0,0,23.8,41.4,9987,6,2025-05-18,44.3439,11.7167
2025-05-18T02:00,14.6,50,0.0,0.0,0,24.6,42.8,9987,6,2025-05-18,44.3439,11.7167
2025-05-18T03:00,14.3,52,0.0,0.0,0,21.6,42.8,9987,6,2025-05-18,44.3439,11.7167
2025-05-18T04:00,12.9,60,0.0,0.0,0,9.1,37.8,9987,6,2025-05-18,44.3439,11.7167
2025-05-18T05:00,13.4,65,0.0,0.0,0,8.3,16.2,9987,6,2025-05-18,44.3439,11.7167
2025-05-18T06:00,15.8,63,0.0,0.0,0,10.6,19.8,9987,6,2025-05-18,44.3439,11.7167
2025-05-18T07:00,17.8,57,0.0,0.0,1,14.0,27.7,9987,6,2025-05-18,44.3439,11.7167
2025-05-18T08:00,19.2,55,0.0,0.0,3,14.9,30.2,9987,6,2025-05-18,44.3439,11.7167
2025-05-18T09:00,20.4,51,0.0,0.0,19,14.5,32.0,9987,6,2025-05-18,44.3439,11.7167
2025-05-18T10:00,21.4,51,0.0,0.0,10,13.4,30.6,9987,6,2025-05-18,44.3439,11.7167
2025-05-18T11:00,21.7,48,0.0,0.0,33,16.2,32.8,9987,6,2025-05-18,44.3439,11.7167
2025-05-18T12:00,21.1,55,1.0,1.0,47,16.3,38.9,9987,6,2025-05-18,44.3439,11.7167
2025-05-18T13:00,21.8,47,0.0,0.0,27,17.4,34.6,9987,6,2025-05-18,44.3439,11.7167
2025-05-18T14:00,21.8,48,0.0,0.0,9,21.1,40.7,9987,6,2025-05-18,44.3439,11.7167
2025-05-18T15:00,21.5,50,0.0,0.0,20,20.7,41.0,9987,6,2025-05-18,44.3439,11.7167
2025-05-18T16:00,20.6,54,0.0,0.0,30,20.9,39.6,9987,6,2025-05-18,44.3439,11.7167
2025-05-18T17:00,19.6,58,0.0,0.0,15,22.1,40.0,9987,6,2025-05-18,44.3439,11.7167
2025-05-18T18:00,18.1,62,0.0,0.0,4,22.7,40.0,9987,6,2025-05-18,44.3439,11.7167
2025-05-18T19:00,17.1,65,0.0,0.0,6,24.3,42.8,9987,6,2025-05-18,44.3439,11.7167
2025-05-18T20:00,16.7,68,0.0,0.0,15,24.8,43.2,9987,6,2025-05-18,44.3439,11.7167
2025-05-18T21:00,16.5,70,0.0,0.0,21,24.5,43.9,9987,6,2025-05-18,44.3439,11.7167
2025-05-18T22:00,16.2,72,0.0,0.0,26,23.9,42.8,9987,6,2025-05-18,44.3439,11.7167
2025-05-18T23:00,16.1,72,0.0,0.0,21,23.8,41.8,9987,6,2025-05-18,44.3439,11.7167
2025-05-25T00:00,14.7,75,0.0,0.0,5,3.2,10.8,9979,22,2025-05-25,43.7347,7.4206
2025-05-25T01:00,14.5,76,0.0,0.0,16,3.3,15.1,9979,22,2025-05-25,43.7347,7.4206
2025-05-25T02:00,14.1,76,0.0,0.0,31,3.8,12.2,9979,22,2025-05-25,43.7347,7.4206
2025-05-25T03:00,13.8,75,0.0,0.0,53,4.3,13.3,9979,22,2025-05-25,43.7347,7.4206
2025-05-25T04:00,13.5,76,0.0,0.0,57,3.6,13.0,9979,22,2025-05-25,43.7347,7.4206
2025-05-25T05:00,14.3,74,0.0,0.0,25,3.5,11.9,9979,22,2025-05-25,43.7347,7.4206
2025-05-25T06:00,18.1,64,0.0,0.0,31,1.5,11.5,9979,22,2025-05-25,43.7347,7.4206
2025-05-25T07:00,20.1,55,0.0,0.0,18,3.5,14.4,9979,22,2025-05-25,43.7347,7.4206
2025-05-25T08:00,20.8,55,0.0,0.0,4,6.8,21.6,9979,22,2025-05-25,43.7347,7.4206
2025-05-25T09:00,21.1,59,0.0,0.0,15,9.3,27.7,9979,22,2025-05-25,43.7347,7.4206
2025-05-25T10:00,21.4,59,0.0,0.0,0,9.6,29.2,9979,22,2025-05-25,43.7347,7.4206
2025-05-25T11:00,21.6,55,0.0,0.0,15,11.8,33.5,9979,22,2025-05-25,43.7347,7.4206
2025-05-25T12:00,21.7,52,0.0,0.0,14,11.2,34.2,9979,22,2025-05-25,43.7347,7.4206
2025-05-25T13:00,22.0,48,0.0,0.0,34,9.7,31.3,9979,22,2025-05-25,43.7347,7.4206
2025-05-25T14:00,21.8,51,0.0,0.0,40,10.8,31.3,9979,22,2025-05-25,43.7347,7.4206
2025-05-25T15:00,21.4,52,0.0,0.0,98,10.2,33.1,9979,22,2025-05-25,43.7347,7.4206
2025-05-25T16:00,21.0,55,0.0,0.0,92,11.6,32.8,9979,22,2025-05-25,43.7347,7.4206
2025-05-25T17:00,19.9,68,0.0,0.0,97,11.1,33.5,9979,22,2025-05-25,43.7347,7.4206
2025-05-25T18:00,19.1,76,0.0,0.0,76,7.3,31.3,9979,22,2025-05-25,43.7347,7.4206
2025-05-25T19:00,18.6,79,0.0,0.0,86,3.1,22.7,9979,22,2025-05-25,43.7347,7.4206
2025-05-25T20:00,18.0,85,0.0,0.0,18,4.2,12.6,9979,22,2025-05-25,43.7347,7.4206
2025-05-25T21:00,17.1,92,0.0,0.0,32,7.6,16.6,9979,22,2025-05-25,43.7347,7.4206
2025-05-25T22:00,16.7,86,0.0,0.0,51,8.3,20.2,9979,22,2025-05-25,43.7347,7.4206
2025-05-25T23:00,16.5,80,0.0,0.0,26,6.2,19.4,9979,22,2025-05-25,43.7347,7.4206
2025-06-01T00:00,18.9,84,0.0,0.0,0,3.6,9.7,9971,15,2025-06-01,41.57,2.2611
2025-06-01T01:00,18.8,82,0.0,0.0,0,4.2,12.6,9971,15,2025-06-01,41.57,2.2611
2025-06-01T02:00,17.5,84,0.0,0.0,0,3.5,10.1,9971,15,2025-06-01,41.57,2.2611
2025-06-01T03:00,16.6,84,0.0,0.0,0,4.0,10.8,9971,15,2025-06-01,41.57,2.2611
2025-06-01T04:00,15.9,86,0.0,0.0,11,3.9,11.5,9971,15,2025-06-01,41.57,2.2611
2025-06-01T05:00,16.1,85,0.0,0.0,1,4.2,11.5,9971,15,2025-06-01,41.57,2.2611
2025-06-01T06:00,19.4,75,0.0,0.0,7,4.6,11.9,9971,15,2025-06-01,41.57,2.2611
2025-06-01T07:00,23.1,61,0.0,0.0,9,1.8,10.8,9971,15,2025-06-01,41.57,2.2611
2025-06-01T08:00,25.0,57,0.0,0.0,28,4.5,16.2,9971,15,2025-06-01,41.57,2.2611
2025-06-01T09:00,26.4,52,0.0,0.0,69,5.8,20.2,9971,15,2025-06-01,41.57,2.2611
2025-06-01T10:00,27.6,48,0.0,0.0,86,6.6,22.3,9971,15,2025-06-01,41.57,2.2611
2025-06-01T11:00,28.8,45,0.0,0.0,40,7.8,24.8,9971,15,2025-06-01,41.57,2.2611
2025-06-01T12:00,29.8,41,0.0,0.0,36,9.2,27.0,9971,15,2025-06-01,41.57,2.2611
2025-06-01T13:00,28.9,52,0.0,0.0,98,9.6,28.1,9971,15,2025-06-01,41.57,2.2611
2025-06-01T14:00,28.2,56,0.0,0.0,84,9.0,28.8,9971,15,2025-06-01,41.57,2.2611
2025-06-01T15:00,28.8,51,0.0,0.0,100,7.5,25.9,9971,15,2025-06-01,41.57,2.2611
2025-06-01T16:00,28.5,47,0.0,0.0,100,8.1,24.8,9971,15,2025-06-01,41.57,2.2611
2025-06-01T17:00,27.6,46,0.0,0.0,100,4.7,22.0,9971,15,2025-06-01,41.57,2.2611
2025-06-01T18:00,26.5,54,0.0,0.0,100,2.9,13.7,9971,15,2025-06-01,41.57,2.2611
2025-06-01T19:00,24.5,58,0.0,0.0,100,4.1,7.9,9971,15,2025-06-01,41.57,2.2611
2025-06-01T20:00,23.5,62,0.0,0.0,98,1.5,9.0,9971,15,2025-06-01,41.57,2.2611
2025-06-01T21:00,22.8,64,0.0,0.0,100,0.9,3.6,9971,15,2025-06-01,41.57,2.2611
2025-06-01T22:00,22.2,65,0.0,0.0,100,1.5,4.3,9971,15,2025-06-01,41.57,2.2611
2025-06-01T23:00,20.8,71,0.0,0.0,99,2.7,5.4,9971,15,2025-06-01,41.57,2.2611
2025-06-15T00:00,19.0,35,0.0,0.0,23,12.1,34.2,9963,23,2025-06-15,45.5,-73.5228
2025-06-15T01:00,17.8,38,0.0,0.0,9,8.4,18.7,9963,23,2025-06-15,45.5,-73.5228
2025-06-15T02:00,16.6,43,0.0,0.0,2,7.2,16.2,9963,23,2025-06-15,45.5,-73.5228
2025-06-15T03:00,15.5,49,0.0,0.0,5,4.3,13.7,9963,23,2025-06-15,45.5,-73.5228
2025-06-15T04:00,14.4,57,0.0,0.0,0,3.1,8.6,9963,23,2025-06-15,45.5,-73.5228
2025-06-15T05:00,13.5,64,0.0,0.0,0,3.0,6.5,9963,23,2025-06-15,45.5,-73.5228
2025-06-15T06:00,12.8,73,0.0,0.0,0,2.7,6.5,9963,23,2025-06-15,45.5,-73.5228
2025-06-15T07:00,12.2,80,0.0,0.0,0,3.8,7.6,9963,23,2025-06-15,45.5,-73.5228
2025-06-15T08:00,11.4,87,0.0,0.0,0,3.5,7.9,9963,23,2025-06-15,45.5,-73.5228
2025-06-15T09:00,11.0,88,0.0,0.0,1,3.1,6.8,9963,23,2025-06-15,45.5,-73.5228
2025-06-15T10:00,11.8,85,0.0,0.0,52,3.1,6.5,9963,23,2025-06-15,45.5,-73.5228
2025-06-15T11:00,13.1,74,0.0,0.0,94,2.3,9.0,9963,23,2025-06-15,45.5,-73.5228
2025-06-15T12:00,15.1,60,0.0,0.0,14,1.8,10.4,9963,23,2025-06-15,45.5,-73.5228
2025-06-15T13:00,18.1,43,0.0,0.0,0,2.4,14.0,9963,23,2025-06-15,45.5,-73.5228
2025-06-15T14:00,20.5,31,0.0,0.0,0,2.5,16.2,9963,23,2025-06-15,45.5,-73.5228
2025-06-15T15:00,22.4,24,0.0,0.0,0,2.7,16.9,9963,23,2025-06-15,45.5,-73.5228
2025-06-15T16:00,23.7,22,0.0,0.0,0,3.1,18.7,9963,23,2025-06-15,45.5,-73.5228
2025-06-15T17:00,24.7,20,0.0,0.0,0,2.8,18.7,9963,23,2025-06-15,45.5,-73.5228
2025-06-15T18:00,25.4,19,0.0,0.0,0,4.4,20.5,9963,23,2025-06-15,45.5,-73.5228
2025-06-15T19:00,25.8,19,0.0,0.0,0,6.7,24.5,9963,23,2025-06-15,45.5,-73.5228
2025-06-15T20:00,25.7,19,0.0,0.0,6,6.9,25.6,9963,23,2025-06-15,45.5,-73.5228
2025-06-15T21:00,25.5,19,0.0,0.0,8,5.2,24.1,9963,23,2025-06-15,45.5,-73.5228
2025-06-15T22:00,25.8,19,0.0,0.0,18,8.3,23.0,9963,23,2025-06-15,45.5,-73.5228
2025-06-15T23:00,25.1,20,0.0,0.0,44,9.3,25.9,9963,23,2025-06-15,45.5,-73.5228
2025-06-29T00:00,17.1,88,0.0,0.0,0,0.3,7.6,9955,19,2025-06-29,47.2197,14.7647
2025-06-29T01:00,16.7,89,0.0,0.0,2,1.1,5.8,9955,19,2025-06-29,47.2197,14.7647
2025-06-29T02:00,15.7,93,0.0,0.0,2,2.0,6.8,9955,19,2025-06-29,47.2197,14.7647
2025-06-29T03:00,14.9,94,0.0,0.0,5,3.2,7.9,9955,19,2025-06-29,47.2197,14.7647
2025-06-29T04:00,15.6,92,0.0,0.0,9,3.8,7.9,9955,19,2025-06-29,47.2197,14.7647
2025-06-29T05:00,18.3,80,0.0,0.0,10,3.7,10.1,9955,19,2025-06-29,47.2197,14.7647
2025-06-29T06:00,21.7,67,0.0,0.0,23,3.2,11.9,9955,19,2025-06-29,47.2197,14.7647
2025-06-29T07:00,24.0,58,0.0,0.0,32,3.2,14.4,9955,19,2025-06-29,47.2197,14.7647
2025-06-29T08:00,26.0,51,0.0,0.0,18,2.1,14.0,9955,19,2025-06-29,47.2197,14.7647
2025-06-29T09:00,28.0,44,0.0,0.0,23,3.4,15.8,9955,19,2025-06-29,47.2197,14.7647
2025-06-29T10:00,29.5,38,0.0,0.0,37,6.0,20.5,9955,19,2025-06-29,47.2197,14.7647
2025-06-29T11:00,30.7,33,0.0,0.0,40,6.5,22.3,9955,19,2025-06-29,47.2197,14.7647
2025-06-29T12:00,31.7,30,0.0,0.0,44,5.8,22.3,9955,19,2025-06-29,47.2197,14.7647
2025-06-29T13:00,31.6,30,0.0,0.0,66,4.2,16.9,9955,19,2025-06-29,47.2197,14.7647
2025-06-29T14:00,31.9,28,0.0,0.0,47,7.2,21.2,9955,19,2025-06-29,47.2197,14.7647
2025-06-29T15:00,30.7,34,0.0,0.0,22,12.2,32.0,9955,19,2025-06-29,47.2197,14.7647
2025-06-29T16:00,29.7,39,0.0,0.0,14,11.4,33.8,9955,19,2025-06-29,47.2197,14.7647
2025-06-29T17:00,28.8,42,0.0,0.0,3,10.4,30.2,9955,19,2025-06-29,47.2197,14.7647
2025-06-29T18:00,26.8,50,0.0,0.0,2,8.5,27.7,9955,19,2025-06-29,47.2197,14.7647
2025-06-29T19:00,24.4,58,0.0,0.0,73,6.3,23.0,9955,19,2025-06-29,47.2197,14.7647
2025-06-29T20:00,22.7,67,0.0,0.0,100,3.6,16.9,9955,19,2025-06-29,47.2197,14.7647
2025-06-29T21:00,22.3,69,0.0,0.0,83,0.7,9.0,9955,19,2025-06-29,47.2197,14.7647
2025-06-29T22:00,21.0,73,0.0,0.0,100,0.6,5.0,9955,19,2025-06-29,47.2197,14.7647
2025-06-29T23:00,19.8,79,0.0,0.0,100,0.9,5.4,9955,19,2025-06-29,47.2197,14.7647
2025-07-06T00:00,15.6,87,0.0,0.0,43,14.4,28.1,9947,2,2025-07-06,52.0733,-1.0147
2025-07-06T01:00,14.9,93,0.0,0.0,100,13.2,26.6,9947,2,2025-07-06,52.0733,-1.0147
2025-07-06T02:00,14.6,96,0.0,0.0,100,11.1,23.4,9947,2,2025-07-06,52.0733,-1.0147
2025-07-06T03:00,14.2,96,0.0,0.0,100,10.7,19.8,9947,2,2025-07-06,52.0733,-1.0147
2025-07-06T04:00,14.0,97,0.0,0.0,100,10.9,19.4,9947,2,2025-07-06,52.0733,-1.0147
2025-07-06T05:00,14.4,96,0.0,0.0,100,11.9,20.9,9947,2,2025-07-06,52.0733,-1.0147
2025-07-06T06:00,15.4,91,0.0,0.0,100,14.7,27.7,9947,2,2025-07-06,52.0733,-1.0147
2025-07-06T07:00,16.8,84,0.0,0.0,100,14.4,29.2,9947,2,2025-07-06,52.0733,-1.0147
2025-07-06T08:00,17.8,78,0.1,0.1,100,12.2,30.6,9947,2,2025-07-06,52.0733,-1.0147
2025-07-06T09:00,17.9,77,0.2,0.2,100,8.7,27.4,9947,2,2025-07-06,52.0733,-1.0147
2025-07-06T10:00,18.6,73,0.3,0.3,100,11.3,25.2,9947,2,2025-07-06,52.0733,-1.0147
2025-07-06T11:00,19.1,70,2.9,2.9,95,13.7,28.1,9947,2,2025-07-06,52.0733,-1.0147
2025-07-06T12:00,18.5,76,4.7,4.7,81,17.9,33.1,9947,2,2025-07-06,52.0733,-1.0147
2025-07-06T13:00,19.1,67,1.2,1.2,78,17.5,35.6,9947,2,2025-07-06,52.0733,-1.0147
2025-07-06T14:00,19.4,70,2.4,2.4,21,12.4,35.6,9947,2,2025-07-06,52.0733,-1.0147
2025-07-06T15:00,19.3,64,0.2,0.2,38,21.1,41.8,9947,2,2025-07-06,52.0733,-1.0147
2025-07-06T16:00,19.1,62,0.1,0.1,22,22.5,43.6,9947,2,2025-07-06,52.0733,-1.0147
2025-07-06T17:00,19.2,58,0.0,0.0,100,22.8,43.9,9947,2,2025-07-06,52.0733,-1.0147
2025-07-06T18:00,17.9,60,0.0,0.0,100,22.0,45.4,9947,2,2025-07-06,52.0733,-1.0147
2025-07-06T19:00,17.2,64,0.0,0.0,100,19.1,42.1,9947,2,2025-07-06,52.0733,-1.0147
2025-07-06T20:00,16.8,65,0.0,0.0,100,16.9,35.3,9947,2,2025-07-06,52.0733,-1.0147
2025-07-06T21:00,16.0,68,0.0,0.0,100,15.9,31.0,9947,2,2025-07-06,52.0733,-1.0147
2025-07-06T22:00,15.2,73,0.0,0.0,100,15.8,29.2,9947,2,2025-07-06,52.0733,-1.0147
2025-07-06T23:00,14.9,76,0.0,0.0,100,16.4,30.2,9947,2,2025-07-06,52.0733,-1.0147
2025-07-27T00:00,15.3,92,0.0,0.0,77,5.3,9.4,9939,7,2025-07-27,50.4372,5.9714
2025-07-27T01:00,15.0,98,0.2,0.2,61,6.0,14.4,9939,7,2025-07-27,50.4372,5.9714
2025-07-27T02:00,14.6,100,0.0,0.0,100,5.5,11.9,9939,7,2025-07-27,50.4372,5.9714
2025-07-27T03:00,14.5,99,1.6,1.6,100,3.8,14.0,9939,7,2025-07-27,50.4372,5.9714
2025-07-27T04:00,14.8,100,0.1,0.1,100,5.6,11.2,9939,7,2025-07-27,50.4372,5.9714
2025-07-27T05:00,14.8,100,0.1,0.1,100,5.2,14.4,9939,7,2025-07-27,50.4372,5.9714
2025-07-27T06:00,14.9,93,0.2,0.2,100,6.4,15.1,9939,7,2025-07-27,50.4372,5.9714
2025-07-27T07:00,15.1,92,0.6,0.6,100,7.1,16.9,9939,7,2025-07-27,50.4372,5.9714
2025-07-27T08:00,15.9,93,0.1,0.1,100,7.3,19.1,9939,7,2025-07-27,50.4372,5.9714
2025-07-27T09:00,16.5,90,0.1,0.1,100,9.0,22.7,9939,7,2025-07-27,50.4372,5.9714
2025-07-27T10:00,15.2,91,1.3,1.3,100,10.2,24.1,9939,7,2025-07-27,50.4372,5.9714
2025-07-27T11:00,16.5,93,0.2,0.2,100,10.7,25.6,9939,7,2025-07-27,50.4372,5.9714
2025-07-27T12:00,18.0,82,0.1,0.1,100,11.2,26.6,9939,7,2025-07-27,50.4372,5.9714
2025-07-27T13:00,17.3,86,0.1,0.1,100,7.9,22.3,9939,7,2025-07-27,50.4372,5.9714
2025-07-27T14:00,19.1,70,0.1,0.1,99,8.3,25.9,9939,7,2025-07-27,50.4372,5.9714
2025-07-27T15:00,16.6,77,0.2,0.2,100,12.9,28.1,9939,7,2025-07-27,50.4372,5.9714
2025-07-27T16:00,15.4,92,2.0,2.0,99,6.3,29.5,9939,7,2025-07-27,50.4372,5.9714
2025-07-27T17:00,14.3,91,2.2,2.2,100,15.7,30.6,9939,7,2025-07-27,50.4372,5.9714
2025-07-27T18:00,14.1,96,0.4,0.4,99,12.6,32.8,9939,7,2025-07-27,50.4372,5.9714
2025-07-27T19:00,13.9,94,0.0,0.0,100,12.6,25.6,9939,7,2025-07-27,50.4372,5.9714
2025-07-27T20:00,13.4,94,0.2,0.2,100,13.5,25.9,9939,7,2025-07-27,50.4372,5.9714
2025-07-27T21:00,13.2,96,0.5,0.5,100,14.1,26.6,9939,7,2025-07-27,50.4372,5.9714
2025-07-27T22:00,13.0,98,0.7,0.7,100,13.8,27.4,9939,7,2025-07-27,50.4372,5.9714
2025-07-27T23:00,12.9,99,0.3,0.3,100,14.0,26.6,9939,7,2025-07-27,50.4372,5.9714
2025-08-03T00:00,18.8,77,0.9,0.9,99,20.5,33.5,9928,4,2025-08-03,47.5822,19.2511
2025-08-03T01:00,17.8,83,0.4,0.4,100,5.2,31.7,9928,4,2025-08-03,47.5822,19.2511
2025-08-03T02:00,17.2,90,0.6,0.6,100,11.2,20.2,9928,4,2025-08-03,47.5822,19.2511
2025-08-03T03:00,16.9,94,1.0,1.0,100,7.8,20.9,9928,4,2025-08-03,47.5822,19.2511
2025-08-03T04:00,17.1,93,0.0,0.0,100,6.8,13.7,9928,4,2025-08-03,47.5822,19.2511
2025-08-03T05:00,17.7,91,0.0,0.0,100,4.8,13.0,9928,4,2025-08-03,47.5822,19.2511
2025-08-03T06:00,18.3,85,0.1,0.1,100,9.5,20.5,9928,4,2025-08-03,47.5822,19.2511
2025-08-03T07:00,19.0,79,0.0,0.0,98,8.1,22.0,9928,4,2025-08-03,47.5822,19.2511
2025-08-03T08:00,21.0,68,0.0,0.0,100,8.1,23.4,9928,4,2025-08-03,47.5822,19.2511
2025-08-03T09:00,22.6,59,0.0,0.0,100,7.9,24.1,9928,4,2025-08-03,47.5822,19.2511
2025-08-03T10:00,24.1,51,0.0,0.0,40,8.0,24.5,9928,4,2025-08-03,47.5822,19.2511
2025-08-03T11:00,25.2,47,0.0,0.0,100,9.7,27.7,9928,4,2025-08-03,47.5822,19.2511
2025-08-03T12:00,25.9,43,0.0,0.0,100,11.1,29.9,9928,4,2025-08-03,47.5822,19.2511
2025-08-03T13:00,24.0,47,0.0,0.0,100,12.2,33.1,9928,4,2025-08-03,47.5822,19.2511
2025-08-03T14:00,24.0,46,0.0,0.0,100,12.8,31.3,9928,4,2025-08-03,47.5822,19.2511
2025-08-03T15:00,24.0,46,0.0,0.0,100,13.8,32.0,9928,4,2025-08-03,47.5822,19.2511
2025-08-03T16:00,23.1,49,0.0,0.0,100,12.8,32.4,9928,4,2025-08-03,47.5822,19.2511
2025-08-03T17:00,21.7,57,0.1,0.1,100,11.7,28.4,9928,4,2025-08-03,47.5822,19.2511
2025-08-03T18:00,20.2,67,0.0,0.0,100,10.4,24.5,9928,4,2025-08-03,47.5822,19.2511
2025-08-03T19:00,19.5,71,0.0,0.0,100,8.7,20.9,9928,4,2025-08-03,47.5822,19.2511
2025-08-03T20:00,19.1,72,0.0,0.0,100,9.2,18.0,9928,4,2025-08-03,47.5822,19.2511
2025-08-03T21:00,18.6,73,0.0,0.0,100,10.1,19.4,9928,4,2025-08-03,47.5822,19.2511
2025-08-03T22:00,18.2,74,0.0,0.0,100,10.2,19.8,9928,4,2025-08-03,47.5822,19.2511
2025-08-03T23:00,17.9,74,0.0,0.0,97,8.4,19.8,9928,4,2025-08-03,47.5822,19.2511
2025-08-31T00:00,18.9,71,0.0,0.0,100,23.1,30.6,9920,55,2025-08-31,52.3888,4.5409
2025-08-31T01:00,19.2,73,0.0,0.0,98,24.4,32.8,9920,55,2025-08-31,52.3888,4.5409
2025-08-31T02:00,18.1,81,0.8,0.8,100,25.6,34.9,9920,55,2025-08-31,52.3888,4.5409
2025-08-31T03:00,17.7,87,1.1,1.1,100,23.8,34.9,9920,55,2025-08-31,52.3888,4.5409
2025-08-31T04:00,18.0,87,0.9,0.9,100,25.4,33.8,9920,55,2025-08-31,52.3888,4.5409
2025-08-31T05:00,18.2,88,0.0,0.0,100,24.7,34.2,9920,55,2025-08-31,52.3888,4.5409
2025-08-31T06:00,18.4,88,0.1,0.1,96,24.4,32.8,9920,55,2025-08-31,52.3888,4.5409
2025-08-31T07:00,18.6,89,0.1,0.1,48,23.0,32.8,9920,55,2025-08-31,52.3888,4.5409
2025-08-31T08:00,18.9,85,0.0,0.0,39,22.8,30.6,9920,55,2025-08-31,52.3888,4.5409
2025-08-31T09:00,19.2,80,0.0,0.0,16,19.6,29.5,9920,55,2025-08-31,52.3888,4.5409
2025-08-31T10:00,19.4,78,0.0,0.0,92,19.5,25.2,9920,55,2025-08-31,52.3888,4.5409
2025-08-31T11:00,19.8,75,0.0,0.0,99,18.1,25.6,9920,55,2025-08-31,52.3888,4.5409
2025-08-31T12:00,20.1,73,0.0,0.0,100,15.7,23.0,9920,55,2025-08-31,52.3888,4.5409
2025-08-31T13:00,20.4,69,0.0,0.0,100,13.5,18.0,9920,55,2025-08-31,52.3888,4.5409
2025-08-31T14:00,20.3,74,0.0,0.0,100,6.7,16.6,9920,55,2025-08-31,52.3888,4.5409
2025-08-31T15:00,19.7,74,0.2,0.2,100,6.8,8.6,9920,55,2025-08-31,52.3888,4.5409
2025-08-31T16:00,18.9,79,0.2,0.2,100,8.4,11.5,9920,55,2025-08-31,52.3888,4.5409
2025-08-31T17:00,18.3,83,0.0,0.0,100,9.2,13.3,9920,55,2025-08-31,52.3888,4.5409
2025-08-31T18:00,18.3,83,0.0,0.0,99,7.5,13.3,9920,55,2025-08-31,52.3888,4.5409
2025-08-31T19:00,18.2,82,0.0,0.0,100,9.6,13.3,9920,55,2025-08-31,52.3888,4.5409
2025-08-31T20:00,18.0,84,0.0,0.0,100,8.8,14.4,9920,55,2025-08-31,52.3888,4.5409
2025-08-31T21:00,17.8,85,0.0,0.0,100,9.4,14.0,9920,55,2025-08-31,52.3888,4.5409
2025-08-31T22:00,17.8,84,0.0,0.0,100,10.4,15.5,9920,55,2025-08-31,52.3888,4.5409
2025-08-31T23:00,17.8,83,0.0,0.0,100,9.1,15.1,9920,55,2025-08-31,52.3888,4.5409
2025-09-07T00:00,17.5,86,0.0,0.0,86,5.4,11.2,9912,39,2025-09-07,45.6156,9.2811
2025-09-07T01:00,16.5,87,0.0,0.0,99,3.8,9.0,9912,39,2025-09-07,45.6156,9.2811
2025-09-07T02:00,16.2,87,0.0,0.0,48,3.8,7.2,9912,39,2025-09-07,45.6156,9.2811
2025-09-07T03:00,15.8,87,0.0,0.0,70,4.0,7.9,9912,39,2025-09-07,45.6156,9.2811
2025-09-07T04:00,15.4,88,0.0,0.0,93,4.4,8.6,9912,39,2025-09-07,45.6156,9.2811
2025-09-07T05:00,15.1,88,0.0,0.0,97,4.2,9.0,9912,39,2025-09-07,45.6156,9.2811
2025-09-07T06:00,16.2,86,0.0,0.0,98,4.0,8.6,9912,39,2025-09-07,45.6156,9.2811
2025-09-07T07:00,18.7,81,0.0,0.0,99,1.6,8.3,9912,39,2025-09-07,45.6156,9.2811
2025-09-07T08:00,20.9,73,0.0,0.0,30,0.9,9.0,9912,39,2025-09-07,45.6156,9.2811
2025-09-07T09:00,22.4,68,0.0,0.0,99,1.0,10.4,9912,39,2025-09-07,45.6156,9.2811
2025-09-07T10:00,23.5,62,0.0,0.0,48,2.2,13.0,9912,39,2025-09-07,45.6156,9.2811
2025-09-07T11:00,24.2,58,0.0,0.0,71,3.3,14.8,9912,39,2025-09-07,45.6156,9.2811
2025-09-07T12:00,24.8,55,0.0,0.0,97,4.5,16.9,9912,39,2025-09-07,45.6156,9.2811
2025-09-07T13:00,25.1,52,0.0,0.0,58,6.0,19.4,9912,39,2025-09-07,45.6156,9.2811
2025-09-07T14:00,25.4,51,0.0,0.0,100,5.3,18.7,9912,39,2025-09-07,45.6156,9.2811
2025-09-07T15:00,25.4,51,0.0,0.0,100,3.6,16.6,9912,39,2025-09-07,45.6156,9.2811
2025-09-07T16:00,25.0,53,0.0,0.0,100,2.5,11.5,9912,39,2025-09-07,45.6156,9.2811
2025-09-07T17:00,23.8,65,0.0,0.0,100,3.7,7.9,9912,39,2025-09-07,45.6156,9.2811
2025-09-07T18:00,21.7,74,0.0,0.0,99,2.8,7.2,9912,39,2025-09-07,45.6156,9.2811
2025-09-07T19:00,20.9,77,0.0,0.0,100,1.9,4.3,9912,39,2025-09-07,45.6156,9.2811
2025-09-07T20:00,19.8,83,0.0,0.0,78,3.8,7.6,9912,39,2025-09-07,45.6156,9.2811
2025-09-07T21:00,18.6,88,0.0,0.0,4,3.8,8.6,9912,39,2025-09-07,45.6156,9.2811
2025-09-07T22:00,17.8,91,0.0,0.0,0,3.7,7.9,9912,39,2025-09-07,45.6156,9.2811
2025-09-07T23:00,17.1,91,0.0,0.0,0,4.6,9.0,9912,39,2025-09-07,45.6156,9.2811
2025-09-21T00:00,15.9,78,0.4,0.4,100,18.6,42.8,9904,144,2025-09-21,40.3725,49.8533
2025-09-21T01:00,16.6,71,0.1,0.1,100,17.3,40.3,9904,144,2025-09-21,40.3725,49.8533
2025-09-21T02:00,16.5,72,0.0,0.0,100,18.2,40.0,9904,144,2025-09-21,40.3725,49.8533
2025-09-21T03:00,16.4,74,0.0,0.0,100,19.1,42.1,9904,144,2025-09-21,40.3725,49.8533
2025-09-21T04:00,16.5,74,0.0,0.0,100,20.4,45.7,9904,144,2025-09-21,40.3725,49.8533
2025-09-21T05:00,16.8,73,0.0,0.0,100,22.1,49.0,9904,144,2025-09-21,40.3725,49.8533
2025-09-21T06:00,17.3,71,0.0,0.0,100,23.1,52.6,9904,144,2025-09-21,40.3725,49.8533
2025-09-21T07:00,17.8,69,0.0,0.0,100,23.4,53.6,9904,144,2025-09-21,40.3725,49.8533
2025-09-21T08:00,18.4,67,0.0,0.0,100,24.4,56.5,9904,144,2025-09-21,40.3725,49.8533
2025-09-21T09:00,18.5,66,0.0,0.0,98,26.0,59.4,9904,144,2025-09-21,40.3725,49.8533
2025-09-21T10:00,19.1,62,0.0,0.0,100,25.8,59.8,9904,144,2025-09-21,40.3725,49.8533
2025-09-21T11:00,18.8,66,0.0,0.0,100,25.7,60.1,9904,144,2025-09-21,40.3725,49.8533
2025-09-21T12:00,18.9,66,0.0,0.0,100,24.7,60.1,9904,144,2025-09-21,40.3725,49.8533
2025-09-21T13:00,18.2,68,0.0,0.0,100,23.7,61.9,9904,144,2025-09-21,40.3725,49.8533
2025-09-21T14:00,17.8,70,0.0,0.0,100,21.8,53.6,9904,144,2025-09-21,40.3725,49.8533
2025-09-21T15:00,17.1,73,0.0,0.0,100,25.5,56.2,9904,144,2025-09-21,40.3725,49.8533
2025-09-21T16:00,16.9,73,0.0,0.0,100,24.2,56.5,9904,144,2025-09-21,40.3725,49.8533
2025-09-21T17:00,16.5,75,0.0,0.0,98,23.1,53.6,9904,144,2025-09-21,40.3725,49.8533
2025-09-21T18:00,16.0,81,0.0,0.0,100,19.5,52.2,9904,144,2025-09-21,40.3725,49.8533
2025-09-21T19:00,16.0,80,0.0,0.0,100,19.6,43.2,9904,144,2025-09-21,40.3725,49.8533
2025-09-21T20:00,16.0,79,0.0,0.0,98,22.7,50.0,9904,144,2025-09-21,40.3725,49.8533
2025-09-21T21:00,15.8,79,0.1,0.1,94,23.3,52.2,9904,144,2025-09-21,40.3725,49.8533
2025-09-21T22:00,15.7,80,0.1,0.1,52,20.6,51.5,9904,144,2025-09-21,40.3725,49.8533
2025-09-21T23:00,15.8,78,0.1,0.1,71,18.0,45.4,9904,144,2025-09-21,40.3725,49.8533
2025-10-05T00:00,26.6,87,0.0,0.0,100,5.4,13.3,9896,61,2025-10-05,1.2914,103.864
2025-10-05T01:00,28.5,84,0.0,0.0,71,7.2,18.0,9896,61,2025-10-05,1.2914,103.864
2025-10-05T02:00,29.6,73,0.0,0.0,34,9.0,23.8,9896,61,2025-10-05,1.2914,103.864
2025-10-05T03:00,30.5,66,0.0,0.0,43,11.2,31.3,9896,61,2025-10-05,1.2914,103.864
2025-10-05T04:00,28.0,71,1.6,1.6,98,16.4,42.1,9896,61,2025-10-05,1.2914,103.864
2025-10-05T05:00,29.0,67,0.1,0.1,100,10.4,39.2,9896,61,2025-10-05,1.2914,103.864
2025-10-05T06:00,30.5,64,0.0,0.0,99,10.8,27.4,9896,61,2025-10-05,1.2914,103.864
2025-10-05T07:00,29.6,68,0.0,0.0,100,9.0,27.4,9896,61,2025-10-05,1.2914,103.864
2025-10-05T08:00,29.7,67,0.0,0.0,84,6.5,23.8,9896,61,2025-10-05,1.2914,103.864
2025-10-05T09:00,29.9,66,0.0,0.0,72,5.3,19.1,9896,61,2025-10-05,1.2914,103.864
2025-10-05T10:00,29.2,71,0.0,0.0,99,6.0,15.5,9896,61,2025-10-05,1.2914,103.864
2025-10-05T11:00,28.1,78,0.0,0.0,70,10.4,19.4,9896,61,2025-10-05,1.2914,103.864
2025-10-05T12:00,27.8,83,0.0,0.0,84,5.8,20.5,9896,61,2025-10-05,1.2914,103.864
2025-10-05T13:00,27.4,87,0.1,0.1,96,2.8,11.2,9896,61,2025-10-05,1.2914,103.864
2025-10-05T14:00,27.2,88,0.0,0.0,100,2.4,5.8,9896,61,2025-10-05,1.2914,103.864
2025-10-05T15:00,26.7,90,0.0,0.0,98,3.3,8.3,9896,61,2025-10-05,1.2914,103.864
2025-10-05T16:00,26.2,92,0.0,0.0,91,2.3,6.1,9896,61,2025-10-05,1.2914,103.864
2025-10-05T17:00,26.0,93,0.0,0.0,98,3.6,6.8,9896,61,2025-10-05,1.2914,103.864
2025-10-05T18:00,25.8,95,0.0,0.0,100,2.4,9.4,9896,61,2025-10-05,1.2914,103.864
2025-10-05T19:00,25.6,94,0.0,0.0,99,5.6,10.8,9896,61,2025-10-05,1.2914,103.864
2025-10-05T20:00,25.4,93,0.0,0.0,80,3.9,10.8,9896,61,2025-10-05,1.2914,103.864
2025-10-05T21:00,25.2,93,0.0,0.0,98,5.5,10.1,9896,61,2025-10-05,1.2914,103.864
2025-10-05T22:00,25.1,93,0.0,0.0,95,6.5,14.8,9896,61,2025-10-05,1.2914,103.864
2025-10-05T23:00,25.0,94,0.0,0.0,97,0.3,11.9,9896,61,2025-10-05,1.2914,103.864
2025-10-19T00:00,31.6,38,0.0,0.0,18,11.0,22.7,9888,9,2025-10-19,30.1328,-97.6411
2025-10-19T01:00,30.6,41,0.0,0.0,23,11.5,19.1,9888,9,2025-10-19,30.1328,-97.6411
2025-10-19T02:00,30.0,42,0.0,0.0,34,9.4,18.7,9888,9,2025-10-19,30.1328,-97.6411
2025-10-19T03:00,29.2,43,0.0,0.0,28,7.5,14.8,9888,9,2025-10-19,30.1328,-97.6411
2025-10-19T04:00,28.0,47,0.0,0.0,0,15.2,23.4,9888,9,2025-10-19,30.1328,-97.6411
2025-10-19T05:00,27.6,45,0.0,0.0,0,15.8,28.4,9888,9,2025-10-19,30.1328,-97.6411
2025-10-19T06:00,25.1,45,0.0,0.0,0,10.1,25.6,9888,9,2025-10-19,30.1328,-97.6411
2025-10-19T07:00,22.1,51,0.0,0.0,0,6.5,15.8,9888,9,2025-10-19,30.1328,-97.6411
2025-10-19T08:00,20.8,54,0.0,0.0,0,7.2,10.4,9888,9,2025-10-19,30.1328,-97.6411
2025-10-19T09:00,21.0,47,0.0,0.0,0,13.7,20.5,9888,9,2025-10-19,30.1328,-97.6411
2025-10-19T10:00,21.0,42,0.0,0.0,0,18.4,30.2,9888,9,2025-10-19,30.1328,-97.6411
2025-10-19T11:00,20.5,57,0.0,0.0,0,19.5,31.7,9888,9,2025-10-19,30.1328,-97.6411
2025-10-19T12:00,20.0,67,0.0,0.0,0,22.7,35.6,9888,9,2025-10-19,30.1328,-97.6411
2025-10-19T13:00,19.7,59,0.0,0.0,0,22.8,37.8,9888,9,2025-10-19,30.1328,-97.6411
2025-10-19T14:00,20.5,53,0.0,0.0,0,25.1,41.8,9888,9,2025-10-19,30.1328,-97.6411
2025-10-19T15:00,21.8,48,0.0,0.0,0,25.7,46.4,9888,9,2025-10-19,30.1328,-97.6411
2025-10-19T16:00,23.5,41,0.0,0.0,0,23.5,45.7,9888,9,2025-10-19,30.1328,-97.6411
2025-10-19T17:00,25.1,35,0.0,0.0,0,22.7,43.2,9888,9,2025-10-19,30.1328,-97.6411
2025-10-19T18:00,27.6,24,0.0,0.0,0,21.5,43.2,9888,9,2025-10-19,30.1328,-97.6411
2025-10-19T19:00,28.7,20,0.0,0.0,0,20.1,41.4,9888,9,2025-10-19,30.1328,-97.6411
2025-10-19T20:00,29.4,18,0.0,0.0,0,17.9,39.2,9888,9,2025-10-19,30.1328,-97.6411
2025-10-19T21:00,29.5,17,0.0,0.0,0,16.5,35.3,9888,9,2025-10-19,30.1328,-97.6411
2025-10-19T22:00,29.2,17,0.0,0.0,0,15.4,32.4,9888,9,2025-10-19,30.1328,-97.6411
2025-10-19T23:00,28.4,18,0.0,0.0,0,13.5,29.2,9888,9,2025-10-19,30.1328,-97.6411
2025-10-26T00:00,24.2,21,0.0,0.0,9,9.8,24.1,9877,65,2025-10-26,19.4042,-99.0907
2025-10-26T01:00,22.8,25,0.0,0.0,23,12.1,23.0,9877,65,2025-10-26,19.4042,-99.0907
2025-10-26T02:00,21.2,33,0.0,0.0,3,12.4,24.8,9877,65,2025-10-26,19.4042,-99.0907
2025-10-26T03:00,20.1,46,0.0,0.0,1,7.9,23.8,9877,65,2025-10-26,19.4042,-99.0907
2025-10-26T04:00,19.5,50,0.0,0.0,0,8.7,18.4,9877,65,2025-10-26,19.4042,-99.0907
2025-10-26T05:00,18.7,52,0.0,0.0,2,8.1,19.4,9877,65,2025-10-26,19.4042,-99.0907
2025-10-26T06:00,17.9,54,0.0,0.0,0,4.0,17.3,9877,65,2025-10-26,19.4042,-99.0907
2025-10-26T07:00,17.0,59,0.0,0.0,0,0.7,8.6,9877,65,2025-10-26,19.4042,-99.0907
2025-10-26T08:00,15.8,65,0.0,0.0,3,1.3,4.7,9877,65,2025-10-26,19.4042,-99.0907
2025-10-26T09:00,14.8,71,0.0,0.0,1,0.9,5.0,9877,65,2025-10-26,19.4042,-99.0907
2025-10-26T10:00,13.9,76,0.0,0.0,0,1.9,4.7,9877,65,2025-10-26,19.4042,-99.0907
2025-10-26T11:00,13.2,80,0.0,0.0,0,3.2,6.1,9877,65,2025-10-26,19.4042,-99.0907
2025-10-26T12:00,12.2,86,0.0,0.0,0,1.0,6.1,9877,65,2025-10-26,19.4042,-99.0907
2025-10-26T13:00,12.3,84,0.0,0.0,0,1.3,4.3,9877,65,2025-10-26,19.4042,-99.0907
2025-10-26T14:00,14.4,72,0.0,0.0,0,0.4,8.3,9877,65,2025-10-26,19.4042,-99.0907
2025-10-26T15:00,17.3,53,0.0,0.0,2,1.3,13.0,9877,65,2025-10-26,19.4042,-99.0907
2025-10-26T16:00,20.0,43,0.0,0.0,6,1.5,15.8,9877,65,2025-10-26,19.4042,-99.0907
2025-10-26T17:00,22.7,35,0.0,0.0,0,1.8,17.6,9877,65,2025-10-26,19.4042,-99.0907
2025-10-26T18:00,24.6,27,0.0,0.0,0,1.7,17.6,9877,65,2025-10-26,19.4042,-99.0907
2025-10-26T19:00,26.0,21,0.0,0.0,0,2.3,17.6,9877,65,2025-10-26,19.4042,-99.0907
2025-10-26T20:00,26.8,18,0.0,0.0,0,2.6,18.4,9877,65,2025-10-26,19.4042,-99.0907
2025-10-26T21:00,27.2,16,0.0,0.0,38,5.1,20.2,9877,65,2025-10-26,19.4042,-99.0907
2025-10-26T22:00,27.0,17,0.0,0.0,36,7.5,23.0,9877,65,2025-10-26,19.4042,-99.0907
2025-10-26T23:00,25.9,20,0.0,0.0,83,11.2,28.4,9877,65,2025-10-26,19.4042,-99.0907
2025-11-09T00:00,16.5,91,0.1,0.1,100,15.4,48.2,9869,14,2025-11-09,-23.7036,-46.6997
2025-11-09T01:00,16.0,92,0.7,0.7,100,18.9,42.8,9869,14,2025-11-09,-23.7036,-46.6997
2025-11-09T02:00,15.6,93,0.1,0.1,100,17.9,41.4,9869,14,2025-11-09,-23.7036,-46.6997
2025-11-09T03:00,15.1,93,0.2,0.2,100,17.8,40.7,9869,14,2025-11-09,-23.7036,-46.6997
2025-11-09T04:00,14.9,92,0.1,0.1,100,17.1,39.6,9869,14,2025-11-09,-23.7036,-46.6997
2025-11-09T05:00,14.8,88,0.2,0.2,99,16.7,41.0,9869,14,2025-11-09,-23.7036,-46.6997
2025-11-09T06:00,14.6,90,0.1,0.1,86,12.8,36.0,9869,14,2025-11-09,-23.7036,-46.6997
2025-11-09T07:00,14.2,92,0.0,0.0,73,11.6,27.0,9869,14,2025-11-09,-23.7036,-46.6997
2025-11-09T08:00,14.2,92,0.0,0.0,96,9.9,23.8,9869,14,2025-11-09,-23.7036,-46.6997
2025-11-09T09:00,14.5,90,0.0,0.0,88,10.2,22.3,9869,14,2025-11-09,-23.7036,-46.6997
2025-11-09T10:00,15.4,84,0.0,0.0,91,10.8,25.2,9869,14,2025-11-09,-23.7036,-46.6997
2025-11-09T11:00,16.7,78,0.1,0.1,100,12.6,29.5,9869,14,2025-11-09,-23.7036,-46.6997
2025-11-09T12:00,17.1,76,0.1,0.1,96,12.7,30.6,9869,14,2025-11-09,-23.7036,-46.6997
2025-11-09T13:00,18.0,73,0.2,0.2,94,13.0,31.3,9869,14,2025-11-09,-23.7036,-46.6997
2025-11-09T14:00,18.7,72,0.2,0.2,68,13.7,34.2,9869,14,2025-11-09,-23.7036,-46.6997
2025-11-09T15:00,19.5,68,0.1,0.1,65,13.5,35.6,9869,14,2025-11-09,-23.7036,-46.6997
2025-11-09T16:00,19.4,69,0.1,0.1,82,14.5,37.1,9869,14,2025-11-09,-23.7036,-46.6997
2025-11-09T17:00,18.9,72,0.0,0.0,79,15.4,38.2,9869,14,2025-11-09,-23.7036,-46.6997
2025-11-09T18:00,17.4,79,0.0,0.0,94,17.0,40.0,9869,14,2025-11-09,-23.7036,-46.6997
2025-11-09T19:00,17.1,79,0.0,0.0,86,15.9,41.0,9869,14,2025-11-09,-23.7036,-46.6997
2025-11-09T20:00,16.5,80,0.0,0.0,100,15.4,37.8,9869,14,2025-11-09,-23.7036,-46.6997
2025-11-09T21:00,15.2,86,0.1,0.1,98,14.1,36.4,9869,14,2025-11-09,-23.7036,-46.6997
2025-11-09T22:00,14.6,88,0.0,0.0,99,14.7,33.8,9869,14,2025-11-09,-23.7036,-46.6997
2025-11-09T23:00,14.3,89,0.0,0.0,100,14.3,33.8,9869,14,2025-11-09,-23.7036,-46.6997
2025-11-23T00:00,15.7,58,0.0,0.0,70,6.9,10.1,9858,152,2025-11-23,36.1162,-115.1745
2025-11-23T01:00,13.5,61,0.0,0.0,88,6.5,13.3,9858,152,2025-11-23,36.1162,-115.1745
2025-11-23T02:00,13.6,54,0.0,0.0,91,10.0,18.4,9858,152,2025-11-23,36.1162,-115.1745
2025-11-23T03:00,13.3,54,0.0,0.0,95,10.3,21.2,9858,152,2025-11-23,36.1162,-115.1745
2025-11-23T04:00,12.3,58,0.0,0.0,80,8.9,19.8,9858,152,2025-11-23,36.1162,-115.1745
2025-11-23T05:00,11.6,60,0.0,0.0,91,8.6,16.9,9858,152,2025-11-23,36.1162,-115.1745
2025-11-23T06:00,11.1,63,0.0,0.0,26,7.7,16.9,9858,152,2025-11-23,36.1162,-115.1745
2025-11-23T07:00,11.4,63,0.0,0.0,11,7.7,15.8,9858,152,2025-11-23,36.1162,-115.1745
2025-11-23T08:00,10.7,67,0.0,0.0,13,5.9,14.0,9858,152,2025-11-23,36.1162,-115.1745
2025-11-23T09:00,10.4,65,0.0,0.0,1,4.3,10.8,9858,152,2025-11-23,36.1162,-115.1745
2025-11-23T10:00,10.1,63,0.0,0.0,0,2.3,6.8,9858,152,2025-11-23,36.1162,-115.1745
2025-11-23T11:00,9.9,62,0.0,0.0,1,1.6,4.0,9858,152,2025-11-23,36.1162,-115.1745
2025-11-23T12:00,9.1,66,0.0,0.0,22,0.2,3.2,9858,152,2025-11-23,36.1162,-115.1745
2025-11-23T13:00,8.7,67,0.0,0.0,34,0.7,1.4,9858,152,2025-11-23,36.1162,-115.1745
2025-11-23T14:00,8.6,70,0.0,0.0,18,3.7,7.9,9858,152,2025-11-23,36.1162,-115.1745
2025-11-23T15:00,9.2,68,0.0,0.0,2,4.2,9.7,9858,152,2025-11-23,36.1162,-115.1745
2025-11-23T16:00,11.2,65,0.0,0.0,1,5.8,12.2,9858,152,2025-11-23,36.1162,-115.1745
2025-11-23T17:00,13.6,56,0.0,0.0,8,6.2,15.5,9858,152,2025-11-23,36.1162,-115.1745
2025-11-23T18:00,15.4,51,0.0,0.0,1,6.8,18.0,9858,152,2025-11-23,36.1162,-115.1745
2025-11-23T19:00,16.5,48,0.0,0.0,0,5.5,18.4,9858,152,2025-11-23,36.1162,-115.1745
2025-11-23T20:00,17.5,48,0.0,0.0,0,3.8,16.6,9858,152,2025-11-23,36.1162,-115.1745
2025-11-23T21:00,18.0,47,0.0,0.0,1,4.0,14.0,9858,152,2025-11-23,36.1162,-115.1745
2025-11-23T22:00,18.1,45,0.0,0.0,1,6.2,16.6,9858,152,2025-11-23,36.1162,-115.1745
2025-11-23T23:00,17.8,49,0.0,0.0,0,5.8,16.6,9858,152,2025-11-23,36.1162,-115.1745
2025-11-30T00:00,17.4,79,0.0,0.0,0,8.3,11.2,9850,150,2025-11-30,25.49,51.4542
2025-11-30T01:00,16.9,82,0.0,0.0,0,7.8,11.9,9850,150,2025-11-30,25.49,51.4542
2025-11-30T02:00,16.5,86,0.0,0.0,0,7.0,11.2,9850,150,2025-11-30,25.49,51.4542
2025-11-30T03:00,16.1,87,0.0,0.0,0,7.0,9.7,9850,150,2025-11-30,25.49,51.4542
2025-11-30T04:00,17.4,83,0.0,0.0,0,8.8,12.2,9850,150,2025-11-30,25.49,51.4542
2025-11-30T05:00,20.0,72,0.0,0.0,0,10.7,17.3,9850,150,2025-11-30,25.49,51.4542
2025-11-30T06:00,22.8,63,0.0,0.0,0,10.8,19.1,9850,150,2025-11-30,25.49,51.4542
2025-11-30T07:00,24.1,58,0.0,0.0,4,10.7,21.6,9850,150,2025-11-30,25.49,51.4542
2025-11-30T08:00,25.0,53,0.0,0.0,2,10.3,21.6,9850,150,2025-11-30,25.49,51.4542
2025-11-30T09:00,25.9,50,0.0,0.0,1,10.3,21.6,9850,150,2025-11-30,25.49,51.4542
2025-11-30T10:00,26.6,46,0.0,0.0,2,10.9,22.3,9850,150,2025-11-30,25.49,51.4542
2025-11-30T11:00,27.0,44,0.0,0.0,1,11.8,22.7,9850,150,2025-11-30,25.49,51.4542
2025-11-30T12:00,27.0,39,0.0,0.0,0,12.1,22.7,9850,150,2025-11-30,25.49,51.4542
2025-11-30T13:00,26.1,43,0.0,0.0,0,12.2,21.2,9850,150,2025-11-30,25.49,51.4542
2025-11-30T14:00,24.6,51,0.0,0.0,0,9.9,19.4,9850,150,2025-11-30,25.49,51.4542
2025-11-30T15:00,23.4,61,0.0,0.0,0,12.3,18.0,9850,150,2025-11-30,25.49,51.4542
2025-11-30T16:00,22.3,71,0.0,0.0,0,12.5,19.1,9850,150,2025-11-30,25.49,51.4542
2025-11-30T17:00,21.6,77,0.0,0.0,8,10.1,18.7,9850,150,2025-11-30,25.49,51.4542
2025-11-30T18:00,21.0,78,0.0,0.0,27,8.9,15.1,9850,150,2025-11-30,25.49,51.4542
2025-11-30T19:00,20.4,81,0.0,0.0,73,7.8,13.0,9850,150,2025-11-30,25.49,51.4542
2025-11-30T20:00,19.5,85,0.0,0.0,15,6.4,11.5,9850,150,2025-11-30,25.49,51.4542
2025-11-30T21:00,19.0,87,0.0,0.0,0,7.5,10.4,9850,150,2025-11-30,25.49,51.4542
2025-11-30T22:00,18.5,89,0.0,0.0,10,7.2,11.2,9850,150,2025-11-30,25.49,51.4542
2025-11-30T23:00,18.0,91,0.0,0.0,18,7.2,10.4,9850,150,2025-11-30,25.49,51.4542
2025-12-07T00:00,19.4,92,0.0,0.0,1,6.1,4.3,9839,70,2025-12-07,24.4672,54.6031
2025-12-07T01:00,19.5,93,0.0,0.0,1,6.4,9.0,9839,70,2025-12-07,24.4672,54.6031
2025-12-07T02:00,19.4,92,0.0,0.0,1,7.5,10.8,9839,70,2025-12-07,24.4672,54.6031
2025-12-07T03:00,19.2,89,0.0,0.0,0,8.4,12.6,9839,70,2025-12-07,24.4672,54.6031
2025-12-07T04:00,20.5,77,0.0,0.0,0,10.1,14.8,9839,70,2025-12-07,24.4672,54.6031
2025-12-07T05:00,23.0,64,0.0,0.0,1,6.1,15.1,9839,70,2025-12-07,24.4672,54.6031
2025-12-07T06:00,25.8,54,0.0,0.0,2,8.7,18.7,9839,70,2025-12-07,24.4672,54.6031
2025-12-07T07:00,27.6,47,0.0,0.0,2,13.1,25.9,9839,70,2025-12-07,24.4672,54.6031
2025-12-07T08:00,28.9,41,0.0,0.0,1,13.0,27.0,9839,70,2025-12-07,24.4672,54.6031
2025-12-07T09:00,29.8,36,0.0,0.0,5,12.2,26.6,9839,70,2025-12-07,24.4672,54.6031
2025-12-07T10:00,29.9,36,0.0,0.0,18,13.4,26.6,9839,70,2025-12-07,24.4672,54.6031
2025-12-07T11:00,29.0,43,0.0,0.0,13,16.3,30.6,9839,70,2025-12-07,24.4672,54.6031
2025-12-07T12:00,27.7,52,0.0,0.0,0,17.0,32.8,9839,70,2025-12-07,24.4672,54.6031
2025-12-07T13:00,26.4,56,0.0,0.0,0,16.6,30.6,9839,70,2025-12-07,24.4672,54.6031
2025-12-07T14:00,25.3,63,0.0,0.0,0,14.1,27.7,9839,70,2025-12-07,24.4672,54.6031
2025-12-07T15:00,24.8,68,0.0,0.0,0,14.1,23.0,9839,70,2025-12-07,24.4672,54.6031
2025-12-07T16:00,24.2,70,0.0,0.0,0,11.1,22.0,9839,70,2025-12-07,24.4672,54.6031
2025-12-07T17:00,23.8,74,0.0,0.0,0,10.9,16.9,9839,70,2025-12-07,24.4672,54.6031
2025-12-07T18:00,23.2,72,0.0,0.0,0,9.5,16.6,9839,70,2025-12-07,24.4672,54.6031
2025-12-07T19:00,22.5,71,0.0,0.0,0,8.6,14.8,9839,70,2025-12-07,24.4672,54.6031
2025-12-07T20:00,21.2,68,0.0,0.0,0,7.4,13.0,9839,70,2025-12-07,24.4672,54.6031
2025-12-07T21:00,20.2,68,0.0,0.0,0,7.0,11.2,9839,70,2025-12-07,24.4672,54.6031
2025-12-07T22:00,19.4,69,0.0,0.0,13,8.1,12.2,9839,70,2025-12-07,24.4672,54.6031
2025-12-07T23:00,18.4,73,0.0,0.0,23,8.3,12.6,9839,70,2025-12-07,24.4672,54.6031
