meeting_key,session_key,driver_number,lap_number,date_start,duration_sector_1,duration_sector_2,duration_sector_3,i1_speed,i2_speed,is_pit_out_lap,lap_duration,segments_sector_1,segments_sector_2,segments_sector_3,st_speed
1229,9472,1,1,2024-03-02T15:03:42.341000+00:00,32.877,41.266,23.616,234.0,250,False,97.759,"[None, 2048, 2049, 2049, 2051, 2051, 2049, 2049, 2051, 2049]","[2051, 2051, 2051, 2049, 2049, 2049, 2049, 2051, 2051, 2049, 2049]","[2051, 2051, 2049, 2049, 2051, 2049, 2051]",251.0
1229,9472,16,1,2024-03-02T15:03:42.341000+00:00,33.495,41.549,23.635,232.0,252,False,98.679,"[None, 2048, 2049, 2051, 2049, 2049, 2049, 2049, 2049, 2049]","[2049, 2049, 2049, 2049, 2051, 2049, 2049, 2049, 2049, 2049, 2049]","[2049, 2049, 2049, 2049, 2049, 2049, 2051]",255.0
1229,9472,63,1,2024-03-02T15:03:42.341000+00:00,33.889,42.099,23.694,225.0,252,False,99.682,"[None, 2048, 2049, 2049, 2049, 2049, 2051, 2049, 2049, 2049]","[2049, 2049, 2049, 2049, 2049, 2049, 2049, 2049, 2049, 2049, 2049]","[2049, 2049, 2049, 2049, 2049, 2049, 2051]",256.0
1229,9472,44,1,2024-03-02T15:03:42.341000+00:00,35.45,43.609,24.393,229.0,246,False,103.452,"[2048, 2049, 2049, 2049, 2049, 2049, 2049, 2049, 2049, 2049]","[2049, 2049, 2049, 2049, 2049, 2049, 2051, 2049, 2049, 2049, 2049]","[2049, 2049, 2049, 2049, 2049, 2049, 2049]",249.0
1229,9472,55,1,2024-03-02T15:03:42.341000+00:00,34.408,42.861,23.765,233.0,249,False,101.034,"[None, 2048, 2049, 2049, 2049, 2049, 2049, 2049, 2049, 2049]","[2049, 2049, 2049, 2049, 2049, 2049, 2049, 2049, 2049, 2049, 2049]","[2049, 2049, 2049, 2051, 2049, 2051, 2051]",256.0
1229,9472,11,1,2024-03-02T15:03:42.341000+00:00,34.071,42.61,23.856,229.0,256,False,100.537,"[None, 2048, 2049, 2049, 2049, 2049, 2049, 2049, 2049, 2049]","[2049, 2049, 2049, 2049, 2049, 2049, 2049, 2049, 2049, 2049, 2049]","[2049, 2049, 2049, 2049, 2049, 2049, 2049]",259.0
1229,9472,27,1,2024-03-02T15:03:42.341000+00:00,40.618,45.619,27.692,228.0,217,False,113.929,"[2048, 2049, 2049, 2049, 2049, 2049, 2049, 2049, 2049, 2049]","[2049, 2049, 2049, 2049, 2049, 2049, 2049, 2049, 2049, 2049, 2049]","[2049, 2049, 2049, 2049, 2049, 2049, 2064]",266.0
1229,9472,23,1,2024-03-02T15:03:42.341000+00:00,35.861,44.007,24.378,215.0,245,False,104.246,"[2048, 2049, 2049, 2049, 2049, 2049, 2049, 2049, 2049, 2049]","[2049, 2049, 2049, 2049, 2049, 2049, 2049, 2049, 2049, 2049, 2049]","[2049, 2049, 2049, 2049, 2049, 2049, 2049]",260.0
1229,9472,14,1,2024-03-02T15:03:42.341000+00:00,34.628,43.268,24.162,232.0,237,False,102.058,"[None, 2048, 2049, 2049, 2049, 2049, 2049, 2049, 2049, 2051]","[2049, 2049, 2049, 2049, 2049, 2049, 2049, 2049, 2049, 2051, 2049]","[2049, 2049, 2049, 2049, 2049, 2049, 2049]",258.0
1229,9472,77,1,2024-03-02T15:03:42.341000+00:00,40.994,43.737,24.122,231.0,252,False,108.853,"[2048, 2049, 2049, 2049, 2049, 2049, 2049, 2049, 2049, 2049]","[2049, 2049, 2049, 2049, 2049, 2049, 2049, 2049, 2049, 2049, 2049]","[2049, 2049, 2049, 2049, 2049, 2049, 2049]",256.0
1229,9472,4,1,2024-03-02T15:03:42.341000+00:00,35.043,43.309,24.244,233.0,247,False,102.596,"[None, 2049, 2049, 2049, 2049, 2049, 2049, 2049, 2049, 2049]","[2049, 2049, 2049, 2051, 2049, 2049, 2049, 2049, 2049, 2049, 2049]","[2049, 2049, 2049, 2049, 2049, 2049, 2049]",237.0
1229,9472,81,1,2024-03-02T15:03:42.341000+00:00,35.247,43.573,24.14,232.0,252,False,102.96,"[None, 2049, 2049, 2049, 2049, 2049, 2049, 2049, 2049, 2049]","[2049, 2049, 2049, 2049, 2049, 2049, 2049, 2049, 2049, 2049, 2049]","[2049, 2049, 2049, 2049, 2049, 2049, 2051]",259.0
1229,9472,2,1,2024-03-02T15:03:42.341000+00:00,39.057,43.162,24.178,230.0,249,False,106.397,"[2048, 2049, 2049, 2049, 2049, 2049, 2049, 2049, 2049, 2049]","[2049, 2049, 2049, 2049, 2049, 2049, 2049, 2049, 2049, 2049, 2049]","[2049, 2049, 2051, 2049, 2049, 2049, 2051]",231.0
1229,9472,10,1,2024-03-02T15:03:42.341000+00:00,39.583,43.704,24.393,231.0,246,False,107.68,"[2048, 2049, 2049, 2049, 2049, 2049, 2049, 2049, 2049, 2049]","[2049, 2049, 2049, 2049, 2049, 2049, 2049, 2049, 2049, 2049, 2049]","[2049, 2049, 2049, 2049, 2049, 2049, 2049]",272.0
1229,9472,22,1,2024-03-02T15:03:42.341000+00:00,35.661,43.842,24.345,220.0,246,False,103.848,"[None, 2049, 2049, 2049, 2049, 2049, 2049, 2051, 2049, 2049]","[2049, 2049, 2049, 2049, 2049, 2051, 2049, 2049, 2049, 2049, 2049]","[2049, 2049, 2049, 2049, 2049, 2049, 2049]",274.0
1229,9472,18,1,2024-03-02T15:03:42.341000+00:00,41.8,44.4,24.337,226.0,227,False,110.537,"[None, 2049, 2049, 2049, 2049, 2049, 2049, 2049, 2049, 2049]","[2049, 2049, 2049, 2049, 2049, 2049, 2049, 2049, 2049, 2049, 2049]","[2049, 2049, 2049, 2049, 2049, 2049, 2048]",266.0
1229,9472,3,1,2024-03-02T15:03:42.341000+00:00,38.568,43.159,24.451,233.0,241,False,106.178,"[None, 2049, 2049, 2049, 2049, 2049, 2049, 2049, 2049, 2049]","[2049, 2049, 2049, 2049, 2049, 2049, 2049, 2049, 2049, 2049, 2049]","[2049, 2049, 2049, 2049, 2049, 2049, 2049]",257.0
1229,9472,20,1,2024-03-02T15:03:42.341000+00:00,36.264,44.375,24.212,227.0,242,False,104.851,"[None, 2049, 2049, 2049, 2049, 2049, 2049, 2049, 2049, 2049]","[2049, 2049, 2049, 2049, 2049, 2049, 2049, 2049, 2049, 2049, 2049]","[2049, 2049, 2049, 2049, 2049, 2049, 2051]",254.0
1229,9472,24,1,2024-03-02T15:03:42.341000+00:00,37.343,43.576,24.294,220.0,243,False,105.213,"[None, 2049, 2049, 2049, 2049, 2049, 2049, 2049, 2049, 2049]","[2049, 2049, 2049, 2049, 2049, 2049, 2049, 2049, 2049, 2049, 2049]","[2049, 2049, 2049, 2049, 2049, 2049, 2049]",269.0
1229,9472,31,1,2024-03-02T15:03:42.341000+00:00,39.278,43.42,24.385,230.0,252,False,107.083,"[None, 2049, 2049, 2049, 2049, 2049, 2049, 2049, 2049, 2049]","[2049, 2049, 2049, 2049, 2049, 2049, 2049, 2049, 2049, 2049, 2051]","[2049, 2049, 2049, 2049, 2049, 2049, 2049]",255.0
1229,9472,1,2,2024-03-02T15:05:20.099000+00:00,30.916,41.661,23.719,232.0,248,False,96.296,"[2049, 2049, 2049, 2049, 2048, 2051, 2049, 2048, 2051, 2048]","[2048, 2048, 2048, 2048, 2048, 2048, 2048, 2048, 2048, 2048, 2048]","[2048, 2048, 2048, 2049, 2048, 2048, 2049]",287.0
1229,9472,16,2,2024-03-02T15:05:21.019000+00:00,31.166,41.864,23.832,,240,False,96.862,"[2049, 2049, 2049, 2049, 2049, 2049, 2049, 2049, 2049, 2048]","[2049, 2049, 2048, 2048, 2048, 2048, 2048, 2049, 2049, 2048, 2048]","[2048, 2048, 2048, 2049, 2049, 2048, 2048]",293.0
1229,9472,63,2,2024-03-02T15:05:22.022000+00:00,30.829,42.038,23.768,230.0,253,False,96.635,"[2049, 2049, 2049, 2049, 2049, 2049, 2049, 2049, 2049, 2049]","[2049, 2049, 2048, 2048, 2049, 2048, 2049, 2049, 2048, 2049, 2048]","[2048, 2048, 2049, 2051, 2048, 2048, 2049]",298.0
1229,9472,11,2,2024-03-02T15:05:22.877000+00:00,30.678,41.867,23.996,234.0,257,False,96.541,"[2049, 2049, 2049, 2049, 2049, 2049, 2049, 2049, 2049, 2049]","[2049, 2049, 2049, 2048, 2049, 2049, 2049, 2049, 2048, 2048, 2051]","[2048, 2048, 2049, 2049, 2048, 2049, 2049]",302.0
1229,9472,55,2,2024-03-02T15:05:23.374000+00:00,30.974,42.366,23.896,235.0,244,False,97.236,"[2049, 2049, 2049, 2049, 2049, 2049, 2049, 2049, 2049, 2049]","[2049, 2048, 2049, 2048, 2049, 2048, 2049, 2049, 2049, 2048, 2048]","[2049, 2048, 2048, 2048, 2048, 2048, 2048]",297.0
1229,9472,14,2,2024-03-02T15:05:24.398000+00:00,31.203,42.896,23.921,231.0,236,False,98.02,"[2049, 2049, 2049, 2051, 2049, 2049, 2049, 2048, 2049, 2048]","[2049, 2048, 2049, 2048, 2049, 2048, 2048, 2049, 2049, 2048, 2048]","[2049, 2049, 2048, 2049, 2049, 2049, 2049]",293.0
1229,9472,4,2,2024-03-02T15:05:24.936000+00:00,31.353,42.618,24.039,231.0,249,False,98.01,"[2049, 2049, 2049, 2049, 2049, 2049, 2049, 2049, 2049, 2048]","[2049, 2049, 2049, 2048, 2049, 2048, 2049, 2049, 2049, 2051, 2049]","[2048, 2048, 2048, 2049, 2049, 2049, 2049]",298.0
1229,9472,81,2,2024-03-02T15:05:25.300000+00:00,31.429,42.789,24.164,233.0,253,False,98.382,"[2049, 2049, 2049, 2049, 2049, 2049, 2049, 2049, 2049, 2049]","[2049, 2049, 2048, 2049, 2049, 2048, 2049, 2049, 2049, 2048, 2049]","[2048, 2048, 2048, 2049, 2049, 2049, 2049]",302.0
1229,9472,44,2,2024-03-02T15:05:25.792000+00:00,31.287,42.893,24.093,,245,False,98.273,"[2049, 2049, 2049, 2049, 2049, 2049, 2049, 2049, 2049, 2049]","[2049, 2049, 2049, 2049, 2048, 2048, 2049, 2049, 2049, 2049, 2048]","[2049, 2049, 2049, 2049, 2048, 2049, 2049]",301.0
1229,9472,22,2,2024-03-02T15:05:26.188000+00:00,31.675,42.717,24.297,232.0,243,False,98.689,"[2049, 2049, 2049, 2048, 2049, 2049, 2049, 2049, 2049, 2048]","[2049, 2049, 2049, 2048, 2049, 2048, 2049, 2049, 2049, 2048, 2049]","[2049, 2049, 2049, 2048, 2049, 2048, 2049]",289.0
1229,9472,23,2,2024-03-02T15:05:26.586000+00:00,31.419,43.106,24.301,229.0,245,False,98.826,"[2049, 2049, 2049, 2049, 2049, 2049, 2049, 2049, 2049, 2049]","[2049, 2049, 2048, 2048, 2049, 2048, 2049, 2049, 2049, 2049, 2049]","[2049, 2048, 2048, 2049, 2049, 2048, 2049]",295.0
1229,9472,20,2,2024-03-02T15:05:27.191000+00:00,31.591,43.075,24.245,229.0,245,False,98.911,"[2049, 2049, 2049, 2049, 2049, 2049, 2049, 2049, 2049, 2048]","[2049, 2049, 2049, 2049, 2049, 2048, 2051, 2049, 2049, 2049, 2049]","[2048, 2049, 2049, 2049, 2049, 2048, 2051]",287.0
1229,9472,24,2,2024-03-02T15:05:27.553000+00:00,31.452,43.135,24.333,230.0,249,False,98.92,"[2049, 2049, 2049, 2049, 2049, 2049, 2049, 2049, 2049, 2049]","[2049, 2049, 2048, 2049, 2049, 2049, 2049, 2049, 2048, 2048, 2049]","[2048, 2048, 2048, 2049, 2048, 2049, 2051]",302.0
1229,9472,3,2,2024-03-02T15:05:28.518000+00:00,31.662,43.353,24.494,231.0,243,False,99.509,"[2049, 2049, 2049, 2049, 2049, 2049, 2049, 2049, 2048, 2048]","[2048, 2048, 2048, 2048, 2049, 2049, 2049, 2049, 2049, 2048, 2049]","[2048, 2048, 2048, 2048, 2049, 2049, 2049]",300.0
1229,9472,2,2,2024-03-02T15:05:28.737000+00:00,31.096,43.005,24.38,231.0,248,False,98.481,"[2049, 2049, 2049, 2049, 2049, 2049, 2051, 2051, 2049, 2049]","[2048, 2049, 2049, 2048, 2048, 2048, 2049, 2049, 2048, 2048, 2048]","[2048, 2048, 2048, 2048, 2049, 2048]",308.0
1229,9472,31,2,2024-03-02T15:05:29.423000+00:00,32.005,42.719,24.37,229.0,245,False,99.094,"[2049, 2049, 2049, 2049, 2049, 2049, 2049, 2049, 2049, 2049]","[2049, 2049, 2048, 2049, 2049, 2049, 2049, 2049, 2049, 2048, 2048]","[2048, 2048, 2049, 2049, 2049, 2048, 2049]",283.0
1229,9472,10,2,2024-03-02T15:05:30.020000+00:00,31.86,42.743,24.456,229.0,245,False,99.059,"[2049, 2049, 2049, 2049, 2049, 2049, 2049, 2049, 2049, 2048]","[2049, 2049, 2048, 2048, 2049, 2048, 2049, 2049, 2049, 2049, 2049]","[2048, 2049, 2049, 2048, 2049, 2049, 2049]",266.0
1229,9472,77,2,2024-03-02T15:05:31.193000+00:00,31.351,42.663,24.245,232.0,247,False,98.259,"[2049, 2049, 2049, 2049, 2049, 2049, 2049, 2049, 2049, 2049]","[2049, 2049, 2049, 2048, 2048, 2049, 2049, 2051, 2048, 2049, 2048]","[2048, 2048, 2049, 2049, 2048, 2049, 2049]",299.0
1229,9472,18,2,2024-03-02T15:05:32.877000+00:00,31.319,42.653,24.015,228.0,241,False,97.987,"[2049, 2049, 2049, 2049, 2049, 2049, 2049, 2049, 2049, 2049]","[2049, 2049, 2049, 2048, 2049, 2048, 2049, 2049, 2049, 2049, 2049]","[2049, 2049, 2049, 2049, 2049, 2048, 2049]",287.0
1229,9472,27,2,2024-03-02T15:05:36.269000+00:00,64.092,42.838,23.981,231.0,235,True,130.911,"[2064, 2064, 2064, 2048, 2049, 2049, 2049, 2049, 2049, 2049]","[2049, 2049, 2049, 2049, 2049, 2049, 2048, 2049, 2049, 2049, 2049]","[2049, 2049, 2048, 2049, 2049, 2049, 2049]",212.0
1229,9472,1,3,2024-03-02T15:06:56.378000+00:00,30.999,41.966,23.788,231.0,243,False,96.753,"[None, 2049, 2049, 2049, 2048, 2048, 2048, 2048, 2048, 2048]","[2048, 2048, 2048, 2048, 2048, 2048, 2048, 2048, 2048, 2048, 2048]","[2048, 2048, 2048, 2048, 2048, 2048, 2048]",290.0
1229,9472,16,3,2024-03-02T15:06:57.933000+00:00,31.223,42.856,23.983,234.0,256,False,98.062,"[2048, 2048, 2049, 2049, 2049, 2049, 2048, 2048, 2048, 2048]","[2048, 2048, 2048, 2049, 2048, 2049, 2049, 2049, 2048, 2048, 2049]","[2048, 2048, 2048, 2049, 2048, 2048, 2049]",296.0
1229,9472,63,3,2024-03-02T15:06:58.696000+00:00,30.367,42.202,23.837,232.0,250,False,96.406,"[2049, 2049, 2049, 2048, 2048, 2049, 2049, 2049, 2049, 2049]","[2049, 2049, 2048, 2048, 2049, 2048, 2048, 2048, 2048, 2048, 2048]","[2048, 2048, 2048, 2048, 2048, 2048, 2048]",318.0
1229,9472,11,3,2024-03-02T15:06:59.421000+00:00,30.596,42.478,24.223,231.0,245,False,97.297,"[2049, 2049, 2049, 2048, 2048, 2049, 2049, 2048, 2048, 2049]","[2048, 2048, 2048, 2048, 2049, 2048, 2049, 2048, 2048, 2048, 2048]","[2048, 2048, 2048, 2048, 2048, 2048, 2048]",315.0
1229,9472,55,3,2024-03-02T15:07:00.599000+00:00,31.049,42.179,23.852,233.0,246,False,97.08,"[None, 2049, 2049, 2049, 2048, 2049, 2048, 2048, 2049, 2048]","[2049, 2048, 2048, 2048, 2049, 2048, 2049, 2049, 2048, 2048, 2048]","[2049, 2048, 2048, 2048, 2048, 2048, 2048]",300.0
1229,9472,14,3,2024-03-02T15:07:02.457000+00:00,32.068,42.719,24.259,228.0,249,False,99.046,"[None, 2049, 2048, 2048, 2048, 2048, 2049, 2049, 2048, 2048]","[2048, 2048, 2048, 2048, 2048, 2048, 2049, 2049, 2048, 2048, 2049]","[2048, 2048, 2048, 2048, 2048, 2048, 2049]",290.0
1229,9472,4,3,2024-03-02T15:07:02.960000+00:00,31.112,42.476,24.199,229.0,254,False,97.787,"[None, 2049, 2049, 2048, 2048, 2051, 2048, 2048, 2049, 2048]","[2049, 2048, 2049, 2048, 2048, 2048, 2048, 2049, 2049, 2048, 2049]","[2049, 2048, 2048, 2048, 2049, 2048]",318.0
1229,9472,81,3,2024-03-02T15:07:03.737000+00:00,31.147,42.993,24.118,,259,False,98.258,"[None, 2049, 2049, 2049, 2048, 2049, 2048, 2049, 2049, 2049]","[2048, 2048, 2048, 2048, 2048, 2048, 2048, 2048, 2048, 2048, 2049]","[2048, 2048, 2048, 2049, 2048, 2049, 2049]",318.0
1229,9472,44,3,2024-03-02T15:07:04.200000+00:00,31.062,43.099,24.142,231.0,246,False,98.303,"[2049, 2049, 2049, 2049, 2048, 2049, 2048, 2048, 2048, 2049]","[2048, 2048, 2048, 2048, 2049, 2048, 2049, 2048, 2048, 2048, 2048]","[2048, 2048, 2048, 2048, 2048, 2049, 2049]",311.0
1229,9472,22,3,2024-03-02T15:07:04.993000+00:00,30.989,43.073,24.369,227.0,238,False,98.431,"[None, 2049, 2049, 2049, 2049, 2048, 2048, 2049, 2049, 2048]","[2048, 2048, 2048, 2048, 2048, 2048, 2048, 2048, 2048, 2048, 2048]","[2048, 2048, 2048, 2048, 2048, 2049, 2049]",311.0
1229,9472,23,3,2024-03-02T15:07:05.531000+00:00,31.002,43.081,24.424,,244,False,98.507,"[2049, 2049, 2049, 2049, 2049, 2048, 2048, 2048, 2049, 2048]","[2049, 2048, 2049, 2048, 2048, 2048, 2048, 2048, 2048, 2048, 2048]","[2048, 2049, 2048, 2048, 2048, 2048, 2048]",312.0
1229,9472,20,3,2024-03-02T15:07:06.129000+00:00,30.969,43.118,24.312,230.0,245,False,98.399,"[2049, 2049, 2049, 2049, 2048, 2048, 2048, 2049, 2049, 2048]","[2048, 2049, 2048, 2048, 2049, 2048, 2048, 2048, 2049, 2048, 2049]","[2048, 2048, 2048, 2049, 2048, 2048, 2049]",320.0
1229,9472,24,3,2024-03-02T15:07:06.448000+00:00,31.044,43.084,24.454,224.0,246,False,98.582,"[2051, 2051, 2051, 2049, 2048, 2049, 2048, 2048, 2048, 2048]","[2049, 2048, 2048, 2048, 2048, 2049, 2048, 2048, 2049, 2048, 2049]","[2048, 2048, 2048, 2048, 2048, 2048, 2048]",322.0
1229,9472,2,3,2024-03-02T15:07:07.169000+00:00,31.105,43.155,24.447,229.0,245,False,98.707,"[None, 2048, 2049, 2049, 2049, 2048, 2048, 2048, 2049, 2048]","[2048, 2048, 2049, 2048, 2048, 2048, 2048, 2048, 2048, 2048, 2048]","[2048, 2048, 2048, 2048, 2048, 2048, 2048]",
1229,9472,3,3,2024-03-02T15:07:07.994000+00:00,30.965,43.32,24.475,,242,False,98.76,"[None, 2049, 2049, 2049, 2049, 2049, 2049, 2049, 2049, 2049]","[2048, 2048, 2048, 2049, 2049, 2048, 2048, 2048, 2048, 2048, 2048]","[2048, 2048, 2048, 2048, 2049, 2049, 2048]",313.0
1229,9472,31,3,2024-03-02T15:07:08.536000+00:00,31.255,43.007,24.509,,246,False,98.771,"[None, 2049, 2049, 2049, 2049, 2049, 2049, 2049, 2049, 2049]","[2048, 2048, 2048, 2048, 2048, 2048, 2048, 2048, 2048, 2048, 2048]","[2048, 2048, 2048, 2048, 2048, 2048, 2048]",295.0
1229,9472,10,3,2024-03-02T15:07:09.187000+00:00,31.254,42.848,24.642,,245,False,98.744,"[None, 2049, 2049, 2049, 2048, 2048, 2049, 2049, 2049, 2048]","[2048, 2048, 2049, 2048, 2048, 2048, 2048, 2049, 2048, 2048, 2049]","[2048, 2048, 2048, 2048, 2048, 2048, 2048]",302.0
1229,9472,77,3,2024-03-02T15:07:09.750000+00:00,31.119,43.321,24.397,233.0,248,False,98.837,"[None, 2049, 2049, 2048, 2048, 2048, 2049, 2049, 2048, 2049]","[2048, 2048, 2048, 2048, 2048, 2048, 2048, 2048, 2048, 2048, 2048]","[2048, 2048, 2048, 2048, 2048, 2048, 2048]",305.0
1229,9472,18,3,2024-03-02T15:07:11.091000+00:00,31.279,42.79,24.21,,238,False,98.279,"[None, 2049, 2049, 2048, 2048, 2048, 2049, 2049, 2049, 2049]","[2049, 2049, 2048, 2048, 2048, 2048, 2049, 2049, 2048, 2048, 2048]","[2048, 2048, 2049, 2049, 2048, 2048, 2049]",298.0
1229,9472,27,3,2024-03-02T15:07:47.290000+00:00,30.97,42.434,23.913,233.0,234,False,97.317,"[2049, 2049, 2049, 2049, 2049, 2049, 2049, 2049, 2049, 2048]","[2049, 2049, 2049, 2049, 2049, 2049, 2048, 2049, 2049, 2048, 2048]","[2049, 2049, 2048, 2049, 2049, 2048, 2048]",293.0
1229,9472,1,4,2024-03-02T15:08:33.130000+00:00,30.931,41.892,23.824,233.0,253,False,96.647,"[2048, 2049, 2049, 2049, 2048, 2048, 2048, 2048, 2048, 2048]","[2048, 2048, 2048, 2048, 2048, 2048, 2048, 2048, 2048, 2048, 2048]","[2048, 2048, 2048, 2049, 2048, 2048, 2048]",
1229,9472,63,4,2024-03-02T15:08:35.058000+00:00,31.135,42.609,23.994,223.0,247,False,97.738,"[2048, 2048, 2048, 2048, 2048, 2048, 2048, 2048, 2048, 2048]","[2048, 2048, 2048, 2048, 2048, 2048, 2048, 2048, 2048, 2048, 2048]","[2048, 2048, 2048, 2048, 2048, 2048, 2048]",296.0
1229,9472,16,4,2024-03-02T15:08:36.013000+00:00,30.958,42.784,24.01,233.0,242,False,97.752,"[2049, 2049, 2049, 2049, 2048, 2048, 2049, 2049, 2048, 2048]","[2048, 2048, 2048, 2048, None, None, 2048, 2049, 2048, 2048, 2048]","[2048, 2048, 2049, 2049, 2048, 2048, 2048]",313.0
1229,9472,11,4,2024-03-02T15:08:36.682000+00:00,30.716,42.623,24.383,233.0,246,False,97.722,"[2048, 2048, 2048, 2048, 2048, 2048, 2049, 2048, 2048, 2048]","[2048, 2048, 2048, 2048, 2048, 2048, 2048, 2048, 2048, 2048, 2048]","[2048, 2048, 2048, 2048, 2048, 2048, 2048]",314.0
1229,9472,55,4,2024-03-02T15:08:37.735000+00:00,30.957,42.373,23.934,234.0,245,False,97.264,"[None, 2049, 2049, 2051, 2049, 2048, 2048, 2048, 2048, 2048]","[2048, 2048, 2048, 2048, 2049, 2048, 2048, 2049, 2048, 2048, 2048]","[2048, 2048, 2049, 2049, 2048, 2048, 2049]",304.0
1229,9472,4,4,2024-03-02T15:08:40.628000+00:00,31.115,42.193,24.142,232.0,253,False,97.45,"[2048, 2048, 2048, 2049, 2049, 2048, 2048, 2048, 2048, 2048]","[2049, 2049, 2048, 2048, 2049, 2048, 2048, 2049, 2048, 2048, 2049]","[2049, 2048, 2048, 2048, 2048, 2048, 2048]",294.0
1229,9472,14,4,2024-03-02T15:08:41.450000+00:00,30.951,42.58,24.245,230.0,242,False,97.776,"[None, 2049, 2049, 2048, 2048, 2048, 2048, 2049, 2049, 2048]","[2049, 2048, 2048, 2048, 2048, 2048, 2048, 2049, 2049, 2048, 2048]","[2048, 2048, 2048, 2049, 2048, 2048, 2048]",323.0
1229,9472,81,4,2024-03-02T15:08:42.010000+00:00,31.113,42.572,24.212,234.0,258,False,97.897,"[None, 2049, 2048, 2048, 2048, 2048, 2048, 2048, 2049, 2048]","[2049, 2049, 2048, 2048, 2048, 2048, 2048, 2049, 2049, 2049, 2049]","[2048, 2048, 2048, 2048, 2049, 2048, 2048]",300.0
1229,9472,44,4,2024-03-02T15:08:42.487000+00:00,30.983,43.146,24.158,228.0,243,False,98.287,"[2048, 2048, 2048, 2048, 2048, 2048, 2048, 2048, 2048, 2048]","[2049, 2048, 2048, 2048, 2048, 2048, 2048, 2048, 2048, 2049, 2048]","[2048, 2048, 2048, 2048, 2048, 2048, 2048]",297.0
1229,9472,22,4,2024-03-02T15:08:43.327000+00:00,31.025,42.992,24.293,228.0,244,False,98.31,"[2048, 2048, 2048, 2048, 2048, 2048, 2048, 2048, 2049, 2048]","[2048, 2049, 2048, 2048, 2048, 2048, 2048, 2048, 2048, 2048, 2048]","[2049, 2049, 2048, 2048, 2048, 2048, 2048]",309.0
1229,9472,23,4,2024-03-02T15:08:44.072000+00:00,31.023,43.007,24.392,226.0,244,False,98.422,"[2048, 2048, 2048, 2049, 2048, 2048, 2048, 2048, 2049, 2048]","[2048, 2048, 2048, 2048, 2049, 2048, 2048, 2048, 2048, 2048, 2049]","[2048, 2048, 2048, 2048, 2049, 2048, 2048]",319.0
1229,9472,20,4,2024-03-02T15:08:44.453000+00:00,30.993,42.992,24.512,,248,False,98.497,"[2051, 2051, 2051, 2048, 2049, 2049, 2049, 2048, 2048, 2048]","[2048, 2048, 2048, 2048, 2048, 2048, 2051, 2049, 2049, 2048, 2049]","[2048, 2048, 2048, 2049, 2048, 2048, 2048]",323.0
1229,9472,24,4,2024-03-02T15:08:45.105000+00:00,30.977,43.004,24.447,225.0,249,False,98.428,"[2048, 2048, 2048, 2048, 2048, 2048, 2048, 2049, 2049, 2048]","[2049, 2048, 2048, 2048, 2048, 2048, 2048, 2049, 2049, 2048, 2048]","[2048, 2048, 2048, 2048, 2048, 2048, 2048]",318.0
1229,9472,2,4,2024-03-02T15:08:45.974000+00:00,31.044,42.904,24.442,228.0,249,False,98.39,"[None, 2049, 2049, 2049, 2048, 2048, 2048, 2048, 2048, 2048]","[2049, 2048, 2048, 2048, 2048, 2048, 2048, 2048, 2049, 2048, 2049]","[2048, 2048, 2048, 2048, 2049, 2048, 2048]",309.0
1229,9472,3,4,2024-03-02T15:08:46.663000+00:00,30.922,43.207,24.481,232.0,246,False,98.61,"[None, 2049, 2049, 2049, 2048, 2049, 2049, 2048, 2049, 2048]","[2049, 2048, 2048, 2048, 2048, 2048, 2048, 2048, 2049, 2048, 2048]","[2048, 2048, 2048, 2048, 2049, 2048, 2048]",322.0
1229,9472,31,4,2024-03-02T15:08:47.391000+00:00,31.246,42.915,24.464,,246,False,98.625,"[2048, 2048, 2049, 2049, 2049, 2048, 2049, 2049, 2048, 2048]","[2048, 2049, 2048, 2048, 2048, 2048, 2049, 2048, 2048, 2048, 2048]","[2048, 2049, 2049, 2048, 2048, 2048, 2048]",306.0
1229,9472,10,4,2024-03-02T15:08:47.834000+00:00,31.305,42.705,24.493,228.0,249,False,98.503,"[2048, 2048, 2048, 2049, 2048, 2048, 2048, 2048, 2048, 2048]","[2048, 2049, 2048, 2048, 2048, 2048, 2048, 2049, 2049, 2048, 2049]","[2048, 2049, 2049, 2049, 2048, 2048, 2049]",
1229,9472,77,4,2024-03-02T15:08:48.424000+00:00,31.127,43.121,24.395,229.0,247,False,98.643,"[2048, 2048, 2048, 2048, 2048, 2048, 2048, 2048, 2049, 2048]","[2048, 2048, 2048, 2048, 2048, 2048, 2048, 2048, 2048, 2049, 2048]","[2048, 2048, 2048, 2048, 2048, 2048, 2048]",300.0
1229,9472,18,4,2024-03-02T15:08:49.291000+00:00,30.944,43.227,24.193,223.0,237,False,98.364,"[None, 2049, 2049, 2049, 2048, 2048, 2049, 2049, 2048, 2048]","[2048, 2049, 2048, 2048, 2048, 2048, 2049, 2048, 2048, 2048, 2048]","[2048, 2048, 2049, 2048, 2048, 2048, 2049]",314.0
1229,9472,27,4,2024-03-02T15:09:24.588000+00:00,30.901,42.469,23.979,231.0,240,False,97.349,"[2048, 2049, 2049, 2048, 2049, 2049, 2049, 2049, 2049, 2048]","[2049, 2048, 2048, 2048, 2048, 2049, 2048, 2049, 2049, 2048, 2049]","[2048, 2048, 2048, 2048, 2048, 2048, 2049]",292.0
1229,9472,1,5,2024-03-02T15:10:09.704000+00:00,31.255,42.056,23.862,231.0,245,False,97.173,"[None, 2049, 2048, 2048, 2048, 2048, 2048, 2048, 2048, 2048]","[2048, 2048, 2048, 2048, 2048, 2048, 2049, 2048, 2048, 2048, 2048]","[2048, 2048, 2048, 2048, 2048, 2048, 2049]",289.0
1229,9472,63,5,2024-03-02T15:10:12.768000+00:00,31.636,42.573,23.907,225.0,250,False,98.116,"[None, 2048, 2048, 2048, 2049, 2048, 2048, 2048, 2048, 2048]","[2048, 2048, 2048, 2048, 2048, 2048, 2048, 2048, 2048, 2048, 2048]","[2048, 2048, 2048, 2048, 2048, 2048, 2048]",287.0
1229,9472,16,5,2024-03-02T15:10:13.780000+00:00,31.192,42.872,24.067,232.0,242,False,98.131,"[2048, 2048, 2048, 2048, 2048, 2048, 2049, 2048, 2048, 2048]","[2048, 2048, 2048, 2048, 2048, 2048, 2048, 2048, 2048, 2048, 2048]","[2048, 2048, 2048, 2048, 2048, 2048, 2049]",298.0
1229,9472,11,5,2024-03-02T15:10:14.415000+00:00,30.997,42.754,24.293,227.0,249,False,98.044,"[None, 2048, 2048, 2048, 2048, 2048, 2048, 2049, 2048, 2048]","[2048, 2048, 2048, 2048, 2048, 2048, 2049, 2048, 2048, 2048, 2048]","[2048, 2048, 2048, 2049, 2048, 2048, 2049]",320.0
1229,9472,55,5,2024-03-02T15:10:14.948000+00:00,30.967,42.821,24.244,232.0,245,False,98.032,"[None, 2049, 2049, 2048, 2048, 2048, 2048, 2049, 2048, 2048]","[2048, 2048, 2048, 2048, 2048, 2048, 2049, 2051, 2048, 2048, 2048]","[2048, 2048, 2048, 2048, 2048, 2048, 2049]",324.0
1229,9472,4,5,2024-03-02T15:10:18.228000+00:00,31.258,42.379,24.157,227.0,248,False,97.794,"[None, 2048, 2048, 2048, 2048, 2048, 2048, 2048, 2048, 2048]","[2048, 2048, 2049, 2048, 2048, 2048, 2048, 2049, 2048, 2048, 2048]","[2048, 2048, 2048, 2048, 2048, 2048, 2048]",
1229,9472,14,5,2024-03-02T15:10:19.284000+00:00,32.063,42.806,24.423,,248,False,99.292,"[2048, 2048, 2048, 2049, 2048, 2048, 2048, 2048, 2048, 2048]","[2048, 2049, 2048, 2048, 2048, 2048, 2049, 2048, 2048, 2048, 2048]","[2048, 2048, 2049, 2048, 2048, 2048, 2049]",300.0
1229,9472,81,5,2024-03-02T15:10:19.912000+00:00,30.894,42.78,24.185,229.0,257,False,97.859,"[2048, 2048, 2048, 2051, 2049, 2048, 2048, 2048, 2049, 2048]","[2048, 2048, 2048, 2048, 2048, 2048, 2048, 2048, 2049, 2049, 2048]","[2048, 2048, 2048, 2048, 2049, 2048]",323.0
1229,9472,44,5,2024-03-02T15:10:20.703000+00:00,31.14,43.01,24.2,,245,False,98.35,"[None, 2048, 2048, 2049, 2049, 2048, 2048, 2048, 2048, 2048]","[2049, 2048, 2048, 2048, 2048, 2048, 2048, 2048, 2048, 2048, 2048]","[2048, 2048, 2048, 2048, 2048, 2048, 2048]",296.0
1229,9472,22,5,2024-03-02T15:10:21.674000+00:00,31.023,42.98,24.318,226.0,241,False,98.321,"[None, 2048, 2048, 2048, 2049, 2048, 2048, 2048, 2048, 2048]","[2048, 2049, 2048, 2048, 2048, 2048, 2048, 2049, 2049, 2048, 2048]","[2048, 2048, 2048, 2048, 2048, 2048, 2049]",
1229,9472,23,5,2024-03-02T15:10:22.387000+00:00,31.049,43.027,24.433,228.0,245,False,98.509,"[None, 2048, 2048, 2048, 2049, 2048, 2048, 2048, 2049, 2048]","[2049, 2048, 2048, 2048, 2049, 2048, 2048, 2048, 2048, 2048, 2049]","[2048, 2048, 2048, 2049, 2048, 2048, 2048]",310.0
1229,9472,20,5,2024-03-02T15:10:22.918000+00:00,31.066,43.108,24.402,228.0,248,False,98.576,"[2048, 2048, 2048, 2049, 2048, 2048, 2048, 2048, 2048, 2048]","[2048, 2048, 2048, 2048, 2049, 2048, 2048, 2049, 2048, 2048, 2048]","[2048, 2048, 2049, 2048, 2048, 2048, 2048]",318.0
1229,9472,24,5,2024-03-02T15:10:23.479000+00:00,31.116,43.178,24.504,224.0,249,False,98.798,"[None, 2048, 2048, 2048, 2049, 2048, 2048, 2048, 2049, 2048]","[2048, 2048, 2048, 2048, 2048, 2048, 2048, 2049, 2048, 2048, 2049]","[2048, 2048, 2048, 2048, 2048, 2048, 2048]",306.0
1229,9472,2,5,2024-03-02T15:10:24.343000+00:00,31.048,43.209,24.5,227.0,248,False,98.757,"[2048, 2048, 2048, 2049, 2049, 2048, 2048, 2048, 2048, 2048]","[2049, 2048, 2048, 2048, 2048, 2048, 2048, 2048, 2048, 2048, 2048]","[2048, 2048, 2048, 2048, 2048, 2048, 2048]",312.0
1229,9472,3,5,2024-03-02T15:10:25.323000+00:00,30.98,43.2,24.524,,239,False,98.704,"[2048, 2048, 2048, 2048, 2049, 2048, 2048, 2048, 2049, 2048]","[2049, 2048, 2048, 2048, 2048, 2048, 2048, 2048, 2048, 2048, 2048]","[2048, 2048, 2048, 2048, 2048, 2048, 2048]",306.0
1229,9472,31,5,2024-03-02T15:10:25.925000+00:00,31.171,42.891,24.578,,247,False,98.64,"[None, 2048, 2049, 2048, 2049, 2048, 2048, 2049, 2048, 2048]","[2048, 2049, 2048, 2048, 2048, 2048, 2048, 2048, 2048, 2048, 2048]","[2048, 2048, 2048, 2049, 2048, 2048, 2049]",305.0
1229,9472,10,5,2024-03-02T15:10:26.498000+00:00,31.344,42.718,24.602,227.0,247,False,98.664,"[2049, 2049, 2049, 2048, 2048, 2049, 2049, 2048, 2049, 2048]","[2048, 2048, 2048, 2048, 2048, 2048, 2049, 2049, 2048, 2048, 2048]","[2048, 2048, 2049, 2049, 2048, 2048, 2049]",301.0
1229,9472,77,5,2024-03-02T15:10:27.119000+00:00,31.083,44.295,24.709,231.0,244,False,100.087,"[None, 2048, 2048, 2049, 2048, 2048, 2048, 2048, 2048, 2048]","[2048, 2048, 2048, 2049, 2048, 2048, 2048, 2048, 2048, 2048, 2048]","[2048, 2048, 2048, 2048, 2048, 2048, 2048]",323.0
1229,9472,18,5,2024-03-02T15:10:27.632000+00:00,30.987,43.577,24.161,222.0,246,False,98.725,"[None, 2049, 2051, 2049, 2048, 2049, 2049, 2048, 2048, 2048]","[2048, 2048, 2048, 2048, 2048, 2048, 2051, 2049, 2048, 2048, 2049]","[2048, 2048, 2048, 2048, 2048, 2048, 2048]",325.0
1229,9472,27,5,2024-03-02T15:11:01.949000+00:00,30.928,42.706,24.029,232.0,241,False,97.663,"[2049, 2049, 2049, 2049, 2049, 2048, 2048, 2048, 2048, 2048]","[2048, 2048, 2048, 2048, 2048, 2048, 2048, 2048, 2048, 2048, 2049]","[2048, 2048, 2048, 2049, 2048, 2048, 2048]",295.0
1229,9472,1,6,2024-03-02T15:11:46.978000+00:00,31.041,42.187,23.864,,247,False,97.092,"[2049, 2049, 2049, 2048, 2048, 2048, 2048, 2048, 2048, 2048]","[2048, 2048, 2048, 2048, 2048, 2048, 2048, 2049, 2048, 2048, 2048]","[2048, 2048, 2048, 2049, 2048, 2048, 2049]",296.0
1229,9472,63,6,2024-03-02T15:11:50.905000+00:00,31.36,42.508,23.916,,252,False,97.784,"[None, 2048, 2048, 2048, 2048, 2048, 2048, 2048, 2048, 2048]","[2048, 2048, 2048, 2048, 2048, 2048, 2048, 2048, 2048, 2049, 2049]","[2048, 2048, 2048, 2048, 2048, 2048, 2048]",289.0
1229,9472,16,6,2024-03-02T15:11:51.804000+00:00,30.936,42.751,24.095,230.0,242,False,97.782,"[2049, 2049, 2048, 2049, 2048, 2048, 2049, 2048, 2048, 2048]","[2048, 2048, 2048, 2048, 2048, 2048, 2048, 2048, 2048, 2048, 2048]","[2048, 2048, 2048, 2049, 2048, 2048, 2049]",312.0
1229,9472,11,6,2024-03-02T15:11:52.420000+00:00,30.843,42.702,24.278,226.0,249,False,97.823,"[2049, 2049, 2049, 2048, 2048, 2048, 2049, 2048, 2048, 2048]","[2048, 2048, 2048, 2048, 2048, 2048, 2048, 2049, 2048, 2048, 2048]","[2048, 2048, 2048, 2048, 2048, 2048, 2048]",
1229,9472,55,6,2024-03-02T15:11:53.110000+00:00,30.879,42.803,24.059,233.0,243,False,97.741,"[None, 2049, 2049, 2048, 2048, 2048, 2049, 2048, 2048, 2048]","[2048, 2048, 2048, 2048, 2048, 2048, 2049, 2051, 2048, 2048, 2048]","[2048, 2048, 2049, 2048, 2048, 2048, 2049]",325.0
1229,9472,4,6,2024-03-02T15:11:55.985000+00:00,31.027,42.622,24.247,,248,False,97.896,"[None, 2048, 2048, 2049, 2048, 2048, 2048, 2048, 2051, 2048]","[2048, 2048, 2048, 2048, 2048, 2048, 2048, 2048, 2048, 2048, 2048]","[2048, 2048, 2048, 2048, 2048, 2048, 2048]",301.0
1229,9472,81,6,2024-03-02T15:11:57.638000+00:00,31.412,42.35,24.193,233.0,254,False,97.955,"[None, 2048, 2048, 2048, 2048, 2048, 2048, 2048, 2049, 2048]","[2049, 2049, 2048, 2048, 2049, 2048, 2048, 2048, 2049, 2049, 2048]","[2048, 2048, 2048, 2048, 2049, 2048, 2048]",290.0
1229,9472,14,6,2024-03-02T15:11:58.534000+00:00,31.076,42.676,24.301,227.0,248,False,98.053,"[2049, 2049, 2049, 2048, 2048, 2048, 2049, 2048, 2048, 2048]","[2048, 2049, 2048, 2048, 2048, 2048, 2048, 2048, 2049, 2048, 2048]","[2048, 2048, 2049, 2049, 2048, 2048, 2048]",312.0
1229,9472,44,6,2024-03-02T15:11:59.143000+00:00,31.124,42.887,24.172,230.0,247,False,98.183,"[2049, 2048, 2048, 2048, 2048, 2048, 2048, 2048, 2048, 2048]","[2048, 2049, 2048, 2048, 2049, 2048, 2048, 2048, 2049, 2048, 2048]","[2048, 2048, 2048, 2048, 2049, 2048, 2048]",301.0
1229,9472,22,6,2024-03-02T15:12:00.082000+00:00,31.132,42.949,24.28,228.0,242,False,98.361,"[None, 2048, 2048, 2048, 2048, 2048, 2048, 2048, 2048, 2048]","[2049, 2048, 2048, 2048, 2048, 2048, 2048, 2048, 2049, 2048, 2048]","[2048, 2048, 2048, 2049, 2048, 2048, 2048]",306.0
1229,9472,23,6,2024-03-02T15:12:00.934000+00:00,31.034,43.141,24.4,227.0,238,False,98.575,"[None, 2048, 2048, 2049, 2048, 2048, 2048, 2048, 2049, 2048]","[2048, 2049, 2048, 2048, 2049, 2048, 2048, 2048, 2048, 2048, 2048]","[2048, 2048, 2048, 2049, 2049, 2048, 2048]",316.0
1229,9472,20,6,2024-03-02T15:12:01.544000+00:00,30.952,43.041,24.536,234.0,244,False,98.529,"[None, 2048, 2051, 2049, 2049, 2048, 2048, 2048, 2048, 2048]","[2048, 2048, 2048, 2048, 2049, 2048, 2048, 2049, 2048, 2048, 2048]","[2048, 2048, 2049, 2048, 2048, 2048, 2048]",323.0
1229,9472,24,6,2024-03-02T15:12:02.417000+00:00,30.86,43.064,24.564,233.0,246,False,98.488,"[None, 2048, 2048, 2048, 2049, 2048, 2048, 2049, 2049, 2048]","[2048, 2048, 2048, 2049, 2048, 2048, 2049, 2049, 2048, 2048, 2048]","[2048, 2048, 2048, 2048, 2048, 2048, 2048]",320.0
1229,9472,2,6,2024-03-02T15:12:03.067000+00:00,31.037,42.981,24.564,,251,False,98.582,"[None, 2048, 2048, 2048, 2049, 2048, 2048, 2048, 2049, 2048]","[2049, 2048, 2048, 2048, 2048, 2048, 2048, 2048, 2048, 2049, 2049]","[2048, 2048, 2048, 2048, 2048, 2048, 2048]",308.0
1229,9472,3,6,2024-03-02T15:12:03.968000+00:00,31.046,43.099,24.544,,248,False,98.689,"[2049, 2049, 2048, 2048, 2048, 2048, 2048, 2048, 2048, 2049]","[2048, 2049, 2048, 2048, 2048, 2048, 2048, 2048, 2048, 2048, 2049]","[2048, 2048, 2048, 2049, 2048, 2048, 2048]",
1229,9472,31,6,2024-03-02T15:12:04.606000+00:00,31.245,42.978,24.651,,247,False,98.874,"[2049, 2049, 2048, 2048, 2048, 2048, 2049, 2049, 2049, 2048]","[2048, 2048, 2048, 2048, 2048, 2048, 2048, 2048, 2049, 2048, 2048]","[2048, 2048, 2048, 2048, 2048, 2048, 2048]",301.0
1229,9472,10,6,2024-03-02T15:12:05.094000+00:00,31.457,42.995,24.647,226.0,246,False,99.099,"[None, 2048, 2048, 2048, 2048, 2048, 2048, 2048, 2048, 2048]","[2049, 2048, 2048, 2048, 2048, 2048, 2048, 2049, 2048, 2048, 2048]","[2048, 2048, 2048, 2048, 2048, 2048, 2048]",297.0
1229,9472,18,6,2024-03-02T15:12:06.338000+00:00,31.554,43.188,24.183,223.0,246,False,98.925,"[2048, 2048, 2048, 2048, 2048, 2048, 2048, 2048, 2048, 2048]","[2048, 2048, 2048, 2048, 2048, 2048, 2048, 2048, 2049, 2049, 2049]","[2048, 2048, 2048, 2049, 2048, 2048, 2048]",297.0
1229,9472,77,6,2024-03-02T15:12:07.153000+00:00,31.184,43.504,24.518,233.0,251,False,99.206,"[None, 2048, 2048, 2048, 2048, 2048, 2048, 2048, 2049, 2048]","[2048, 2048, 2048, 2048, 2048, 2048, 2048, 2048, 2048, 2048, 2048]","[2048, 2048, 2048, 2048, 2048, 2048, 2048]",314.0
1229,9472,27,6,2024-03-02T15:12:39.609000+00:00,31.013,42.852,24.031,231.0,236,False,97.896,"[2048, 2048, 2048, 2049, 2049, 2048, 2048, 2048, 2048, 2048]","[2048, 2048, 2048, 2048, 2048, 2048, 2048, 2048, 2049, 2048, 2048]","[2049, 2048, 2048, 2048, 2048, 2048, 2048]",
1229,9472,1,7,2024-03-02T15:13:24.080000+00:00,31.015,42.118,23.905,232.0,242,False,97.038,"[2048, 2049, 2048, 2048, 2048, 2048, 2048, 2048, 2048, 2048]","[2048, 2048, 2048, 2048, 2048, 2048, 2048, 2048, 2048, 2048, 2048]","[2048, 2048, 2048, 2048, 2048, 2049, 2049]",291.0
1229,9472,63,7,2024-03-02T15:13:28.623000+00:00,31.48,42.577,24.025,226.0,251,False,98.082,"[None, 2048, 2048, 2048, 2048, 2048, 2048, 2048, 2048, 2048]","[2048, 2048, 2048, 2048, 2048, 2048, 2048, 2048, 2048, 2048, 2048]","[2048, 2048, 2048, 2048, 2048, 2048, 2048]",286.0
1229,9472,16,7,2024-03-02T15:13:29.724000+00:00,31.008,43.761,24.188,231.0,246,False,98.957,"[None, 2049, 2048, 2048, 2048, 2049, 2049, 2048, 2048, 2048]","[2048, 2048, 2048, 2048, 2048, 2048, 2048, 2048, 2048, 2048, 2048]","[2048, 2048, 2049, 2048, 2048, 2048, 2049]",310.0
1229,9472,11,7,2024-03-02T15:13:30.334000+00:00,31.013,42.682,24.126,232.0,259,False,97.821,"[2048, 2049, 2048, 2048, 2048, 2048, 2048, 2048, 2048, 2048]","[2048, 2048, 2048, 2048, 2048, 2048, 2048, 2048, 2048, 2048, 2051]","[2048, 2048, 2048, 2048, 2048, 2048]",316.0
1229,9472,55,7,2024-03-02T15:13:30.813000+00:00,30.847,43.148,24.265,234.0,242,False,98.26,"[None, 2049, 2049, 2048, 2048, 2048, 2049, 2049, 2048, 2048]","[2048, 2048, 2048, 2048, 2048, 2048, 2048, 2048, 2048, 2048, 2048]","[2048, 2049, 2049, 2048, 2048, 2048, 2049]",326.0
1229,9472,4,7,2024-03-02T15:13:33.929000+00:00,31.074,42.514,24.272,229.0,246,False,97.86,"[None, 2048, 2048, 2048, 2049, 2048, 2048, 2048, 2048, 2048]","[2049, 2048, 2048, 2048, 2048, 2048, 2048, 2049, 2048, 2048, 2048]","[2048, 2048, 2048, 2048, 2048, 2048, 2048]",302.0
1229,9472,81,7,2024-03-02T15:13:35.738000+00:00,31.164,42.581,24.239,230.0,253,False,97.984,"[None, 2048, 2048, 2048, 2049, 2048, 2048, 2048, 2049, 2048]","[2048, 2049, 2048, 2048, 2048, 2048, 2048, 2048, 2048, 2048, 2048]","[2048, 2048, 2048, 2048, 2048, 2048, 2048]",300.0
1229,9472,14,7,2024-03-02T15:13:36.615000+00:00,30.905,42.7,24.403,228.0,249,False,98.008,"[None, 2049, 2049, 2049, 2048, 2048, 2049, 2049, 2048, 2048]","[2048, 2049, 2048, 2048, 2048, 2048, 2048, 2048, 2048, 2048, 2048]","[2048, 2048, 2048, 2048, 2048, 2048, 2048]",315.0
1229,9472,44,7,2024-03-02T15:13:37.347000+00:00,30.829,42.823,24.187,229.0,248,False,97.839,"[2048, 2048, 2048, 2049, 2048, 2048, 2048, 2048, 2049, 2048]","[2048, 2048, 2048, 2048, 2049, 2048, 2048, 2048, 2048, 2048, 2049]","[2048, 2048, 2048, 2048, 2048, 2048, 2049]",293.0
1229,9472,22,7,2024-03-02T15:13:38.399000+00:00,31.121,42.887,24.356,229.0,244,False,98.364,"[None, 2048, 2048, 2048, 2048, 2048, 2048, 2048, 2049, 2048]","[2049, 2048, 2048, 2048, 2048, 2048, 2048, 2048, 2049, 2048, 2048]","[2049, 2048, 2048, 2048, 2048, 2048, 2048]",305.0
1229,9472,23,7,2024-03-02T15:13:39.536000+00:00,31.498,43.186,24.287,228.0,243,False,98.971,"[None, 2048, 2048, 2048, 2049, 2048, 2048, 2048, 2048, 2048]","[2048, 2048, 2048, 2048, 2049, 2048, 2048, 2048, 2048, 2048, 2048]","[2048, 2048, 2048, 2049, 2049, 2048, 2048]",302.0
1229,9472,20,7,2024-03-02T15:13:40.046000+00:00,32.132,43.112,24.814,230.0,250,False,100.058,"[None, 2048, 2048, 2051, 2049, 2048, 2048, 2048, 2048, 2048]","[2048, 2049, 2048, 2048, 2049, 2048, 2048, 2048, 2049, 2048, 2049]","[2048, 2048, 2048, 2048, 2049, 2048, 2048]",331.0
1229,9472,24,7,2024-03-02T15:13:40.801000+00:00,31.488,43.47,24.559,,252,False,99.517,"[None, 2048, 2048, 2048, 2048, 2048, 2048, 2048, 2048, 2048]","[2048, 2048, 2048, 2048, 2048, 2048, 2048, 2048, 2048, 2048, 2049]","[2048, 2048, 2048, 2048, 2048, 2048, 2048]",314.0
1229,9472,2,7,2024-03-02T15:13:41.625000+00:00,31.373,43.491,24.6,,251,False,99.464,"[None, 2048, 2048, 2048, 2048, 2048, 2048, 2048, 2048, 2048]","[2048, 2048, 2048, 2048, 2048, 2048, 2048, 2048, 2048, 2048, 2048]","[2048, 2048, 2048, 2048, 2048, 2048, 2048]",313.0
1229,9472,3,7,2024-03-02T15:13:42.734000+00:00,31.372,43.289,24.532,233.0,246,False,99.193,"[2048, 2048, 2048, 2048, 2048, 2048, 2048, 2048, 2048, 2049]","[2048, 2048, 2048, 2049, 2048, 2048, 2048, 2048, 2048, 2048, 2048]","[2048, 2048, 2048, 2048, 2048, 2048, 2048]",294.0
1229,9472,31,7,2024-03-02T15:13:43.401000+00:00,31.404,43.089,24.659,,245,False,99.152,"[2048, 2048, 2048, 2048, 2048, 2048, 2048, 2048, 2048, 2048]","[2048, 2048, 2048, 2049, 2048, 2048, 2048, 2048, 2048, 2048, 2048]","[2048, 2048, 2048, 2048, 2048, 2048, 2049]",304.0
1229,9472,10,7,2024-03-02T15:13:44.100000+00:00,31.353,43.11,24.615,227.0,240,False,99.078,"[2048, 2048, 2048, 2049, 2049, 2048, 2048, 2048, 2048, 2048]","[2049, 2048, 2048, 2048, 2048, 2048, 2049, 2049, 2048, 2048, 2048]","[2048, 2048, 2048, 2048, 2048, 2048, 2048]",
1229,9472,18,7,2024-03-02T15:13:45.354000+00:00,31.302,43.186,24.281,227.0,245,False,98.769,"[None, 2048, 2048, 2048, 2048, 2048, 2048, 2048, 2048, 2048]","[2048, 2049, 2048, 2048, 2048, 2048, 2048, 2048, 2048, 2048, 2048]","[2048, 2048, 2048, 2048, 2048, 2048, 2048]",296.0
1229,9472,77,7,2024-03-02T15:13:46.456000+00:00,31.034,43.072,24.548,231.0,247,False,98.654,"[None, 2048, 2048, 2048, 2048, 2048, 2048, 2048, 2049, 2048]","[2048, 2048, 2048, 2048, 2048, 2048, 2048, 2048, 2048, 2049, 2048]","[2048, 2048, 2048, 2048, 2048, 2048, 2048]",318.0
1229,9472,27,7,2024-03-02T15:14:17.531000+00:00,30.976,42.75,23.956,,239,False,97.682,"[None, 2048, 2048, 2049, 2048, 2048, 2048, 2049, 2049, 2048]","[2048, 2048, 2048, 2048, 2048, 2048, 2048, 2049, 2049, 2049, 2048]","[2048, 2048, 2048, 2048, 2048, 2048, 2049]",
1229,9472,1,8,2024-03-02T15:15:01.132000+00:00,31.041,42.077,23.906,231.0,250,False,97.024,"[2049, 2049, 2048, 2048, 2048, 2048, 2048, 2048, 2048, 2048]","[2048, 2048, 2048, 2048, 2048, 2048, 2048, 2048, 2048, 2048, 2048]","[2048, 2048, 2048, 2048, 2048, 2048, 2049]",
1229,9472,63,8,2024-03-02T15:15:06.812000+00:00,31.238,42.646,23.978,230.0,246,False,97.862,"[None, 2048, 2048, 2048, 2048, 2048, 2048, 2048, 2048, 2048]","[2048, 2048, 2048, 2048, 2048, 2048, 2048, 2048, 2048, 2048, 2048]","[2048, 2048, 2048, 2048, 2048, 2048, 2048]",288.0
1229,9472,11,8,2024-03-02T15:15:08.075000+00:00,31.305,42.428,24.105,,261,False,97.838,"[None, 2048, 2048, 2048, 2048, 2048, 2048, 2048, 2048, 2048]","[2048, 2048, 2048, 2048, 2048, 2048, 2048, 2048, 2048, 2048, 2048]","[2048, 2048, 2048, 2049, 2048, 2048, 2048]",302.0
1229,9472,16,8,2024-03-02T15:15:08.572000+00:00,31.2,42.753,24.183,232.0,258,False,98.136,"[None, 2049, 2048, 2048, 2048, 2048, 2049, 2048, 2048, 2048]","[2048, 2048, 2048, 2048, 2048, 2048, 2049, 2048, 2048, 2048, 2048]","[2048, 2048, 2048, 2048, 2048, 2048, 2048]",316.0
1229,9472,55,8,2024-03-02T15:15:09.048000+00:00,31.341,42.701,24.141,232.0,246,False,98.183,"[2048, 2048, 2048, 2048, 2048, 2048, 2048, 2048, 2048, 2048]","[2048, 2048, 2048, 2048, 2048, 2048, 2048, 2048, 2048, 2049, 2048]","[2048, 2048, 2048, 2049, 2048, 2048, 2049]",316.0
1229,9472,4,8,2024-03-02T15:15:11.730000+00:00,31.171,42.688,24.275,227.0,247,False,98.134,"[None, 2048, 2048, 2048, 2048, 2048, 2048, 2048, 2048, 2048]","[2049, 2048, 2048, 2048, 2048, 2048, 2048, 2048, 2048, 2048, 2048]","[2048, 2048, 2048, 2048, 2048, 2048, 2048]",303.0
1229,9472,81,8,2024-03-02T15:15:13.609000+00:00,31.179,42.533,24.244,231.0,257,False,97.956,"[None, 2048, 2048, 2048, 2049, 2048, 2048, 2048, 2049, 2048]","[2048, 2048, 2048, 2048, 2048, 2048, 2048, 2048, 2048, 2048, 2048]","[2048, 2048, 2048, 2048, 2049, 2048, 2048]",296.0
1229,9472,14,8,2024-03-02T15:15:14.725000+00:00,31.024,42.689,24.39,227.0,247,False,98.103,"[2048, 2048, 2048, 2048, 2048, 2048, 2048, 2048, 2048, 2048]","[2049, 2048, 2048, 2048, 2048, 2048, 2048, 2048, 2048, 2048, 2048]","[2048, 2048, 2048, 2048, 2048, 2048, 2048]",
1229,9472,44,8,2024-03-02T15:15:15.137000+00:00,31.079,42.886,24.256,,248,False,98.221,"[2049, 2049, 2048, 2049, 2048, 2048, 2048, 2048, 2048, 2048]","[2048, 2048, 2048, 2048, 2048, 2048, 2048, 2048, 2048, 2048, 2049]","[2048, 2048, 2048, 2048, 2048, 2048, 2048]",304.0
1229,9472,22,8,2024-03-02T15:15:16.764000+00:00,31.298,42.871,24.344,228.0,249,False,98.513,"[None, 2048, 2048, 2049, 2049, 2048, 2048, 2048, 2048, 2048]","[2048, 2048, 2048, 2048, 2048, 2048, 2048, 2048, 2049, 2048, 2049]","[2048, 2048, 2048, 2048, 2049, 2048, 2048]",303.0
1229,9472,23,8,2024-03-02T15:15:18.421000+00:00,31.493,42.899,24.268,232.0,245,False,98.66,"[None, 2048, 2048, 2048, 2048, 2048, 2048, 2048, 2049, 2048]","[2049, 2048, 2048, 2048, 2048, 2048, 2048, 2048, 2049, 2048, 2048]","[2048, 2048, 2048, 2049, 2048, 2048, 2048]",293.0
1229,9472,20,8,2024-03-02T15:15:20.089000+00:00,31.557,43.072,24.543,,252,False,99.172,"[None, 2048, 2048, 2048, 2048, 2048, 2048, 2048, 2048, 2048]","[2048, 2048, 2048, 2048, 2048, 2048, 2048, 2048, 2049, 2048, 2049]","[2048, 2048, 2048, 2048, 2048, 2048, 2048]",306.0
1229,9472,24,8,2024-03-02T15:15:20.426000+00:00,31.786,43.138,24.722,232.0,253,False,99.646,"[None, 2048, 2048, 2049, 2048, 2048, 2048, 2048, 2048, 2048]","[2048, 2048, 2048, 2048, 2049, 2048, 2048, 2048, 2048, 2048, 2049]","[2048, 2048, 2048, 2048, 2048, 2048, 2048]",
1229,9472,2,8,2024-03-02T15:15:21.091000+00:00,31.566,43.336,24.678,,252,False,99.58,"[None, 2048, 2048, 2048, 2048, 2048, 2048, 2048, 2048, 2048]","[2048, 2048, 2048, 2048, 2048, 2048, 2048, 2048, 2048, 2048, 2049]","[2048, 2048, 2048, 2048, 2048, 2048, 2048]",
1229,9472,3,8,2024-03-02T15:15:21.929000+00:00,31.254,43.578,24.697,232.0,250,False,99.529,"[None, 2048, 2048, 2049, 2048, 2048, 2048, 2048, 2048, 2048]","[2048, 2048, 2048, 2049, 2048, 2049, 2048, 2048, 2048, 2048, 2049]","[2048, 2048, 2048, 2048, 2048, 2048, 2049]",312.0
1229,9472,31,8,2024-03-02T15:15:22.699000+00:00,31.252,43.382,24.788,230.0,246,False,99.422,"[None, 2048, 2048, 2049, 2048, 2048, 2049, 2048, 2048, 2048]","[2048, 2048, 2048, 2049, 2048, 2048, 2048, 2048, 2048, 2049, 2048]","[2048, 2048, 2048, 2048, 2048, 2048, 2048]",313.0
1229,9472,10,8,2024-03-02T15:15:23.253000+00:00,31.21,43.311,24.766,230.0,248,False,99.287,"[None, 2048, 2048, 2048, 2048, 2048, 2048, 2049, 2049, 2048]","[2048, 2048, 2048, 2048, 2048, 2048, 2048, 2049, 2048, 2048, 2048]","[2048, 2048, 2048, 2048, 2048, 2048, 2048]",304.0
1229,9472,18,8,2024-03-02T15:15:24.026000+00:00,30.963,43.37,24.524,220.0,242,False,98.857,"[None, 2048, 2048, 2048, 2048, 2048, 2049, 2048, 2048, 2048]","[2048, 2048, 2048, 2048, 2048, 2048, 2048, 2048, 2048, 2048, 2048]","[2048, 2048, 2048, 2048, 2048, 2048, 2048]",321.0
1229,9472,77,8,2024-03-02T15:15:25.115000+00:00,30.959,43.356,24.653,230.0,247,False,98.968,"[None, 2048, 2048, 2049, 2048, 2048, 2048, 2048, 2049, 2048]","[2048, 2048, 2048, 2048, 2048, 2048, 2048, 2048, 2048, 2048, 2048]","[2048, 2048, 2048, 2049, 2048, 2048, 2048]",320.0
1229,9472,27,8,2024-03-02T15:15:55.237000+00:00,31.038,42.737,24.045,232.0,246,False,97.82,"[2049, 2049, 2049, 2048, 2048, 2048, 2048, 2048, 2048, 2048]","[2048, 2048, 2048, 2048, 2048, 2048, 2048, 2048, 2048, 2048, 2049]","[2048, 2048, 2048, 2049, 2048, 2048, 2049]",296.0
1229,9472,1,9,2024-03-02T15:16:38.044000+00:00,31.1,42.166,23.963,,243,False,97.229,"[None, 2049, 2048, 2048, 2048, 2048, 2048, 2048, 2048, 2048]","[2048, 2048, 2048, 2048, 2048, 2048, 2048, 2048, 2048, 2048, 2048]","[2048, 2048, 2048, 2048, 2048, 2048, 2048]",292.0
1229,9472,63,9,2024-03-02T15:16:44.698000+00:00,31.12,42.578,24.032,231.0,246,False,97.73,"[None, 2048, 2048, 2048, 2048, 2048, 2048, 2048, 2048, 2048]","[2048, 2048, 2048, 2048, 2048, 2048, 2048, 2048, 2048, 2048, 2048]","[2048, 2048, 2048, 2048, 2048, 2048, 2048]",292.0
1229,9472,11,9,2024-03-02T15:16:45.853000+00:00,31.145,42.395,24.056,228.0,257,False,97.596,"[None, 2048, 2048, 2048, 2049, 2048, 2048, 2048, 2049, 2048]","[2049, 2048, 2048, 2048, 2048, 2048, 2048, 2048, 2048, 2048, 2048]","[2048, 2048, 2048, 2049, 2048, 2048, 2048]",
1229,9472,16,9,2024-03-02T15:16:46.813000+00:00,31.147,42.533,24.164,229.0,258,False,97.844,"[2048, 2048, 2048, 2048, 2048, 2048, 2048, 2048, 2048, 2048]","[2048, 2048, 2048, 2048, 2048, 2048, 2048, 2048, 2048, 2048, 2049]","[2048, 2048, 2048, 2048, 2048, 2048, 2048]",314.0
1229,9472,55,9,2024-03-02T15:16:47.231000+00:00,30.99,42.868,24.172,234.0,247,False,98.03,"[2049, 2048, 2048, 2048, 2048, 2048, 2049, 2048, 2048, 2048]","[2048, 2049, 2048, 2048, 2048, 2048, 2048, 2048, 2048, 2048, 2048]","[2048, 2048, 2048, 2048, 2048, 2048, 2048]",323.0
1229,9472,4,9,2024-03-02T15:16:49.846000+00:00,31.051,42.721,24.292,228.0,250,False,98.064,"[None, 2048, 2048, 2048, 2048, 2048, 2048, 2048, 2048, 2048]","[2048, 2048, 2048, 2048, 2048, 2048, 2048, 2048, 2048, 2048, 2048]","[2048, 2048, 2048, 2048, 2048, 2048, 2048]",302.0
1229,9472,81,9,2024-03-02T15:16:51.643000+00:00,31.211,42.534,24.351,232.0,257,False,98.096,"[None, 2048, 2048, 2048, 2048, 2048, 2048, 2048, 2048, 2048]","[2048, 2048, 2048, 2048, 2049, 2048, 2048, 2048, 2048, 2048, 2049]","[2048, 2048, 2048, 2048, 2048, 2048, 2048]",299.0
1229,9472,14,9,2024-03-02T15:16:52.794000+00:00,31.464,43.036,24.396,,241,False,98.896,"[None, 2048, 2048, 2048, 2048, 2048, 2048, 2048, 2048, 2048]","[2048, 2048, 2048, 2048, 2048, 2048, 2048, 2048, 2048, 2048, 2048]","[2048, 2048, 2048, 2048, 2048, 2048, 2048]",303.0
1229,9472,44,9,2024-03-02T15:16:53.452000+00:00,31.088,43.171,24.386,230.0,247,False,98.645,"[2048, 2048, 2048, 2048, 2048, 2048, 2048, 2048, 2048, 2048]","[2048, 2048, 2048, 2048, 2048, 2048, 2048, 2048, 2048, 2048, 2048]","[2048, 2048, 2048, 2048, 2048, 2048, 2049]",311.0
1229,9472,22,9,2024-03-02T15:16:55.234000+00:00,31.329,42.861,24.364,229.0,246,False,98.554,"[None, 2048, 2048, 2048, 2049, 2048, 2048, 2048, 2048, 2048]","[2048, 2048, 2048, 2048, 2048, 2048, 2048, 2048, 2048, 2048, 2048]","[2048, 2048, 2048, 2048, 2048, 2048, 2048]",297.0
1229,9472,23,9,2024-03-02T15:16:57.147000+00:00,31.458,42.976,24.218,,244,False,98.652,"[None, 2048, 2048, 2048, 2048, 2048, 2048, 2048, 2049, 2048]","[2048, 2048, 2048, 2048, 2048, 2048, 2048, 2048, 2048, 2048, 2048]","[2049, 2048, 2048, 2049, 2048, 2048, 2048]",298.0
1229,9472,20,9,2024-03-02T15:16:59.332000+00:00,31.383,42.932,24.546,228.0,253,False,98.861,"[None, 2048, 2048, 2048, 2048, 2048, 2048, 2048, 2049, 2048]","[2048, 2048, 2049, 2048, 2048, 2048, 2048, 2048, 2049, 2049, 2049]","[2048, 2048, 2048, 2048, 2048, 2048, 2048]",292.0
1229,9472,24,9,2024-03-02T15:16:59.925000+00:00,31.33,43.094,27.425,234.0,253,False,101.849,"[None, 2048, 2048, 2048, 2048, 2048, 2048, 2048, 2048, 2049]","[2049, 2048, 2048, 2048, 2048, 2048, 2048, 2048, 2048, 2048, 2048]","[2048, 2048, 2048, 2048, 2048, 2048, 2064]",310.0
1229,9472,2,9,2024-03-02T15:17:00.723000+00:00,31.398,43.299,24.669,228.0,252,False,99.366,"[None, 2048, 2048, 2048, 2048, 2048, 2048, 2048, 2048, 2048]","[2048, 2048, 2048, 2048, 2048, 2048, 2048, 2048, 2048, 2048, 2048]","[2048, 2048, 2048, 2048, 2048, 2048, 2048]",310.0
1229,9472,3,9,2024-03-02T15:17:01.403000+00:00,31.173,43.519,24.646,233.0,245,False,99.338,"[2049, 2048, 2048, 2048, 2048, 2048, 2048, 2048, 2048, 2048]","[2048, 2048, 2048, 2048, 2048, 2048, 2048, 2048, 2048, 2048, 2048]","[2048, 2048, 2048, 2048, 2048, 2048, 2048]",311.0
1229,9472,31,9,2024-03-02T15:17:01.994000+00:00,31.189,43.409,24.714,,249,False,99.312,"[None, 2048, 2048, 2048, 2048, 2048, 2049, 2049, 2048, 2048]","[2048, 2048, 2048, 2048, 2048, 2048, 2048, 2048, 2048, 2048, 2048]","[2048, 2048, 2048, 2048, 2048, 2048, 2048]",303.0
1229,9472,10,9,2024-03-02T15:17:02.598000+00:00,31.4,43.321,24.731,228.0,245,False,99.452,"[None, 2049, 2049, 2049, 2048, 2048, 2048, 2048, 2048, 2048]","[2048, 2048, 2048, 2048, 2048, 2048, 2048, 2048, 2048, 2048, 2048]","[2048, 2048, 2048, 2048, 2048, 2048, 2048]",310.0
1229,9472,18,9,2024-03-02T15:17:02.856000+00:00,31.431,43.451,27.23,221.0,242,False,102.112,"[2049, 2049, 2049, 2048, 2048, 2048, 2048, 2048, 2048, 2048]","[2048, 2048, 2048, 2048, 2048, 2048, 2048, 2048, 2048, 2048, 2048]","[2048, 2048, 2049, 2048, 2048, 2048, 2064]",313.0
1229,9472,77,9,2024-03-02T15:17:04.011000+00:00,31.373,43.349,24.703,229.0,247,False,99.425,"[None, 2048, 2048, 2048, 2048, 2048, 2048, 2048, 2049, 2048]","[2048, 2048, 2048, 2048, 2048, 2048, 2048, 2048, 2048, 2048, 2048]","[2048, 2048, 2048, 2048, 2048, 2048, 2048]",319.0
1229,9472,27,9,2024-03-02T15:17:32.972000+00:00,31.041,42.691,24.151,230.0,243,False,97.883,"[None, 2048, 2048, 2049, 2048, 2048, 2048, 2048, 2048, 2048]","[2048, 2048, 2048, 2048, 2048, 2048, 2048, 2049, 2048, 2048, 2048]","[2048, 2048, 2048, 2049, 2048, 2048, 2049]",297.0
1229,9472,1,10,2024-03-02T15:18:15.404000+00:00,30.986,42.009,23.965,232.0,244,False,96.96,"[2048, 2049, 2049, 2048, 2048, 2048, 2048, 2048, 2049, 2048]","[2048, 2048, 2048, 2048, 2048, 2048, 2049, 2048, 2048, 2048, 2048]","[2048, 2048, 2048, 2048, 2048, 2048, 2049]",293.0
1229,9472,63,10,2024-03-02T15:18:22.380000+00:00,31.247,42.538,23.997,226.0,255,False,97.782,"[None, 2048, 2048, 2048, 2048, 2048, 2048, 2048, 2048, 2048]","[2048, 2048, 2048, 2048, 2048, 2048, 2048, 2048, 2048, 2048, 2048]","[2048, 2048, 2048, 2048, 2048, 2048, 2048]",288.0
1229,9472,11,10,2024-03-02T15:18:23.551000+00:00,31.178,42.322,24.13,229.0,259,False,97.63,"[None, 2048, 2048, 2048, 2048, 2048, 2048, 2048, 2048, 2048]","[2049, 2048, 2048, 2048, 2048, 2048, 2048, 2048, 2048, 2048, 2048]","[2048, 2048, 2048, 2049, 2048, 2048, 2048]",300.0
1229,9472,16,10,2024-03-02T15:18:24.582000+00:00,30.988,42.534,24.362,230.0,254,False,97.884,"[None, 2048, 2048, 2048, 2048, 2048, 2048, 2048, 2048, 2048]","[2048, 2048, 2048, 2048, 2048, 2048, 2048, 2049, 2048, 2048, 2049]","[2048, 2048, 2048, 2048, 2048, 2048, 2048]",316.0
1229,9472,55,10,2024-03-02T15:18:25.188000+00:00,30.819,42.638,24.151,233.0,248,False,97.608,"[2048, 2048, 2048, 2048, 2048, 2048, 2048, 2048, 2048, 2048]","[2048, 2048, 2048, 2048, 2048, 2048, 2048, 2051, 2048, 2048, 2049]","[2048, 2048, 2048, 2048, 2048, 2048, 2049]",319.0
1229,9472,4,10,2024-03-02T15:18:27.948000+00:00,31.019,42.563,24.354,,249,False,97.936,"[None, 2048, 2048, 2049, 2049, 2048, 2048, 2048, 2051, 2048]","[2048, 2048, 2048, 2048, 2048, 2048, 2048, 2049, 2048, 2048, 2048]","[2048, 2048, 2048, 2048, 2048, 2048, 2048]",
1229,9472,81,10,2024-03-02T15:18:29.706000+00:00,31.294,42.462,24.317,231.0,258,False,98.073,"[None, 2048, 2048, 2048, 2048, 2048, 2048, 2048, 2048, 2048]","[2048, 2048, 2048, 2048, 2048, 2048, 2048, 2048, 2048, 2048, 2049]","[2048, 2048, 2048, 2048, 2048, 2048, 2048]",302.0
1229,9472,14,10,2024-03-02T15:18:31.590000+00:00,31.635,43.162,24.528,233.0,246,False,99.325,"[None, 2048, 2048, 2048, 2048, 2048, 2049, 2048, 2048, 2048]","[2048, 2048, 2048, 2048, 2048, 2048, 2049, 2048, 2048, 2048, 2048]","[2048, 2048, 2048, 2048, 2048, 2048, 2048]",294.0
1229,9472,44,10,2024-03-02T15:18:32.076000+00:00,30.931,42.821,24.285,228.0,247,False,98.037,"[2049, 2048, 2048, 2049, 2049, 2048, 2048, 2048, 2048, 2048]","[2048, 2048, 2048, 2048, 2049, 2048, 2048, 2048, 2049, 2048, 2048]","[2048, 2048, 2048, 2048, 2048, 2048, 2048]",320.0
1229,9472,22,10,2024-03-02T15:18:33.869000+00:00,31.476,43.062,24.374,,245,False,98.912,"[None, 2048, 2048, 2048, 2048, 2048, 2048, 2048, 2048, 2048]","[2048, 2048, 2048, 2048, 2048, 2048, 2048, 2048, 2048, 2048, 2048]","[2048, 2048, 2048, 2048, 2048, 2048, 2048]",298.0
1229,9472,23,10,2024-03-02T15:18:35.817000+00:00,31.624,42.955,24.373,226.0,248,False,98.952,"[None, 2048, 2048, 2048, 2048, 2048, 2048, 2048, 2048, 2048]","[2048, 2048, 2048, 2048, 2049, 2048, 2048, 2048, 2048, 2048, 2049]","[2048, 2048, 2048, 2049, 2048, 2048, 2048]",295.0
1229,9472,20,10,2024-03-02T15:18:38.135000+00:00,31.307,42.925,24.515,230.0,253,False,98.747,"[None, 2048, 2048, 2048, 2048, 2048, 2048, 2048, 2048, 2048]","[2048, 2048, 2048, 2048, 2048, 2048, 2048, 2048, 2048, 2048, 2049]","[2048, 2048, 2048, 2048, 2048, 2048, 2048]",298.0
1229,9472,2,10,2024-03-02T15:18:39.989000+00:00,83.3,46.732,31.828,208.0,195,False,161.86,"[None, 2048, 2048, 2049, 2049, 2048, 2048, 2048, 2048, 2048]","[2048, 2048, 2048, 2048, 2048, 2048, 2048, 2048, 2048, 2048, 2048]","[2048, 2048, 2048, 2048, 2048, 2048, 2064]",293.0
1229,9472,3,10,2024-03-02T15:18:40.795000+00:00,31.211,43.104,24.467,232.0,250,False,98.782,"[2048, 2048, 2048, 2048, 2048, 2048, 2048, 2048, 2048, 2048]","[2048, 2049, 2048, 2048, 2048, 2048, 2048, 2048, 2049, 2048, 2049]","[2048, 2048, 2048, 2049, 2049, 2048, 2048]",301.0
1229,9472,31,10,2024-03-02T15:18:41.340000+00:00,31.308,42.956,27.378,229.0,253,False,101.642,"[None, 2048, 2048, 2048, 2048, 2048, 2048, 2048, 2048, 2048]","[2048, 2048, 2048, 2048, 2048, 2048, 2048, 2048, 2048, 2049, 2049]","[2048, 2048, 2049, 2049, 2048, 2048, 2064]",312.0
1229,9472,24,10,2024-03-02T15:18:41.933000+00:00,53.287,42.225,23.816,233.0,241,True,119.328,"[2064, 2064, 2064, 2048, 2048, 2048, 2048, 2048, 2048, 2049]","[2049, 2048, 2049, 2049, 2049, 2048, 2048, 2048, 2049, 2048, 2048]","[2049, 2049, 2048, 2048, 2049, 2048, 2048]",220.0
1229,9472,10,10,2024-03-02T15:18:42.035000+00:00,31.383,43.016,24.53,229.0,252,False,98.929,"[None, 2048, 2048, 2048, 2048, 2048, 2048, 2048, 2049, 2048]","[2048, 2048, 2048, 2048, 2048, 2048, 2048, 2048, 2048, 2048, 2049]","[2048, 2048, 2048, 2048, 2048, 2048, 2048]",300.0
1229,9472,77,10,2024-03-02T15:18:43.373000+00:00,31.409,43.189,24.514,224.0,248,False,99.112,"[None, 2048, 2048, 2049, 2048, 2048, 2048, 2048, 2049, 2048]","[2049, 2048, 2048, 2048, 2048, 2048, 2048, 2048, 2049, 2048, 2048]","[2048, 2048, 2048, 2048, 2048, 2048, 2048]",318.0
1229,9472,18,10,2024-03-02T15:18:45.037000+00:00,51.912,42.22,23.683,228.0,248,True,117.815,"[2064, 2064, 2064, 2048, 2048, 2048, 2048, 2048, 2048, 2049]","[2049, 2049, 2049, 2048, 2049, 2048, 2048, 2048, 2048, 2048, 2048]","[2049, 2049, 2048, 2048, 2049, 2049, 2048]",218.0
1229,9472,27,10,2024-03-02T15:19:10.914000+00:00,31.372,42.839,24.159,221.0,245,False,98.37,"[None, 2049, 2049, 2049, 2048, 2048, 2048, 2048, 2048, 2048]","[2048, 2048, 2048, 2048, 2048, 2048, 2048, 2049, 2048, 2048, 2049]","[2048, 2048, 2048, 2049, 2048, 2048, 2049]",299.0
1229,9472,1,11,2024-03-02T15:19:52.275000+00:00,30.974,42.142,23.969,,246,False,97.085,"[2049, 2048, 2048, 2049, 2048, 2048, 2048, 2049, 2051, 2048]","[2048, 2048, 2048, 2048, 2048, 2048, 2049, 2049, 2048, 2048, 2048]","[2048, 2048, 2048, 2049, 2048, 2048, 2048]",292.0
1229,9472,63,11,2024-03-02T15:20:00.058000+00:00,31.392,42.646,26.477,229.0,251,False,100.515,"[None, 2048, 2048, 2048, 2048, 2048, 2048, 2048, 2048, 2048]","[2048, 2048, 2048, 2048, 2048, 2048, 2048, 2048, 2048, 2048, 2048]","[2048, 2048, 2048, 2048, 2048, 2048, 2064]",284.0
1229,9472,11,11,2024-03-02T15:20:01.190000+00:00,31.054,42.473,24.309,233.0,258,False,97.836,"[None, 2048, 2048, 2048, 2048, 2048, 2048, 2048, 2048, 2048]","[2048, 2048, 2048, 2048, 2048, 2048, 2048, 2048, 2048, 2048, 2048]","[2048, 2048, 2048, 2048, 2048, 2048, 2048]",
1229,9472,16,11,2024-03-02T15:20:02.545000+00:00,32.241,42.647,26.849,229.0,255,False,101.737,"[None, 2048, 2048, 2048, 2048, 2048, 2048, 2048, 2048, 2048]","[2048, 2048, 2048, 2048, 2048, 2048, 2048, 2048, 2048, 2048, 2049]","[2048, 2048, 2048, 2048, 2048, 2048, 2064]",297.0
1229,9472,55,11,2024-03-02T15:20:02.878000+00:00,31.266,42.386,24.004,232.0,252,False,97.656,"[None, 2048, 2048, 2048, 2049, 2048, 2048, 2048, 2049, 2048]","[2048, 2048, 2048, 2048, 2048, 2048, 2048, 2048, 2049, 2048, 2049]","[2048, 2048, 2048, 2048, 2048, 2048, 2048]",324.0
1229,9472,4,11,2024-03-02T15:20:05.925000+00:00,31.163,42.74,24.269,229.0,250,False,98.172,"[None, 2048, 2048, 2048, 2048, 2048, 2048, 2048, 2048, 2048]","[2049, 2048, 2048, 2048, 2048, 2048, 2048, 2048, 2048, 2048, 2048]","[2048, 2048, 2048, 2048, 2048, 2048, 2048]",
1229,9472,81,11,2024-03-02T15:20:07.846000+00:00,31.276,42.727,24.394,233.0,259,False,98.397,"[None, 2048, 2048, 2048, 2048, 2048, 2048, 2048, 2048, 2048]","[2048, 2048, 2048, 2048, 2048, 2048, 2048, 2048, 2048, 2048, 2048]","[2048, 2048, 2048, 2048, 2048, 2048, 2048]",303.0
1229,9472,44,11,2024-03-02T15:20:09.948000+00:00,31.279,42.819,24.138,,249,False,98.236,"[2048, 2048, 2048, 2048, 2048, 2048, 2048, 2048, 2049, 2048]","[2049, 2048, 2048, 2048, 2049, 2048, 2048, 2048, 2048, 2048, 2048]","[2048, 2048, 2048, 2048, 2049, 2048, 2048]",290.0
1229,9472,14,11,2024-03-02T15:20:11.035000+00:00,31.043,42.972,24.539,229.0,249,False,98.554,"[None, 2048, 2048, 2048, 2048, 2048, 2048, 2048, 2048, 2048]","[2048, 2048, 2048, 2048, 2048, 2048, 2048, 2049, 2048, 2048, 2048]","[2048, 2048, 2048, 2048, 2048, 2048, 2048]",316.0
1229,9472,22,11,2024-03-02T15:20:12.682000+00:00,31.342,43.015,24.442,,249,False,98.799,"[None, 2048, 2048, 2049, 2048, 2048, 2048, 2048, 2048, 2048]","[2048, 2048, 2048, 2048, 2048, 2048, 2048, 2048, 2048, 2048, 2049]","[2048, 2048, 2048, 2048, 2048, 2048, 2048]",302.0
1229,9472,23,11,2024-03-02T15:20:14.778000+00:00,31.49,42.923,24.422,230.0,244,False,98.835,"[None, 2048, 2048, 2048, 2048, 2048, 2048, 2048, 2048, 2048]","[2048, 2048, 2048, 2048, 2049, 2048, 2048, 2048, 2048, 2048, 2048]","[2048, 2048, 2048, 2048, 2048, 2048, 2048]",297.0
1229,9472,20,11,2024-03-02T15:20:16.971000+00:00,31.311,42.714,27.063,229.0,260,False,101.088,"[None, 2048, 2048, 2048, 2048, 2048, 2048, 2048, 2048, 2048]","[2049, 2048, 2048, 2048, 2048, 2048, 2048, 2048, 2049, 2048, 2049]","[2048, 2048, 2048, 2048, 2048, 2048, 2064]",297.0
1229,9472,3,11,2024-03-02T15:20:19.592000+00:00,31.472,43.08,24.481,233.0,251,False,99.033,"[None, 2048, 2048, 2048, 2049, 2048, 2048, 2048, 2048, 2049]","[2048, 2048, 2048, 2048, 2048, 2048, 2048, 2048, 2048, 2048, 2048]","[2049, 2048, 2048, 2048, 2048, 2048, 2048]",292.0
1229,9472,10,11,2024-03-02T15:20:20.748000+00:00,31.329,42.886,24.441,,245,False,98.656,"[None, 2048, 2048, 2048, 2049, 2048, 2048, 2048, 2049, 2048]","[2048, 2049, 2048, 2048, 2048, 2048, 2048, 2048, 2049, 2048, 2048]","[2048, 2048, 2048, 2048, 2048, 2048, 2048]",296.0
1229,9472,77,11,2024-03-02T15:20:22.466000+00:00,31.524,43.182,24.481,232.0,252,False,99.187,"[None, 2048, 2048, 2048, 2048, 2048, 2048, 2048, 2049, 2048]","[2048, 2048, 2048, 2048, 2048, 2048, 2048, 2048, 2048, 2048, 2048]","[2048, 2048, 2048, 2048, 2048, 2048, 2048]",301.0
1229,9472,31,11,2024-03-02T15:20:22.824000+00:00,52.676,42.347,23.991,229.0,253,True,119.014,"[2064, 2064, 2064, 2048, 2048, 2048, 2048, 2048, 2049, 2048]","[2049, 2048, 2049, 2049, 2049, 2048, 2048, 2048, 2049, 2048, 2048]","[2049, 2049, 2048, 2048, 2049, 2048, 2048]",215.0
1229,9472,24,11,2024-03-02T15:20:41.091000+00:00,30.815,41.738,23.812,,242,False,96.365,"[2048, 2048, 2048, 2048, 2049, 2049, 2048, 2048, 2049, 2049]","[2049, 2049, 2049, 2049, 2049, 2049, 2048, 2048, 2049, 2048, 2048]","[2048, 2048, 2048, 2048, 2048, 2048]",297.0
1229,9472,18,11,2024-03-02T15:20:42.802000+00:00,30.684,42.077,23.733,,249,False,96.494,"[2048, 2048, 2048, 2049, 2049, 2049, 2048, 2048, 2049, 2049]","[2049, 2049, 2048, 2048, 2048, 2048, 2048, 2048, 2049, 2048, 2049]","[2049, 2048, 2048, 2049, 2048, 2048, 2048]",298.0
1229,9472,27,11,2024-03-02T15:20:49.151000+00:00,31.0,42.573,24.065,233.0,247,False,97.638,"[None, 2049, 2049, 2048, 2048, 2048, 2048, 2049, 2048, 2048]","[2048, 2048, 2048, 2049, 2048, 2048, 2048, 2049, 2049, 2049, 2049]","[2048, 2048, 2048, 2049, 2048, 2048, 2049]",
1229,9472,2,11,2024-03-02T15:21:21.935000+00:00,64.866,42.959,24.613,225.0,253,True,132.438,"[2064, 2064, 2064, 2048, 2048, 2048, 2048, 2048, 2048, 2048]","[2048, 2048, 2049, 2048, 2048, 2048, 2048, 2048, 2048, 2048, 2049]","[2049, 2049, 2048, 2048, 2048, 2048, 2048]",203.0
1229,9472,1,12,2024-03-02T15:21:29.336000+00:00,30.966,42.091,23.988,234.0,249,False,97.045,"[2048, 2049, 2049, 2048, 2048, 2048, 2049, 2048, 2048, 2048]","[2048, 2048, 2048, 2048, 2048, 2048, 2048, 2048, 2048, 2048, 2048]","[2048, 2048, 2048, 2048, 2048, 2048, 2049]",
1229,9472,11,12,2024-03-02T15:21:38.999000+00:00,30.891,42.506,26.88,228.0,257,False,100.277,"[None, 2048, 2048, 2049, 2048, 2048, 2048, 2048, 2048, 2048]","[2049, 2049, 2048, 2048, 2048, 2048, 2048, 2048, 2049, 2048, 2048]","[2048, 2048, 2048, 2048, 2048, 2048, 2064]",312.0
1229,9472,55,12,2024-03-02T15:21:40.496000+00:00,31.089,42.46,24.101,,248,False,97.65,"[None, 2048, 2048, 2048, 2048, 2048, 2048, 2048, 2049, 2048]","[2049, 2048, 2048, 2048, 2048, 2048, 2048, 2048, 2048, 2048, 2048]","[2048, 2048, 2048, 2048, 2048, 2048, 2048]",299.0
1229,9472,63,12,2024-03-02T15:21:40.623000+00:00,52.57,42.189,23.701,229.0,254,True,118.46,"[2064, 2064, 2064, 2048, 2048, 2048, 2048, 2048, 2048, 2048]","[2048, 2048, 2049, 2048, 2048, 2048, 2048, 2048, 2048, 2051, 2048]","[2049, 2051, 2049, 2048, 2048, 2049, 2048]",215.0
1229,9472,4,12,2024-03-02T15:21:44.002000+00:00,31.232,42.561,24.289,,251,False,98.082,"[None, 2048, 2048, 2048, 2048, 2048, 2048, 2048, 2048, 2048]","[2049, 2048, 2048, 2048, 2048, 2048, 2048, 2048, 2048, 2048, 2048]","[2048, 2048, 2048, 2048, 2048, 2048, 2048]",300.0
1229,9472,16,12,2024-03-02T15:21:44.282000+00:00,51.178,42.371,23.922,234.0,257,True,117.471,"[2064, 2064, 2064, 2048, 2048, 2048, 2048, 2048, 2048, 2049]","[2048, 2048, 2048, 2049, 2048, 2048, 2048, 2048, 2048, 2048, 2049]","[2048, 2049, 2049, 2048, 2048, 2048, 2048]",220.0
1229,9472,81,12,2024-03-02T15:21:46.243000+00:00,31.364,42.679,26.696,,256,False,100.739,"[None, 2048, 2048, 2048, 2048, 2048, 2048, 2048, 2048, 2048]","[2048, 2048, 2048, 2048, 2048, 2048, 2048, 2048, 2048, 2048, 2048]","[2048, 2048, 2048, 2048, 2048, 2048, 2064]",302.0
1229,9472,44,12,2024-03-02T15:21:48.265000+00:00,31.206,42.881,26.802,,245,False,100.889,"[None, 2048, 2048, 2048, 2048, 2048, 2048, 2048, 2049, 2048]","[2049, 2048, 2048, 2048, 2048, 2048, 2048, 2048, 2048, 2048, 2048]","[2048, 2048, 2048, 2048, 2048, 2048, 2064]",294.0
1229,9472,14,12,2024-03-02T15:21:49.570000+00:00,30.932,43.035,24.576,230.0,251,False,98.543,"[None, 2048, 2048, 2049, 2048, 2048, 2048, 2048, 2048, 2048]","[2048, 2048, 2048, 2048, 2048, 2048, 2048, 2048, 2048, 2048, 2049]","[2048, 2048, 2048, 2048, 2048, 2048]",320.0
1229,9472,22,12,2024-03-02T15:21:51.504000+00:00,31.398,43.001,24.37,227.0,246,False,98.769,"[None, 2048, 2048, 2048, 2048, 2048, 2048, 2048, 2048, 2048]","[2048, 2048, 2048, 2048, 2048, 2048, 2048, 2048, 2048, 2048, 2048]","[2048, 2048, 2048, 2048, 2049, 2048]",299.0
1229,9472,23,12,2024-03-02T15:21:53.603000+00:00,31.51,43.065,24.359,232.0,246,False,98.934,"[None, 2048, 2048, 2048, 2048, 2048, 2048, 2048, 2048, 2048]","[2049, 2048, 2048, 2048, 2048, 2048, 2048, 2048, 2048, 2048, 2048]","[2048, 2048, 2048, 2049, 2048, 2048, 2048]",
1229,9472,20,12,2024-03-02T15:21:57.941000+00:00,53.306,42.365,24.011,230.0,254,True,119.682,"[2064, 2064, 2064, 2048, 2048, 2048, 2048, 2048, 2048, 2048]","[2048, 2048, 2049, 2049, 2049, 2048, 2048, 2048, 2049, 2049, 2048]","[2049, 2049, 2048, 2048, 2049, 2049, 2048]",219.0
1229,9472,3,12,2024-03-02T15:21:58.583000+00:00,31.451,42.949,24.493,231.0,250,False,98.893,"[None, 2048, 2048, 2049, 2048, 2048, 2048, 2048, 2049, 2048]","[2049, 2048, 2048, 2048, 2048, 2048, 2048, 2048, 2049, 2048, 2048]","[2048, 2048, 2048, 2048, 2048, 2048, 2048]",
1229,9472,10,12,2024-03-02T15:21:59.507000+00:00,31.328,42.787,27.341,230.0,252,False,101.456,"[None, 2048, 2048, 2049, 2049, 2048, 2048, 2048, 2048, 2048]","[2048, 2048, 2048, 2048, 2048, 2048, 2048, 2048, 2048, 2048, 2049]","[2048, 2048, 2048, 2048, 2048, 2048, 2064]",301.0
1229,9472,77,12,2024-03-02T15:22:01.819000+00:00,31.822,43.874,27.449,234.0,250,False,103.145,"[None, 2048, 2048, 2048, 2048, 2048, 2048, 2049, 2048, 2048]","[2048, 2048, 2048, 2048, 2048, 2048, 2048, 2048, 2048, 2048, 2048]","[2048, 2048, 2048, 2048, 2048, 2048, 2064]",303.0
1229,9472,24,12,2024-03-02T15:22:17.447000+00:00,31.006,42.207,23.782,232.0,243,False,96.995,"[None, 2048, 2048, 2048, 2048, 2048, 2048, 2048, 2048, 2048]","[2048, 2049, 2048, 2048, 2048, 2048, 2048, 2048, 2048, 2048, 2048]","[2048, 2049, 2048, 2048, 2048, 2048, 2048]",301.0
1229,9472,18,12,2024-03-02T15:22:19.385000+00:00,30.961,42.338,23.876,230.0,241,False,97.175,"[None, 2048, 2048, 2049, 2048, 2048, 2048, 2048, 2048, 2049]","[2048, 2048, 2048, 2048, 2048, 2048, 2048, 2048, 2048, 2048, 2048]","[2048, 2048, 2048, 2049, 2048, 2048, 2048]",300.0
1229,9472,31,12,2024-03-02T15:22:21.966000+00:00,31.175,42.399,24.025,234.0,253,False,97.599,"[2048, 2048, 2048, 2049, 2049, 2049, 2048, 2048, 2049, 2049]","[2048, 2048, 2048, 2049, 2048, 2048, 2048, 2048, 2049, 2049, 2048]","[2049, 2048, 2048, 2048, 2048, 2048, 2048]",291.0
1229,9472,27,12,2024-03-02T15:22:26.890000+00:00,30.977,42.629,24.1,232.0,250,False,97.706,"[None, 2049, 2049, 2048, 2048, 2048, 2048, 2048, 2048, 2048]","[2048, 2048, 2048, 2048, 2048, 2048, 2048, 2048, 2048, 2049, 2049]","[2048, 2048, 2048, 2048, 2048, 2048, 2049]",
1229,9472,1,13,2024-03-02T15:23:06.399000+00:00,30.964,42.055,24.011,233.0,251,False,97.03,"[None, 2048, 2048, 2048, 2048, 2048, 2048, 2049, 2048, 2048]","[2049, 2048, 2048, 2048, 2048, 2048, 2048, 2048, 2048, 2048, 2049]","[2048, 2048, 2048, 2048, 2048, 2048, 2048]",
1229,9472,55,13,2024-03-02T15:23:18.127000+00:00,31.025,42.212,24.006,233.0,250,False,97.243,"[None, 2048, 2048, 2049, 2049, 2048, 2048, 2048, 2049, 2048]","[2049, 2049, 2048, 2048, 2048, 2048, 2048, 2048, 2048, 2048, 2048]","[2048, 2048, 2048, 2048, 2048, 2048, 2048]",298.0
1229,9472,11,13,2024-03-02T15:23:19.588000+00:00,51.896,41.803,23.925,231.0,260,True,117.624,"[2064, 2064, 2064, 2048, 2048, 2048, 2048, 2048, 2048, 2048]","[2048, 2048, 2049, 2048, 2049, 2049, 2048, 2048, 2049, 2049, 2048]","[2048, 2049, 2049, 2048, 2048, 2051, 2049]",217.0
1229,9472,4,13,2024-03-02T15:23:22.125000+00:00,31.225,42.508,26.902,,251,False,100.635,"[None, 2048, 2048, 2048, 2048, 2048, 2048, 2048, 2048, 2048]","[2051, 2048, 2048, 2048, 2048, 2048, 2048, 2048, 2048, 2048, 2048]","[2048, 2048, 2048, 2048, 2048, 2048, 2064]",
1229,9472,81,13,2024-03-02T15:23:26.832000+00:00,52.735,42.241,23.713,234.0,254,True,118.689,"[2064, 2064, 2064, 2048, 2048, 2048, 2048, 2048, 2048, 2048]","[2048, 2048, 2048, 2048, 2049, 2049, 2048, 2048, 2048, 2049, 2048]","[2049, 2049, 2048, 2048, 2049, 2049, 2048]",218.0
1229,9472,14,13,2024-03-02T15:23:28.001000+00:00,31.446,42.808,24.333,229.0,249,False,98.587,"[None, 2048, 2048, 2048, 2048, 2048, 2048, 2048, 2048, 2048]","[2049, 2049, 2048, 2048, 2048, 2048, 2048, 2048, 2049, 2048, 2048]","[2048, 2048, 2048, 2048, 2048, 2048, 2048]",297.0
1229,9472,44,13,2024-03-02T15:23:29.125000+00:00,52.396,42.491,23.758,229.0,242,True,118.645,"[2064, 2064, 2064, 2048, 2048, 2048, 2048, 2048, 2048, 2048]","[2048, 2048, 2049, 2048, 2049, 2048, 2048, 2048, 2048, 2051, 2048]","[2049, 2049, 2049, 2048, 2049, 2048, 2048]",216.0
1229,9472,22,13,2024-03-02T15:23:30.182000+00:00,31.511,42.985,24.364,232.0,248,False,98.86,"[None, 2048, 2048, 2048, 2048, 2048, 2048, 2048, 2048, 2048]","[2048, 2048, 2048, 2048, 2048, 2048, 2048, 2048, 2048, 2048, 2049]","[2048, 2049, 2048, 2048, 2048, 2048, 2048]",294.0
1229,9472,23,13,2024-03-02T15:23:32.467000+00:00,31.569,42.884,24.37,228.0,243,False,98.823,"[None, 2048, 2048, 2048, 2048, 2048, 2048, 2048, 2048, 2048]","[2048, 2048, 2048, 2048, 2049, 2048, 2048, 2048, 2048, 2048, 2048]","[2048, 2048, 2048, 2049, 2048, 2048, 2048]",293.0
1229,9472,2,12,2024-03-02T15:23:34.319000+00:00,31.666,42.766,24.061,233.0,255,False,98.493,"[2048, 2048, 2048, 2048, 2048, 2048, 2048, 2048, 2048, 2048]","[2049, 2048, 2048, 2049, 2049, 2048, 2048, 2048, 2048, 2048, 2048]","[2048, 2048, 2048, 2048, 2049, 2048, 2048]",297.0
1229,9472,3,13,2024-03-02T15:23:37.402000+00:00,31.46,42.967,27.746,230.0,256,False,102.173,"[None, 2048, 2048, 2048, 2048, 2048, 2048, 2048, 2048, 2048]","[2048, 2049, 2048, 2048, 2048, 2048, 2048, 2048, 2048, 2048, 2049]","[2048, 2048, 2048, 2048, 2048, 2048, 2064]",295.0
1229,9472,63,13,2024-03-02T15:23:39.099000+00:00,30.759,42.479,23.929,232.0,254,False,97.167,"[2048, 2048, 2048, 2048, 2049, 2048, 2048, 2048, 2048, 2048]","[2048, 2048, 2048, 2048, 2048, 2048, 2048, 2048, 2048, 2048, 2048]","[2048, 2051, 2051, 2048, 2048, 2048, 2049]",296.0
1229,9472,10,13,2024-03-02T15:23:41.046000+00:00,57.71,42.728,24.127,228.0,252,True,124.565,"[2064, 2064, 2064, 2048, 2048, 2048, 2048, 2048, 2048, 2048]","[2048, 2048, 2049, 2048, 2049, 2049, 2048, 2048, 2049, 2048, 2048]","[2049, 2049, 2048, 2048, 2049, 2048, 2048]",215.0
1229,9472,16,13,2024-03-02T15:23:41.713000+00:00,30.58,42.173,23.679,235.0,254,False,96.432,"[2048, 2048, 2048, 2049, 2048, 2049, 2048, 2048, 2048, 2048]","[2048, 2048, 2048, 2049, 2048, 2048, 2048, 2048, 2048, 2048, 2048]","[2048, 2048, 2049, 2049, 2048, 2049, 2048]",314.0
1229,9472,77,13,2024-03-02T15:23:44.914000+00:00,54.41,42.543,24.128,231.0,256,True,121.081,"[2064, 2064, 2064, 2048, 2048, 2048, 2048, 2048, 2048, 2048]","[2048, 2048, 2049, 2048, 2048, 2049, 2048, 2048, 2048, 2049, 2049]","[2048, 2049, 2049, 2049, 2048, 2049, 2049]",215.0
1229,9472,24,13,2024-03-02T15:23:54.484000+00:00,30.982,42.435,24.019,,246,False,97.436,"[None, 2048, 2048, 2048, 2048, 2048, 2048, 2048, 2048, 2048]","[2048, 2048, 2048, 2048, 2048, 2049, 2048, 2048, 2048, 2048, 2048]","[2048, 2048, 2048, 2048, 2048, 2048, 2048]",298.0
1229,9472,18,13,2024-03-02T15:23:56.497000+00:00,30.988,42.395,23.906,229.0,248,False,97.289,"[None, 2048, 2048, 2048, 2048, 2048, 2048, 2048, 2048, 2048]","[2048, 2048, 2048, 2048, 2048, 2048, 2048, 2048, 2048, 2048, 2048]","[2048, 2048, 2048, 2048, 2048, 2048, 2048]",296.0
1229,9472,20,13,2024-03-02T15:23:57.680000+00:00,30.905,41.951,24.034,232.0,255,False,96.89,"[2048, 2048, 2048, 2048, 2049, 2049, 2048, 2048, 2049, 2048]","[2049, 2048, 2049, 2048, 2049, 2049, 2048, 2048, 2048, 2048, 2048]","[2049, 2049, 2049, 2048, 2048, 2048, 2048]",300.0
1229,9472,31,13,2024-03-02T15:23:59.651000+00:00,31.319,42.14,23.904,230.0,255,False,97.363,"[None, 2048, 2048, 2048, 2048, 2048, 2048, 2048, 2048, 2048]","[2049, 2048, 2048, 2048, 2048, 2048, 2048, 2048, 2049, 2049, 2049]","[2049, 2049, 2049, 2048, 2048, 2048]",
1229,9472,27,13,2024-03-02T15:24:04.536000+00:00,31.025,42.677,24.099,,250,False,97.801,"[None, 2049, 2048, 2048, 2048, 2048, 2048, 2048, 2048, 2048]","[2048, 2048, 2048, 2048, 2048, 2048, 2048, 2048, 2048, 2049, 2049]","[2048, 2048, 2048, 2048, 2048, 2048, 2048]",300.0
1229,9472,1,14,2024-03-02T15:24:43.393000+00:00,30.938,42.042,24.048,,253,False,97.028,"[2049, 2048, 2048, 2048, 2048, 2048, 2049, 2048, 2051, 2048]","[2051, 2051, 2048, 2048, 2048, 2048, 2049, 2049, 2048, 2048, 2049]","[2048, 2048, 2048, 2048, 2048, 2048, 2048]",293.0
1229,9472,55,14,2024-03-02T15:24:55.375000+00:00,31.011,42.119,26.623,235.0,258,False,99.753,"[None, 2048, 2048, 2048, 2049, 2048, 2048, 2048, 2048, 2048]","[2049, 2049, 2048, 2048, 2048, 2048, 2048, 2048, 2048, 2048, 2049]","[2048, 2048, 2048, 2048, 2048, 2048, 2064]",
1229,9472,4,14,2024-03-02T15:25:02.671000+00:00,51.681,42.243,23.846,232.0,246,True,117.77,"[2064, 2064, 2064, 2048, 2048, 2048, 2048, 2048, 2048, 2048]","[2048, 2048, 2049, 2048, 2049, 2048, 2048, 2048, 2048, 2048, 2048]","[2049, 2049, 2048, 2048, 2048, 2048, 2048]",220.0
1229,9472,14,14,2024-03-02T15:25:06.699000+00:00,31.516,42.741,24.355,228.0,250,False,98.612,"[None, 2048, 2048, 2048, 2048, 2048, 2048, 2048, 2048, 2048]","[2048, 2049, 2048, 2048, 2048, 2048, 2048, 2048, 2049, 2048, 2048]","[2048, 2048, 2048, 2048, 2048, 2048, 2048]",
1229,9472,22,14,2024-03-02T15:25:09.093000+00:00,31.394,42.967,26.777,228.0,250,False,101.138,"[None, 2048, 2048, 2048, 2048, 2048, 2048, 2048, 2048, 2048]","[2048, 2048, 2048, 2048, 2048, 2048, 2048, 2048, 2048, 2048, 2049]","[2048, 2048, 2048, 2048, 2048, 2048, 2064]",297.0
1229,9472,23,14,2024-03-02T15:25:11.288000+00:00,31.598,42.931,24.448,229.0,248,False,98.977,"[None, 2048, 2048, 2048, 2048, 2048, 2048, 2048, 2048, 2048]","[2049, 2048, 2048, 2048, 2049, 2048, 2048, 2048, 2048, 2048, 2049]","[2048, 2048, 2048, 2048, 2048, 2048]",296.0
1229,9472,2,13,2024-03-02T15:25:12.827000+00:00,31.427,43.601,25.961,231.0,253,False,100.989,"[None, 2048, 2048, 2048, 2049, 2048, 2048, 2048, 2048, 2048]","[2048, 2048, 2048, 2048, 2048, 2048, 2048, 2048, 2048, 2048, 2048]","[2048, 2048, 2048, 2048, 2048, 2048, 2048]",298.0
1229,9472,63,14,2024-03-02T15:25:16.275000+00:00,30.851,42.74,23.98,218.0,255,False,97.571,"[2049, 2049, 2048, 2049, 2048, 2048, 2048, 2048, 2048, 2048]","[2048, 2048, 2048, 2048, 2048, 2048, 2049, 2048, 2048, 2048, 2049]","[2048, 2048, 2048, 2048, 2048, 2049, 2048]",319.0
1229,9472,11,14,2024-03-02T15:25:16.864000+00:00,30.063,41.855,23.688,234.0,263,False,95.606,"[2049, 2049, 2049, 2048, 2048, 2049, 2049, 2051, 2049, 2049]","[2048, 2049, 2048, 2048, 2049, 2048, 2048, 2048, 2049, 2051, 2051]","[2049, 2048, 2048, 2048, 2049, 2048]",320.0
1229,9472,16,14,2024-03-02T15:25:18.300000+00:00,30.787,42.232,23.737,236.0,247,False,96.756,"[None, 2048, 2048, 2048, 2048, 2048, 2048, 2048, 2049, 2049]","[2048, 2048, 2048, 2048, 2048, 2048, 2048, 2048, 2048, 2048, 2048]","[2048, 2048, 2048, 2048, 2048, 2049, 2048]",305.0
1229,9472,3,14,2024-03-02T15:25:19.740000+00:00,52.992,42.487,23.929,234.0,258,True,119.408,"[2064, 2064, 2064, 2048, 2048, 2048, 2048, 2048, 2048, 2049]","[2048, 2048, 2049, 2049, 2049, 2048, 2048, 2048, 2048, 2049, 2049]","[2049, 2049, 2049, 2048, 2049, 2049, 2048]",218.0
1229,9472,81,14,2024-03-02T15:25:25.542000+00:00,30.92,42.057,23.819,,254,False,96.796,"[2048, 2048, 2048, 2048, 2048, 2048, 2048, 2048, 2049, 2048]","[2049, 2048, 2048, 2049, 2048, 2048, 2048, 2048, 2048, 2049, 2048]","[2048, 2048, 2048, 2048, 2048, 2048, 2048]",299.0
1229,9472,44,14,2024-03-02T15:25:27.851000+00:00,31.073,42.404,23.701,231.0,246,False,97.178,"[2048, 2048, 2048, 2048, 2049, 2049, 2048, 2048, 2048, 2048]","[2048, 2048, 2049, 2048, 2048, 2048, 2048, 2048, 2048, 2048, 2048]","[2049, 2049, 2048, 2048, 2049, 2049, 2048]",288.0
1229,9472,24,14,2024-03-02T15:25:31.903000+00:00,31.086,42.431,23.965,,244,False,97.482,"[None, 2048, 2048, 2048, 2048, 2048, 2048, 2048, 2048, 2048]","[2048, 2048, 2048, 2048, 2048, 2048, 2048, 2048, 2048, 2048, 2048]","[2048, 2048, 2048, 2048, 2048, 2048, 2048]",
1229,9472,18,14,2024-03-02T15:25:33.710000+00:00,31.039,42.588,23.997,230.0,251,False,97.624,"[None, 2048, 2048, 2048, 2048, 2048, 2048, 2048, 2048, 2049]","[2048, 2048, 2048, 2048, 2048, 2048, 2048, 2048, 2048, 2048, 2049]","[2048, 2048, 2048, 2048, 2048, 2048, 2048]",299.0
1229,9472,20,14,2024-03-02T15:25:34.459000+00:00,30.826,42.424,24.34,234.0,255,False,97.59,"[None, 2048, 2048, 2048, 2048, 2049, 2049, 2048, 2048, 2049]","[2048, 2049, 2048, 2049, 2048, 2051, 2048, 2048, 2048, 2048, 2048]","[2048, 2049, 2049, 2048, 2048, 2048, 2048]",313.0
1229,9472,31,14,2024-03-02T15:25:36.904000+00:00,31.174,42.329,24.034,,255,False,97.537,"[None, 2048, 2048, 2049, 2048, 2049, 2048, 2048, 2049, 2048]","[2049, 2048, 2048, 2048, 2048, 2048, 2048, 2048, 2048, 2049, 2049]","[2048, 2048, 2048, 2048, 2048, 2048, 2048]",292.0
1229,9472,27,14,2024-03-02T15:25:42.372000+00:00,30.998,42.63,24.251,235.0,251,False,97.879,"[None, 2049, 2049, 2049, 2048, 2048, 2048, 2049, 2048, 2048]","[2048, 2048, 2048, 2048, 2048, 2048, 2049, 2049, 2048, 2049, 2049]","[2048, 2048, 2048, 2049, 2048, 2048, 2049]",302.0
1229,9472,10,14,2024-03-02T15:25:45.604000+00:00,31.44,42.233,24.016,235.0,255,False,97.689,"[2048, 2048, 2048, 2049, 2048, 2048, 2048, 2048, 2048, 2049]","[2048, 2048, 2049, 2049, 2048, 2048, 2048, 2049, 2048, 2048, 2049]","[2049, 2048, 2049, 2048, 2049, 2048, 2048]",296.0
1229,9472,77,14,2024-03-02T15:25:45.976000+00:00,30.501,42.067,23.886,,257,False,96.454,"[2048, 2048, 2048, 2051, 2049, 2049, 2048, 2048, 2049, 2048]","[2049, 2049, 2049, 2048, 2049, 2048, 2048, 2048, 2049, 2049, 2049]","[2049, 2049, 2048, 2048, 2049, 2048, 2048]",321.0
1229,9472,1,15,2024-03-02T15:26:20.469000+00:00,30.887,42.058,24.066,232.0,254,False,97.011,"[None, 2049, 2048, 2049, 2048, 2048, 2048, 2048, 2051, 2048]","[2048, 2048, 2048, 2048, 2048, 2048, 2049, 2048, 2048, 2048, 2048]","[2048, 2048, 2048, 2048, 2048, 2048, 2048]",
1229,9472,55,15,2024-03-02T15:26:35.190000+00:00,51.656,42.013,23.556,236.0,252,True,117.225,"[2064, 2064, 2064, 2048, 2048, 2048, 2048, 2048, 2048, 2049]","[2048, 2048, 2048, 2048, 2049, 2048, 2048, 2048, 2048, 2049, 2048]","[2049, 2049, 2049, 2048, 2049, 2048, 2048]",220.0
1229,9472,14,15,2024-03-02T15:26:45.326000+00:00,31.48,42.707,26.914,,249,False,101.101,"[None, 2048, 2048, 2048, 2048, 2048, 2048, 2048, 2049, 2048]","[2049, 2049, 2048, 2048, 2048, 2048, 2048, 2048, 2049, 2048, 2048]","[2048, 2048, 2048, 2048, 2048, 2048, 2064]",
1229,9472,22,15,2024-03-02T15:26:50.268000+00:00,52.618,42.949,24.021,235.0,259,True,119.588,"[2064, 2064, 2064, 2048, 2048, 2048, 2048, 2048, 2048, 2049]","[2048, 2048, 2048, 2051, 2048, 2048, 2048, 2048, 2048, 2048, 2049]","[2049, 2049, 2049, 2048, 2049, 2049, 2049]",219.0
1229,9472,23,15,2024-03-02T15:26:50.290000+00:00,31.51,42.741,26.92,233.0,256,False,101.171,"[None, 2048, 2048, 2048, 2048, 2048, 2048, 2048, 2048, 2048]","[2049, 2049, 2048, 2048, 2048, 2048, 2048, 2048, 2048, 2048, 2049]","[2048, 2048, 2048, 2048, 2048, 2048, 2064]",293.0
1229,9472,11,15,2024-03-02T15:26:52.469000+00:00,30.785,41.795,24.235,229.0,255,False,96.815,"[2048, 2048, 2048, 2048, 2049, 2048, 2048, 2048, 2048, 2048]","[2049, 2048, 2048, 2048, 2048, 2048, 2048, 2049, 2048, 2048, 2048]","[2048, 2048, 2048, 2048, 2048, 2048, 2048]",299.0
1229,9472,63,15,2024-03-02T15:26:53.936000+00:00,31.038,42.152,23.732,230.0,251,False,96.922,"[2048, 2048, 2048, 2048, 2048, 2048, 2048, 2048, 2048, 2048]","[2049, 2048, 2048, 2048, 2048, 2048, 2048, 2048, 2048, 2048, 2048]","[2048, 2048, 2048, 2048, 2048, 2049, 2048]",291.0
1229,9472,2,14,2024-03-02T15:26:53.936000+00:00,34.301,43.043,24.126,215.0,258,False,101.47,"[None, 2048, 2048, 2048, 2048, 2048, 2048, 2048, 2048, 2048]","[2048, 2048, 2048, 2048, 2048, 2048, 2048, 2048, 2048, 2048, 2049]","[2048, 2048, 2048, 2049, 2048, 2048, 2048]",255.0
1229,9472,16,15,2024-03-02T15:26:54.922000+00:00,30.831,42.256,23.726,,244,False,96.813,"[None, 2048, 2048, 2048, 2048, 2048, 2049, 2049, 2048, 2048]","[2048, 2048, 2048, 2048, 2048, 2048, 2049, 2049, 2048, 2048, 2048]","[2048, 2048, 2048, 2048, 2048, 2048, 2048]",298.0
1229,9472,4,15,2024-03-02T15:27:00.555000+00:00,31.011,42.058,23.843,234.0,244,False,96.912,"[2048, 2048, 2048, 2048, 2048, 2048, 2048, 2048, 2048, 2048]","[2048, 2048, 2048, 2048, 2048, 2048, 2048, 2048, 2048, 2048, 2048]","[2048, 2048, 2048, 2048, 2048, 2048]",294.0
1229,9472,81,15,2024-03-02T15:27:02.452000+00:00,31.008,41.928,23.887,235.0,256,False,96.823,"[None, 2048, 2048, 2048, 2048, 2048, 2048, 2048, 2048, 2048]","[2049, 2048, 2048, 2049, 2048, 2048, 2048, 2048, 2048, 2049, 2048]","[2048, 2048, 2048, 2048, 2048, 2048, 2048]",302.0
1229,9472,44,15,2024-03-02T15:27:04.916000+00:00,31.095,42.315,23.854,229.0,243,False,97.264,"[None, 2048, 2048, 2048, 2048, 2048, 2048, 2048, 2049, 2048]","[2048, 2049, 2048, 2048, 2049, 2048, 2048, 2048, 2049, 2048, 2048]","[2048, 2048, 2048, 2048, 2048, 2049, 2048]",
1229,9472,24,15,2024-03-02T15:27:09.327000+00:00,31.03,42.429,24.041,231.0,242,False,97.5,"[None, 2048, 2048, 2049, 2048, 2048, 2048, 2048, 2048, 2048]","[2048, 2048, 2048, 2048, 2048, 2048, 2048, 2048, 2048, 2048, 2048]","[2048, 2048, 2048, 2048, 2048, 2048, 2048]",
1229,9472,18,15,2024-03-02T15:27:11.408000+00:00,30.928,42.631,23.974,226.0,250,False,97.533,"[None, 2048, 2048, 2049, 2048, 2048, 2051, 2051, 2048, 2048]","[2048, 2048, 2048, 2048, 2048, 2048, 2048, 2048, 2048, 2048, 2049]","[2048, 2048, 2048, 2049, 2048, 2048, 2048]",300.0
1229,9472,20,15,2024-03-02T15:27:12.091000+00:00,31.154,42.886,24.292,232.0,257,False,98.332,"[None, 2048, 2048, 2048, 2048, 2048, 2048, 2048, 2048, 2048]","[2048, 2048, 2048, 2048, 2048, 2048, 2049, 2048, 2048, 2049, 2048]","[2048, 2048, 2048, 2048, 2048, 2049, 2051]",319.0
1229,9472,31,15,2024-03-02T15:27:14.411000+00:00,31.282,42.383,24.178,229.0,254,False,97.843,"[None, 2048, 2048, 2048, 2048, 2049, 2048, 2048, 2049, 2048]","[2048, 2049, 2048, 2048, 2048, 2048, 2048, 2048, 2048, 2048, 2048]","[2048, 2048, 2048, 2048, 2048, 2048, 2048]",290.0
1229,9472,3,15,2024-03-02T15:27:19.085000+00:00,31.083,42.053,23.934,235.0,253,False,97.07,"[2048, 2048, 2048, 2049, 2049, 2048, 2048, 2048, 2048, 2049]","[2049, 2049, 2049, 2049, 2049, 2049, 2048, 2048, 2049, 2049, 2048]","[2048, 2049, 2049, 2048, 2049, 2048, 2048]",299.0
1229,9472,27,15,2024-03-02T15:27:20.329000+00:00,31.168,42.609,24.333,233.0,251,False,98.11,"[None, 2049, 2049, 2048, 2048, 2048, 2049, 2049, 2048, 2048]","[2048, 2048, 2048, 2048, 2048, 2048, 2048, 2048, 2048, 2049, 2049]","[2048, 2048, 2048, 2048, 2048, 2048, 2048]",304.0
1229,9472,77,15,2024-03-02T15:27:22.430000+00:00,31.063,42.254,23.97,,253,False,97.287,"[None, 2048, 2048, 2048, 2048, 2048, 2048, 2048, 2049, 2048]","[2048, 2048, 2048, 2048, 2049, 2048, 2048, 2048, 2048, 2048, 2048]","[2048, 2049, 2048, 2048, 2048, 2048, 2048]",303.0
1229,9472,10,15,2024-03-02T15:27:23.268000+00:00,30.978,42.383,24.131,227.0,254,False,97.492,"[None, 2048, 2048, 2049, 2049, 2048, 2048, 2048, 2048, 2048]","[2048, 2048, 2048, 2048, 2048, 2048, 2048, 2048, 2048, 2048, 2048]","[2049, 2048, 2048, 2048, 2048, 2048, 2048]",311.0
1229,9472,1,16,2024-03-02T15:27:57.507000+00:00,31.048,42.032,24.088,233.0,260,False,97.168,"[2048, 2048, 2048, 2048, 2048, 2048, 2048, 2049, 2048, 2048]","[2049, 2048, 2048, 2048, 2048, 2048, 2048, 2049, 2048, 2048, 2049]","[2048, 2048, 2048, 2049, 2048, 2048, 2048]",292.0
1229,9472,14,16,2024-03-02T15:28:26.320000+00:00,52.462,42.357,23.995,233.0,237,True,118.814,"[2064, 2064, 2064, 2048, 2048, 2048, 2048, 2048, 2048, 2048]","[2048, 2048, 2049, 2048, 2049, 2048, 2049, 2048, 2048, 2048, 2048]","[2048, 2049, 2049, 2048, 2048, 2049, 2049]",220.0
1229,9472,11,16,2024-03-02T15:28:29.313000+00:00,30.569,41.558,23.656,228.0,256,False,95.783,"[None, 2048, 2048, 2049, 2049, 2048, 2048, 2048, 2048, 2048]","[2051, 2051, 2048, 2048, 2049, 2048, 2048, 2048, 2049, 2048, 2048]","[2049, 2048, 2048, 2048, 2051, 2048, 2048]",316.0
1229,9472,63,16,2024-03-02T15:28:30.769000+00:00,31.03,42.084,23.569,227.0,257,False,96.683,"[None, 2048, 2048, 2048, 2048, 2048, 2048, 2048, 2048, 2048]","[2048, 2049, 2048, 2048, 2048, 2048, 2048, 2048, 2048, 2048, 2049]","[2049, 2048, 2048, 2048, 2049, 2048]",295.0
1229,9472,23,16,2024-03-02T15:28:31.478000+00:00,52.731,42.591,24.019,232.0,258,True,119.341,"[2064, 2064, 2064, 2048, 2048, 2048, 2048, 2048, 2048, 2048]","[2048, 2048, 2049, 2048, 2048, 2048, 2048, 2049, 2048, 2049, 2049]","[2049, 2049, 2049, 2048, 2048, 2049, 2049]",217.0
1229,9472,16,16,2024-03-02T15:28:31.703000+00:00,30.606,42.32,23.747,,259,False,96.673,"[None, 2049, 2049, 2049, 2048, 2048, 2049, 2048, 2048, 2048]","[2048, 2048, 2048, 2048, 2048, 2048, 2049, 2049, 2048, 2048, 2048]","[2048, 2048, 2049, 2048, 2048, 2048]",320.0
1229,9472,55,16,2024-03-02T15:28:32.415000+00:00,30.412,42.131,23.833,,247,False,96.376,"[2048, 2048, 2048, 2049, 2048, 2048, 2049, 2049, 2048, 2048]","[2048, 2048, 2049, 2049, 2048, 2051, 2051, 2051, 2048, 2048, 2048]","[2048, 2048, 2051, 2051, 2048, 2048, 2049]",325.0
1229,9472,2,15,2024-03-02T15:28:35.301000+00:00,31.044,42.414,24.136,228.0,259,False,97.594,"[None, 2048, 2048, 2048, 2049, 2049, 2048, 2048, 2049, 2048]","[2049, 2048, 2048, 2048, 2048, 2048, 2048, 2048, 2049, 2048, 2049]","[2048, 2048, 2048, 2048, 2048, 2048, 2048]",303.0
1229,9472,4,16,2024-03-02T15:28:37.388000+00:00,30.716,42.031,23.818,233.0,249,False,96.565,"[None, 2048, 2048, 2049, 2049, 2048, 2048, 2048, 2048, 2048]","[2048, 2048, 2048, 2048, 2049, 2048, 2048, 2048, 2048, 2048, 2048]","[2048, 2048, 2048, 2048, 2049, 2048]",298.0
1229,9472,81,16,2024-03-02T15:28:39.182000+00:00,30.706,41.849,23.872,,258,False,96.427,"[None, 2048, 2048, 2048, 2049, 2048, 2048, 2048, 2048, 2049]","[2048, 2049, 2048, 2049, 2048, 2048, 2048, 2048, 2048, 2048, 2049]","[2048, 2048, 2048, 2048, 2048, 2048, 2048]",305.0
1229,9472,44,16,2024-03-02T15:28:42.195000+00:00,31.165,42.207,23.719,,243,False,97.091,"[None, 2048, 2048, 2048, 2048, 2048, 2048, 2048, 2048, 2048]","[2048, 2049, 2048, 2048, 2048, 2048, 2048, 2048, 2048, 2048, 2048]","[2048, 2048, 2049, 2048, 2048, 2048, 2048]",286.0
1229,9472,24,16,2024-03-02T15:28:46.855000+00:00,31.166,42.398,24.095,,241,False,97.659,"[None, 2048, 2048, 2049, 2048, 2048, 2048, 2048, 2048, 2048]","[2048, 2048, 2048, 2048, 2048, 2048, 2048, 2048, 2048, 2048, 2048]","[2048, 2048, 2048, 2048, 2048, 2048, 2048]",301.0
1229,9472,18,16,2024-03-02T15:28:48.848000+00:00,31.238,42.753,24.036,,249,False,98.027,"[None, 2048, 2048, 2048, 2048, 2048, 2048, 2048, 2048, 2048]","[2048, 2048, 2048, 2048, 2048, 2048, 2048, 2048, 2048, 2048, 2048]","[2048, 2048, 2049, 2048, 2048, 2048]",296.0
1229,9472,22,16,2024-03-02T15:28:49.899000+00:00,30.895,42.677,23.944,229.0,253,False,97.516,"[2048, 2048, 2048, 2048, 2048, 2048, 2049, 2048, 2048, 2048]","[2048, 2048, 2049, 2048, 2048, 2048, 2048, 2048, 2048, 2048, 2048]","[2048, 2049, 2049, 2049, 2048, 2051, 2049]",300.0
1229,9472,20,16,2024-03-02T15:28:50.418000+00:00,30.774,42.696,24.279,233.0,255,False,97.749,"[2051, 2048, 2048, 2048, 2048, 2049, 2049, 2048, 2048, 2048]","[2048, 2048, 2048, 2049, 2048, 2048, 2048, 2048, 2048, 2048, 2048]","[2048, 2048, 2048, 2048, 2048, 2048, 2048]",324.0
1229,9472,31,16,2024-03-02T15:28:52.320000+00:00,31.35,42.448,24.104,228.0,254,False,97.902,"[None, 2048, 2048, 2049, 2048, 2048, 2048, 2049, 2048, 2048]","[2048, 2048, 2048, 2048, 2048, 2048, 2048, 2048, 2048, 2048, 2048]","[2048, 2048, 2048, 2048, 2048, 2048]",293.0
1229,9472,3,16,2024-03-02T15:28:56.218000+00:00,30.966,42.237,23.973,234.0,248,False,97.176,"[None, 2048, 2048, 2048, 2049, 2049, 2048, 2048, 2049, 2048]","[2048, 2049, 2048, 2048, 2048, 2048, 2048, 2048, 2048, 2048, 2048]","[2048, 2048, 2049, 2049, 2048, 2048, 2048]",298.0
1229,9472,27,16,2024-03-02T15:28:58.432000+00:00,31.184,42.535,24.077,231.0,253,False,97.796,"[2048, 2048, 2048, 2048, 2048, 2048, 2048, 2048, 2048, 2048]","[2048, 2048, 2048, 2048, 2048, 2048, 2048, 2048, 2049, 2049, 2049]","[2048, 2048, 2048, 2048, 2048, 2048, 2048]",
1229,9472,77,16,2024-03-02T15:28:59.697000+00:00,31.204,42.422,24.092,,253,False,97.718,"[None, 2048, 2048, 2048, 2048, 2048, 2048, 2048, 2048, 2048]","[2048, 2049, 2048, 2048, 2048, 2048, 2048, 2048, 2048, 2049, 2048]","[2048, 2048, 2048, 2048, 2048, 2048, 2048]",295.0
1229,9472,10,16,2024-03-02T15:29:00.742000+00:00,30.874,42.396,24.251,228.0,255,False,97.521,"[None, 2048, 2048, 2049, 2048, 2048, 2049, 2048, 2049, 2048]","[2048, 2049, 2048, 2048, 2049, 2049, 2048, 2048, 2048, 2048, 2049]","[2048, 2048, 2048, 2048, 2048, 2048, 2048]",309.0
1229,9472,1,17,2024-03-02T15:29:34.687000+00:00,31.006,42.06,26.83,232.0,262,False,99.896,"[None, 2049, 2049, 2049, 2048, 2048, 2049, 2048, 2048, 2048]","[2049, 2048, 2048, 2048, 2048, 2048, 2048, 2048, 2048, 2048, 2051]","[2048, 2048, 2048, 2048, 2048, 2048, 2064]",293.0
1229,9472,11,17,2024-03-02T15:30:05.086000+00:00,30.922,41.823,23.709,,258,False,96.454,"[None, 2048, 2048, 2048, 2049, 2048, 2048, 2048, 2048, 2048]","[2048, 2048, 2048, 2048, 2048, 2048, 2048, 2048, 2048, 2048, 2048]","[2049, 2048, 2048, 2048, 2048, 2048, 2048]",294.0
1229,9472,63,17,2024-03-02T15:30:07.342000+00:00,30.747,41.766,23.721,228.0,256,False,96.234,"[None, 2048, 2048, 2048, 2048, 2049, 2048, 2048, 2049, 2048]","[2049, 2049, 2048, 2048, 2048, 2048, 2048, 2048, 2049, 2048, 2048]","[2049, 2048, 2048, 2048, 2048, 2048, 2048]",298.0
1229,9472,16,17,2024-03-02T15:30:08.227000+00:00,31.109,42.332,23.861,233.0,246,False,97.302,"[None, 2048, 2048, 2048, 2048, 2048, 2049, 2048, 2048, 2048]","[2048, 2048, 2048, 2048, 2048, 2048, 2048, 2051, 2048, 2048, 2048]","[2048, 2048, 2048, 2048, 2048, 2048, 2048]",318.0
1229,9472,55,17,2024-03-02T15:30:08.672000+00:00,30.202,41.758,23.547,233.0,251,False,95.507,"[2049, 2049, 2049, 2051, 2049, 2048, 2048, 2048, 2048, 2048]","[2048, 2049, 2049, 2048, 2048, 2048, 2048, 2048, 2048, 2048, 2048]","[2048, 2048, 2048, 2051, 2049, 2048]",332.0
1229,9472,2,16,2024-03-02T15:30:12.933000+00:00,34.383,42.896,24.091,232.0,256,False,101.37,"[None, 2048, 2048, 2048, 2048, 2048, 2048, 2048, 2048, 2048]","[2048, 2048, 2048, 2048, 2048, 2048, 2048, 2048, 2048, 2048, 2048]","[2048, 2048, 2049, 2049, 2048, 2048, 2048]",227.0
1229,9472,4,17,2024-03-02T15:30:13.916000+00:00,31.049,41.973,23.754,,248,False,96.776,"[None, 2048, 2048, 2048, 2048, 2048, 2048, 2048, 2048, 2048]","[2051, 2048, 2048, 2048, 2048, 2048, 2048, 2048, 2048, 2048, 2048]","[2048, 2049, 2048, 2048, 2049, 2048, 2048]",296.0
1229,9472,81,17,2024-03-02T15:30:15.550000+00:00,30.863,42.13,23.879,236.0,259,False,96.872,"[None, 2048, 2048, 2048, 2048, 2048, 2048, 2048, 2048, 2048]","[2048, 2048, 2048, 2048, 2048, 2048, 2048, 2048, 2048, 2049, 2048]","[2048, 2048, 2048, 2049, 2048, 2048, 2048]",304.0
1229,9472,44,17,2024-03-02T15:30:19.310000+00:00,30.738,42.64,23.733,231.0,247,False,97.111,"[None, 2048, 2048, 2048, 2049, 2048, 2048, 2048, 2049, 2048]","[2048, 2048, 2048, 2048, 2048, 2048, 2048, 2048, 2048, 2048, 2048]","[2048, 2048, 2049, 2048, 2048, 2048, 2048]",295.0
1229,9472,24,17,2024-03-02T15:30:24.608000+00:00,31.431,42.856,24.188,236.0,247,False,98.475,"[None, 2048, 2048, 2048, 2048, 2048, 2048, 2048, 2048, 2048]","[2048, 2048, 2048, 2048, 2048, 2048, 2048, 2048, 2048, 2048, 2048]","[2048, 2048, 2049, 2049, 2048, 2048, 2048]",295.0
1229,9472,14,17,2024-03-02T15:30:25.266000+00:00,30.546,42.572,23.852,232.0,237,False,96.97,"[2049, 2048, 2048, 2048, 2048, 2049, 2051, 2049, 2049, 2048]","[2048, 2048, 2048, 2048, 2049, 2048, 2048, 2048, 2048, 2048, 2048]","[2049, 2048, 2048, 2048, 2048, 2048, 2048]",310.0
1229,9472,18,17,2024-03-02T15:30:26.910000+00:00,31.663,42.958,24.156,227.0,245,False,98.777,"[None, 2048, 2048, 2048, 2048, 2048, 2048, 2048, 2048, 2048]","[2048, 2048, 2048, 2048, 2048, 2048, 2048, 2049, 2048, 2048, 2048]","[2048, 2048, 2049, 2049, 2048, 2048, 2048]",291.0
1229,9472,22,17,2024-03-02T15:30:27.374000+00:00,30.908,42.625,23.949,223.0,241,False,97.482,"[2049, 2049, 2049, 2048, 2048, 2049, 2048, 2048, 2048, 2048]","[2048, 2049, 2049, 2048, 2049, 2048, 2048, 2048, 2048, 2048, 2048]","[2048, 2048, 2048, 2048, 2049, 2048, 2048]",320.0
1229,9472,20,17,2024-03-02T15:30:28.161000+00:00,30.953,42.957,24.372,232.0,253,False,98.282,"[2048, 2048, 2048, 2048, 2048, 2048, 2048, 2048, 2048, 2048]","[2048, 2048, 2048, 2048, 2048, 2048, 2048, 2048, 2048, 2048, 2048]","[2048, 2048, 2048, 2048, 2048, 2048, 2048]",315.0
1229,9472,31,17,2024-03-02T15:30:30.104000+00:00,31.653,43.083,24.175,232.0,253,False,98.911,"[None, 2048, 2048, 2048, 2048, 2048, 2048, 2048, 2048, 2048]","[2048, 2048, 2048, 2048, 2048, 2048, 2048, 2048, 2048, 2048, 2048]","[2048, 2048, 2049, 2048, 2048, 2048, 2048]",301.0
1229,9472,23,17,2024-03-02T15:30:30.851000+00:00,30.812,42.564,24.016,225.0,250,False,97.392,"[2049, 2048, 2049, 2049, 2048, 2048, 2049, 2051, 2048, 2048]","[2048, 2049, 2049, 2048, 2049, 2048, 2048, 2048, 2048, 2049, 2048]","[2049, 2049, 2048, 2048, 2049, 2048, 2048]",330.0
1229,9472,3,17,2024-03-02T15:30:33.373000+00:00,30.789,42.42,24.081,235.0,252,False,97.29,"[None, 2048, 2048, 2048, 2049, 2049, 2048, 2048, 2048, 2048]","[2048, 2048, 2048, 2049, 2048, 2048, 2048, 2048, 2048, 2048, 2048]","[2048, 2048, 2048, 2049, 2048, 2048, 2048]",302.0
1229,9472,27,17,2024-03-02T15:30:36.112000+00:00,31.181,42.572,24.138,233.0,251,False,97.891,"[None, 2048, 2048, 2048, 2048, 2048, 2048, 2048, 2048, 2048]","[2048, 2048, 2048, 2048, 2048, 2048, 2048, 2048, 2048, 2048, 2048]","[2048, 2048, 2048, 2048, 2048, 2048, 2048]",
1229,9472,77,17,2024-03-02T15:30:37.457000+00:00,31.183,42.454,24.128,232.0,253,False,97.765,"[None, 2048, 2048, 2048, 2048, 2048, 2048, 2048, 2049, 2048]","[2048, 2048, 2048, 2048, 2048, 2048, 2048, 2048, 2048, 2048, 2048]","[2048, 2048, 2048, 2048, 2048, 2048, 2048]",297.0
1229,9472,10,17,2024-03-02T15:30:38.229000+00:00,31.153,42.548,24.248,,250,False,97.949,"[None, 2048, 2048, 2049, 2048, 2048, 2048, 2048, 2048, 2048]","[2049, 2048, 2048, 2048, 2048, 2048, 2048, 2048, 2048, 2048, 2048]","[2048, 2048, 2048, 2048, 2048, 2048, 2048]",310.0
1229,9472,1,18,2024-03-02T15:31:14.461000+00:00,52.815,41.511,23.528,232.0,252,True,117.854,"[2064, 2064, 2064, 2048, 2048, 2048, 2048, 2048, 2048, 2048]","[2048, 2048, 2048, 2049, 2048, 2049, 2049, 2048, 2048, 2049, 2048]","[2051, 2049, 2049, 2048, 2048, 2049, 2049]",212.0
1229,9472,11,18,2024-03-02T15:31:41.574000+00:00,30.803,41.835,23.673,235.0,259,False,96.311,"[None, 2048, 2048, 2048, 2048, 2048, 2048, 2048, 2049, 2048]","[2048, 2048, 2048, 2048, 2048, 2048, 2048, 2048, 2049, 2048, 2048]","[2049, 2049, 2048, 2048, 2048, 2048, 2048]",291.0
1229,9472,63,18,2024-03-02T15:31:43.804000+00:00,31.462,42.532,23.825,232.0,257,False,97.819,"[None, 2048, 2048, 2048, 2048, 2048, 2048, 2048, 2048, 2048]","[2048, 2048, 2048, 2048, 2048, 2048, 2048, 2048, 2048, 2048, 2048]","[2048, 2048, 2048, 2048, 2048, 2048, 2048]",290.0
1229,9472,55,18,2024-03-02T15:31:44.184000+00:00,30.59,41.964,23.534,,249,False,96.088,"[2048, 2048, 2048, 2048, 2048, 2048, 2048, 2049, 2049, 2049]","[2048, 2048, 2048, 2048, 2048, 2048, 2048, 2048, 2051, 2049, 2048]","[2049, 2048, 2048, 2048, 2049, 2048, 2048]",322.0
1229,9472,16,18,2024-03-02T15:31:45.651000+00:00,31.18,42.467,23.791,,243,False,97.438,"[None, 2048, 2048, 2048, 2048, 2048, 2048, 2048, 2048, 2048]","[2048, 2048, 2048, 2048, 2048, 2048, 2048, 2048, 2048, 2048, 2048]","[2048, 2048, 2048, 2048, 2048, 2048, 2048]",298.0
1229,9472,4,18,2024-03-02T15:31:50.859000+00:00,30.803,41.777,23.928,232.0,251,False,96.508,"[None, 2048, 2048, 2048, 2048, 2048, 2048, 2048, 2048, 2048]","[2048, 2049, 2048, 2048, 2048, 2048, 2048, 2048, 2048, 2048, 2048]","[2048, 2048, 2048, 2048, 2048, 2048, 2048]",
1229,9472,81,18,2024-03-02T15:31:52.578000+00:00,30.958,42.15,23.987,233.0,256,False,97.095,"[None, 2048, 2048, 2048, 2048, 2048, 2048, 2048, 2048, 2048]","[2048, 2048, 2048, 2048, 2048, 2048, 2048, 2048, 2048, 2049, 2048]","[2048, 2048, 2048, 2048, 2048, 2048, 2048]",
1229,9472,2,17,2024-03-02T15:31:54.254000+00:00,31.181,42.77,25.807,230.0,256,False,99.758,"[None, 2048, 2048, 2048, 2049, 2048, 2048, 2048, 2048, 2048]","[2048, 2049, 2048, 2048, 2048, 2048, 2048, 2048, 2048, 2048, 2048]","[2048, 2048, 2048, 2048, 2048, 2048, 2048]",294.0
1229,9472,44,18,2024-03-02T15:31:56.534000+00:00,30.825,42.221,23.804,,250,False,96.85,"[None, 2048, 2048, 2048, 2048, 2048, 2048, 2048, 2048, 2048]","[2049, 2048, 2048, 2048, 2048, 2048, 2048, 2048, 2048, 2049, 2048]","[2048, 2048, 2049, 2049, 2048, 2048, 2048]",
1229,9472,14,18,2024-03-02T15:32:02.084000+00:00,31.136,42.381,23.844,,234,False,97.361,"[2048, 2048, 2048, 2048, 2049, 2048, 2048, 2048, 2048, 2048]","[2048, 2048, 2048, 2048, 2048, 2048, 2048, 2048, 2049, 2048, 2048]","[2048, 2048, 2048, 2048, 2048, 2048, 2048]",291.0
1229,9472,24,18,2024-03-02T15:32:03.062000+00:00,30.919,42.585,24.048,233.0,244,False,97.552,"[None, 2048, 2048, 2048, 2048, 2048, 2048, 2048, 2048, 2048]","[2048, 2048, 2048, 2048, 2048, 2048, 2048, 2048, 2048, 2048, 2048]","[2048, 2048, 2048, 2048, 2048, 2048, 2048]",312.0
1229,9472,22,18,2024-03-02T15:32:04.756000+00:00,30.973,42.336,24.05,229.0,249,False,97.359,"[2048, 2048, 2048, 2048, 2049, 2048, 2048, 2048, 2048, 2048]","[2048, 2049, 2048, 2048, 2049, 2048, 2048, 2048, 2048, 2048, 2048]","[2048, 2048, 2048, 2048, 2048, 2048, 2048]",304.0
1229,9472,18,18,2024-03-02T15:32:05.759000+00:00,30.775,42.503,24.139,228.0,253,False,97.417,"[None, 2048, 2048, 2048, 2048, 2048, 2048, 2048, 2048, 2048]","[2048, 2048, 2048, 2048, 2048, 2048, 2048, 2049, 2048, 2048, 2049]","[2048, 2048, 2048, 2048, 2048, 2048, 2048]",324.0
1229,9472,20,18,2024-03-02T15:32:06.501000+00:00,30.69,42.526,24.367,,252,False,97.583,"[None, 2048, 2048, 2048, 2048, 2048, 2048, 2049, 2048, 2048]","[2048, 2048, 2048, 2048, 2048, 2048, 2048, 2049, 2048, 2048, 2048]","[2048, 2048, 2048, 2048, 2048, 2048, 2048]",320.0
1229,9472,23,18,2024-03-02T15:32:08.194000+00:00,31.214,42.369,24.007,230.0,250,False,97.59,"[2048, 2048, 2048, 2048, 2048, 2048, 2048, 2048, 2048, 2048]","[2048, 2048, 2048, 2048, 2048, 2048, 2048, 2048, 2049, 2048, 2048]","[2049, 2049, 2049, 2048, 2048, 2048, 2048]",294.0
1229,9472,31,18,2024-03-02T15:32:09.135000+00:00,31.12,42.845,24.155,230.0,253,False,98.12,"[None, 2048, 2048, 2048, 2048, 2048, 2049, 2048, 2048, 2048]","[2048, 2048, 2048, 2048, 2048, 2048, 2048, 2048, 2048, 2048, 2048]","[2048, 2048, 2048, 2048, 2048, 2048, 2048]",310.0
1229,9472,3,18,2024-03-02T15:32:10.639000+00:00,30.949,42.517,24.234,234.0,251,False,97.7,"[None, 2048, 2048, 2048, 2048, 2049, 2048, 2048, 2048, 2048]","[2048, 2048, 2048, 2048, 2048, 2048, 2048, 2048, 2048, 2048, 2048]","[2048, 2048, 2048, 2049, 2048, 2048, 2048]",298.0
1229,9472,27,18,2024-03-02T15:32:14.045000+00:00,31.05,42.946,24.22,,249,False,98.216,"[None, 2048, 2048, 2048, 2048, 2048, 2048, 2048, 2048, 2048]","[2048, 2048, 2048, 2048, 2048, 2048, 2048, 2048, 2048, 2048, 2048]","[2048, 2048, 2048, 2048, 2048, 2048, 2048]",
1229,9472,77,18,2024-03-02T15:32:15.210000+00:00,31.142,42.597,24.179,,247,False,97.918,"[None, 2048, 2048, 2048, 2048, 2048, 2048, 2048, 2048, 2048]","[2048, 2049, 2048, 2048, 2048, 2048, 2048, 2048, 2048, 2048, 2048]","[2048, 2048, 2048, 2048, 2048, 2048, 2048]",299.0
1229,9472,10,18,2024-03-02T15:32:16.230000+00:00,30.98,42.45,24.361,229.0,251,False,97.791,"[None, 2048, 2048, 2048, 2048, 2048, 2048, 2048, 2048, 2048]","[2049, 2048, 2048, 2048, 2048, 2048, 2048, 2048, 2048, 2048, 2048]","[2048, 2048, 2048, 2048, 2048, 2048, 2048]",312.0
1229,9472,1,19,2024-03-02T15:33:12.478000+00:00,30.628,41.162,23.493,233.0,248,False,95.283,"[2048, 2048, 2048, 2048, 2051, 2048, 2049, 2048, 2051, 2049]","[2048, 2051, 2051, 2049, 2048, 2049, 2049, 2048, 2048, 2048, 2048]","[2048, 2049, 2049, 2048, 2048, 2048]",288.0
1229,9472,11,19,2024-03-02T15:33:17.856000+00:00,30.702,41.633,23.703,236.0,254,False,96.038,"[None, 2048, 2048, 2048, 2048, 2048, 2048, 2048, 2049, 2048]","[2048, 2048, 2048, 2048, 2048, 2048, 2048, 2048, 2049, 2048, 2048]","[2048, 2048, 2048, 2048, 2048, 2048, 2048]",298.0
1229,9472,55,19,2024-03-02T15:33:20.251000+00:00,30.805,41.897,23.534,234.0,248,False,96.236,"[None, 2048, 2048, 2048, 2048, 2048, 2048, 2048, 2048, 2048]","[2048, 2048, 2048, 2048, 2049, 2048, 2048, 2048, 2048, 2048, 2048]","[2049, 2048, 2048, 2048, 2048, 2048, 2048]",293.0
1229,9472,63,19,2024-03-02T15:33:21.541000+00:00,31.101,42.267,23.865,228.0,247,False,97.233,"[None, 2048, 2048, 2048, 2048, 2048, 2048, 2048, 2048, 2048]","[2048, 2048, 2048, 2048, 2048, 2048, 2048, 2048, 2048, 2048, 2048]","[2048, 2048, 2048, 2048, 2048, 2048, 2048]",293.0
1229,9472,16,19,2024-03-02T15:33:23.136000+00:00,30.986,42.03,23.805,234.0,262,False,96.821,"[None, 2048, 2048, 2048, 2048, 2048, 2048, 2048, 2049, 2048]","[2049, 2048, 2048, 2048, 2048, 2048, 2048, 2048, 2049, 2048, 2048]","[2048, 2048, 2048, 2048, 2048, 2048, 2048]",
1229,9472,4,19,2024-03-02T15:33:27.355000+00:00,30.87,41.774,23.772,235.0,254,False,96.416,"[None, 2048, 2048, 2048, 2048, 2048, 2048, 2048, 2048, 2048]","[2051, 2049, 2048, 2048, 2048, 2048, 2048, 2048, 2048, 2048, 2049]","[2049, 2048, 2048, 2048, 2048, 2048, 2048]",295.0
1229,9472,81,19,2024-03-02T15:33:29.643000+00:00,30.84,41.863,23.874,234.0,260,False,96.577,"[None, 2048, 2048, 2048, 2049, 2048, 2048, 2048, 2048, 2048]","[2049, 2048, 2048, 2048, 2048, 2048, 2048, 2048, 2048, 2048, 2049]","[2048, 2048, 2048, 2048, 2048, 2048, 2048]",303.0
1229,9472,44,19,2024-03-02T15:33:33.304000+00:00,30.848,42.131,23.715,232.0,252,False,96.694,"[None, 2048, 2048, 2048, 2048, 2048, 2048, 2048, 2048, 2048]","[2049, 2048, 2048, 2049, 2048, 2048, 2048, 2048, 2049, 2048, 2049]","[2048, 2048, 2049, 2048, 2048, 2048, 2048]",292.0
1229,9472,2,18,2024-03-02T15:33:34.073000+00:00,31.257,42.709,24.111,232.0,260,False,98.077,"[None, 2048, 2048, 2048, 2048, 2048, 2048, 2048, 2048, 2048]","[2048, 2049, 2048, 2048, 2048, 2048, 2048, 2048, 2048, 2048, 2049]","[2048, 2048, 2048, 2048, 2048, 2048, 2048]",291.0
1229,9472,14,19,2024-03-02T15:33:39.664000+00:00,30.967,42.236,23.869,,239,False,97.072,"[None, 2048, 2048, 2048, 2049, 2048, 2048, 2048, 2049, 2048]","[2049, 2048, 2048, 2048, 2049, 2048, 2048, 2048, 2048, 2048, 2048]","[2048, 2048, 2048, 2048, 2049, 2048, 2048]",297.0
1229,9472,24,19,2024-03-02T15:33:40.534000+00:00,30.887,42.658,24.107,231.0,245,False,97.652,"[None, 2048, 2048, 2048, 2048, 2048, 2048, 2048, 2048, 2048]","[2048, 2048, 2048, 2048, 2048, 2048, 2048, 2048, 2048, 2048, 2048]","[2048, 2048, 2048, 2048, 2048, 2048, 2048]",318.0
1229,9472,22,19,2024-03-02T15:33:42.194000+00:00,31.096,42.262,24.038,,257,False,97.396,"[None, 2048, 2048, 2049, 2048, 2048, 2048, 2048, 2049, 2048]","[2049, 2049, 2048, 2048, 2049, 2048, 2048, 2048, 2049, 2048, 2048]","[2049, 2048, 2048, 2048, 2048, 2048, 2048]",305.0
1229,9472,18,19,2024-03-02T15:33:43.194000+00:00,30.774,42.598,24.182,229.0,253,False,97.554,"[None, 2048, 2048, 2048, 2048, 2048, 2048, 2048, 2048, 2048]","[2048, 2048, 2048, 2048, 2048, 2048, 2048, 2049, 2048, 2048, 2049]","[2048, 2048, 2048, 2049, 2048, 2048, 2048]",317.0
1229,9472,20,19,2024-03-02T15:33:44.091000+00:00,30.82,42.677,24.295,,254,False,97.792,"[None, 2048, 2048, 2048, 2048, 2048, 2048, 2048, 2048, 2048]","[2048, 2048, 2048, 2048, 2048, 2048, 2048, 2048, 2048, 2048, 2048]","[2048, 2048, 2048, 2048, 2048, 2048, 2048]",321.0
1229,9472,23,19,2024-03-02T15:33:45.833000+00:00,31.357,42.448,23.958,229.0,247,False,97.763,"[None, 2048, 2048, 2048, 2048, 2048, 2048, 2048, 2048, 2048]","[2049, 2048, 2048, 2048, 2048, 2048, 2048, 2048, 2048, 2048, 2048]","[2048, 2048, 2048, 2048, 2049, 2048, 2048]",293.0
1229,9472,31,19,2024-03-02T15:33:47.226000+00:00,31.57,42.478,24.284,229.0,255,False,98.332,"[None, 2048, 2048, 2048, 2048, 2048, 2048, 2048, 2048, 2048]","[2048, 2049, 2048, 2048, 2048, 2048, 2048, 2048, 2048, 2048, 2048]","[2048, 2048, 2048, 2048, 2048, 2048, 2048]",295.0
1229,9472,3,19,2024-03-02T15:33:48.393000+00:00,31.051,42.983,24.316,,252,False,98.35,"[None, 2048, 2048, 2048, 2048, 2048, 2049, 2048, 2048, 2048]","[2048, 2048, 2048, 2049, 2048, 2048, 2048, 2048, 2048, 2048, 2048]","[2048, 2048, 2048, 2048, 2048, 2048, 2048]",303.0
1229,9472,27,19,2024-03-02T15:33:52.305000+00:00,31.07,42.542,24.25,232.0,253,False,97.862,"[None, 2048, 2048, 2048, 2048, 2048, 2048, 2048, 2048, 2048]","[2048, 2048, 2048, 2048, 2048, 2048, 2048, 2048, 2048, 2049, 2049]","[2048, 2048, 2048, 2048, 2048, 2048, 2048]",303.0
1229,9472,77,19,2024-03-02T15:33:53.037000+00:00,30.897,42.483,24.282,,252,False,97.662,"[None, 2048, 2048, 2048, 2048, 2048, 2048, 2048, 2048, 2048]","[2048, 2048, 2048, 2048, 2048, 2048, 2048, 2048, 2048, 2048, 2048]","[2048, 2048, 2048, 2048, 2048, 2048, 2048]",315.0
1229,9472,10,19,2024-03-02T15:33:54.035000+00:00,30.968,42.47,24.264,230.0,255,False,97.702,"[None, 2048, 2048, 2048, 2048, 2048, 2048, 2048, 2048, 2048]","[2048, 2048, 2048, 2048, 2048, 2048, 2048, 2048, 2048, 2048, 2049]","[2048, 2048, 2048, 2048, 2048, 2048, 2048]",311.0
1229,9472,1,20,2024-03-02T15:34:47.658000+00:00,30.585,41.1,23.475,,256,False,95.16,"[2049, 2048, 2048, 2048, 2051, 2048, 2048, 2048, 2048, 2048]","[2048, 2051, 2048, 2048, 2048, 2048, 2048, 2048, 2048, 2049, 2048]","[2051, 2048, 2048, 2048, 2048, 2048, 2049]",291.0
1229,9472,11,20,2024-03-02T15:34:53.893000+00:00,30.918,41.686,23.674,230.0,260,False,96.278,"[None, 2048, 2048, 2048, 2048, 2048, 2048, 2048, 2048, 2048]","[2048, 2049, 2048, 2048, 2048, 2048, 2048, 2048, 2048, 2048, 2048]","[2048, 2048, 2048, 2048, 2048, 2048, 2048]",
1229,9472,55,20,2024-03-02T15:34:56.624000+00:00,30.786,41.66,23.588,235.0,252,False,96.034,"[None, 2048, 2048, 2048, 2048, 2048, 2048, 2048, 2049, 2048]","[2048, 2049, 2048, 2048, 2049, 2048, 2048, 2048, 2048, 2048, 2048]","[2048, 2048, 2048, 2048, 2048, 2048, 2048]",297.0
1229,9472,63,20,2024-03-02T15:34:58.739000+00:00,30.862,42.099,23.771,229.0,250,False,96.732,"[None, 2048, 2048, 2048, 2048, 2048, 2048, 2048, 2048, 2048]","[2048, 2048, 2048, 2048, 2048, 2048, 2048, 2048, 2048, 2049, 2048]","[2048, 2048, 2048, 2048, 2048, 2048, 2048]",292.0
1229,9472,16,20,2024-03-02T15:34:59.925000+00:00,30.839,42.103,23.852,,262,False,96.794,"[None, 2048, 2048, 2048, 2048, 2048, 2048, 2048, 2049, 2048]","[2048, 2048, 2048, 2048, 2048, 2048, 2048, 2048, 2048, 2048, 2048]","[2048, 2048, 2048, 2048, 2048, 2048, 2048]",299.0
1229,9472,4,20,2024-03-02T15:35:03.732000+00:00,30.817,41.871,23.813,233.0,250,False,96.501,"[None, 2048, 2048, 2048, 2048, 2048, 2048, 2048, 2049, 2048]","[2051, 2048, 2048, 2048, 2048, 2048, 2048, 2048, 2049, 2049, 2048]","[2048, 2048, 2048, 2048, 2048, 2048, 2048]",
1229,9472,81,20,2024-03-02T15:35:06.210000+00:00,30.982,41.794,23.868,,263,False,96.644,"[None, 2048, 2048, 2048, 2048, 2048, 2048, 2048, 2048, 2048]","[2049, 2049, 2048, 2048, 2048, 2048, 2048, 2048, 2048, 2049, 2049]","[2048, 2048, 2048, 2048, 2048, 2048, 2048]",302.0
1229,9472,44,20,2024-03-02T15:35:10.110000+00:00,30.768,41.794,23.702,,254,False,96.264,"[None, 2048, 2048, 2048, 2048, 2049, 2048, 2048, 2049, 2048]","[2049, 2049, 2048, 2049, 2049, 2048, 2048, 2048, 2049, 2048, 2049]","[2048, 2048, 2048, 2048, 2048, 2048, 2048]",295.0
1229,9472,2,19,2024-03-02T15:35:12.065000+00:00,31.201,42.532,24.009,,259,False,97.742,"[None, 2048, 2048, 2048, 2048, 2048, 2048, 2048, 2048, 2048]","[2048, 2048, 2048, 2048, 2048, 2048, 2048, 2048, 2048, 2048, 2048]","[2048, 2048, 2048, 2048, 2049, 2048, 2048]",295.0
1229,9472,14,20,2024-03-02T15:35:16.631000+00:00,31.08,42.304,23.973,233.0,238,False,97.357,"[None, 2048, 2048, 2048, 2048, 2048, 2048, 2048, 2048, 2048]","[2048, 2048, 2048, 2048, 2049, 2048, 2048, 2048, 2048, 2048, 2048]","[2048, 2048, 2048, 2048, 2048, 2048, 2048]",294.0
1229,9472,24,20,2024-03-02T15:35:18.352000+00:00,31.239,42.477,24.033,235.0,245,False,97.749,"[None, 2048, 2048, 2048, 2048, 2048, 2048, 2048, 2048, 2048]","[2048, 2048, 2048, 2049, 2048, 2048, 2048, 2048, 2048, 2048, 2048]","[2048, 2048, 2048, 2048, 2048, 2048, 2048]",303.0
1229,9472,22,20,2024-03-02T15:35:19.661000+00:00,31.229,42.359,24.178,230.0,249,False,97.766,"[None, 2048, 2048, 2048, 2048, 2048, 2048, 2048, 2048, 2048]","[2048, 2049, 2048, 2048, 2048, 2048, 2048, 2048, 2048, 2048, 2048]","[2048, 2048, 2048, 2048, 2048, 2048, 2048]",299.0
1229,9472,18,20,2024-03-02T15:35:20.751000+00:00,31.219,42.499,24.141,,260,False,97.859,"[None, 2048, 2048, 2048, 2048, 2048, 2048, 2048, 2048, 2048]","[2048, 2048, 2048, 2048, 2048, 2048, 2048, 2048, 2048, 2049, 2049]","[2048, 2048, 2048, 2048, 2048, 2048, 2048]",299.0
1229,9472,20,20,2024-03-02T15:35:21.854000+00:00,31.168,42.636,24.258,233.0,253,False,98.062,"[None, 2048, 2048, 2048, 2048, 2048, 2048, 2048, 2048, 2048]","[2048, 2048, 2048, 2048, 2048, 2048, 2048, 2048, 2048, 2049, 2048]","[2048, 2048, 2048, 2048, 2048, 2048, 2048]",303.0
1229,9472,23,20,2024-03-02T15:35:23.534000+00:00,31.328,42.379,23.994,233.0,250,False,97.701,"[None, 2048, 2048, 2048, 2048, 2048, 2048, 2048, 2048, 2048]","[2048, 2048, 2048, 2049, 2048, 2048, 2048, 2048, 2048, 2049, 2048]","[2048, 2048, 2049, 2049, 2048, 2048, 2048]",296.0
1229,9472,31,20,2024-03-02T15:35:25.673000+00:00,31.445,42.472,24.268,230.0,255,False,98.185,"[None, 2048, 2048, 2048, 2048, 2048, 2048, 2048, 2048, 2048]","[2048, 2049, 2048, 2048, 2048, 2048, 2048, 2048, 2048, 2048, 2048]","[2048, 2048, 2048, 2048, 2048, 2048, 2048]",289.0
1229,9472,3,20,2024-03-02T15:35:26.660000+00:00,31.036,42.538,24.291,,254,False,97.865,"[None, 2048, 2048, 2048, 2048, 2048, 2048, 2048, 2048, 2048]","[2048, 2048, 2048, 2048, 2048, 2048, 2048, 2048, 2048, 2049, 2048]","[2048, 2048, 2048, 2048, 2048, 2048, 2049]",299.0
1229,9472,27,20,2024-03-02T15:35:30.115000+00:00,31.287,42.578,26.933,231.0,254,False,100.798,"[None, 2048, 2048, 2048, 2048, 2048, 2048, 2049, 2048, 2048]","[2048, 2048, 2048, 2048, 2048, 2048, 2048, 2048, 2048, 2048, 2049]","[2048, 2048, 2048, 2048, 2048, 2048, 2064]",304.0
1229,9472,77,20,2024-03-02T15:35:30.809000+00:00,31.078,42.852,24.355,233.0,251,False,98.285,"[None, 2048, 2048, 2048, 2048, 2048, 2049, 2048, 2048, 2048]","[2048, 2048, 2048, 2048, 2048, 2048, 2048, 2048, 2048, 2048, 2048]","[2048, 2048, 2048, 2048, 2048, 2048, 2048]",
1229,9472,10,20,2024-03-02T15:35:31.612000+00:00,31.193,42.487,24.356,231.0,254,False,98.036,"[None, 2048, 2048, 2048, 2048, 2048, 2048, 2048, 2048, 2048]","[2049, 2048, 2048, 2048, 2048, 2048, 2048, 2048, 2048, 2048, 2048]","[2048, 2048, 2048, 2048, 2048, 2048, 2048]",303.0
1229,9472,1,21,2024-03-02T15:36:22.851000+00:00,30.576,41.24,23.5,235.0,251,False,95.316,"[None, 2048, 2048, 2048, 2048, 2048, 2049, 2048, 2048, 2048]","[2048, 2048, 2048, 2049, 2048, 2048, 2049, 2048, 2049, 2048, 2048]","[2048, 2048, 2048, 2048, 2049, 2049, 2049]",293.0
1229,9472,11,21,2024-03-02T15:36:30.284000+00:00,30.849,41.61,23.706,,263,False,96.165,"[None, 2048, 2048, 2048, 2048, 2048, 2048, 2048, 2048, 2048]","[2048, 2048, 2048, 2048, 2048, 2048, 2048, 2048, 2049, 2048, 2051]","[2048, 2048, 2048, 2048, 2048, 2048, 2048]",
1229,9472,55,21,2024-03-02T15:36:32.579000+00:00,30.796,41.752,23.556,,252,False,96.104,"[None, 2048, 2048, 2048, 2048, 2048, 2048, 2048, 2048, 2048]","[2048, 2048, 2048, 2048, 2048, 2048, 2048, 2048, 2048, 2048, 2048]","[2048, 2048, 2048, 2048, 2048, 2048, 2048]",298.0
1229,9472,63,21,2024-03-02T15:36:35.429000+00:00,30.87,42.18,23.719,,253,False,96.769,"[None, 2048, 2048, 2048, 2048, 2048, 2048, 2048, 2048, 2048]","[2048, 2048, 2048, 2048, 2048, 2048, 2048, 2048, 2048, 2048, 2048]","[2048, 2048, 2048, 2048, 2048, 2048, 2048]",294.0
1229,9472,16,21,2024-03-02T15:36:36.698000+00:00,31.089,42.091,23.797,,258,False,96.977,"[None, 2048, 2048, 2048, 2048, 2048, 2048, 2048, 2048, 2048]","[2048, 2048, 2048, 2048, 2048, 2048, 2048, 2048, 2048, 2048, 2048]","[2048, 2048, 2048, 2048, 2048, 2048, 2048]",300.0
1229,9472,4,21,2024-03-02T15:36:40.343000+00:00,30.889,41.825,23.906,235.0,253,False,96.62,"[None, 2048, 2048, 2048, 2048, 2048, 2048, 2048, 2048, 2048]","[2048, 2048, 2048, 2048, 2048, 2048, 2048, 2049, 2048, 2049, 2049]","[2048, 2048, 2048, 2048, 2048, 2048, 2048]",296.0
1229,9472,81,21,2024-03-02T15:36:42.834000+00:00,30.904,41.943,23.886,235.0,263,False,96.733,"[None, 2048, 2048, 2048, 2048, 2048, 2048, 2048, 2048, 2048]","[2049, 2048, 2048, 2049, 2048, 2048, 2048, 2048, 2048, 2048, 2049]","[2048, 2048, 2048, 2048, 2049, 2048, 2048]",301.0
1229,9472,44,21,2024-03-02T15:36:46.273000+00:00,30.757,42.003,23.75,233.0,254,False,96.51,"[None, 2048, 2048, 2048, 2048, 2048, 2048, 2048, 2048, 2048]","[2048, 2048, 2048, 2049, 2048, 2048, 2048, 2048, 2049, 2048, 2048]","[2048, 2048, 2049, 2048, 2048, 2049, 2048]",294.0
1229,9472,2,20,2024-03-02T15:36:49.792000+00:00,31.11,42.663,24.047,231.0,256,False,97.82,"[None, 2048, 2048, 2048, 2049, 2048, 2048, 2048, 2048, 2048]","[2048, 2048, 2048, 2048, 2048, 2048, 2048, 2048, 2048, 2048, 2049]","[2048, 2048, 2048, 2048, 2048, 2048, 2048]",297.0
1229,9472,14,21,2024-03-02T15:36:54.028000+00:00,30.978,42.385,23.979,232.0,229,False,97.342,"[None, 2048, 2048, 2048, 2049, 2048, 2048, 2048, 2049, 2048]","[2048, 2048, 2048, 2048, 2048, 2048, 2048, 2048, 2049, 2048, 2048]","[2048, 2048, 2048, 2048, 2048, 2048, 2048]",295.0
1229,9472,24,21,2024-03-02T15:36:56.088000+00:00,31.22,42.705,24.022,232.0,243,False,97.947,"[None, 2048, 2048, 2048, 2048, 2048, 2048, 2048, 2048, 2048]","[2048, 2048, 2048, 2048, 2048, 2048, 2048, 2048, 2048, 2048, 2048]","[2048, 2048, 2048, 2048, 2048, 2048, 2048]",302.0
1229,9472,22,21,2024-03-02T15:36:57.391000+00:00,31.144,42.57,24.063,228.0,251,False,97.777,"[None, 2048, 2048, 2048, 2048, 2048, 2048, 2048, 2048, 2048]","[2048, 2048, 2048, 2048, 2048, 2048, 2048, 2048, 2048, 2048, 2048]","[2048, 2048, 2048, 2048, 2048, 2048, 2048]",301.0
1229,9472,18,21,2024-03-02T15:36:58.630000+00:00,31.191,42.686,24.145,,255,False,98.022,"[None, 2048, 2048, 2048, 2048, 2048, 2048, 2048, 2048, 2048]","[2048, 2049, 2048, 2048, 2048, 2048, 2048, 2048, 2048, 2048, 2048]","[2048, 2048, 2049, 2048, 2048, 2048, 2048]",
1229,9472,20,21,2024-03-02T15:36:59.963000+00:00,31.041,42.738,24.231,,253,False,98.01,"[None, 2048, 2048, 2048, 2048, 2048, 2048, 2048, 2048, 2048]","[2049, 2048, 2048, 2048, 2048, 2048, 2048, 2048, 2048, 2048, 2048]","[2048, 2048, 2048, 2048, 2048, 2048, 2048]",302.0
1229,9472,23,21,2024-03-02T15:37:01.254000+00:00,31.227,42.44,24.251,234.0,252,False,97.918,"[None, 2048, 2048, 2048, 2048, 2048, 2048, 2048, 2048, 2048]","[2048, 2048, 2048, 2048, 2048, 2048, 2048, 2048, 2048, 2048, 2048]","[2048, 2048, 2048, 2048, 2048, 2048, 2048]",
1229,9472,31,21,2024-03-02T15:37:03.773000+00:00,31.9,43.094,24.369,234.0,255,False,99.363,"[None, 2048, 2048, 2048, 2048, 2048, 2048, 2048, 2048, 2049]","[2048, 2048, 2048, 2048, 2048, 2048, 2048, 2048, 2048, 2048, 2048]","[2048, 2048, 2049, 2048, 2048, 2048, 2048]",290.0
1229,9472,3,21,2024-03-02T15:37:04.616000+00:00,30.941,42.318,24.133,235.0,254,False,97.392,"[None, 2048, 2048, 2048, 2048, 2048, 2049, 2049, 2048, 2048]","[2048, 2049, 2048, 2048, 2048, 2048, 2048, 2048, 2048, 2048, 2048]","[2048, 2048, 2048, 2048, 2048, 2048]",312.0
1229,9472,77,21,2024-03-02T15:37:09.085000+00:00,31.02,42.534,24.176,230.0,253,False,97.73,"[None, 2048, 2048, 2048, 2048, 2048, 2048, 2048, 2048, 2048]","[2048, 2048, 2048, 2048, 2048, 2048, 2048, 2048, 2049, 2048, 2048]","[2048, 2048, 2048, 2048, 2048, 2048, 2048]",
1229,9472,10,21,2024-03-02T15:37:09.630000+00:00,31.173,42.541,24.38,229.0,255,False,98.094,"[None, 2048, 2048, 2048, 2048, 2048, 2048, 2048, 2048, 2048]","[2048, 2049, 2048, 2048, 2048, 2048, 2048, 2048, 2048, 2048, 2048]","[2048, 2048, 2048, 2048, 2048, 2048, 2048]",300.0
1229,9472,27,21,2024-03-02T15:37:10.892000+00:00,51.92,42.869,23.91,229.0,236,True,118.699,"[2064, 2064, 2064, 2048, 2048, 2048, 2048, 2048, 2048, 2048]","[2048, 2048, 2049, 2049, 2048, 2049, 2048, 2048, 2048, 2048, 2048]","[2049, 2049, 2049, 2048, 2048, 2048, 2048]",215.0
1229,9472,1,22,2024-03-02T15:37:58.157000+00:00,30.56,41.142,23.502,234.0,254,False,95.204,"[None, 2049, 2049, 2049, 2048, 2048, 2049, 2049, 2048, 2048]","[2049, 2048, 2048, 2048, 2048, 2048, 2048, 2049, 2048, 2048, 2048]","[2048, 2048, 2048, 2048, 2048, 2048, 2049]",294.0
1229,9472,11,22,2024-03-02T15:38:06.392000+00:00,30.824,41.536,23.677,232.0,263,False,96.037,"[None, 2048, 2048, 2048, 2048, 2048, 2048, 2048, 2048, 2048]","[2049, 2048, 2048, 2048, 2048, 2048, 2048, 2048, 2048, 2048, 2048]","[2048, 2048, 2048, 2048, 2048, 2048, 2048]",295.0
1229,9472,55,22,2024-03-02T15:38:08.718000+00:00,30.686,41.77,23.552,,253,False,96.008,"[None, 2048, 2048, 2048, 2049, 2048, 2048, 2048, 2048, 2048]","[2048, 2048, 2048, 2048, 2048, 2048, 2048, 2048, 2048, 2048, 2048]","[2048, 2048, 2048, 2048, 2048, 2048, 2048]",299.0
1229,9472,63,22,2024-03-02T15:38:12.188000+00:00,30.84,42.313,23.839,,248,False,96.992,"[None, 2048, 2048, 2048, 2048, 2048, 2048, 2048, 2049, 2048]","[2048, 2048, 2048, 2048, 2048, 2048, 2048, 2048, 2048, 2048, 2048]","[2048, 2048, 2048, 2048, 2048, 2048, 2048]",295.0
1229,9472,16,22,2024-03-02T15:38:13.647000+00:00,30.994,41.976,23.826,,257,False,96.796,"[None, 2048, 2048, 2048, 2048, 2048, 2048, 2048, 2048, 2048]","[2048, 2049, 2048, 2048, 2048, 2048, 2048, 2048, 2048, 2048, 2048]","[2048, 2048, 2048, 2048, 2048, 2048, 2048]",299.0
1229,9472,4,22,2024-03-02T15:38:16.778000+00:00,30.839,41.822,24.007,236.0,257,False,96.668,"[None, 2048, 2048, 2048, 2048, 2048, 2048, 2048, 2048, 2048]","[2051, 2048, 2048, 2048, 2048, 2048, 2048, 2048, 2048, 2049, 2049]","[2048, 2048, 2048, 2048, 2048, 2048, 2048]",
1229,9472,81,22,2024-03-02T15:38:19.659000+00:00,30.87,41.812,23.873,236.0,266,False,96.555,"[None, 2048, 2048, 2048, 2048, 2048, 2048, 2048, 2048, 2048]","[2048, 2048, 2048, 2048, 2048, 2048, 2048, 2048, 2048, 2048, 2049]","[2048, 2048, 2048, 2048, 2048, 2048, 2048]",302.0
1229,9472,44,22,2024-03-02T15:38:22.863000+00:00,30.733,42.141,23.759,,252,False,96.633,"[None, 2048, 2048, 2048, 2048, 2048, 2048, 2048, 2048, 2048]","[2048, 2048, 2048, 2049, 2048, 2048, 2048, 2048, 2049, 2051, 2048]","[2048, 2048, 2048, 2048, 2048, 2048, 2048]",295.0
1229,9472,2,21,2024-03-02T15:38:27.658000+00:00,31.167,42.681,24.161,229.0,254,False,98.009,"[None, 2048, 2048, 2048, 2048, 2048, 2048, 2048, 2049, 2048]","[2048, 2049, 2048, 2048, 2048, 2048, 2048, 2048, 2048, 2048, 2048]","[2048, 2048, 2048, 2048, 2048, 2048, 2048]",293.0
1229,9472,14,22,2024-03-02T15:38:31.461000+00:00,30.882,42.371,23.869,,233,False,97.122,"[None, 2048, 2048, 2048, 2049, 2048, 2048, 2048, 2048, 2048]","[2049, 2048, 2048, 2048, 2048, 2048, 2048, 2048, 2048, 2048, 2048]","[2048, 2048, 2048, 2048, 2048, 2048, 2048]",300.0
1229,9472,24,22,2024-03-02T15:38:33.933000+00:00,31.171,42.584,24.097,,244,False,97.852,"[None, 2048, 2048, 2049, 2048, 2048, 2048, 2048, 2048, 2048]","[2048, 2048, 2048, 2048, 2048, 2048, 2048, 2048, 2048, 2048, 2048]","[2048, 2048, 2048, 2048, 2048, 2048, 2048]",300.0
1229,9472,22,22,2024-03-02T15:38:35.134000+00:00,31.173,42.531,24.133,231.0,256,False,97.837,"[None, 2048, 2048, 2048, 2048, 2048, 2048, 2048, 2048, 2048]","[2048, 2048, 2048, 2048, 2048, 2048, 2048, 2048, 2048, 2048, 2048]","[2048, 2048, 2048, 2048, 2048, 2048, 2048]",298.0
1229,9472,18,22,2024-03-02T15:38:36.600000+00:00,31.109,42.935,24.131,228.0,247,False,98.175,"[None, 2048, 2048, 2048, 2048, 2048, 2048, 2048, 2048, 2048]","[2048, 2048, 2048, 2048, 2048, 2048, 2048, 2048, 2048, 2048, 2048]","[2048, 2048, 2048, 2048, 2048, 2048, 2048]",301.0
1229,9472,20,22,2024-03-02T15:38:37.999000+00:00,31.214,42.628,24.305,231.0,255,False,98.147,"[None, 2048, 2048, 2048, 2048, 2048, 2048, 2048, 2048, 2048]","[2048, 2048, 2048, 2048, 2048, 2048, 2048, 2048, 2048, 2049, 2048]","[2048, 2048, 2048, 2048, 2048, 2048, 2048]",
1229,9472,23,22,2024-03-02T15:38:39.203000+00:00,31.199,42.733,24.099,232.0,253,False,98.031,"[None, 2048, 2048, 2048, 2048, 2048, 2048, 2048, 2048, 2048]","[2048, 2048, 2048, 2048, 2048, 2048, 2048, 2048, 2048, 2048, 2048]","[2048, 2048, 2048, 2048, 2048, 2048, 2048]",300.0
1229,9472,3,22,2024-03-02T15:38:41.798000+00:00,31.102,42.461,24.187,234.0,253,False,97.75,"[None, 2048, 2048, 2048, 2048, 2048, 2048, 2048, 2048, 2048]","[2048, 2048, 2048, 2048, 2048, 2048, 2048, 2048, 2048, 2048, 2048]","[2048, 2048, 2048, 2048, 2048, 2048, 2048]",296.0
1229,9472,31,22,2024-03-02T15:38:43.144000+00:00,31.553,42.777,24.325,230.0,253,False,98.655,"[None, 2048, 2048, 2048, 2048, 2048, 2048, 2048, 2048, 2048]","[2048, 2048, 2048, 2048, 2048, 2048, 2048, 2048, 2048, 2048, 2048]","[2048, 2048, 2048, 2048, 2048, 2048, 2048]",293.0
1229,9472,77,22,2024-03-02T15:38:46.796000+00:00,31.34,42.454,24.204,233.0,250,False,97.998,"[None, 2048, 2048, 2048, 2048, 2048, 2048, 2048, 2048, 2048]","[2049, 2049, 2048, 2048, 2048, 2048, 2048, 2048, 2048, 2048, 2048]","[2048, 2048, 2048, 2048, 2048, 2048, 2048]",298.0
1229,9472,10,22,2024-03-02T15:38:47.756000+00:00,31.145,42.536,24.187,230.0,254,False,97.868,"[None, 2048, 2048, 2048, 2048, 2048, 2048, 2048, 2048, 2048]","[2048, 2049, 2048, 2048, 2048, 2048, 2048, 2048, 2048, 2048, 2048]","[2048, 2048, 2048, 2048, 2048, 2048, 2048]",308.0
1229,9472,27,22,2024-03-02T15:39:09.628000+00:00,30.754,42.343,23.761,232.0,242,False,96.858,"[2048, 2048, 2048, 2048, 2049, 2048, 2049, 2048, 2049, 2049]","[2048, 2048, 2049, 2049, 2048, 2048, 2048, 2048, 2048, 2048, 2048]","[2049, 2049, 2049, 2048, 2048, 2049, 2048]",295.0
1229,9472,1,23,2024-03-02T15:39:33.340000+00:00,30.553,41.145,23.518,,253,False,95.216,"[None, 2049, 2048, 2048, 2048, 2048, 2048, 2049, 2051, 2048]","[2048, 2048, 2048, 2048, 2048, 2048, 2049, 2049, 2048, 2049, 2048]","[2048, 2048, 2048, 2048, 2048, 2048, 2049]",
1229,9472,11,23,2024-03-02T15:39:42.375000+00:00,30.84,41.729,23.68,230.0,262,False,96.249,"[None, 2048, 2048, 2048, 2048, 2048, 2048, 2048, 2048, 2048]","[2049, 2049, 2048, 2048, 2048, 2048, 2048, 2048, 2048, 2048, 2048]","[2048, 2048, 2048, 2048, 2048, 2048, 2048]",299.0
1229,9472,55,23,2024-03-02T15:39:44.773000+00:00,30.738,41.797,23.614,236.0,252,False,96.149,"[None, 2048, 2048, 2048, 2048, 2048, 2048, 2048, 2048, 2048]","[2048, 2048, 2048, 2048, 2048, 2048, 2048, 2048, 2048, 2048, 2048]","[2048, 2048, 2048, 2048, 2048, 2048, 2048]",300.0
1229,9472,63,23,2024-03-02T15:39:49.229000+00:00,31.043,42.088,23.823,,256,False,96.954,"[None, 2048, 2048, 2048, 2048, 2048, 2048, 2048, 2048, 2048]","[2049, 2048, 2048, 2048, 2048, 2048, 2048, 2048, 2048, 2048, 2048]","[2048, 2048, 2048, 2048, 2048, 2048, 2048]",290.0
1229,9472,16,23,2024-03-02T15:39:50.476000+00:00,31.131,41.941,23.915,235.0,261,False,96.987,"[None, 2048, 2048, 2048, 2048, 2048, 2048, 2048, 2048, 2048]","[2049, 2048, 2048, 2049, 2048, 2048, 2048, 2048, 2048, 2048, 2049]","[2048, 2048, 2048, 2048, 2048, 2048, 2048]",300.0
1229,9472,4,23,2024-03-02T15:39:53.580000+00:00,30.92,41.877,23.899,235.0,256,False,96.696,"[None, 2048, 2048, 2048, 2048, 2048, 2048, 2048, 2048, 2048]","[2048, 2048, 2048, 2048, 2048, 2048, 2048, 2048, 2048, 2048, 2048]","[2048, 2048, 2048, 2048, 2048, 2048, 2048]",
1229,9472,81,23,2024-03-02T15:39:56.149000+00:00,30.953,41.883,23.844,235.0,265,False,96.68,"[None, 2048, 2048, 2048, 2048, 2048, 2048, 2048, 2048, 2048]","[2048, 2048, 2048, 2048, 2048, 2048, 2048, 2048, 2048, 2048, 2048]","[2048, 2048, 2048, 2048, 2048, 2048, 2048]",303.0
1229,9472,44,23,2024-03-02T15:39:59.469000+00:00,30.884,42.063,23.77,,254,False,96.717,"[None, 2048, 2048, 2048, 2048, 2048, 2048, 2048, 2048, 2048]","[2048, 2048, 2048, 2048, 2048, 2048, 2048, 2048, 2048, 2048, 2049]","[2048, 2048, 2049, 2048, 2048, 2048, 2048]",294.0
1229,9472,2,22,2024-03-02T15:40:05.682000+00:00,31.115,42.516,24.097,232.0,258,False,97.728,"[None, 2048, 2048, 2048, 2048, 2048, 2048, 2048, 2048, 2048]","[2049, 2049, 2048, 2048, 2048, 2048, 2048, 2048, 2049, 2048, 2048]","[2049, 2048, 2048, 2048, 2048, 2048, 2048]",296.0
1229,9472,14,23,2024-03-02T15:40:08.472000+00:00,30.946,42.451,23.868,233.0,241,False,97.265,"[None, 2048, 2048, 2048, 2048, 2048, 2048, 2048, 2048, 2048]","[2049, 2048, 2048, 2048, 2048, 2048, 2048, 2048, 2048, 2048, 2048]","[2048, 2048, 2048, 2048, 2048, 2048, 2048]",294.0
1229,9472,24,23,2024-03-02T15:40:11.864000+00:00,31.092,42.647,24.049,,244,False,97.788,"[None, 2048, 2048, 2049, 2048, 2048, 2048, 2048, 2048, 2048]","[2048, 2048, 2048, 2048, 2048, 2048, 2048, 2048, 2048, 2048, 2048]","[2048, 2048, 2048, 2048, 2048, 2048, 2048]",
1229,9472,22,23,2024-03-02T15:40:12.950000+00:00,31.096,42.405,24.17,230.0,257,False,97.671,"[None, 2048, 2048, 2048, 2048, 2048, 2048, 2048, 2048, 2048]","[2048, 2048, 2048, 2048, 2048, 2048, 2048, 2048, 2048, 2048, 2048]","[2048, 2048, 2048, 2048, 2048, 2048, 2048]",301.0
1229,9472,18,23,2024-03-02T15:40:14.803000+00:00,31.057,42.668,24.101,231.0,247,False,97.826,"[None, 2048, 2048, 2048, 2048, 2048, 2048, 2048, 2048, 2048]","[2048, 2048, 2048, 2049, 2048, 2048, 2048, 2048, 2048, 2048, 2048]","[2048, 2048, 2048, 2048, 2048, 2048, 2048]",298.0
1229,9472,20,23,2024-03-02T15:40:16.079000+00:00,31.284,42.627,24.382,233.0,257,False,98.293,"[None, 2048, 2048, 2048, 2048, 2048, 2048, 2048, 2048, 2048]","[2048, 2048, 2048, 2048, 2048, 2048, 2048, 2048, 2048, 2048, 2048]","[2048, 2048, 2048, 2048, 2048, 2048, 2048]",
1229,9472,23,23,2024-03-02T15:40:17.198000+00:00,31.296,42.361,24.212,,259,False,97.869,"[None, 2048, 2048, 2048, 2048, 2048, 2048, 2048, 2048, 2048]","[2048, 2048, 2048, 2049, 2048, 2048, 2048, 2049, 2048, 2048, 2048]","[2048, 2048, 2048, 2049, 2048, 2048]",296.0
1229,9472,3,23,2024-03-02T15:40:19.947000+00:00,31.019,42.572,24.181,235.0,249,False,97.772,"[None, 2048, 2048, 2048, 2048, 2048, 2048, 2048, 2048, 2048]","[2048, 2048, 2048, 2049, 2048, 2048, 2048, 2048, 2048, 2048, 2048]","[2048, 2048, 2048, 2048, 2048, 2048, 2048]",295.0
1229,9472,31,23,2024-03-02T15:40:21.786000+00:00,31.49,42.677,24.24,231.0,251,False,98.407,"[None, 2048, 2048, 2048, 2048, 2048, 2048, 2048, 2049, 2048]","[2048, 2049, 2048, 2048, 2048, 2048, 2048, 2048, 2048, 2048, 2048]","[2048, 2048, 2048, 2048, 2048, 2048, 2048]",289.0
1229,9472,77,23,2024-03-02T15:40:24.676000+00:00,31.375,42.575,24.23,234.0,251,False,98.18,"[None, 2048, 2048, 2048, 2048, 2048, 2048, 2048, 2048, 2048]","[2049, 2048, 2048, 2048, 2048, 2048, 2048, 2048, 2048, 2048, 2048]","[2048, 2048, 2048, 2048, 2048, 2048, 2048]",299.0
1229,9472,10,23,2024-03-02T15:40:25.592000+00:00,31.195,42.586,24.323,,254,False,98.104,"[None, 2048, 2048, 2048, 2048, 2048, 2048, 2048, 2048, 2048]","[2048, 2048, 2048, 2048, 2048, 2048, 2048, 2048, 2048, 2048, 2048]","[2048, 2048, 2048, 2048, 2048, 2048, 2048]",305.0
1229,9472,27,23,2024-03-02T15:40:46.560000+00:00,30.667,42.271,23.787,235.0,241,False,96.725,"[None, 2048, 2048, 2048, 2048, 2048, 2049, 2048, 2049, 2049]","[2048, 2049, 2048, 2048, 2048, 2049, 2048, 2048, 2048, 2048, 2048]","[2048, 2048, 2048, 2048, 2048, 2049, 2048]",298.0
1229,9472,1,24,2024-03-02T15:41:08.681000+00:00,30.548,41.257,23.484,,257,False,95.289,"[None, 2049, 2049, 2049, 2048, 2048, 2048, 2048, 2048, 2048]","[2048, 2048, 2048, 2048, 2048, 2048, 2049, 2048, 2049, 2048, 2048]","[2048, 2048, 2048, 2048, 2048, 2049, 2049]",
1229,9472,11,24,2024-03-02T15:41:18.571000+00:00,30.792,41.687,23.732,235.0,261,False,96.211,"[None, 2048, 2048, 2048, 2048, 2048, 2048, 2048, 2048, 2048]","[2048, 2048, 2048, 2048, 2048, 2048, 2048, 2048, 2048, 2048, 2048]","[2048, 2048, 2048, 2048, 2048, 2048, 2048]",
1229,9472,55,24,2024-03-02T15:41:20.891000+00:00,30.698,41.881,23.621,,251,False,96.2,"[None, 2048, 2048, 2048, 2048, 2048, 2048, 2048, 2048, 2048]","[2048, 2049, 2048, 2048, 2048, 2048, 2048, 2048, 2048, 2048, 2048]","[2048, 2048, 2048, 2048, 2048, 2048, 2048]",301.0
1229,9472,63,24,2024-03-02T15:41:26.181000+00:00,30.867,42.107,23.762,231.0,246,False,96.736,"[None, 2048, 2048, 2048, 2048, 2048, 2048, 2048, 2048, 2048]","[2048, 2048, 2048, 2048, 2048, 2048, 2048, 2048, 2048, 2048, 2048]","[2048, 2048, 2048, 2048, 2048, 2048, 2048]",295.0
1229,9472,16,24,2024-03-02T15:41:27.495000+00:00,31.083,41.904,23.937,234.0,258,False,96.924,"[None, 2048, 2048, 2048, 2048, 2048, 2048, 2048, 2048, 2048]","[2049, 2048, 2048, 2048, 2048, 2048, 2048, 2048, 2048, 2048, 2048]","[2048, 2048, 2048, 2048, 2048, 2048, 2048]",298.0
1229,9472,4,24,2024-03-02T15:41:30.241000+00:00,30.89,42.047,23.886,236.0,254,False,96.823,"[None, 2048, 2048, 2048, 2048, 2048, 2048, 2048, 2048, 2048]","[2048, 2048, 2048, 2048, 2048, 2048, 2048, 2048, 2048, 2048, 2048]","[2048, 2048, 2049, 2048, 2048, 2048, 2048]",
1229,9472,81,24,2024-03-02T15:41:32.778000+00:00,31.104,41.813,23.967,,265,False,96.884,"[None, 2048, 2048, 2048, 2048, 2048, 2048, 2048, 2048, 2048]","[2048, 2049, 2048, 2048, 2048, 2048, 2048, 2048, 2048, 2048, 2048]","[2048, 2048, 2048, 2048, 2048, 2048, 2048]",301.0
1229,9472,44,24,2024-03-02T15:41:36.136000+00:00,30.826,42.1,23.74,232.0,253,False,96.666,"[None, 2048, 2048, 2048, 2048, 2048, 2048, 2048, 2048, 2048]","[2049, 2048, 2048, 2049, 2048, 2048, 2048, 2048, 2048, 2048, 2048]","[2048, 2048, 2049, 2048, 2048, 2048, 2048]",
1229,9472,2,23,2024-03-02T15:41:43.435000+00:00,31.065,42.487,24.069,,258,False,97.621,"[None, 2048, 2048, 2048, 2048, 2048, 2048, 2048, 2049, 2048]","[2048, 2049, 2048, 2048, 2048, 2048, 2048, 2048, 2048, 2048, 2048]","[2048, 2048, 2048, 2048, 2048, 2048, 2048]",295.0
1229,9472,14,24,2024-03-02T15:41:45.663000+00:00,30.836,42.303,23.907,232.0,238,False,97.046,"[None, 2048, 2048, 2048, 2048, 2048, 2048, 2048, 2048, 2048]","[2048, 2049, 2048, 2048, 2048, 2048, 2048, 2048, 2048, 2048, 2048]","[2048, 2048, 2048, 2048, 2048, 2048, 2048]",299.0
1229,9472,24,24,2024-03-02T15:41:49.651000+00:00,31.14,42.602,24.152,234.0,243,False,97.894,"[None, 2048, 2048, 2048, 2048, 2048, 2048, 2048, 2048, 2048]","[2048, 2048, 2048, 2048, 2048, 2048, 2048, 2048, 2048, 2048, 2048]","[2048, 2048, 2048, 2048, 2048, 2048, 2048]",301.0
1229,9472,22,24,2024-03-02T15:41:50.721000+00:00,31.145,42.276,24.213,229.0,257,False,97.634,"[None, 2048, 2048, 2048, 2048, 2048, 2048, 2048, 2048, 2048]","[2049, 2048, 2048, 2048, 2048, 2048, 2048, 2048, 2048, 2048, 2048]","[2048, 2048, 2048, 2048, 2048, 2048, 2048]",302.0
1229,9472,18,24,2024-03-02T15:41:52.539000+00:00,31.071,42.831,24.236,229.0,255,False,98.138,"[None, 2048, 2048, 2048, 2048, 2048, 2048, 2048, 2048, 2048]","[2048, 2048, 2048, 2048, 2048, 2048, 2048, 2048, 2048, 2048, 2048]","[2048, 2048, 2048, 2048, 2048, 2048, 2048]",301.0
1229,9472,20,24,2024-03-02T15:41:54.478000+00:00,31.155,42.693,24.308,234.0,254,False,98.156,"[None, 2048, 2048, 2048, 2048, 2048, 2048, 2048, 2048, 2048]","[2048, 2048, 2048, 2048, 2048, 2048, 2048, 2048, 2048, 2048, 2048]","[2048, 2048, 2048, 2048, 2048, 2048, 2048]",307.0
1229,9472,23,24,2024-03-02T15:41:55.045000+00:00,31.035,42.857,24.312,231.0,255,False,98.204,"[2049, 2048, 2048, 2049, 2048, 2048, 2048, 2048, 2048, 2048]","[2048, 2048, 2048, 2048, 2048, 2048, 2048, 2048, 2048, 2048, 2048]","[2048, 2048, 2048, 2048, 2048, 2048, 2048]",329.0
1229,9472,3,24,2024-03-02T15:41:57.409000+00:00,30.983,42.559,24.224,,249,False,97.766,"[None, 2048, 2048, 2048, 2048, 2048, 2048, 2048, 2048, 2048]","[2048, 2048, 2048, 2048, 2048, 2048, 2048, 2048, 2048, 2048, 2048]","[2048, 2048, 2048, 2048, 2048, 2048, 2048]",301.0
1229,9472,31,24,2024-03-02T15:42:00.215000+00:00,31.474,42.691,24.255,230.0,254,False,98.42,"[None, 2048, 2048, 2048, 2048, 2048, 2048, 2048, 2048, 2048]","[2048, 2048, 2048, 2048, 2048, 2048, 2048, 2048, 2048, 2048, 2048]","[2048, 2048, 2048, 2048, 2048, 2048, 2048]",288.0
1229,9472,77,24,2024-03-02T15:42:03.030000+00:00,31.186,42.705,24.255,,250,False,98.146,"[None, 2048, 2048, 2048, 2048, 2048, 2048, 2048, 2048, 2048]","[2048, 2048, 2048, 2048, 2048, 2048, 2048, 2048, 2048, 2048, 2048]","[2048, 2048, 2048, 2048, 2048, 2048, 2048]",
1229,9472,10,24,2024-03-02T15:42:03.799000+00:00,31.232,42.57,24.39,232.0,253,False,98.192,"[None, 2048, 2048, 2048, 2048, 2048, 2048, 2048, 2048, 2048]","[2048, 2049, 2048, 2048, 2048, 2048, 2048, 2048, 2048, 2048, 2048]","[2048, 2048, 2048, 2048, 2048, 2048, 2048]",303.0
1229,9472,27,24,2024-03-02T15:42:23.282000+00:00,30.673,42.224,23.729,233.0,247,False,96.626,"[None, 2048, 2048, 2048, 2048, 2048, 2049, 2048, 2048, 2048]","[2048, 2048, 2048, 2048, 2049, 2048, 2048, 2048, 2048, 2048, 2048]","[2049, 2048, 2048, 2048, 2048, 2049, 2048]",297.0
1229,9472,1,25,2024-03-02T15:42:43.916000+00:00,30.518,41.282,23.542,233.0,250,False,95.342,"[None, 2048, 2049, 2049, 2048, 2048, 2049, 2048, 2048, 2048]","[2048, 2048, 2048, 2049, 2048, 2048, 2048, 2048, 2048, 2048, 2048]","[2048, 2048, 2048, 2048, 2048, 2048, 2048]",295.0
1229,9472,11,25,2024-03-02T15:42:54.823000+00:00,30.878,41.719,23.747,233.0,260,False,96.344,"[None, 2048, 2048, 2048, 2048, 2048, 2048, 2048, 2048, 2048]","[2049, 2048, 2048, 2048, 2048, 2048, 2048, 2048, 2048, 2048, 2048]","[2048, 2048, 2048, 2048, 2048, 2048, 2048]",297.0
1229,9472,55,25,2024-03-02T15:42:57.074000+00:00,30.724,41.907,23.589,233.0,251,False,96.22,"[None, 2048, 2048, 2048, 2049, 2048, 2048, 2048, 2049, 2048]","[2048, 2048, 2048, 2048, 2048, 2048, 2048, 2048, 2048, 2049, 2048]","[2048, 2048, 2048, 2048, 2048, 2048, 2048]",
1229,9472,63,25,2024-03-02T15:43:02.968000+00:00,30.941,42.199,23.788,,250,False,96.928,"[None, 2048, 2048, 2048, 2048, 2048, 2048, 2048, 2048, 2048]","[2048, 2048, 2048, 2049, 2048, 2048, 2048, 2048, 2048, 2048, 2048]","[2048, 2048, 2048, 2048, 2048, 2048, 2048]",
1229,9472,16,25,2024-03-02T15:43:04.442000+00:00,31.059,41.828,23.873,,259,False,96.76,"[None, 2048, 2048, 2048, 2048, 2048, 2048, 2048, 2048, 2048]","[2048, 2048, 2048, 2048, 2048, 2048, 2048, 2048, 2049, 2049, 2048]","[2048, 2048, 2048, 2048, 2048, 2048, 2048]",299.0
1229,9472,4,25,2024-03-02T15:43:07.105000+00:00,30.923,41.924,23.883,235.0,257,False,96.73,"[None, 2048, 2048, 2048, 2048, 2048, 2048, 2048, 2048, 2048]","[2048, 2048, 2048, 2048, 2048, 2048, 2048, 2048, 2048, 2049, 2048]","[2048, 2048, 2048, 2048, 2048, 2048, 2048]",302.0
1229,9472,81,25,2024-03-02T15:43:09.734000+00:00,31.017,42.028,23.963,234.0,263,False,97.008,"[None, 2048, 2048, 2048, 2048, 2048, 2048, 2048, 2048, 2048]","[2048, 2048, 2048, 2048, 2048, 2048, 2048, 2048, 2048, 2048, 2048]","[2048, 2048, 2048, 2048, 2048, 2048, 2048]",304.0
1229,9472,44,25,2024-03-02T15:43:12.785000+00:00,31.037,42.09,23.792,234.0,254,False,96.919,"[None, 2048, 2048, 2048, 2048, 2048, 2048, 2048, 2048, 2048]","[2048, 2048, 2048, 2049, 2048, 2048, 2048, 2048, 2048, 2048, 2048]","[2048, 2048, 2048, 2048, 2048, 2048, 2048]",297.0
1229,9472,2,24,2024-03-02T15:43:21.051000+00:00,31.076,42.618,25.743,230.0,253,False,99.437,"[None, 2048, 2048, 2048, 2049, 2048, 2048, 2048, 2048, 2048]","[2048, 2048, 2048, 2048, 2048, 2048, 2048, 2048, 2049, 2048, 2048]","[2048, 2048, 2048, 2048, 2048, 2048, 2048]",296.0
1229,9472,14,25,2024-03-02T15:43:22.750000+00:00,30.925,42.232,24.022,233.0,240,False,97.179,"[None, 2048, 2048, 2048, 2048, 2048, 2048, 2048, 2048, 2048]","[2049, 2049, 2048, 2048, 2048, 2048, 2048, 2048, 2048, 2048, 2048]","[2048, 2048, 2048, 2048, 2048, 2048, 2048]",302.0
1229,9472,24,25,2024-03-02T15:43:27.547000+00:00,31.246,42.532,24.105,235.0,249,False,97.883,"[None, 2048, 2048, 2048, 2048, 2048, 2048, 2048, 2048, 2048]","[2048, 2048, 2048, 2048, 2048, 2048, 2048, 2048, 2048, 2048, 2048]","[2048, 2048, 2048, 2048, 2048, 2048, 2048]",300.0
1229,9472,22,25,2024-03-02T15:43:28.420000+00:00,31.05,42.613,24.188,228.0,260,False,97.851,"[None, 2048, 2048, 2048, 2048, 2048, 2049, 2048, 2048, 2048]","[2048, 2048, 2048, 2048, 2048, 2048, 2048, 2048, 2048, 2048, 2049]","[2048, 2048, 2048, 2048, 2048, 2048, 2048]",315.0
1229,9472,18,25,2024-03-02T15:43:30.785000+00:00,31.105,42.77,24.119,227.0,252,False,97.994,"[None, 2048, 2048, 2048, 2048, 2048, 2048, 2048, 2048, 2048]","[2048, 2049, 2048, 2048, 2048, 2048, 2048, 2048, 2048, 2048, 2048]","[2048, 2048, 2048, 2048, 2048, 2048, 2048]",
1229,9472,20,25,2024-03-02T15:43:32.514000+00:00,31.368,42.696,24.226,231.0,255,False,98.29,"[None, 2048, 2048, 2048, 2048, 2048, 2048, 2048, 2048, 2048]","[2048, 2048, 2048, 2048, 2048, 2048, 2048, 2048, 2048, 2048, 2048]","[2048, 2048, 2048, 2048, 2048, 2048, 2048]",301.0
1229,9472,23,25,2024-03-02T15:43:33.298000+00:00,31.095,42.952,24.179,230.0,254,False,98.226,"[2048, 2048, 2048, 2048, 2048, 2048, 2048, 2048, 2048, 2048]","[2048, 2049, 2048, 2048, 2048, 2048, 2048, 2048, 2048, 2048, 2048]","[2048, 2048, 2048, 2048, 2048, 2048, 2048]",313.0
1229,9472,3,25,2024-03-02T15:43:35.195000+00:00,31.017,42.663,24.293,,255,False,97.973,"[None, 2048, 2048, 2049, 2048, 2048, 2048, 2048, 2048, 2048]","[2048, 2048, 2048, 2048, 2048, 2048, 2048, 2048, 2048, 2048, 2048]","[2048, 2048, 2048, 2048, 2048, 2048, 2048]",306.0
1229,9472,31,25,2024-03-02T15:43:38.634000+00:00,31.546,42.7,24.248,231.0,254,False,98.494,"[None, 2048, 2048, 2048, 2048, 2048, 2048, 2048, 2048, 2048]","[2049, 2048, 2048, 2048, 2048, 2048, 2048, 2048, 2048, 2048, 2048]","[2048, 2048, 2048, 2048, 2048, 2048, 2048]",291.0
1229,9472,77,25,2024-03-02T15:43:41.117000+00:00,31.299,42.697,24.266,235.0,248,False,98.262,"[None, 2048, 2048, 2048, 2048, 2048, 2048, 2048, 2048, 2048]","[2048, 2048, 2048, 2048, 2048, 2048, 2048, 2048, 2048, 2048, 2048]","[2048, 2048, 2048, 2048, 2048, 2048, 2048]",301.0
1229,9472,10,25,2024-03-02T15:43:41.898000+00:00,31.096,42.716,24.348,231.0,255,False,98.16,"[None, 2048, 2048, 2048, 2048, 2048, 2048, 2048, 2048, 2048]","[2048, 2048, 2048, 2048, 2048, 2048, 2048, 2048, 2048, 2048, 2048]","[2048, 2048, 2048, 2048, 2048, 2048, 2048]",308.0
1229,9472,27,25,2024-03-02T15:43:59.869000+00:00,30.667,42.124,23.861,234.0,248,False,96.652,"[None, 2048, 2048, 2048, 2048, 2048, 2048, 2048, 2049, 2049]","[2048, 2048, 2048, 2048, 2048, 2048, 2048, 2048, 2048, 2048, 2048]","[2048, 2048, 2048, 2048, 2048, 2049, 2048]",298.0
1229,9472,1,26,2024-03-02T15:44:19.229000+00:00,30.522,41.14,23.561,235.0,257,False,95.223,"[None, 2049, 2049, 2048, 2048, 2048, 2048, 2048, 2048, 2048]","[2051, 2048, 2048, 2048, 2048, 2048, 2049, 2048, 2048, 2049, 2048]","[2048, 2048, 2048, 2048, 2048, 2048, 2048]",
1229,9472,11,26,2024-03-02T15:44:31.226000+00:00,30.938,41.666,23.743,232.0,263,False,96.347,"[None, 2048, 2048, 2048, 2048, 2048, 2048, 2048, 2048, 2048]","[2048, 2048, 2048, 2048, 2048, 2048, 2048, 2048, 2048, 2048, 2048]","[2048, 2048, 2048, 2048, 2048, 2048, 2048]",298.0
1229,9472,55,26,2024-03-02T15:44:33.258000+00:00,30.714,41.878,23.629,237.0,252,False,96.221,"[None, 2048, 2048, 2048, 2048, 2048, 2048, 2048, 2048, 2048]","[2049, 2048, 2048, 2048, 2048, 2048, 2048, 2048, 2048, 2048, 2048]","[2048, 2048, 2048, 2048, 2049, 2048, 2048]",302.0
1229,9472,63,26,2024-03-02T15:44:39.865000+00:00,30.867,42.161,23.773,232.0,258,False,96.801,"[None, 2048, 2048, 2048, 2048, 2048, 2048, 2048, 2048, 2048]","[2048, 2048, 2048, 2048, 2048, 2048, 2048, 2048, 2048, 2048, 2049]","[2048, 2048, 2048, 2048, 2048, 2048, 2048]",
1229,9472,16,26,2024-03-02T15:44:41.174000+00:00,30.991,41.901,23.918,,259,False,96.81,"[None, 2048, 2048, 2048, 2048, 2048, 2048, 2048, 2048, 2048]","[2049, 2049, 2048, 2048, 2048, 2048, 2048, 2048, 2048, 2048, 2048]","[2048, 2048, 2048, 2048, 2048, 2048, 2048]",300.0
1229,9472,4,26,2024-03-02T15:44:43.799000+00:00,30.845,41.878,23.843,,259,False,96.566,"[None, 2048, 2048, 2048, 2048, 2048, 2048, 2048, 2048, 2048]","[2048, 2048, 2048, 2048, 2048, 2048, 2048, 2048, 2048, 2048, 2049]","[2048, 2048, 2048, 2048, 2048, 2048, 2048]",301.0
1229,9472,81,26,2024-03-02T15:44:46.723000+00:00,30.94,42.004,23.938,,264,False,96.882,"[None, 2048, 2048, 2048, 2048, 2048, 2048, 2048, 2048, 2048]","[2048, 2048, 2048, 2048, 2048, 2048, 2048, 2048, 2048, 2049, 2048]","[2048, 2048, 2048, 2048, 2048, 2048, 2048]",301.0
1229,9472,44,26,2024-03-02T15:44:49.842000+00:00,30.847,42.095,23.772,233.0,256,False,96.714,"[None, 2048, 2048, 2048, 2048, 2048, 2048, 2048, 2048, 2048]","[2048, 2048, 2048, 2049, 2048, 2048, 2048, 2048, 2048, 2048, 2049]","[2048, 2048, 2048, 2048, 2048, 2048, 2048]",298.0
1229,9472,14,26,2024-03-02T15:44:59.944000+00:00,31.295,42.393,23.95,,233,False,97.638,"[None, 2048, 2048, 2048, 2048, 2048, 2048, 2048, 2048, 2048]","[2048, 2049, 2048, 2048, 2048, 2048, 2048, 2048, 2048, 2048, 2048]","[2048, 2048, 2048, 2048, 2048, 2048, 2048]",296.0
1229,9472,2,25,2024-03-02T15:45:00.546000+00:00,32.025,42.881,24.187,213.0,259,False,99.093,"[None, 2048, 2048, 2048, 2048, 2048, 2048, 2048, 2048, 2048]","[2048, 2048, 2048, 2048, 2048, 2048, 2048, 2048, 2048, 2048, 2049]","[2048, 2048, 2048, 2048, 2048, 2048, 2048]",290.0
1229,9472,24,26,2024-03-02T15:45:05.392000+00:00,31.266,42.658,24.071,233.0,250,False,97.995,"[None, 2048, 2048, 2048, 2048, 2048, 2048, 2048, 2048, 2048]","[2048, 2048, 2048, 2048, 2048, 2048, 2048, 2048, 2048, 2048, 2048]","[2048, 2048, 2048, 2048, 2048, 2048, 2048]",303.0
1229,9472,22,26,2024-03-02T15:45:06.152000+00:00,31.252,42.54,24.266,230.0,255,False,98.058,"[None, 2048, 2048, 2048, 2048, 2048, 2048, 2048, 2048, 2048]","[2048, 2048, 2048, 2048, 2048, 2048, 2048, 2049, 2048, 2048, 2048]","[2048, 2048, 2048, 2048, 2048, 2048, 2048]",321.0
1229,9472,18,26,2024-03-02T15:45:08.677000+00:00,31.156,42.759,24.218,229.0,252,False,98.133,"[None, 2048, 2048, 2048, 2048, 2048, 2048, 2048, 2048, 2048]","[2048, 2048, 2048, 2048, 2048, 2048, 2048, 2048, 2048, 2048, 2048]","[2048, 2048, 2048, 2048, 2048, 2048, 2048]",
1229,9472,20,26,2024-03-02T15:45:10.935000+00:00,31.173,42.528,24.392,233.0,257,False,98.093,"[None, 2048, 2048, 2048, 2048, 2048, 2048, 2048, 2048, 2048]","[2048, 2048, 2048, 2048, 2048, 2048, 2048, 2048, 2048, 2048, 2048]","[2048, 2048, 2048, 2048, 2048, 2048, 2048]",308.0
1229,9472,23,26,2024-03-02T15:45:11.637000+00:00,31.041,42.821,24.238,231.0,255,False,98.1,"[None, 2048, 2048, 2048, 2048, 2048, 2048, 2048, 2048, 2048]","[2048, 2048, 2048, 2048, 2048, 2048, 2048, 2048, 2048, 2048, 2048]","[2048, 2048, 2048, 2048, 2048, 2048, 2048]",328.0
1229,9472,3,26,2024-03-02T15:45:13.232000+00:00,30.982,42.682,24.365,,257,False,98.029,"[None, 2048, 2048, 2048, 2048, 2048, 2048, 2048, 2048, 2048]","[2048, 2048, 2048, 2048, 2048, 2048, 2048, 2048, 2048, 2048, 2049]","[2048, 2048, 2048, 2048, 2048, 2048, 2048]",302.0
1229,9472,31,26,2024-03-02T15:45:17.255000+00:00,31.521,42.891,24.253,,255,False,98.665,"[None, 2048, 2048, 2048, 2048, 2048, 2048, 2048, 2048, 2048]","[2048, 2048, 2048, 2048, 2048, 2048, 2048, 2048, 2048, 2048, 2048]","[2048, 2048, 2048, 2048, 2048, 2048, 2048]",289.0
1229,9472,77,26,2024-03-02T15:45:19.272000+00:00,31.266,42.752,24.29,234.0,254,False,98.308,"[None, 2048, 2048, 2048, 2048, 2048, 2048, 2048, 2048, 2048]","[2048, 2048, 2048, 2048, 2048, 2048, 2048, 2048, 2048, 2048, 2048]","[2048, 2048, 2048, 2048, 2048, 2048, 2048]",303.0
1229,9472,10,26,2024-03-02T15:45:20.291000+00:00,31.256,42.673,24.45,230.0,254,False,98.379,"[None, 2048, 2048, 2048, 2048, 2048, 2048, 2048, 2048, 2048]","[2048, 2048, 2048, 2048, 2048, 2048, 2048, 2048, 2048, 2048, 2048]","[2048, 2048, 2048, 2048, 2048, 2048, 2048]",309.0
1229,9472,27,26,2024-03-02T15:45:36.511000+00:00,30.619,42.152,23.777,235.0,247,False,96.548,"[None, 2048, 2048, 2049, 2048, 2048, 2048, 2048, 2049, 2049]","[2048, 2048, 2048, 2048, 2048, 2048, 2048, 2048, 2048, 2048, 2048]","[2048, 2048, 2048, 2048, 2048, 2048, 2048]",301.0
1229,9472,1,27,2024-03-02T15:45:54.455000+00:00,30.649,41.338,23.594,230.0,250,False,95.581,"[None, 2049, 2048, 2048, 2048, 2048, 2049, 2048, 2048, 2048]","[2048, 2048, 2048, 2048, 2048, 2048, 2048, 2048, 2048, 2048, 2048]","[2048, 2048, 2048, 2048, 2048, 2048, 2048]",294.0
1229,9472,11,27,2024-03-02T15:46:07.575000+00:00,30.853,41.543,23.837,235.0,263,False,96.233,"[None, 2048, 2048, 2048, 2048, 2048, 2048, 2048, 2048, 2048]","[2048, 2048, 2048, 2048, 2048, 2048, 2048, 2048, 2048, 2048, 2051]","[2048, 2048, 2048, 2048, 2048, 2048, 2048]",299.0
1229,9472,55,27,2024-03-02T15:46:09.627000+00:00,30.807,41.836,23.629,236.0,251,False,96.272,"[None, 2048, 2048, 2048, 2048, 2048, 2048, 2048, 2048, 2048]","[2048, 2048, 2048, 2048, 2048, 2048, 2048, 2048, 2048, 2048, 2048]","[2048, 2048, 2048, 2048, 2048, 2048, 2048]",301.0
1229,9472,63,27,2024-03-02T15:46:16.674000+00:00,30.93,42.115,23.77,,253,False,96.815,"[None, 2048, 2048, 2048, 2048, 2048, 2048, 2048, 2048, 2048]","[2048, 2048, 2048, 2048, 2048, 2048, 2048, 2048, 2048, 2048, 2048]","[2048, 2048, 2048, 2048, 2048, 2048, 2048]",294.0
1229,9472,16,27,2024-03-02T15:46:18.033000+00:00,31.081,41.881,23.869,235.0,260,False,96.831,"[None, 2048, 2048, 2048, 2048, 2048, 2048, 2048, 2048, 2048]","[2048, 2049, 2048, 2048, 2048, 2048, 2048, 2048, 2048, 2048, 2048]","[2048, 2048, 2048, 2048, 2048, 2049]",301.0
1229,9472,4,27,2024-03-02T15:46:20.396000+00:00,30.873,41.939,23.914,,259,False,96.726,"[None, 2048, 2048, 2048, 2048, 2048, 2048, 2048, 2048, 2048]","[2048, 2048, 2048, 2048, 2048, 2048, 2048, 2048, 2048, 2048, 2048]","[2048, 2048, 2048, 2048, 2048, 2048, 2048]",
1229,9472,81,27,2024-03-02T15:46:23.673000+00:00,31.034,41.892,23.979,,265,False,96.905,"[None, 2048, 2048, 2048, 2048, 2048, 2048, 2048, 2048, 2048]","[2048, 2048, 2048, 2048, 2048, 2048, 2048, 2048, 2048, 2048, 2048]","[2048, 2048, 2048, 2048, 2048, 2048, 2048]",302.0
1229,9472,44,27,2024-03-02T15:46:26.503000+00:00,30.891,42.39,23.92,234.0,255,False,97.201,"[None, 2048, 2048, 2048, 2048, 2048, 2048, 2048, 2048, 2048]","[2049, 2048, 2048, 2048, None, None, 2048, 2048, 2048, 2048, 2048]","[2048, 2048, 2048, 2048, 2048, 2048, 2048]",296.0
1229,9472,14,27,2024-03-02T15:46:37.575000+00:00,31.0,42.032,23.913,234.0,233,False,96.945,"[None, 2048, 2048, 2048, 2048, 2048, 2048, 2048, 2048, 2048]","[2048, 2048, 2048, 2049, 2048, 2048, 2048, 2048, 2048, 2048, 2048]","[2048, 2048, 2048, 2048, 2048, 2048, 2048]",292.0
1229,9472,2,26,2024-03-02T15:46:39.536000+00:00,31.152,42.533,24.174,230.0,255,False,97.859,"[None, 2048, 2048, 2048, 2048, 2048, 2048, 2048, 2048, 2048]","[2048, 2048, 2048, 2048, 2049, 2048, 2048, 2048, 2048, 2048, 2048]","[2048, 2048, 2048, 2048, 2048, 2048, 2048]",297.0
1229,9472,24,27,2024-03-02T15:46:43.373000+00:00,31.367,42.594,24.092,,249,False,98.053,"[None, 2048, 2048, 2048, 2048, 2048, 2048, 2048, 2048, 2048]","[2048, 2048, 2048, 2048, 2048, 2048, 2048, 2048, 2048, 2048, 2048]","[2048, 2048, 2048, 2048, 2048, 2048, 2048]",302.0
1229,9472,22,27,2024-03-02T15:46:44.254000+00:00,31.195,42.468,24.42,228.0,260,False,98.083,"[None, 2048, 2048, 2048, 2048, 2048, 2048, 2048, 2048, 2048]","[2048, 2048, 2048, 2048, 2048, 2048, 2048, 2048, 2048, 2048, 2049]","[2048, 2048, 2048, 2048, 2048, 2048, 2048]",314.0
1229,9472,18,27,2024-03-02T15:46:46.827000+00:00,31.196,42.791,26.723,226.0,250,False,100.71,"[None, 2048, 2048, 2048, 2048, 2048, 2048, 2048, 2048, 2048]","[2048, 2048, 2048, 2048, 2048, 2048, 2048, 2048, 2048, 2048, 2048]","[2048, 2048, 2048, 2048, 2048, 2048, 2064]",296.0
1229,9472,20,27,2024-03-02T15:46:49.040000+00:00,31.201,42.67,24.355,231.0,256,False,98.226,"[None, 2048, 2048, 2048, 2048, 2048, 2048, 2048, 2048, 2048]","[2048, 2048, 2048, 2048, 2048, 2048, 2048, 2048, 2048, 2048, 2048]","[2048, 2048, 2048, 2048, 2048, 2048]",
1229,9472,23,27,2024-03-02T15:46:49.675000+00:00,31.029,43.069,24.198,,252,False,98.296,"[None, 2048, 2048, 2049, 2048, 2048, 2048, 2048, 2048, 2048]","[2048, 2048, 2048, 2048, 2048, 2048, 2048, 2048, 2048, 2048, 2048]","[2048, 2048, 2048, 2048, 2048, 2048, 2048]",
1229,9472,3,27,2024-03-02T15:46:51.249000+00:00,31.268,42.576,24.308,,259,False,98.152,"[None, 2048, 2048, 2048, 2048, 2048, 2048, 2048, 2048, 2048]","[2048, 2048, 2048, 2048, 2048, 2048, 2048, 2048, 2048, 2048, 2048]","[2048, 2048, 2048, 2048, 2048, 2048, 2048]",303.0
1229,9472,31,27,2024-03-02T15:46:55.750000+00:00,31.543,42.749,24.257,230.0,251,False,98.549,"[None, 2048, 2048, 2048, 2048, 2048, 2048, 2048, 2048, 2048]","[2048, 2048, 2048, 2048, 2048, 2048, 2048, 2048, 2048, 2048, 2048]","[2048, 2048, 2048, 2048, 2048, 2048, 2048]",
1229,9472,77,27,2024-03-02T15:46:57.612000+00:00,31.325,42.741,24.36,235.0,252,False,98.426,"[None, 2048, 2048, 2048, 2048, 2048, 2048, 2048, 2048, 2048]","[2048, 2048, 2048, 2048, 2048, 2048, 2048, 2048, 2048, 2048, 2048]","[2048, 2048, 2048, 2048, 2048, 2048, 2048]",302.0
1229,9472,10,27,2024-03-02T15:46:58.437000+00:00,31.171,42.747,24.482,,253,False,98.4,"[None, 2048, 2048, 2048, 2048, 2048, 2048, 2048, 2048, 2048]","[2048, 2048, 2048, 2048, 2048, 2048, 2048, 2048, 2048, 2048, 2048]","[2048, 2048, 2048, 2048, 2048, 2048, 2048]",308.0
1229,9472,27,27,2024-03-02T15:47:12.970000+00:00,30.719,41.983,23.945,,252,False,96.647,"[None, 2048, 2048, 2048, 2048, 2048, 2048, 2048, 2048, 2048]","[2048, 2048, 2048, 2048, 2048, 2048, 2048, 2048, 2049, 2048, 2048]","[2048, 2048, 2048, 2048, 2048, 2048, 2048]",
1229,9472,1,28,2024-03-02T15:47:29.971000+00:00,30.588,41.272,23.617,233.0,258,False,95.477,"[2048, 2048, 2048, 2048, 2048, 2048, 2048, 2049, 2048, 2048]","[2048, 2048, 2048, 2048, 2048, 2048, 2048, 2049, 2048, 2048, 2048]","[2048, 2048, 2048, 2048, 2048, 2048, 2048]",293.0
1229,9472,11,28,2024-03-02T15:47:43.763000+00:00,30.929,41.588,23.709,233.0,264,False,96.226,"[None, 2048, 2048, 2048, 2048, 2048, 2048, 2048, 2048, 2048]","[2049, 2048, 2048, 2048, 2048, 2048, 2048, 2048, 2048, 2048, 2048]","[2048, 2048, 2048, 2048, 2048, 2048, 2048]",
1229,9472,55,28,2024-03-02T15:47:45.755000+00:00,30.901,41.965,23.668,,251,False,96.534,"[None, 2048, 2048, 2048, 2048, 2048, 2048, 2048, 2048, 2048]","[2048, 2048, 2048, 2048, 2048, 2048, 2048, 2048, 2048, 2048, 2048]","[2048, 2048, 2048, 2048, 2048, 2048, 2048]",299.0
1229,9472,63,28,2024-03-02T15:47:53.442000+00:00,30.98,42.149,23.782,231.0,254,False,96.911,"[None, 2048, 2048, 2048, 2048, 2048, 2048, 2048, 2048, 2048]","[2048, 2048, 2048, 2048, 2048, 2048, 2048, 2048, 2048, 2048, 2048]","[2048, 2048, 2048, 2048, 2048, 2048, 2048]",
1229,9472,16,28,2024-03-02T15:47:54.787000+00:00,31.019,41.971,23.917,234.0,261,False,96.907,"[None, 2048, 2048, 2048, 2048, 2048, 2048, 2048, 2048, 2048]","[2049, 2048, 2048, 2048, 2048, 2048, 2048, 2048, 2048, 2048, 2048]","[2048, 2048, 2048, 2048, 2048, 2048, 2048]",300.0
1229,9472,4,28,2024-03-02T15:47:57.155000+00:00,30.98,41.984,24.054,,260,False,97.018,"[None, 2048, 2048, 2048, 2048, 2048, 2048, 2048, 2048, 2048]","[2048, 2048, 2048, 2048, 2048, 2048, 2048, 2048, 2048, 2048, 2049]","[2048, 2048, 2048, 2048, 2048, 2048, 2048]",300.0
1229,9472,81,28,2024-03-02T15:48:00.491000+00:00,31.028,41.888,23.989,235.0,264,False,96.905,"[None, 2048, 2048, 2048, 2048, 2048, 2048, 2048, 2048, 2048]","[2048, 2048, 2048, 2048, 2048, 2048, 2048, 2048, 2048, 2048, 2048]","[2048, 2048, 2048, 2048, 2048, 2048, 2048]",300.0
1229,9472,44,28,2024-03-02T15:48:03.649000+00:00,30.907,41.948,23.837,233.0,257,False,96.692,"[None, 2048, 2048, 2048, 2048, 2048, 2048, 2048, 2048, 2048]","[2048, 2048, 2048, 2048, 2048, 2048, 2048, 2048, 2048, 2048, 2048]","[2048, 2048, 2048, 2048, 2048, 2048, 2048]",298.0
1229,9472,14,28,2024-03-02T15:48:14.504000+00:00,31.091,42.208,23.957,,233,False,97.256,"[None, 2048, 2048, 2048, 2048, 2048, 2048, 2048, 2048, 2048]","[2048, 2048, 2048, 2048, 2048, 2048, 2048, 2048, 2049, 2048, 2048]","[2048, 2048, 2048, 2048, 2048, 2048, 2048]",298.0
1229,9472,2,27,2024-03-02T15:48:17.458000+00:00,31.178,42.806,24.304,,256,False,98.288,"[None, 2048, 2048, 2048, 2048, 2048, 2048, 2048, 2048, 2048]","[2048, 2048, 2048, 2048, 2048, 2048, 2048, 2048, 2048, 2048, 2048]","[2048, 2048, 2048, 2048, 2048, 2048, 2048]",294.0
1229,9472,24,28,2024-03-02T15:48:21.492000+00:00,31.279,42.58,26.816,,253,False,100.675,"[None, 2048, 2048, 2048, 2048, 2048, 2048, 2048, 2048, 2048]","[2048, 2048, 2048, 2048, 2048, 2048, 2048, 2048, 2048, 2048, 2048]","[2048, 2048, 2048, 2048, 2048, 2048, 2064]",
1229,9472,22,28,2024-03-02T15:48:22.363000+00:00,31.266,42.608,24.29,229.0,251,False,98.164,"[None, 2048, 2048, 2048, 2048, 2048, 2049, 2048, 2048, 2048]","[2048, 2048, 2048, 2048, 2048, 2048, 2048, 2048, 2048, 2048, 2048]","[2048, 2048, 2048, 2048, 2048, 2048]",302.0
1229,9472,20,28,2024-03-02T15:48:27.003000+00:00,31.209,42.495,24.232,232.0,258,False,97.936,"[None, 2048, 2048, 2048, 2048, 2048, 2048, 2048, 2048, 2048]","[2049, 2049, 2048, 2048, 2048, 2048, 2048, 2048, 2048, 2048, 2049]","[2048, 2048, 2048, 2048, 2048, 2048, 2048]",300.0
1229,9472,18,28,2024-03-02T15:48:27.503000+00:00,51.64,41.554,23.446,228.0,252,True,116.64,"[2064, 2064, 2064, 2048, 2048, 2048, 2048, 2048, 2048, 2048]","[2049, 2049, 2048, 2048, 2049, 2049, 2048, 2048, 2049, 2048, 2048]","[2049, 2049, 2048, 2048, 2049, 2049, 2048]",220.0
1229,9472,23,28,2024-03-02T15:48:28.047000+00:00,31.108,42.692,24.248,229.0,254,False,98.048,"[None, 2048, 2048, 2048, 2048, 2048, 2048, 2048, 2048, 2048]","[2048, 2048, 2048, 2048, 2048, 2048, 2048, 2048, 2048, 2048, 2048]","[2048, 2048, 2048, 2048, 2048, 2048, 2048]",313.0
1229,9472,3,28,2024-03-02T15:48:29.382000+00:00,31.076,42.66,24.309,,259,False,98.045,"[None, 2048, 2048, 2048, 2048, 2048, 2048, 2048, 2048, 2048]","[2048, 2048, 2048, 2048, 2048, 2048, 2048, 2048, 2048, 2048, 2049]","[2048, 2048, 2048, 2048, 2048, 2048, 2048]",306.0
1229,9472,31,28,2024-03-02T15:48:34.320000+00:00,31.492,42.678,24.202,232.0,254,False,98.372,"[None, 2048, 2048, 2048, 2048, 2048, 2048, 2048, 2048, 2048]","[2048, 2048, 2048, 2048, 2048, 2048, 2048, 2048, 2048, 2048, 2048]","[2048, 2048, 2048, 2048, 2048, 2048, 2048]",290.0
1229,9472,77,28,2024-03-02T15:48:36.051000+00:00,31.285,42.889,24.421,234.0,250,False,98.595,"[None, 2048, 2048, 2048, 2048, 2048, 2048, 2048, 2048, 2048]","[2048, 2048, 2048, 2048, 2048, 2048, 2048, 2048, 2048, 2048, 2048]","[2048, 2048, 2048, 2048, 2048, 2048]",
1229,9472,10,28,2024-03-02T15:48:36.991000+00:00,31.351,42.788,24.476,232.0,253,False,98.615,"[None, 2048, 2048, 2048, 2048, 2048, 2048, 2048, 2048, 2048]","[2048, 2048, 2048, 2048, 2048, 2048, 2048, 2048, 2048, 2048, 2048]","[2048, 2048, 2048, 2048, 2048, 2048, 2048]",299.0
1229,9472,27,28,2024-03-02T15:48:49.656000+00:00,31.001,42.31,23.943,233.0,249,False,97.254,"[None, 2048, 2048, 2048, 2048, 2048, 2048, 2048, 2048, 2048]","[2048, 2048, 2048, 2048, 2048, 2048, 2048, 2048, 2048, 2049, 2048]","[2048, 2048, 2048, 2048, 2048, 2048, 2049]",299.0
1229,9472,1,29,2024-03-02T15:49:05.560000+00:00,30.679,41.485,23.629,234.0,258,False,95.793,"[None, 2048, 2048, 2048, 2048, 2048, 2048, 2048, 2048, 2048]","[2048, 2048, 2048, 2048, 2048, 2048, 2048, 2048, 2048, 2049, 2048]","[2048, 2048, 2048, 2048, 2048, 2048, 2049]",
1229,9472,11,29,2024-03-02T15:49:19.924000+00:00,30.926,41.749,23.762,228.0,263,False,96.437,"[None, 2048, 2048, 2048, 2048, 2048, 2048, 2048, 2048, 2048]","[2048, 2048, 2048, 2048, 2048, 2048, 2048, 2048, 2048, 2048, 2048]","[2048, 2048, 2048, 2048, 2048, 2048, 2048]",298.0
1229,9472,55,29,2024-03-02T15:49:22.302000+00:00,30.852,41.97,23.778,,254,False,96.6,"[None, 2048, 2048, 2048, 2048, 2048, 2048, 2048, 2048, 2048]","[2048, 2048, 2048, 2048, 2048, 2048, 2048, 2048, 2048, 2048, 2048]","[2048, 2048, 2048, 2048, 2048, 2048, 2048]",301.0
1229,9472,63,29,2024-03-02T15:49:30.401000+00:00,30.993,42.224,23.849,,257,False,97.066,"[None, 2048, 2048, 2048, 2048, 2048, 2048, 2048, 2048, 2048]","[2048, 2048, 2048, 2048, 2048, 2048, 2048, 2048, 2048, 2048, 2049]","[2048, 2048, 2048, 2048, 2048, 2048, 2048]",295.0
1229,9472,16,29,2024-03-02T15:49:31.662000+00:00,30.974,42.065,23.924,236.0,259,False,96.963,"[None, 2048, 2048, 2048, 2048, 2048, 2048, 2048, 2048, 2048]","[2048, 2048, 2048, 2048, 2048, 2048, 2048, 2048, 2048, 2048, 2048]","[2048, 2048, 2048, 2048, 2048, 2048, 2048]",
1229,9472,4,29,2024-03-02T15:49:34.073000+00:00,30.879,42.16,24.002,234.0,260,False,97.041,"[None, 2048, 2048, 2049, 2048, 2048, 2048, 2048, 2048, 2048]","[2048, 2048, 2048, 2048, 2048, 2048, 2048, 2048, 2048, 2048, 2048]","[2048, 2048, 2048, 2048, 2048, 2048, 2048]",
1229,9472,81,29,2024-03-02T15:49:37.484000+00:00,31.07,42.068,24.041,,265,False,97.179,"[None, 2048, 2048, 2048, 2048, 2048, 2048, 2048, 2048, 2048]","[2048, 2048, 2048, 2048, 2048, 2048, 2048, 2048, 2048, 2048, 2048]","[2048, 2048, 2048, 2048, 2048, 2048, 2048]",303.0
1229,9472,44,29,2024-03-02T15:49:40.397000+00:00,30.897,42.023,23.866,,259,False,96.786,"[None, 2048, 2048, 2048, 2048, 2048, 2048, 2048, 2048, 2048]","[2048, 2048, 2048, 2048, 2048, 2048, 2048, 2048, 2048, 2048, 2049]","[2048, 2048, 2048, 2048, 2048, 2048, 2048]",
1229,9472,14,29,2024-03-02T15:49:51.727000+00:00,30.948,42.237,23.919,233.0,232,False,97.104,"[None, 2048, 2048, 2048, 2048, 2048, 2048, 2048, 2049, 2048]","[2048, 2048, 2048, 2048, 2048, 2048, 2048, 2048, 2048, 2048, 2048]","[2048, 2048, 2048, 2048, 2048, 2048, 2048]",297.0
1229,9472,2,28,2024-03-02T15:49:55.707000+00:00,31.128,42.603,26.804,231.0,259,False,100.535,"[None, 2048, 2048, 2048, 2048, 2048, 2048, 2048, 2049, 2048]","[2048, 2048, 2048, 2048, 2048, 2048, 2048, 2048, 2048, 2048, 2048]","[2048, 2048, 2048, 2048, 2048, 2048, 2064]",295.0
1229,9472,22,29,2024-03-02T15:50:00.438000+00:00,31.161,42.542,24.074,230.0,254,False,97.777,"[None, 2048, 2048, 2048, 2048, 2048, 2048, 2048, 2048, 2048]","[2048, 2048, 2048, 2048, 2048, 2048, 2048, 2048, 2048, 2048, 2048]","[2049, 2048, 2048, 2048, 2048, 2048, 2048]",299.0
1229,9472,24,29,2024-03-02T15:50:02.148000+00:00,52.137,41.43,23.509,234.0,256,True,117.076,"[2064, 2064, 2064, 2048, 2048, 2048, 2048, 2048, 2048, 2051]","[2048, 2049, 2049, 2049, 2048, 2049, 2048, 2048, 2048, 2051, 2049]","[2049, 2049, 2048, 2048, 2049, 2051, 2048]",223.0
1229,9472,20,29,2024-03-02T15:50:05.109000+00:00,31.197,42.504,24.264,233.0,259,False,97.965,"[None, 2048, 2048, 2048, 2048, 2048, 2048, 2048, 2048, 2048]","[2048, 2048, 2048, 2048, 2048, 2048, 2048, 2048, 2048, 2048, 2048]","[2048, 2048, 2048, 2048, 2048, 2048, 2048]",301.0
1229,9472,23,29,2024-03-02T15:50:05.928000+00:00,31.127,42.585,24.167,232.0,254,False,97.879,"[None, 2048, 2048, 2048, 2048, 2048, 2048, 2048, 2048, 2048]","[2048, 2048, 2048, 2048, 2048, 2048, 2048, 2048, 2048, 2048, 2048]","[2048, 2048, 2048, 2048, 2048, 2048, 2048]",309.0
1229,9472,3,29,2024-03-02T15:50:07.275000+00:00,31.066,42.637,24.257,,257,False,97.96,"[None, 2048, 2048, 2048, 2048, 2048, 2048, 2048, 2048, 2048]","[2048, 2048, 2048, 2048, 2048, 2048, 2048, 2048, 2048, 2048, 2049]","[2048, 2048, 2048, 2048, 2048, 2048, 2048]",
1229,9472,31,29,2024-03-02T15:50:12.684000+00:00,31.562,42.663,24.331,,254,False,98.556,"[None, 2048, 2048, 2048, 2048, 2048, 2048, 2048, 2048, 2048]","[2049, 2049, 2048, 2048, 2048, 2048, 2048, 2048, 2048, 2048, 2048]","[2048, 2048, 2048, 2048, 2048, 2048, 2048]",288.0
1229,9472,77,29,2024-03-02T15:50:14.579000+00:00,31.344,42.981,24.329,233.0,253,False,98.654,"[None, 2048, 2048, 2048, 2048, 2048, 2048, 2048, 2048, 2048]","[2048, 2048, 2048, 2048, 2048, 2048, 2048, 2048, 2048, 2048, 2048]","[2048, 2048, 2048, 2048, 2048, 2048, 2048]",299.0
1229,9472,10,29,2024-03-02T15:50:15.428000+00:00,31.301,42.807,24.442,233.0,255,False,98.55,"[None, 2048, 2048, 2048, 2048, 2048, 2048, 2048, 2048, 2048]","[2048, 2048, 2048, 2048, 2048, 2048, 2048, 2049, 2048, 2048, 2048]","[2048, 2048, 2048, 2048, 2048, 2048, 2048]",306.0
1229,9472,18,29,2024-03-02T15:50:24.326000+00:00,30.749,41.609,23.496,,252,False,95.854,"[2048, 2048, 2048, 2049, 2048, 2049, 2048, 2048, 2048, 2048]","[2048, 2048, 2048, 2048, 2049, 2051, 2048, 2048, 2048, 2048, 2048]","[2048, 2049, 2048, 2048, 2048, 2049, 2049]",299.0
1229,9472,27,29,2024-03-02T15:50:27.021000+00:00,30.844,42.049,23.944,,254,False,96.837,"[2049, 2048, 2048, 2048, 2048, 2048, 2049, 2048, 2048, 2048]","[2049, 2049, 2048, 2049, 2048, 2048, 2048, 2048, 2049, 2049, 2048]","[2048, 2048, 2048, 2048, 2048, 2048, 2048]",302.0
1229,9472,1,30,2024-03-02T15:50:41.350000+00:00,30.657,41.47,23.644,,254,False,95.771,"[2049, 2049, 2048, 2048, 2048, 2048, 2048, 2048, 2048, 2048]","[2048, 2048, 2048, 2049, 2048, 2048, 2049, 2048, 2048, 2048, 2048]","[2048, 2048, 2048, 2048, 2048, 2048, 2049]",294.0
1229,9472,11,30,2024-03-02T15:50:56.483000+00:00,30.916,41.643,23.754,230.0,263,False,96.313,"[None, 2048, 2048, 2048, 2048, 2048, 2048, 2048, 2048, 2048]","[2048, 2048, 2048, 2048, 2048, 2048, 2048, 2048, 2048, 2048, 2048]","[2048, 2048, 2048, 2048, 2048, 2048, 2048]",299.0
1229,9472,55,30,2024-03-02T15:50:58.869000+00:00,30.746,41.897,23.694,,253,False,96.337,"[None, 2048, 2048, 2048, 2048, 2048, 2048, 2048, 2048, 2048]","[2048, 2048, 2048, 2048, 2048, 2048, 2048, 2048, 2048, 2048, 2048]","[2048, 2048, 2048, 2048, 2048, 2048, 2048]",303.0
1229,9472,63,30,2024-03-02T15:51:07.487000+00:00,31.03,42.221,23.935,232.0,252,False,97.186,"[None, 2048, 2048, 2048, 2048, 2048, 2048, 2048, 2048, 2048]","[2048, 2048, 2048, 2048, 2048, 2048, 2048, 2048, 2048, 2048, 2048]","[2048, 2048, 2048, 2048, 2048, 2048, 2048]",294.0
1229,9472,16,30,2024-03-02T15:51:08.688000+00:00,31.134,42.03,23.994,235.0,260,False,97.158,"[None, 2048, 2048, 2048, 2048, 2048, 2048, 2048, 2048, 2048]","[2048, 2048, 2048, 2049, 2048, 2048, 2048, 2048, 2048, 2048, 2048]","[2048, 2048, 2048, 2048, 2048, 2048, 2048]",301.0
1229,9472,4,30,2024-03-02T15:51:11.080000+00:00,30.946,42.076,23.964,,258,False,96.986,"[None, 2048, 2048, 2048, 2048, 2048, 2048, 2048, 2048, 2048]","[2048, 2048, 2048, 2048, 2048, 2048, 2048, 2048, 2048, 2048, 2048]","[2048, 2048, 2048, 2048, 2048, 2048, 2048]",301.0
1229,9472,81,30,2024-03-02T15:51:14.548000+00:00,31.02,42.067,24.09,,266,False,97.177,"[None, 2048, 2048, 2048, 2048, 2048, 2048, 2048, 2048, 2048]","[2048, 2048, 2048, 2048, 2048, 2048, 2048, 2048, 2048, 2048, 2049]","[2048, 2048, 2048, 2048, 2048, 2048, 2048]",
1229,9472,44,30,2024-03-02T15:51:17.081000+00:00,30.945,42.37,23.929,232.0,259,False,97.244,"[None, 2048, 2048, 2048, 2048, 2048, 2048, 2048, 2048, 2048]","[2048, 2048, 2048, 2048, 2048, 2048, 2048, 2048, 2048, 2048, 2048]","[2048, 2048, 2048, 2048, 2048, 2048, 2048]",296.0
1229,9472,14,30,2024-03-02T15:51:28.922000+00:00,30.976,42.05,23.956,234.0,247,False,96.982,"[None, 2048, 2048, 2048, 2048, 2048, 2048, 2048, 2049, 2048]","[2048, 2048, 2048, 2048, 2048, 2048, 2048, 2048, 2048, 2048, 2048]","[2048, 2048, 2048, 2048, 2048, 2048, 2048]",298.0
1229,9472,2,29,2024-03-02T15:51:36.212000+00:00,52.601,45.132,23.848,231.0,260,True,121.581,"[2064, 2064, 2064, 2048, 2048, 2048, 2048, 2048, 2048, 2048]","[2048, 2048, 2049, 2049, 2048, 2048, 2048, 2048, 2048, 2048, 2048]","[2048, 2048, 2048, 2048, 2049, 2049, 2048]",218.0
1229,9472,22,30,2024-03-02T15:51:38.198000+00:00,31.158,42.314,24.005,232.0,253,False,97.477,"[None, 2048, 2048, 2048, 2048, 2048, 2048, 2048, 2049, 2048]","[2048, 2049, 2048, 2048, 2048, 2048, 2048, 2048, 2048, 2048, 2048]","[2049, 2048, 2048, 2048, 2048, 2048, 2048]",
1229,9472,20,30,2024-03-02T15:51:43.074000+00:00,31.138,42.655,24.247,236.0,264,False,98.04,"[None, 2048, 2048, 2048, 2048, 2048, 2048, 2048, 2048, 2048]","[2049, 2048, 2048, 2049, 2048, 2048, 2048, 2048, 2048, 2048, 2049]","[2048, 2048, 2048, 2048, 2048, 2048, 2048]",305.0
1229,9472,23,30,2024-03-02T15:51:43.826000+00:00,31.045,42.634,24.289,230.0,253,False,97.968,"[None, 2048, 2048, 2048, 2048, 2048, 2048, 2048, 2048, 2048]","[2048, 2049, 2048, 2048, 2048, 2048, 2048, 2048, 2048, 2048, 2048]","[2048, 2048, 2048, 2048, 2048, 2048, 2048]",313.0
1229,9472,3,30,2024-03-02T15:51:45.437000+00:00,31.075,42.576,24.327,,259,False,97.978,"[None, 2048, 2048, 2048, 2048, 2048, 2048, 2048, 2048, 2048]","[2048, 2048, 2048, 2048, 2048, 2048, 2048, 2048, 2048, 2048, 2049]","[2048, 2048, 2048, 2048, 2048, 2048, 2048]",307.0
1229,9472,31,30,2024-03-02T15:51:51.294000+00:00,31.546,42.7,26.964,,254,False,101.21,"[None, 2048, 2048, 2048, 2048, 2048, 2048, 2048, 2048, 2048]","[2048, 2048, 2048, 2048, 2048, 2048, 2048, 2048, 2048, 2048, 2048]","[2048, 2048, 2048, 2048, 2048, 2048, 2064]",291.0
1229,9472,77,30,2024-03-02T15:51:53.373000+00:00,31.469,42.763,27.02,,254,False,101.252,"[None, 2048, 2048, 2048, 2048, 2048, 2048, 2048, 2048, 2048]","[2048, 2048, 2048, 2048, 2048, 2048, 2048, 2048, 2048, 2048, 2048]","[2048, 2048, 2048, 2048, 2048, 2048, 2064]",300.0
1229,9472,10,30,2024-03-02T15:51:53.997000+00:00,31.368,42.942,24.522,231.0,256,False,98.832,"[None, 2048, 2048, 2048, 2048, 2048, 2049, 2048, 2048, 2048]","[2048, 2048, 2048, 2048, 2048, 2048, 2048, 2048, 2048, 2048, 2049]","[2048, 2048, 2048, 2048, 2048, 2048, 2048]",302.0
1229,9472,24,30,2024-03-02T15:51:59.185000+00:00,30.674,41.19,23.594,235.0,258,False,95.458,"[2048, 2048, 2048, 2048, 2049, 2049, 2048, 2048, 2048, 2048]","[2048, 2049, 2048, 2048, 2048, 2049, 2048, 2049, 2048, 2048, 2049]","[2049, 2049, 2049, 2048, 2048, 2048, 2048]",302.0
1229,9472,18,30,2024-03-02T15:52:00.091000+00:00,30.429,41.682,23.521,229.0,254,False,95.632,"[None, 2048, 2048, 2049, 2048, 2049, 2048, 2048, 2048, 2048]","[2048, 2048, 2048, 2048, 2048, 2048, 2048, 2049, 2048, 2048, 2048]","[2049, 2048, 2048, 2048, 2048, 2048, 2048]",324.0
1229,9472,27,30,2024-03-02T15:52:03.821000+00:00,30.738,41.973,23.98,236.0,252,False,96.691,"[2048, 2048, 2048, 2048, 2048, 2048, 2049, 2049, 2048, 2049]","[2048, 2048, 2048, 2048, 2048, 2048, 2048, 2048, 2049, 2048, 2048]","[2048, 2048, 2048, 2048, 2048, 2048, 2049]",304.0
1229,9472,1,31,2024-03-02T15:52:17.140000+00:00,30.635,41.435,23.609,,260,False,95.679,"[None, 2049, 2048, 2048, 2048, 2048, 2049, 2048, 2048, 2048]","[2048, 2048, 2048, 2048, 2048, 2048, 2048, 2048, 2048, 2048, 2048]","[2048, 2048, 2048, 2048, 2048, 2048, 2048]",295.0
1229,9472,11,31,2024-03-02T15:52:32.773000+00:00,30.843,41.752,23.744,231.0,263,False,96.339,"[None, 2048, 2048, 2048, 2048, 2048, 2048, 2048, 2048, 2048]","[2049, 2048, 2048, 2048, 2048, 2048, 2048, 2048, 2048, 2048, 2048]","[2049, 2048, 2048, 2048, 2048, 2048, 2048]",
1229,9472,55,31,2024-03-02T15:52:35.311000+00:00,30.851,41.959,23.727,234.0,253,False,96.537,"[None, 2048, 2048, 2048, 2048, 2048, 2048, 2048, 2048, 2048]","[2048, 2049, 2048, 2048, 2048, 2048, 2048, 2048, 2048, 2048, 2048]","[2048, 2048, 2048, 2048, 2048, 2048, 2048]",301.0
1229,9472,63,31,2024-03-02T15:52:44.710000+00:00,31.061,42.153,26.191,,260,False,99.405,"[None, 2048, 2048, 2048, 2048, 2048, 2048, 2048, 2048, 2048]","[2048, 2048, 2048, 2048, 2048, 2048, 2048, 2048, 2048, 2048, 2048]","[2048, 2048, 2048, 2048, 2048, 2048, 2064]",295.0
1229,9472,16,31,2024-03-02T15:52:45.777000+00:00,30.999,42.079,23.953,236.0,260,False,97.031,"[None, 2048, 2048, 2048, 2048, 2048, 2048, 2048, 2048, 2048]","[2048, 2048, 2048, 2048, 2048, 2048, 2048, 2048, 2048, 2048, 2048]","[2048, 2048, 2048, 2048, 2048, 2048]",300.0
1229,9472,4,31,2024-03-02T15:52:48.038000+00:00,30.944,42.127,24.012,235.0,257,False,97.083,"[None, 2048, 2048, 2048, 2048, 2048, 2048, 2048, 2048, 2048]","[2048, 2048, 2048, 2048, 2048, 2048, 2048, 2048, 2048, 2048, 2048]","[2048, 2048, 2048, 2048, 2048, 2048, 2048]",302.0
1229,9472,81,31,2024-03-02T15:52:51.800000+00:00,30.979,42.516,24.075,,264,False,97.57,"[None, 2048, 2048, 2048, 2048, 2048, 2048, 2048, 2048, 2048]","[2048, 2048, 2048, 2048, 2048, 2048, 2048, 2048, 2048, 2048, 2048]","[2048, 2048, 2048, 2048, 2048, 2048, 2048]",301.0
1229,9472,44,31,2024-03-02T15:52:54.392000+00:00,30.837,42.175,23.963,233.0,258,False,96.975,"[None, 2048, 2048, 2048, 2048, 2048, 2048, 2048, 2048, 2048]","[2049, 2048, 2048, 2048, 2048, 2048, 2048, 2048, 2048, 2048, 2048]","[2048, 2048, 2048, 2048, 2048, 2048, 2048]",299.0
1229,9472,14,31,2024-03-02T15:53:05.945000+00:00,30.866,42.192,23.899,,238,False,96.957,"[None, 2048, 2048, 2048, 2048, 2048, 2048, 2048, 2048, 2048]","[2048, 2048, 2048, 2048, 2048, 2048, 2048, 2048, 2048, 2048, 2048]","[2048, 2048, 2048, 2048, 2048, 2048, 2048]",299.0
1229,9472,22,31,2024-03-02T15:53:15.776000+00:00,31.151,42.349,23.968,,253,False,97.468,"[None, 2048, 2048, 2048, 2048, 2048, 2048, 2048, 2048, 2048]","[2049, 2048, 2048, 2048, 2048, 2048, 2048, 2048, 2049, 2048, 2048]","[2048, 2048, 2048, 2048, 2049, 2048, 2048]",
1229,9472,20,31,2024-03-02T15:53:21.168000+00:00,31.181,42.628,24.191,233.0,259,False,98.0,"[None, 2048, 2048, 2048, 2048, 2048, 2048, 2048, 2048, 2048]","[2049, 2048, 2048, 2048, 2048, 2048, 2048, 2048, 2048, 2048, 2048]","[2048, 2048, 2048, 2048, 2048, 2048, 2048]",299.0
1229,9472,23,31,2024-03-02T15:53:21.851000+00:00,31.093,42.811,24.231,231.0,255,False,98.135,"[None, 2048, 2048, 2048, 2048, 2048, 2048, 2048, 2048, 2048]","[2049, 2048, 2048, 2048, 2048, 2048, 2048, 2048, 2048, 2048, 2048]","[2048, 2048, 2048, 2048, 2048, 2048, 2048]",326.0
1229,9472,3,31,2024-03-02T15:53:23.390000+00:00,31.167,42.688,24.299,,255,False,98.154,"[None, 2048, 2048, 2048, 2048, 2048, 2048, 2048, 2048, 2048]","[2048, 2048, 2048, 2048, 2048, 2048, 2048, 2048, 2048, 2048, 2048]","[2048, 2048, 2048, 2049, 2048, 2048, 2048]",305.0
1229,9472,31,31,2024-03-02T15:53:32.529000+00:00,52.935,42.397,23.99,230.0,251,True,119.322,"[2064, 2064, 2064, 2048, 2048, 2048, 2048, 2048, 2048, 2048]","[2048, 2048, 2048, 2048, 2048, 2048, 2048, 2048, 2048, 2048, 2048]","[2048, 2048, 2048, 2048, 2048, 2049, 2048]",215.0
1229,9472,10,31,2024-03-02T15:53:32.808000+00:00,31.182,42.455,26.795,,254,False,100.432,"[None, 2048, 2048, 2048, 2048, 2048, 2048, 2048, 2049, 2048]","[2049, 2049, 2048, 2048, 2048, 2048, 2048, 2048, 2048, 2048, 2048]","[2048, 2048, 2048, 2048, 2048, 2048, 2064]",308.0
1229,9472,77,31,2024-03-02T15:53:34.689000+00:00,,42.63,23.793,231.0,252,True,170.266,"[2064, 2064, 2064, 2048, 2048, 2048, 2048, 2048, 2048, 2048]","[2048, 2048, 2048, 2048, 2049, 2048, 2048, 2048, 2048, 2048, 2048]","[2049, 2049, 2048, 2048, 2048, 2049, 2048]",186.0
1229,9472,24,31,2024-03-02T15:53:34.762000+00:00,30.846,41.644,23.807,232.0,252,False,96.297,"[None, 2048, 2048, 2048, 2048, 2048, 2048, 2048, 2048, 2048]","[2048, 2048, 2048, 2048, 2048, 2048, 2048, 2048, 2048, 2048, 2048]","[2048, 2048, 2049, 2048, 2048, 2048, 2048]",299.0
1229,9472,18,31,2024-03-02T15:53:35.670000+00:00,30.622,41.79,23.79,231.0,253,False,96.202,"[None, 2048, 2048, 2048, 2048, 2048, 2048, 2048, 2048, 2049]","[2048, 2048, 2048, 2049, 2048, 2048, 2048, 2048, 2048, 2049, 2048]","[2048, 2048, 2049, 2048, 2048, 2048, 2048]",302.0
1229,9472,2,30,2024-03-02T15:53:37.819000+00:00,30.623,41.483,23.609,234.0,263,False,95.715,"[2048, 2048, 2048, 2049, 2049, 2049, 2048, 2048, 2049, 2049]","[2049, 2049, 2048, 2049, 2049, 2048, 2048, 2048, 2049, 2049, 2049]","[2049, 2048, 2048, 2048, 2049, 2048, 2048]",298.0
1229,9472,27,31,2024-03-02T15:53:40.475000+00:00,30.717,41.966,23.895,235.0,256,False,96.578,"[None, 2049, 2049, 2048, 2048, 2048, 2049, 2048, 2048, 2049]","[2048, 2048, 2048, 2048, 2048, 2048, 2048, 2048, 2048, 2049, 2049]","[2048, 2048, 2048, 2048, 2048, 2048, 2049]",
1229,9472,1,32,2024-03-02T15:53:52.829000+00:00,30.669,41.519,23.698,,260,False,95.886,"[None, 2049, 2049, 2049, 2048, 2048, 2048, 2048, 2048, 2048]","[2048, 2048, 2048, 2048, 2048, 2048, 2048, 2048, 2048, 2048, 2048]","[2048, 2048, 2048, 2048, 2048, 2048, 2049]",296.0
1229,9472,11,32,2024-03-02T15:54:09.049000+00:00,30.856,41.671,23.749,233.0,263,False,96.276,"[None, 2048, 2048, 2048, 2048, 2048, 2048, 2048, 2048, 2048]","[2051, 2048, 2048, 2048, 2048, 2048, 2048, 2048, 2048, 2048, 2048]","[2048, 2048, 2048, 2048, 2048, 2048, 2048]",300.0
1229,9472,55,32,2024-03-02T15:54:11.818000+00:00,30.873,42.115,23.774,236.0,255,False,96.762,"[None, 2048, 2048, 2048, 2048, 2048, 2048, 2048, 2048, 2048]","[2049, 2048, 2048, 2048, 2048, 2048, 2048, 2048, 2048, 2048, 2049]","[2048, 2048, 2048, 2048, 2048, 2048, 2048]",303.0
1229,9472,16,32,2024-03-02T15:54:22.697000+00:00,31.153,41.922,23.866,233.0,259,False,96.941,"[None, 2048, 2048, 2048, 2048, 2048, 2048, 2048, 2048, 2048]","[2049, 2048, 2048, 2048, 2048, 2048, 2048, 2048, 2048, 2048, 2048]","[2048, 2048, 2048, 2048, 2048, 2048, 2048]",294.0
1229,9472,63,32,2024-03-02T15:54:23.977000+00:00,52.151,41.641,23.475,230.0,257,True,117.267,"[2064, 2064, 2064, 2048, 2048, 2048, 2048, 2048, 2048, 2048]","[2048, 2048, 2048, 2048, 2049, 2049, 2048, 2048, 2049, 2051, 2048]","[2049, 2051, 2048, 2048, 2048, 2049, 2049]",217.0
1229,9472,4,32,2024-03-02T15:54:25.231000+00:00,30.994,42.14,24.037,,260,False,97.171,"[None, 2048, 2048, 2048, 2048, 2048, 2048, 2048, 2048, 2048]","[2048, 2048, 2048, 2048, 2048, 2048, 2048, 2048, 2048, 2048, 2048]","[2048, 2048, 2048, 2048, 2048, 2048, 2048]",300.0
1229,9472,81,32,2024-03-02T15:54:29.304000+00:00,30.956,42.2,24.007,236.0,266,False,97.163,"[None, 2048, 2048, 2048, 2048, 2048, 2048, 2048, 2048, 2048]","[2048, 2048, 2048, 2048, 2048, 2048, 2048, 2048, 2048, 2048, 2048]","[2048, 2048, 2048, 2048, 2048, 2048, 2048]",302.0
1229,9472,44,32,2024-03-02T15:54:31.271000+00:00,31.076,42.235,24.014,234.0,260,False,97.325,"[None, 2048, 2048, 2048, 2048, 2048, 2048, 2048, 2048, 2048]","[2048, 2048, 2048, 2048, 2048, 2048, 2048, 2048, 2048, 2048, 2049]","[2048, 2048, 2048, 2048, 2048, 2048]",298.0
1229,9472,14,32,2024-03-02T15:54:42.778000+00:00,31.023,42.0,24.033,232.0,254,False,97.056,"[None, 2048, 2048, 2048, 2048, 2048, 2048, 2048, 2048, 2048]","[2049, 2048, 2048, 2048, 2048, 2048, 2048, 2048, 2048, 2048, 2049]","[2048, 2048, 2048, 2048, 2048, 2048, 2048]",
1229,9472,22,32,2024-03-02T15:54:53.228000+00:00,31.448,42.329,24.07,231.0,257,False,97.847,"[None, 2048, 2048, 2048, 2048, 2048, 2048, 2048, 2048, 2048]","[2048, 2049, 2048, 2048, 2048, 2048, 2048, 2048, 2048, 2049, 2048]","[2048, 2048, 2048, 2048, 2048, 2048, 2048]",
1229,9472,20,32,2024-03-02T15:54:59.087000+00:00,31.273,42.416,26.876,237.0,264,False,100.565,"[None, 2048, 2048, 2048, 2048, 2048, 2048, 2048, 2048, 2048]","[2048, 2049, 2048, 2049, 2048, 2048, 2048, 2048, 2048, 2048, 2048]","[2048, 2048, 2048, 2048, 2048, 2048, 2064]",
1229,9472,23,32,2024-03-02T15:55:00.293000+00:00,31.143,42.707,24.333,,253,False,98.183,"[None, 2048, 2048, 2048, 2048, 2048, 2048, 2048, 2048, 2048]","[2048, 2048, 2048, 2048, 2048, 2048, 2048, 2048, 2048, 2048, 2048]","[2048, 2048, 2048, 2048, 2048, 2048, 2048]",308.0
1229,9472,3,32,2024-03-02T15:55:01.443000+00:00,31.075,42.662,24.288,234.0,256,False,98.025,"[None, 2048, 2048, 2048, 2048, 2048, 2048, 2048, 2048, 2048]","[2048, 2048, 2048, 2048, 2048, 2048, 2048, 2048, 2048, 2048, 2048]","[2048, 2048, 2048, 2048, 2048, 2048, 2048]",307.0
1229,9472,24,32,2024-03-02T15:55:10.879000+00:00,30.646,41.735,23.667,231.0,245,False,96.048,"[None, 2048, 2048, 2051, 2048, 2048, 2048, 2048, 2048, 2048]","[2048, 2048, 2048, 2048, 2049, 2048, 2048, 2048, 2049, 2048, 2048]","[2048, 2048, 2048, 2048, 2048, 2048, 2048]",316.0
1229,9472,18,32,2024-03-02T15:55:11.874000+00:00,30.248,41.8,23.773,229.0,255,False,95.821,"[None, 2048, 2048, 2049, 2048, 2048, 2048, 2048, 2048, 2048]","[2048, 2048, 2048, 2049, 2048, 2048, 2048, 2051, 2048, 2048, 2048]","[2048, 2048, 2048, 2048, 2048, 2048, 2049]",326.0
1229,9472,10,32,2024-03-02T15:55:13.184000+00:00,53.98,41.978,23.812,232.0,251,True,119.77,"[2064, 2064, 2064, 2048, 2048, 2048, 2048, 2048, 2048, 2048]","[2048, 2048, 2049, 2049, 2049, 2048, 2048, 2048, 2049, 2048, 2048]","[2049, 2049, 2048, 2048, 2049, 2049, 2048]",219.0
1229,9472,2,31,2024-03-02T15:55:13.608000+00:00,30.539,42.489,23.685,232.0,258,False,96.713,"[None, 2048, 2048, 2048, 2048, 2049, 2048, 2048, 2049, 2048]","[2048, 2049, 2048, 2048, 2049, 2048, 2048, 2048, 2048, 2048, 2048]","[2048, 2049, 2049, 2048, 2048, 2048, 2048]",299.0
1229,9472,27,32,2024-03-02T15:55:17.012000+00:00,30.961,41.987,23.987,233.0,254,False,96.935,"[2049, 2049, 2049, 2049, 2048, 2048, 2048, 2048, 2048, 2048]","[2048, 2049, 2048, 2048, 2048, 2048, 2048, 2048, 2048, 2049, 2048]","[2048, 2048, 2048, 2048, 2048, 2048, 2049]",
1229,9472,1,33,2024-03-02T15:55:28.580000+00:00,30.69,41.459,23.714,233.0,258,False,95.863,"[None, 2049, 2048, 2048, 2048, 2048, 2048, 2049, 2048, 2048]","[2048, 2048, 2048, 2048, 2048, 2048, 2048, 2048, 2048, 2048, 2048]","[2048, 2048, 2048, 2048, 2048, 2048, 2048]",295.0
1229,9472,31,32,2024-03-02T15:55:31.848000+00:00,31.059,41.959,23.869,234.0,251,False,96.887,"[2048, 2048, 2048, 2048, 2048, 2048, 2048, 2048, 2049, 2048]","[2048, 2048, 2048, 2049, 2049, 2048, 2048, 2048, 2048, 2048, 2048]","[2049, 2048, 2048, 2048, 2048, 2049, 2048]",292.0
1229,9472,11,33,2024-03-02T15:55:45.441000+00:00,30.907,41.752,23.905,230.0,264,False,96.564,"[None, 2048, 2048, 2048, 2048, 2048, 2048, 2048, 2048, 2048]","[2048, 2048, 2048, 2048, 2048, 2048, 2048, 2048, 2048, 2048, 2048]","[2048, 2048, 2048, 2048, 2048, 2048, 2048]",299.0
1229,9472,55,33,2024-03-02T15:55:48.562000+00:00,30.833,41.987,23.736,237.0,254,False,96.556,"[None, 2048, 2048, 2048, 2048, 2048, 2048, 2048, 2048, 2048]","[2048, 2048, 2048, 2048, 2048, 2048, 2048, 2048, 2048, 2048, 2048]","[2048, 2048, 2048, 2048, 2048, 2048, 2048]",
1229,9472,16,33,2024-03-02T15:55:59.834000+00:00,30.99,41.868,23.883,237.0,261,False,96.741,"[None, 2048, 2048, 2048, 2048, 2048, 2048, 2048, 2048, 2048]","[2048, 2049, 2048, 2049, 2048, 2048, 2048, 2048, 2048, 2048, 2048]","[2048, 2048, 2048, 2048, 2048, 2048, 2048]",298.0
1229,9472,4,33,2024-03-02T15:56:02.409000+00:00,31.223,42.016,26.387,234.0,261,False,99.626,"[None, 2048, 2048, 2048, 2048, 2048, 2048, 2048, 2048, 2048]","[2048, 2048, 2048, 2048, 2048, 2048, 2048, 2048, 2048, 2048, 2049]","[2048, 2048, 2048, 2048, 2048, 2048, 2064]",301.0
1229,9472,81,33,2024-03-02T15:56:06.542000+00:00,31.023,42.039,24.026,235.0,263,False,97.088,"[None, 2048, 2048, 2048, 2048, 2048, 2048, 2048, 2048, 2048]","[2048, 2048, 2048, 2048, 2048, 2048, 2048, 2048, 2048, 2048, 2048]","[2048, 2048, 2048, 2048, 2048, 2048, 2048]",
1229,9472,44,33,2024-03-02T15:56:08.561000+00:00,30.937,42.399,26.36,233.0,259,False,99.696,"[None, 2048, 2048, 2048, 2048, 2048, 2048, 2048, 2048, 2048]","[2048, 2048, 2048, 2048, 2048, 2048, 2048, 2048, 2048, 2048, 2048]","[2048, 2048, 2048, 2048, 2048, 2048, 2064]",300.0
1229,9472,14,33,2024-03-02T15:56:19.912000+00:00,31.106,42.136,23.96,233.0,247,False,97.202,"[None, 2048, 2048, 2048, 2048, 2048, 2048, 2048, 2048, 2048]","[2048, 2048, 2048, 2048, 2048, 2048, 2048, 2048, 2048, 2048, 2048]","[2048, 2048, 2048, 2048, 2048, 2048, 2048]",
1229,9472,63,33,2024-03-02T15:56:21.332000+00:00,30.638,41.572,23.628,232.0,246,False,95.838,"[2048, 2048, 2048, 2048, 2048, 2048, 2048, 2048, 2048, 2048]","[2048, 2048, 2049, 2049, 2048, 2049, 2048, 2048, 2048, 2048, 2048]","[2048, 2051, 2051, 2048, 2048, 2051, 2051]",301.0
1229,9472,77,32,2024-03-02T15:56:24.923000+00:00,30.988,42.106,23.669,233.0,252,False,96.763,"[2048, 2048, 2048, 2048, 2048, 2049, 2048, 2048, 2048, 2048]","[2048, 2048, 2049, 2049, 2048, 2048, 2048, 2048, 2048, 2049, 2048]","[2049, 2048, 2048, 2048, 2048, 2049, 2048]",295.0
1229,9472,22,33,2024-03-02T15:56:30.990000+00:00,31.221,42.222,24.055,232.0,256,False,97.498,"[None, 2048, 2048, 2049, 2048, 2048, 2048, 2048, 2048, 2048]","[2049, 2048, 2048, 2048, 2048, 2048, 2048, 2048, 2048, 2048, 2048]","[2048, 2048, 2048, 2048, 2048, 2048, 2048]",300.0
1229,9472,23,33,2024-03-02T15:56:38.088000+00:00,31.537,42.677,24.132,232.0,253,False,98.346,"[None, 2048, 2048, 2048, 2048, 2048, 2048, 2048, 2049, 2048]","[2048, 2048, 2048, 2048, 2048, 2048, 2048, 2048, 2049, 2048, 2048]","[2048, 2048, 2048, 2048, 2049, 2048, 2048]",289.0
1229,9472,3,33,2024-03-02T15:56:39.538000+00:00,31.113,42.69,24.347,235.0,257,False,98.15,"[None, 2048, 2048, 2048, 2048, 2048, 2048, 2048, 2048, 2048]","[2048, 2048, 2048, 2049, 2048, 2048, 2048, 2048, 2048, 2048, 2048]","[2048, 2048, 2048, 2048, 2048, 2048, 2048]",303.0
1229,9472,20,33,2024-03-02T15:56:39.737000+00:00,51.473,41.575,23.607,235.0,260,True,116.655,"[2064, 2064, 2064, 2048, 2048, 2048, 2048, 2048, 2049, 2049]","[2048, 2048, 2049, 2048, 2049, 2048, 2048, 2048, 2049, 2049, 2048]","[2049, 2049, 2048, 2048, 2049, 2049, 2048]",221.0
1229,9472,24,33,2024-03-02T15:56:47.028000+00:00,31.535,42.387,24.049,233.0,250,False,97.971,"[None, 2048, 2048, 2048, 2048, 2048, 2048, 2048, 2048, 2051]","[2048, 2048, 2048, 2048, 2048, 2048, 2048, 2048, 2048, 2048, 2048]","[2048, 2048, 2048, 2048, 2048, 2048, 2048]",301.0
1229,9472,18,33,2024-03-02T15:56:47.793000+00:00,30.607,42.088,23.654,227.0,251,False,96.349,"[None, 2048, 2048, 2049, 2048, 2048, 2048, 2048, 2048, 2048]","[2048, 2049, 2048, 2048, 2048, 2048, 2048, 2048, 2048, 2048, 2048]","[2048, 2049, 2048, 2048, 2048, 2048, 2048]",325.0
1229,9472,2,32,2024-03-02T15:56:50.282000+00:00,30.82,41.868,23.875,,257,False,96.563,"[None, 2048, 2048, 2048, 2048, 2048, 2048, 2048, 2048, 2048]","[2048, 2048, 2048, 2048, 2048, 2048, 2048, 2048, 2048, 2048, 2048]","[2048, 2048, 2048, 2048, 2048, 2048, 2048]",297.0
1229,9472,27,33,2024-03-02T15:56:53.866000+00:00,30.819,41.983,23.982,236.0,256,False,96.784,"[2048, 2048, 2048, 2048, 2048, 2048, 2048, 2048, 2048, 2048]","[2048, 2048, 2048, 2048, 2048, 2048, 2048, 2048, 2048, 2048, 2048]","[2048, 2048, 2048, 2048, 2048, 2048, 2048]",
1229,9472,1,34,2024-03-02T15:57:04.451000+00:00,30.685,41.661,23.787,,261,False,96.133,"[2048, 2048, 2049, 2048, 2048, 2048, 2049, 2049, 2048, 2048]","[2048, 2048, 2048, 2049, 2048, 2048, 2049, 2049, 2048, 2048, 2049]","[2048, 2048, 2048, 2048, 2048, 2048, 2049]",296.0
1229,9472,31,33,2024-03-02T15:57:08.646000+00:00,30.989,41.875,23.84,233.0,251,False,96.704,"[None, 2048, 2048, 2048, 2048, 2049, 2048, 2048, 2049, 2048]","[2048, 2048, 2049, 2048, 2048, 2048, 2048, 2048, 2049, 2048, 2048]","[2048, 2049, 2048, 2048, 2049, 2049, 2048]",289.0
1229,9472,10,33,2024-03-02T15:57:13.109000+00:00,30.887,41.506,23.719,236.0,253,False,96.112,"[2048, 2048, 2048, 2048, 2049, 2049, 2048, 2048, 2049, 2049]","[2049, 2049, 2048, 2049, 2049, 2049, 2048, 2048, 2049, 2049, 2048]","[2049, 2049, 2048, 2048, 2048, 2048, 2048]",290.0
1229,9472,11,34,2024-03-02T15:57:21.887000+00:00,30.84,41.734,23.804,233.0,265,False,96.378,"[None, 2048, 2048, 2048, 2048, 2048, 2048, 2048, 2048, 2048]","[2048, 2048, 2048, 2048, 2048, 2048, 2048, 2048, 2048, 2048, 2049]","[2048, 2048, 2048, 2048, 2048, 2048, 2048]",301.0
1229,9472,55,34,2024-03-02T15:57:25.132000+00:00,30.858,41.933,23.76,236.0,254,False,96.551,"[None, 2048, 2048, 2048, 2048, 2048, 2048, 2048, 2048, 2048]","[2048, 2048, 2048, 2048, 2048, 2048, 2048, 2048, 2048, 2048, 2048]","[2048, 2048, 2048, 2048, 2048, 2048, 2048]",301.0
1229,9472,16,34,2024-03-02T15:57:36.511000+00:00,31.219,41.932,26.463,,260,False,99.614,"[None, 2048, 2048, 2048, 2048, 2048, 2048, 2048, 2048, 2048]","[2048, 2048, 2048, 2048, 2048, 2048, 2048, 2048, 2048, 2048, 2048]","[2048, 2048, 2048, 2048, 2048, 2048, 2064]",296.0
1229,9472,4,34,2024-03-02T15:57:41.888000+00:00,51.869,41.547,23.482,235.0,246,True,116.898,"[2064, 2064, 2064, 2048, 2048, 2048, 2049, 2049, 2048, 2048]","[2048, 2048, 2048, 2049, 2049, 2048, 2048, 2048, 2048, 2049, 2048]","[2049, 2049, 2049, 2048, 2048, 2049, 2048]",218.0
1229,9472,81,34,2024-03-02T15:57:43.519000+00:00,30.933,41.867,26.411,,268,False,99.211,"[None, 2048, 2048, 2048, 2048, 2048, 2048, 2048, 2048, 2048]","[2048, 2048, 2048, 2048, 2048, 2048, 2048, 2048, 2048, 2048, 2051]","[2048, 2048, 2048, 2048, 2048, 2048, 2064]",
1229,9472,44,34,2024-03-02T15:57:48.320000+00:00,50.966,40.903,23.105,232.0,257,True,114.974,"[2064, 2064, 2064, 2048, 2048, 2048, 2048, 2048, 2048, 2049]","[2049, 2048, 2049, 2049, 2049, 2049, 2048, 2048, 2051, 2051, 2049]","[2051, 2049, 2049, 2049, 2051, 2049, 2048]",219.0
1229,9472,14,34,2024-03-02T15:57:57.190000+00:00,31.211,42.33,24.06,234.0,254,False,97.601,"[None, 2048, 2048, 2048, 2048, 2048, 2048, 2048, 2048, 2048]","[2048, 2048, 2048, 2048, 2048, 2048, 2048, 2048, 2048, 2048, 2049]","[2048, 2048, 2048, 2048, 2048, 2048, 2048]",300.0
1229,9472,63,34,2024-03-02T15:57:57.242000+00:00,30.286,41.651,23.304,234.0,254,False,95.241,"[2049, 2049, 2048, 2048, 2048, 2048, 2048, 2048, 2048, 2048]","[2048, 2048, 2048, 2051, 2049, 2048, 2048, 2048, 2048, 2048, 2048]","[2049, 2048, 2048, 2048, 2049, 2048, 2048]",309.0
1229,9472,77,33,2024-03-02T15:58:01.651000+00:00,30.95,41.558,23.694,236.0,254,False,96.202,"[None, 2048, 2048, 2048, 2049, 2048, 2048, 2048, 2049, 2049]","[2049, 2049, 2048, 2049, 2049, 2048, 2048, 2048, 2049, 2049, 2048]","[2048, 2048, 2048, 2049, 2049, 2048, 2048]",298.0
1229,9472,22,34,2024-03-02T15:58:08.559000+00:00,31.415,42.711,26.709,237.0,258,False,100.835,"[None, 2048, 2048, 2048, 2048, 2048, 2048, 2048, 2048, 2049]","[2048, 2048, 2048, 2048, 2048, 2048, 2048, 2048, 2048, 2048, 2048]","[2048, 2048, 2048, 2048, 2048, 2048, 2064]",301.0
1229,9472,23,34,2024-03-02T15:58:16.540000+00:00,31.413,42.368,23.969,,257,False,97.75,"[None, 2048, 2048, 2048, 2048, 2048, 2048, 2048, 2048, 2048]","[2048, 2048, 2048, 2048, 2048, 2048, 2048, 2048, 2049, 2048, 2048]","[2049, 2048, 2048, 2048, 2049, 2048, 2048]",291.0
1229,9472,3,34,2024-03-02T15:58:17.784000+00:00,31.246,42.766,24.234,,258,False,98.246,"[None, 2048, 2048, 2048, 2048, 2048, 2048, 2048, 2048, 2048]","[2048, 2048, 2048, 2048, 2048, 2048, 2048, 2048, 2048, 2048, 2048]","[2048, 2048, 2048, 2048, 2048, 2048, 2048]",
1229,9472,18,34,2024-03-02T15:58:24.160000+00:00,30.969,41.709,23.654,231.0,255,False,96.332,"[None, 2048, 2048, 2048, 2048, 2048, 2048, 2048, 2048, 2048]","[2048, 2049, 2048, 2048, 2048, 2048, 2048, 2048, 2048, 2048, 2048]","[2048, 2049, 2049, 2048, 2048, 2048, 2048]",296.0
1229,9472,24,34,2024-03-02T15:58:24.865000+00:00,30.678,41.938,23.902,235.0,251,False,96.518,"[None, 2048, 2048, 2048, 2048, 2048, 2049, 2048, 2048, 2048]","[2048, 2048, 2048, 2048, 2048, 2048, 2049, 2048, 2048, 2048, 2048]","[2048, 2048, 2048, 2048, 2048, 2048, 2048]",316.0
1229,9472,2,33,2024-03-02T15:58:26.854000+00:00,30.732,42.718,23.983,233.0,258,False,97.433,"[None, 2048, 2048, 2048, 2048, 2048, 2048, 2048, 2049, 2048]","[2048, 2048, 2048, 2048, 2048, 2048, 2048, 2048, 2048, 2048, 2048]","[2048, 2048, 2048, 2048, 2048, 2048, 2048]",295.0
1229,9472,27,34,2024-03-02T15:58:30.792000+00:00,30.777,41.947,23.968,235.0,257,False,96.692,"[None, 2048, 2048, 2048, 2048, 2048, 2048, 2048, 2048, 2048]","[2049, 2048, 2048, 2048, 2048, 2048, 2048, 2048, 2048, 2048, 2048]","[2048, 2048, 2048, 2048, 2048, 2048, 2049]",
1229,9472,20,34,2024-03-02T15:58:36.398000+00:00,30.532,41.409,23.629,233.0,256,False,95.57,"[2048, 2048, 2048, 2048, 2049, 2049, 2048, 2048, 2049, 2049]","[2049, 2048, 2048, 2049, 2049, 2048, 2048, 2048, 2049, 2049, 2048]","[2048, 2048, 2048, 2048, 2048, 2049, 2048]",297.0
1229,9472,1,35,2024-03-02T15:58:40.909000+00:00,30.727,41.557,23.734,234.0,260,False,96.018,"[2049, 2049, 2048, 2048, 2048, 2048, 2048, 2048, 2048, 2048]","[2048, 2048, 2048, 2048, 2048, 2048, 2048, 2048, 2048, 2048, 2048]","[2048, 2048, 2048, 2048, 2048, 2048, 2049]",295.0
1229,9472,31,34,2024-03-02T15:58:45.414000+00:00,30.898,41.549,23.779,,255,False,96.226,"[None, 2048, 2048, 2049, 2049, 2049, 2048, 2048, 2049, 2048]","[2049, 2049, 2049, 2048, 2048, 2049, 2048, 2048, 2049, 2049, 2049]","[2049, 2049, 2048, 2048, 2048, 2048, 2048]",290.0
1229,9472,10,34,2024-03-02T15:58:49.282000+00:00,31.142,41.747,23.733,229.0,255,False,96.622,"[None, 2048, 2048, 2048, 2049, 2048, 2048, 2048, 2048, 2048]","[2048, 2049, 2048, 2048, 2048, 2048, 2048, 2048, 2048, 2048, 2048]","[2048, 2049, 2049, 2048, 2048, 2049, 2048]",287.0
1229,9472,11,35,2024-03-02T15:58:58.323000+00:00,30.938,41.91,23.928,231.0,261,False,96.776,"[None, 2048, 2048, 2048, 2048, 2048, 2048, 2048, 2048, 2048]","[2048, 2048, 2048, 2048, 2048, 2048, 2048, 2048, 2048, 2048, 2048]","[2048, 2048, 2048, 2048, 2048, 2048, 2048]",299.0
1229,9472,55,35,2024-03-02T15:59:01.692000+00:00,30.872,42.117,26.285,,255,False,99.274,"[None, 2048, 2048, 2048, 2048, 2048, 2048, 2048, 2048, 2048]","[2048, 2048, 2048, 2048, 2048, 2048, 2048, 2048, 2048, 2048, 2048]","[2048, 2048, 2048, 2048, 2048, 2048, 2064]",
1229,9472,16,35,2024-03-02T15:59:16.179000+00:00,51.681,41.26,23.225,235.0,265,True,116.166,"[2064, 2064, 2064, 2048, 2048, 2048, 2048, 2048, 2048, 2048]","[2048, 2048, 2049, 2049, 2048, 2049, 2048, 2048, 2049, 2049, 2049]","[2049, 2049, 2049, 2048, 2049, 2051, 2049]",219.0
1229,9472,81,35,2024-03-02T15:59:22.693000+00:00,53.392,42.529,23.782,234.0,260,True,119.703,"[2064, 2064, 2064, 2048, 2048, 2048, 2048, 2048, 2048, 2048]","[2048, 2048, 2048, 2048, 2048, 2048, 2048, 2048, 2048, 2048, 2048]","[2048, 2048, 2048, 2048, 2048, 2049, 2048]",223.0
1229,9472,63,35,2024-03-02T15:59:32.340000+00:00,30.587,41.817,23.368,,244,False,95.772,"[2048, 2048, 2048, 2048, 2048, 2048, 2048, 2048, 2049, 2049]","[2048, 2048, 2048, 2048, 2048, 2048, 2048, 2048, 2048, 2048, 2048]","[2048, 2048, 2048, 2048, 2049, 2048, 2048]",297.0
1229,9472,14,35,2024-03-02T15:59:34.685000+00:00,31.078,42.219,23.976,232.0,253,False,97.273,"[None, 2048, 2048, 2048, 2048, 2048, 2048, 2048, 2048, 2048]","[2048, 2048, 2048, 2048, 2048, 2048, 2048, 2048, 2048, 2048, 2048]","[2048, 2048, 2048, 2048, 2048, 2048, 2048]",
1229,9472,77,34,2024-03-02T15:59:37.854000+00:00,32.25,42.108,23.651,,258,False,98.009,"[None, 2048, 2048, 2048, 2048, 2048, 2048, 2048, 2048, 2049]","[2048, 2048, 2048, 2048, 2048, 2048, 2048, 2048, 2048, 2048, 2048]","[2048, 2049, 2049, 2049, 2048, 2048, 2048]",299.0
1229,9472,4,35,2024-03-02T15:59:38.849000+00:00,30.32,40.838,23.318,238.0,267,False,94.476,"[2048, 2048, 2048, 2048, 2048, 2048, 2048, 2048, 2049, 2048]","[2051, 2048, 2049, 2051, 2048, 2049, 2049, 2049, 2049, 2051, 2049]","[2049, 2049, 2049, 2049, 2049, 2048, 2049]",301.0
1229,9472,44,35,2024-03-02T15:59:43.463000+00:00,30.776,41.304,23.409,239.0,246,False,95.489,"[2048, 2048, 2048, 2049, 2048, 2048, 2048, 2048, 2049, 2049]","[2049, 2048, 2048, 2049, 2048, 2048, 2048, 2048, 2048, 2048, 2048]","[2048, 2049, 2051, 2048, 2048, 2048, 2048]",302.0
1229,9472,22,35,2024-03-02T15:59:49.437000+00:00,52.138,41.771,23.508,234.0,263,True,117.417,"[2064, 2064, 2064, 2048, 2048, 2048, 2048, 2048, 2048, 2048]","[2048, 2048, 2049, 2048, 2049, 2048, 2048, 2048, 2049, 2049, 2049]","[2049, 2049, 2048, 2048, 2049, 2048, 2048]",221.0
1229,9472,23,35,2024-03-02T15:59:54.284000+00:00,31.295,42.496,23.976,233.0,252,False,97.767,"[None, 2048, 2048, 2048, 2048, 2048, 2048, 2048, 2048, 2048]","[2049, 2048, 2048, 2049, 2048, 2048, 2048, 2048, 2048, 2048, 2048]","[2048, 2048, 2048, 2048, 2048, 2048, 2048]",298.0
1229,9472,3,35,2024-03-02T15:59:55.950000+00:00,31.087,42.747,26.761,,258,False,100.595,"[None, 2048, 2048, 2048, 2048, 2048, 2048, 2048, 2048, 2048]","[2048, 2048, 2048, 2048, 2048, 2048, 2048, 2048, 2048, 2048, 2048]","[2048, 2048, 2048, 2048, 2048, 2048, 2064]",
1229,9472,18,35,2024-03-02T16:00:00.516000+00:00,30.837,41.766,23.639,232.0,253,False,96.242,"[None, 2048, 2048, 2048, 2048, 2048, 2048, 2048, 2048, 2048]","[2048, 2049, 2048, 2049, 2048, 2048, 2048, 2048, 2048, 2049, 2048]","[2049, 2048, 2049, 2048, 2048, 2048, 2048]",294.0
1229,9472,24,35,2024-03-02T16:00:01.522000+00:00,30.612,41.954,23.98,238.0,260,False,96.546,"[None, 2048, 2048, 2048, 2048, 2048, 2049, 2049, 2048, 2048]","[2048, 2048, 2048, 2048, 2048, 2048, 2048, 2048, 2048, 2048, 2049]","[2048, 2048, 2048, 2048, 2048, 2048, 2048]",319.0
1229,9472,2,34,2024-03-02T16:00:04.211000+00:00,30.708,41.944,23.823,231.0,258,False,96.475,"[None, 2048, 2048, 2048, 2048, 2048, 2048, 2048, 2049, 2048]","[2048, 2048, 2048, 2048, 2048, 2048, 2048, 2048, 2048, 2049, 2048]","[2048, 2048, 2048, 2048, 2048, 2048, 2048]",296.0
1229,9472,27,35,2024-03-02T16:00:07.559000+00:00,30.812,42.04,24.107,,258,False,96.959,"[None, 2048, 2048, 2048, 2048, 2048, 2049, 2048, 2048, 2048]","[2048, 2048, 2048, 2048, 2048, 2048, 2048, 2048, 2048, 2048, 2048]","[2048, 2048, 2048, 2048, 2048, 2048, 2048]",303.0
1229,9472,20,35,2024-03-02T16:00:12.060000+00:00,30.538,41.44,23.72,,263,False,95.698,"[None, 2048, 2048, 2048, 2048, 2049, 2048, 2048, 2048, 2048]","[2048, 2049, 2048, 2049, 2048, 2048, 2048, 2049, 2048, 2048, 2049]","[2048, 2048, 2048, 2049, 2048, 2048, 2049]",298.0
1229,9472,1,36,2024-03-02T16:00:16.699000+00:00,30.794,41.561,23.85,,263,False,96.205,"[2048, 2048, 2049, 2048, 2048, 2048, 2049, 2049, 2048, 2048]","[2048, 2049, 2048, 2048, 2048, 2048, 2048, 2049, 2048, 2049, 2049]","[2048, 2048, 2048, 2048, 2048, 2048, 2049]",297.0
1229,9472,31,35,2024-03-02T16:00:21.630000+00:00,31.008,41.594,23.752,232.0,256,False,96.354,"[None, 2048, 2048, 2048, 2048, 2049, 2048, 2048, 2049, 2048]","[2048, 2048, 2048, 2048, 2049, 2048, 2048, 2048, 2049, 2049, 2048]","[2048, 2048, 2048, 2048, 2049, 2048, 2048]",288.0
1229,9472,10,35,2024-03-02T16:00:25.901000+00:00,31.058,41.573,23.682,230.0,256,False,96.313,"[None, 2048, 2048, 2048, 2049, 2048, 2048, 2048, 2048, 2048]","[2049, 2049, 2048, 2048, 2049, 2048, 2048, 2048, 2049, 2048, 2049]","[2049, 2048, 2048, 2048, 2048, 2048, 2048]",290.0
1229,9472,11,36,2024-03-02T16:00:35.159000+00:00,31.014,41.781,26.57,234.0,264,False,99.365,"[None, 2048, 2048, 2048, 2048, 2048, 2048, 2048, 2048, 2048]","[2048, 2048, 2048, 2049, 2048, 2048, 2048, 2048, 2048, 2048, 2048]","[2048, 2048, 2048, 2048, 2048, 2048, 2064]",
1229,9472,55,36,2024-03-02T16:00:40.929000+00:00,50.852,41.528,23.24,237.0,250,True,115.62,"[2064, 2064, 2064, 2048, 2048, 2048, 2048, 2048, 2048, 2048]","[2048, 2048, 2049, 2049, 2049, 2048, 2048, 2048, 2049, 2049, 2048]","[2049, 2049, 2048, 2048, 2049, 2049, 2048]",222.0
1229,9472,63,36,2024-03-02T16:01:08.133000+00:00,30.608,41.494,23.332,235.0,253,False,95.434,"[None, 2048, 2048, 2048, 2048, 2048, 2048, 2048, 2048, 2049]","[2048, 2048, 2048, 2048, 2049, 2048, 2048, 2048, 2049, 2048, 2048]","[2049, 2048, 2048, 2048, 2048, 2048, 2048]",296.0
1229,9472,14,36,2024-03-02T16:01:11.896000+00:00,31.245,42.631,24.467,234.0,256,False,98.343,"[None, 2048, 2048, 2048, 2048, 2048, 2048, 2048, 2048, 2048]","[2048, 2048, 2048, 2048, 2048, 2048, 2048, 2048, 2048, 2049, 2049]","[2048, 2048, 2048, 2048, 2048, 2048, 2049]",294.0
1229,9472,16,36,2024-03-02T16:01:12.318000+00:00,30.063,40.65,23.377,238.0,262,False,94.09,"[2049, 2049, 2049, 2049, 2048, 2049, 2048, 2048, 2049, 2049]","[2049, 2051, 2049, 2049, 2048, 2049, 2048, 2048, 2049, 2049, 2048]","[2048, 2048, 2048, 2048, 2049, 2048, 2048]",318.0
1229,9472,4,36,2024-03-02T16:01:13.329000+00:00,30.162,42.072,23.456,234.0,254,False,95.69,"[2049, 2049, 2048, 2048, 2048, 2048, 2049, 2048, 2048, 2048]","[2048, 2048, 2048, 2051, 2048, 2048, 2049, 2049, 2048, 2048, 2048]","[2048, 2049, 2048, 2048, 2049, 2048, 2048]",316.0
1229,9472,77,35,2024-03-02T16:01:15.792000+00:00,30.892,41.986,23.7,235.0,253,False,96.578,"[None, 2048, 2048, 2048, 2048, 2048, 2048, 2048, 2048, 2048]","[2048, 2048, 2048, 2048, 2048, 2048, 2048, 2048, 2048, 2048, 2048]","[2049, 2048, 2048, 2048, 2048, 2048, 2048]",300.0
1229,9472,44,36,2024-03-02T16:01:18.768000+00:00,30.303,41.653,23.323,237.0,252,False,95.279,"[None, 2048, 2048, 2048, 2049, 2049, 2049, 2048, 2048, 2048]","[2048, 2049, 2048, 2049, 2048, 2048, 2048, 2048, 2048, 2048, 2048]","[2048, 2048, 2048, 2048, 2048, 2049, 2048]",297.0
1229,9472,81,36,2024-03-02T16:01:22.454000+00:00,30.577,41.125,23.451,238.0,267,False,95.153,"[2048, 2048, 2048, 2048, 2048, 2048, 2048, 2048, 2049, 2049]","[2048, 2048, 2049, 2049, 2049, 2049, 2048, 2048, 2049, 2049, 2048]","[2049, 2049, 2049, 2048, 2048, 2049, 2048]",302.0
1229,9472,23,36,2024-03-02T16:01:31.930000+00:00,31.337,42.433,26.563,232.0,254,False,100.333,"[None, 2048, 2048, 2048, 2048, 2048, 2048, 2048, 2048, 2048]","[2048, 2048, 2048, 2048, 2048, 2048, 2048, 2048, 2049, 2048, 2048]","[2048, 2048, 2048, 2048, 2048, 2048, 2064]",297.0
1229,9472,3,36,2024-03-02T16:01:36.398000+00:00,51.904,41.57,23.521,233.0,252,True,116.995,"[2064, 2064, 2064, 2048, 2048, 2048, 2048, 2048, 2048, 2049]","[2048, 2048, 2049, 2049, 2048, 2049, 2048, 2048, 2049, 2049, 2048]","[2049, 2049, 2048, 2048, 2049, 2049, 2048]",221.0
1229,9472,18,36,2024-03-02T16:01:36.672000+00:00,30.694,41.748,23.644,230.0,255,False,96.086,"[None, 2048, 2048, 2048, 2048, 2048, 2048, 2048, 2049, 2048]","[2049, 2049, 2048, 2048, 2048, 2048, 2048, 2048, 2048, 2048, 2048]","[2048, 2048, 2048, 2048, 2048, 2048, 2048]",299.0
1229,9472,24,36,2024-03-02T16:01:37.947000+00:00,31.09,41.967,23.874,236.0,252,False,96.931,"[None, 2048, 2048, 2048, 2048, 2048, 2048, 2048, 2048, 2048]","[2048, 2048, 2048, 2049, 2048, 2048, 2048, 2048, 2048, 2048, 2048]","[2048, 2048, 2048, 2048, 2048, 2048, 2048]",301.0
1229,9472,2,35,2024-03-02T16:01:40.784000+00:00,31.015,42.023,23.821,232.0,260,False,96.859,"[None, 2048, 2048, 2048, 2048, 2048, 2048, 2048, 2048, 2048]","[2048, 2048, 2048, 2048, 2048, 2048, 2048, 2048, 2048, 2048, 2048]","[2048, 2048, 2048, 2048, 2048, 2048, 2048]",293.0
1229,9472,27,36,2024-03-02T16:01:44.289000+00:00,30.86,41.931,24.004,,258,False,96.795,"[None, 2048, 2048, 2048, 2048, 2048, 2049, 2048, 2048, 2048]","[2048, 2049, 2048, 2048, 2048, 2048, 2048, 2048, 2048, 2048, 2049]","[2048, 2048, 2048, 2048, 2048, 2048, 2048]",304.0
1229,9472,22,36,2024-03-02T16:01:46.840000+00:00,31.984,41.954,23.768,235.0,245,False,97.706,"[2048, 2048, 2048, 2049, 2048, 2048, 2048, 2048, 2048, 2048]","[2048, 2048, 2049, 2048, 2048, 2048, 2048, 2048, 2048, 2048, 2048]","[2048, 2048, 2048, 2048, 2048, 2048, 2048]",302.0
1229,9472,20,36,2024-03-02T16:01:47.554000+00:00,30.227,41.898,23.726,234.0,254,False,95.851,"[2051, 2048, 2048, 2049, 2048, 2048, 2048, 2048, 2048, 2048]","[2048, 2048, 2048, 2048, 2048, 2048, 2048, 2048, 2049, 2049, 2048]","[2048, 2048, 2048, 2048, 2049, 2048, 2048]",331.0
1229,9472,1,37,2024-03-02T16:01:52.940000+00:00,30.877,41.634,26.723,233.0,264,False,99.234,"[2049, 2049, 2049, 2048, 2048, 2048, 2048, 2049, 2048, 2048]","[2048, 2048, 2048, 2048, 2048, 2048, 2048, 2048, 2048, 2048, 2048]","[2048, 2048, 2048, 2048, 2048, 2048, 2064]",
1229,9472,31,36,2024-03-02T16:01:57.997000+00:00,31.212,42.148,23.869,233.0,256,False,97.229,"[None, 2048, 2048, 2048, 2048, 2048, 2049, 2048, 2048, 2048]","[2048, 2048, 2048, 2048, 2048, 2048, 2048, 2048, 2048, 2048, 2049]","[2048, 2048, 2048, 2048, 2048, 2048, 2048]",290.0
1229,9472,10,36,2024-03-02T16:02:02.129000+00:00,31.034,41.612,23.804,232.0,255,False,96.45,"[None, 2048, 2048, 2048, 2049, 2048, 2048, 2048, 2048, 2048]","[2048, 2048, 2048, 2048, 2048, 2048, 2048, 2048, 2048, 2048, 2048]","[2048, 2048, 2048, 2048, 2048, 2048, 2048]",
1229,9472,11,37,2024-03-02T16:02:14.469000+00:00,51.096,41.214,23.498,237.0,254,True,115.808,"[2064, 2064, 2064, 2048, 2048, 2048, 2048, 2048, 2048, 2049]","[2048, 2048, 2049, 2049, 2048, 2049, 2048, 2048, 2048, 2048, 2048]","[2049, 2049, 2048, 2048, 2048, 2048, 2048]",223.0
1229,9472,55,37,2024-03-02T16:02:36.585000+00:00,30.695,41.39,23.217,,250,False,95.302,"[2048, 2048, 2048, 2048, 2048, 2048, 2048, 2048, 2048, 2048]","[2048, 2048, 2049, 2049, 2048, 2048, 2048, 2048, 2049, 2049, 2048]","[2048, 2049, 2048, 2048, 2048, 2049, 2048]",296.0
1229,9472,63,37,2024-03-02T16:02:43.566000+00:00,30.566,41.586,23.329,234.0,251,False,95.481,"[None, 2048, 2048, 2048, 2048, 2048, 2048, 2048, 2049, 2048]","[2048, 2048, 2048, 2048, 2048, 2048, 2048, 2048, 2049, 2048, 2048]","[2048, 2048, 2048, 2048, 2048, 2048, 2048]",298.0
1229,9472,16,37,2024-03-02T16:02:46.475000+00:00,30.611,40.962,23.324,235.0,256,False,94.897,"[2048, 2048, 2048, 2048, 2048, 2048, 2048, 2048, 2048, 2048]","[2049, 2048, 2048, 2048, 2048, 2048, 2048, 2048, 2051, 2048, 2048]","[2049, 2049, 2048, 2048, 2049, 2048, 2048]",293.0
1229,9472,4,37,2024-03-02T16:02:48.969000+00:00,30.355,41.339,23.373,237.0,250,False,95.067,"[2048, 2048, 2048, 2049, 2051, 2048, 2048, 2048, 2048, 2049]","[2048, 2048, 2048, 2048, 2049, 2048, 2048, 2048, 2049, 2048, 2048]","[2048, 2048, 2048, 2048, 2051, 2048, 2048]",304.0
1229,9472,14,37,2024-03-02T16:02:50.254000+00:00,30.5,42.284,24.015,,254,False,96.799,"[2049, 2049, 2049, 2048, 2048, 2048, 2048, 2048, 2048, 2048]","[2048, 2048, 2048, 2049, 2048, 2048, 2048, 2048, 2048, 2048, 2048]","[2048, 2048, 2048, 2048, 2048, 2048, 2048]",323.0
1229,9472,77,36,2024-03-02T16:02:52.351000+00:00,30.8,41.963,24.029,237.0,252,False,96.792,"[None, 2048, 2048, 2048, 2048, 2048, 2048, 2048, 2048, 2048]","[2048, 2048, 2048, 2048, 2048, 2048, 2048, 2048, 2048, 2048, 2048]","[2048, 2048, 2048, 2048, 2048, 2048, 2048]",303.0
1229,9472,44,37,2024-03-02T16:02:54.111000+00:00,30.384,41.575,23.638,234.0,254,False,95.597,"[None, 2048, 2048, 2048, 2048, 2048, 2048, 2048, 2048, 2048]","[2048, 2048, 2048, 2048, 2048, 2048, 2048, 2048, 2048, 2048, 2048]","[2048, 2048, 2048, 2048, 2048, 2048, 2049]",302.0
1229,9472,81,37,2024-03-02T16:02:57.644000+00:00,30.469,40.772,23.533,237.0,267,False,94.774,"[None, 2048, 2048, 2048, 2048, 2048, 2048, 2048, 2049, 2049]","[2051, 2049, 2049, 2049, 2049, 2049, 2048, 2048, 2049, 2051, 2048]","[2049, 2049, 2049, 2048, 2049, 2048, 2048]",301.0
1229,9472,23,37,2024-03-02T16:03:12.274000+00:00,52.093,41.867,23.672,238.0,256,True,117.632,"[2064, 2064, 2064, 2048, 2048, 2048, 2048, 2048, 2048, 2048]","[2048, 2048, 2049, 2049, 2049, 2048, 2048, 2049, 2048, 2049, 2048]","[2049, 2048, 2049, 2049, 2049, 2049, 2048]",218.0
1229,9472,18,37,2024-03-02T16:03:12.668000+00:00,30.676,41.775,23.536,232.0,248,False,95.987,"[None, 2048, 2048, 2048, 2048, 2048, 2048, 2048, 2048, 2049]","[2048, 2048, 2048, 2048, 2048, 2048, 2048, 2048, 2049, 2048, 2048]","[2049, 2048, 2048, 2048, 2048, 2048, 2048]",298.0
1229,9472,24,37,2024-03-02T16:03:15.061000+00:00,30.874,42.13,23.801,,245,False,96.805,"[None, 2048, 2048, 2048, 2048, 2048, 2048, 2048, 2048, 2048]","[2048, 2048, 2048, 2048, 2048, 2048, 2048, 2048, 2048, 2048, 2048]","[2048, 2048, 2048, 2048, 2048, 2048, 2048]",303.0
1229,9472,2,36,2024-03-02T16:03:17.715000+00:00,30.805,41.808,23.849,,259,False,96.462,"[None, 2048, 2048, 2048, 2048, 2048, 2048, 2048, 2048, 2048]","[2048, 2048, 2048, 2048, 2048, 2048, 2048, 2048, 2049, 2048, 2048]","[2048, 2048, 2048, 2048, 2048, 2048, 2048]",295.0
1229,9472,27,37,2024-03-02T16:03:21.152000+00:00,30.847,41.94,23.936,236.0,258,False,96.723,"[None, 2048, 2048, 2048, 2048, 2048, 2048, 2049, 2048, 2048]","[2049, 2049, 2048, 2048, 2048, 2048, 2048, 2048, 2048, 2048, 2049]","[2048, 2048, 2048, 2048, 2048, 2048, 2049]",
1229,9472,20,37,2024-03-02T16:03:23.492000+00:00,30.546,41.491,23.704,,261,False,95.741,"[2048, 2048, 2048, 2048, 2048, 2048, 2048, 2048, 2048, 2048]","[2049, 2048, 2048, 2048, 2048, 2048, 2048, 2048, 2048, 2049, 2048]","[2048, 2049, 2048, 2048, 2048, 2048, 2048]",301.0
1229,9472,22,37,2024-03-02T16:03:24.464000+00:00,30.48,41.686,23.667,236.0,257,False,95.833,"[None, 2048, 2048, 2048, 2048, 2048, 2049, 2049, 2048, 2049]","[2048, 2049, 2048, 2048, 2048, 2048, 2048, 2048, 2048, 2048, 2048]","[2048, 2048, 2049, 2048, 2048, 2048]",315.0
1229,9472,1,38,2024-03-02T16:03:32.041000+00:00,51.526,41.562,23.357,236.0,258,True,116.445,"[2064, 2064, 2064, 2048, 2048, 2048, 2048, 2048, 2048, 2048]","[2048, 2048, 2048, 2048, 2048, 2049, 2049, 2048, 2048, 2048, 2048]","[2048, 2049, 2049, 2048, 2048, 2051, 2049]",217.0
1229,9472,3,37,2024-03-02T16:03:33.600000+00:00,30.422,41.226,23.515,232.0,251,False,95.163,"[2048, 2048, 2048, 2048, 2048, 2049, 2049, 2048, 2049, 2048]","[2049, 2049, 2049, 2049, 2049, 2049, 2048, 2048, 2049, 2048, 2048]","[2048, 2049, 2048, 2048, 2049, 2048, 2048]",302.0
1229,9472,31,37,2024-03-02T16:03:35.199000+00:00,31.059,41.755,23.766,231.0,256,False,96.58,"[None, 2048, 2048, 2048, 2048, 2049, 2048, 2048, 2048, 2048]","[2049, 2048, 2048, 2048, 2048, 2048, 2048, 2048, 2048, 2048, 2048]","[2048, 2048, 2048, 2048, 2048, 2048, 2048]",294.0
1229,9472,10,37,2024-03-02T16:03:38.575000+00:00,31.148,41.595,23.886,,255,False,96.629,"[None, 2048, 2048, 2048, 2048, 2048, 2048, 2048, 2048, 2048]","[2048, 2048, 2048, 2048, 2048, 2049, 2048, 2048, 2048, 2048, 2048]","[2048, 2048, 2048, 2048, 2048, 2049]",291.0
1229,9472,11,38,2024-03-02T16:04:10.206000+00:00,30.581,40.931,23.292,233.0,256,False,94.804,"[2048, 2048, 2048, 2048, 2048, 2048, 2048, 2048, 2049, 2049]","[2048, 2048, 2049, 2049, 2049, 2048, 2048, 2048, 2049, 2049, 2048]","[2049, 2049, 2048, 2048, 2048, 2049, 2048]",295.0
1229,9472,55,38,2024-03-02T16:04:11.792000+00:00,30.631,41.329,23.14,,251,False,95.1,"[None, 2048, 2048, 2048, 2048, 2048, 2048, 2048, 2049, 2049]","[2048, 2048, 2048, 2049, 2048, 2048, 2048, 2048, 2051, 2049, 2048]","[2049, 2049, 2048, 2048, 2048, 2049, 2048]",300.0
1229,9472,63,38,2024-03-02T16:04:19.070000+00:00,30.6,41.469,23.41,233.0,259,False,95.479,"[None, 2048, 2048, 2048, 2048, 2048, 2048, 2048, 2049, 2048]","[2048, 2048, 2048, 2048, 2048, 2048, 2048, 2048, 2048, 2048, 2048]","[2048, 2048, 2048, 2048, 2048, 2048, 2048]",297.0
1229,9472,16,38,2024-03-02T16:04:21.318000+00:00,30.55,40.953,23.28,236.0,256,False,94.783,"[None, 2048, 2048, 2048, 2048, 2048, 2048, 2048, 2049, 2048]","[2048, 2048, 2048, 2048, 2048, 2049, 2048, 2048, 2048, 2048, 2048]","[2049, 2049, 2048, 2048, 2048, 2048, 2048]",298.0
1229,9472,4,38,2024-03-02T16:04:24.164000+00:00,30.48,41.161,23.508,,263,False,95.149,"[None, 2048, 2048, 2048, 2048, 2048, 2048, 2048, 2048, 2048]","[2048, 2048, 2048, 2048, 2048, 2048, 2048, 2048, 2048, 2048, 2048]","[2048, 2048, 2048, 2048, 2048, 2048, 2048]",302.0
1229,9472,14,38,2024-03-02T16:04:27.131000+00:00,30.952,42.212,24.133,,254,False,97.297,"[2048, 2048, 2048, 2048, 2048, 2048, 2048, 2048, 2049, 2048]","[2048, 2048, 2048, 2049, 2048, 2048, 2048, 2048, 2048, 2048, 2048]","[2048, 2048, 2048, 2048, 2048, 2048, 2048]",301.0
1229,9472,77,37,2024-03-02T16:04:29.158000+00:00,31.511,42.24,24.257,236.0,251,False,98.008,"[None, 2048, 2048, 2048, 2048, 2048, 2049, 2048, 2048, 2048]","[2048, 2048, 2048, 2048, 2048, 2048, 2048, 2048, 2048, 2048, 2048]","[2048, 2048, 2048, 2048, 2048, 2048, 2048]",264.0
1229,9472,44,38,2024-03-02T16:04:29.729000+00:00,30.06,41.423,23.483,233.0,257,False,94.966,"[2049, 2049, 2048, 2048, 2048, 2048, 2048, 2048, 2048, 2048]","[2049, 2048, 2048, 2048, 2048, 2048, 2048, 2048, 2048, 2048, 2048]","[2048, 2048, 2048, 2048, 2048, 2048, 2048]",316.0
1229,9472,81,38,2024-03-02T16:04:32.414000+00:00,30.613,41.055,23.63,,269,False,95.298,"[None, 2048, 2048, 2048, 2048, 2048, 2048, 2048, 2048, 2048]","[2048, 2048, 2048, 2048, 2048, 2048, 2048, 2048, 2048, 2048, 2051]","[2048, 2048, 2049, 2049, 2048, 2048, 2049]",307.0
1229,9472,18,38,2024-03-02T16:04:48.629000+00:00,30.776,41.926,23.662,231.0,249,False,96.364,"[None, 2048, 2048, 2048, 2048, 2048, 2048, 2048, 2048, 2048]","[2048, 2048, 2048, 2048, 2048, 2048, 2048, 2048, 2048, 2048, 2048]","[2048, 2048, 2048, 2048, 2048, 2048, 2048]",
1229,9472,24,38,2024-03-02T16:04:51.723000+00:00,30.915,42.149,23.793,235.0,245,False,96.857,"[None, 2048, 2048, 2048, 2048, 2048, 2048, 2048, 2048, 2048]","[2048, 2048, 2048, 2048, 2048, 2048, 2048, 2048, 2048, 2048, 2048]","[2048, 2048, 2048, 2048, 2048, 2048, 2048]",302.0
1229,9472,2,37,2024-03-02T16:04:54.083000+00:00,30.826,42.127,23.832,233.0,258,False,96.785,"[None, 2048, 2048, 2049, 2048, 2048, 2048, 2048, 2048, 2048]","[2048, 2048, 2048, 2048, 2048, 2048, 2048, 2048, 2048, 2048, 2048]","[2048, 2048, 2048, 2048, 2048, 2048, 2048]",296.0
1229,9472,27,38,2024-03-02T16:04:57.918000+00:00,32.593,42.653,24.837,,251,False,100.083,"[None, 2048, 2048, 2048, 2048, 2048, 2048, 2048, 2048, 2048]","[2048, 2048, 2048, 2048, 2048, 2048, 2048, 2048, 2048, 2048, 2048]","[2048, 2048, 2048, 2048, 2048, 2048, 2049]",
1229,9472,20,38,2024-03-02T16:04:59.136000+00:00,30.724,41.576,23.742,,260,False,96.042,"[None, 2048, 2048, 2048, 2048, 2048, 2048, 2048, 2048, 2049]","[2049, 2048, 2048, 2048, 2048, 2048, 2048, 2048, 2049, 2048, 2048]","[2048, 2048, 2048, 2048, 2048, 2048, 2048]",
1229,9472,22,38,2024-03-02T16:05:00.350000+00:00,30.732,42.39,23.924,,245,False,97.046,"[None, 2048, 2048, 2048, 2049, 2049, 2048, 2048, 2048, 2049]","[2048, 2048, 2048, 2048, 2048, 2048, 2049, 2048, 2048, 2049, 2048]","[2048, 2048, 2048, 2048, 2048, 2049, 2048]",303.0
1229,9472,3,38,2024-03-02T16:05:08.735000+00:00,30.496,41.41,23.554,236.0,253,False,95.46,"[None, 2048, 2048, 2048, 2049, 2048, 2048, 2048, 2048, 2049]","[2049, 2048, 2048, 2048, 2048, 2048, 2048, 2048, 2049, 2048, 2048]","[2048, 2049, 2049, 2048, 2048, 2049, 2048]",300.0
1229,9472,23,38,2024-03-02T16:05:09.985000+00:00,30.735,41.742,23.652,237.0,253,False,96.129,"[2048, 2048, 2048, 2048, 2048, 2049, 2048, 2048, 2049, 2048]","[2048, 2048, 2049, 2048, 2048, 2048, 2048, 2048, 2049, 2048, 2048]","[2049, 2049, 2049, 2048, 2049, 2048, 2048]",304.0
1229,9472,31,38,2024-03-02T16:05:11.746000+00:00,31.07,41.869,23.875,232.0,256,False,96.814,"[None, 2048, 2048, 2048, 2048, 2048, 2048, 2048, 2048, 2048]","[2048, 2048, 2048, 2048, 2048, 2048, 2048, 2048, 2048, 2048, 2048]","[2048, 2048, 2048, 2048, 2048, 2048, 2048]",293.0
1229,9472,10,38,2024-03-02T16:05:15.172000+00:00,31.122,41.764,23.916,231.0,256,False,96.802,"[None, 2048, 2048, 2048, 2048, 2048, 2048, 2048, 2048, 2048]","[2048, 2048, 2048, 2048, 2048, 2048, 2048, 2048, 2048, 2048, 2048]","[2048, 2048, 2048, 2048, 2048, 2048, 2048]",289.0
1229,9472,1,39,2024-03-02T16:05:28.544000+00:00,29.741,39.916,22.951,239.0,265,False,92.608,"[2048, 2048, 2048, 2049, 2051, 2051, 2049, 2049, 2051, 2049]","[2051, 2051, 2051, 2051, 2051, 2051, 2049, 2049, 2051, 2049, 2049]","[2051, 2049, 2049, 2049, 2051, 2048, 2049]",299.0
1229,9472,11,39,2024-03-02T16:05:45.051000+00:00,30.563,40.893,23.151,,260,False,94.607,"[None, 2048, 2048, 2048, 2048, 2048, 2048, 2048, 2048, 2049]","[2048, 2048, 2048, 2048, 2049, 2048, 2048, 2048, 2049, 2048, 2048]","[2049, 2049, 2049, 2048, 2049, 2048, 2048]",294.0
1229,9472,55,39,2024-03-02T16:05:46.917000+00:00,30.481,41.066,23.162,,254,False,94.709,"[None, 2048, 2048, 2048, 2048, 2048, 2048, 2048, 2049, 2048]","[2048, 2048, 2048, 2048, 2049, 2048, 2048, 2048, 2049, 2049, 2048]","[2048, 2048, 2048, 2048, 2048, 2048, 2048]",299.0
1229,9472,63,39,2024-03-02T16:05:54.624000+00:00,30.547,41.329,23.328,235.0,260,False,95.204,"[None, 2048, 2048, 2048, 2048, 2048, 2048, 2048, 2048, 2048]","[2049, 2049, 2048, 2048, 2048, 2048, 2048, 2048, 2048, 2048, 2048]","[2049, 2048, 2048, 2048, 2048, 2048, 2048]",299.0
1229,9472,16,39,2024-03-02T16:05:56.155000+00:00,30.604,41.077,23.406,,260,False,95.087,"[None, 2048, 2048, 2048, 2048, 2048, 2048, 2048, 2048, 2048]","[2048, 2049, 2048, 2048, 2048, 2048, 2048, 2048, 2048, 2048, 2048]","[2048, 2048, 2048, 2048, 2048, 2048, 2048]",
1229,9472,4,39,2024-03-02T16:05:59.266000+00:00,30.35,41.047,23.483,236.0,256,False,94.88,"[None, 2048, 2048, 2048, 2048, 2048, 2048, 2048, 2049, 2048]","[2049, 2049, 2048, 2048, 2049, 2048, 2048, 2048, 2048, 2048, 2048]","[2048, 2048, 2048, 2048, 2048, 2048, 2048]",301.0
1229,9472,14,39,2024-03-02T16:06:04.374000+00:00,31.253,42.438,24.255,,255,False,97.946,"[None, 2048, 2048, 2048, 2048, 2048, 2048, 2048, 2048, 2048]","[2048, 2048, 2048, 2048, 2048, 2048, 2048, 2048, 2048, 2048, 2048]","[2048, 2048, 2048, 2048, 2048, 2048, 2048]",295.0
1229,9472,44,39,2024-03-02T16:06:04.688000+00:00,30.17,41.159,23.393,,258,False,94.722,"[None, 2049, 2048, 2048, 2048, 2048, 2048, 2048, 2048, 2048]","[2049, 2049, 2048, 2048, 2048, 2048, 2048, 2048, 2048, 2048, 2048]","[2048, 2048, 2048, 2048, 2048, 2048, 2048]",313.0
1229,9472,77,38,2024-03-02T16:06:07.159000+00:00,31.497,42.346,23.931,238.0,255,False,97.774,"[None, 2048, 2048, 2048, 2048, 2048, 2049, 2049, 2048, 2048]","[2048, 2048, 2048, 2048, 2048, 2048, 2048, 2048, 2048, 2048, 2048]","[2048, 2049, 2048, 2048, 2048, 2048, 2048]",259.0
1229,9472,81,39,2024-03-02T16:06:07.770000+00:00,30.196,41.091,23.696,238.0,270,False,94.983,"[2049, 2049, 2049, 2048, 2048, 2049, 2048, 2048, 2048, 2048]","[2048, 2048, 2048, 2048, 2048, 2048, 2048, 2048, 2048, 2048, 2051]","[2048, 2048, 2051, 2049, 2048, 2048, 2049]",325.0
1229,9472,18,39,2024-03-02T16:06:25.202000+00:00,30.792,41.959,23.602,232.0,248,False,96.353,"[None, 2048, 2048, 2048, 2048, 2048, 2048, 2048, 2048, 2048]","[2048, 2048, 2048, 2048, 2048, 2048, 2048, 2048, 2048, 2048, 2048]","[2048, 2048, 2048, 2048, 2048, 2048, 2048]",
1229,9472,24,39,2024-03-02T16:06:28.541000+00:00,30.904,42.006,23.727,237.0,245,False,96.637,"[None, 2048, 2048, 2048, 2048, 2048, 2048, 2048, 2048, 2048]","[2048, 2048, 2048, 2049, 2048, 2048, 2048, 2048, 2048, 2048, 2048]","[2048, 2048, 2048, 2048, 2048, 2048, 2048]",303.0
1229,9472,2,38,2024-03-02T16:06:30.793000+00:00,30.786,42.026,23.92,232.0,259,False,96.732,"[None, 2048, 2048, 2048, 2048, 2048, 2048, 2048, 2048, 2048]","[2048, 2048, 2048, 2048, 2048, 2048, 2048, 2048, 2048, 2048, 2048]","[2048, 2048, 2048, 2048, 2048, 2048, 2048]",298.0
1229,9472,20,39,2024-03-02T16:06:35.380000+00:00,30.654,41.474,23.748,,261,False,95.876,"[None, 2048, 2048, 2048, 2048, 2048, 2048, 2048, 2048, 2048]","[2049, 2048, 2048, 2048, 2048, 2048, 2048, 2048, 2048, 2048, 2048]","[2048, 2048, 2048, 2048, 2048, 2048, 2048]",300.0
1229,9472,22,39,2024-03-02T16:06:37.398000+00:00,30.733,41.684,23.708,234.0,258,False,96.125,"[None, 2048, 2048, 2048, 2048, 2048, 2048, 2048, 2049, 2049]","[2049, 2048, 2048, 2048, 2048, 2048, 2048, 2048, 2048, 2048, 2048]","[2048, 2048, 2048, 2048, 2048, 2048, 2048]",304.0
1229,9472,27,39,2024-03-02T16:06:38.093000+00:00,30.911,42.495,24.07,234.0,256,False,97.476,"[2049, 2049, 2049, 2048, 2048, 2048, 2049, 2049, 2048, 2048]","[2048, 2048, 2048, 2048, 2048, 2048, 2048, 2048, 2048, 2048, 2048]","[2048, 2048, 2048, 2048, 2048, 2048, 2048]",325.0
1229,9472,3,39,2024-03-02T16:06:44.228000+00:00,30.559,41.392,23.524,,252,False,95.475,"[None, 2048, 2048, 2048, 2048, 2048, 2048, 2048, 2048, 2048]","[2049, 2048, 2048, 2048, 2048, 2048, 2048, 2048, 2049, 2048, 2048]","[2048, 2049, 2049, 2048, 2048, 2048, 2048]",301.0
1229,9472,23,39,2024-03-02T16:06:46.091000+00:00,30.737,41.65,23.469,,254,False,95.856,"[None, 2048, 2048, 2048, 2048, 2048, 2048, 2048, 2049, 2048]","[2048, 2048, 2048, 2049, 2049, 2048, 2048, 2048, 2049, 2048, 2048]","[2049, 2049, 2049, 2048, 2049, 2048, 2048]",305.0
1229,9472,31,39,2024-03-02T16:06:48.529000+00:00,31.088,41.717,23.747,,256,False,96.552,"[None, 2048, 2048, 2048, 2048, 2048, 2048, 2048, 2048, 2048]","[2049, 2048, 2048, 2048, 2048, 2048, 2048, 2048, 2049, 2049, 2049]","[2048, 2049, 2049, 2048, 2048, 2048, 2048]",290.0
1229,9472,10,39,2024-03-02T16:06:51.984000+00:00,31.022,41.7,23.815,230.0,257,False,96.537,"[None, 2048, 2048, 2048, 2048, 2048, 2048, 2048, 2048, 2048]","[2048, 2048, 2048, 2048, 2048, 2048, 2048, 2048, 2048, 2048, 2049]","[2048, 2048, 2048, 2048, 2048, 2048, 2048]",291.0
1229,9472,1,40,2024-03-02T16:07:01.342000+00:00,31.014,42.023,23.552,234.0,245,False,96.589,"[2049, 2049, 2048, 2048, 2048, 2048, 2048, 2048, 2048, 2048]","[2048, 2048, 2048, 2048, 2048, 2048, 2048, 2048, 2048, 2048, 2048]","[2048, 2048, 2048, 2048, 2048, 2048, 2048]",275.0
1229,9472,11,40,2024-03-02T16:07:19.721000+00:00,30.4,40.772,23.192,234.0,257,False,94.364,"[None, 2048, 2048, 2048, 2048, 2048, 2048, 2048, 2049, 2049]","[2048, 2049, 2048, 2048, 2048, 2048, 2048, 2048, 2049, 2049, 2048]","[2048, 2048, 2048, 2048, 2048, 2048, 2048]",297.0
1229,9472,55,40,2024-03-02T16:07:21.661000+00:00,30.382,41.146,23.211,238.0,254,False,94.739,"[None, 2048, 2048, 2048, 2048, 2048, 2048, 2048, 2048, 2048]","[2048, 2048, 2048, 2048, 2048, 2048, 2048, 2048, 2049, 2049, 2048]","[2048, 2048, 2048, 2048, 2049, 2048, 2048]",303.0
1229,9472,63,40,2024-03-02T16:07:29.749000+00:00,30.39,41.347,23.328,236.0,261,False,95.065,"[None, 2048, 2048, 2048, 2048, 2049, 2048, 2048, 2049, 2049]","[2048, 2048, 2048, 2048, 2048, 2048, 2048, 2048, 2049, 2048, 2049]","[2048, 2048, 2048, 2048, 2048, 2048, 2048]",
1229,9472,16,40,2024-03-02T16:07:31.234000+00:00,30.507,40.836,23.516,237.0,267,False,94.859,"[None, 2048, 2048, 2048, 2048, 2048, 2048, 2048, 2049, 2048]","[2048, 2049, 2048, 2048, 2048, 2048, 2048, 2048, 2048, 2049, 2051]","[2048, 2048, 2049, 2048, 2048, 2048, 2048]",299.0
1229,9472,4,40,2024-03-02T16:07:34.085000+00:00,30.366,41.222,23.688,237.0,258,False,95.276,"[None, 2048, 2048, 2048, 2048, 2048, 2048, 2048, 2048, 2048]","[2048, 2048, 2048, 2048, 2048, 2048, 2048, 2048, 2049, 2048, 2048]","[2048, 2049, 2048, 2048, 2048, 2048, 2048]",303.0
1229,9472,44,40,2024-03-02T16:07:39.415000+00:00,30.443,41.198,23.4,235.0,260,False,95.041,"[2048, 2048, 2048, 2048, 2048, 2048, 2048, 2048, 2048, 2048]","[2049, 2048, 2048, 2048, 2048, 2048, 2048, 2048, 2048, 2048, 2049]","[2048, 2048, 2048, 2048, 2048, 2048, 2048]",296.0
1229,9472,14,40,2024-03-02T16:07:42.391000+00:00,31.525,42.36,24.176,235.0,254,False,98.061,"[None, 2048, 2048, 2048, 2048, 2048, 2048, 2048, 2048, 2048]","[2048, 2048, 2048, 2048, 2048, 2048, 2048, 2048, 2048, 2048, 2048]","[2048, 2048, 2048, 2048, 2048, 2048, 2048]",296.0
1229,9472,81,40,2024-03-02T16:07:42.787000+00:00,30.329,41.07,23.606,237.0,270,False,95.005,"[None, 2049, 2048, 2048, 2048, 2048, 2048, 2048, 2048, 2048]","[2048, 2048, 2048, 2048, 2048, 2048, 2048, 2048, 2048, 2048, 2049]","[2048, 2048, 2048, 2048, 2048, 2048, 2048]",321.0
1229,9472,77,39,2024-03-02T16:07:44.933000+00:00,31.047,42.287,23.855,235.0,253,False,97.189,"[None, 2048, 2048, 2048, 2048, 2048, 2048, 2048, 2048, 2048]","[2048, 2048, 2048, 2048, 2048, 2048, 2048, 2048, 2048, 2048, 2048]","[2048, 2048, 2049, 2049, 2048, 2048, 2048]",302.0
1229,9472,18,40,2024-03-02T16:08:01.510000+00:00,30.896,41.927,23.662,230.0,242,False,96.485,"[None, 2048, 2048, 2048, 2048, 2048, 2048, 2048, 2048, 2048]","[2048, 2048, 2048, 2049, 2048, 2048, 2048, 2048, 2048, 2048, 2048]","[2049, 2048, 2048, 2048, 2048, 2048, 2048]",
1229,9472,24,40,2024-03-02T16:08:05.196000+00:00,30.839,42.094,23.75,235.0,245,False,96.683,"[None, 2048, 2048, 2048, 2048, 2048, 2048, 2048, 2049, 2048]","[2048, 2048, 2048, 2048, 2048, 2048, 2048, 2048, 2048, 2048, 2048]","[2048, 2048, 2048, 2048, 2048, 2048, 2048]",301.0
1229,9472,2,39,2024-03-02T16:08:07.594000+00:00,30.987,42.097,23.932,231.0,261,False,97.016,"[None, 2048, 2048, 2048, 2048, 2048, 2048, 2048, 2048, 2048]","[2048, 2048, 2048, 2048, 2048, 2048, 2048, 2048, 2048, 2048, 2048]","[2048, 2048, 2048, 2048, 2048, 2048, 2048]",296.0
1229,9472,20,40,2024-03-02T16:08:11.112000+00:00,30.623,41.738,23.71,,260,False,96.071,"[None, 2048, 2048, 2048, 2048, 2048, 2048, 2048, 2048, 2048]","[2048, 2049, 2048, 2048, 2048, 2048, 2048, 2048, 2048, 2048, 2048]","[2048, 2048, 2048, 2048, 2048, 2048, 2048]",301.0
1229,9472,22,40,2024-03-02T16:08:13.525000+00:00,30.886,41.751,23.626,232.0,258,False,96.263,"[None, 2048, 2048, 2048, 2048, 2048, 2048, 2048, 2049, 2048]","[2048, 2049, 2048, 2048, 2048, 2048, 2048, 2048, 2048, 2048, 2048]","[2048, 2048, 2048, 2048, 2048, 2048, 2048]",300.0
1229,9472,27,40,2024-03-02T16:08:15.527000+00:00,,42.126,24.051,235.0,257,False,97.088,"[2048, 2048, 2048, 2048, 2048, 2048, 2048, 2048, 2048, 2048]","[2048, 2048, 2048, 2048, 2048, 2048, 2048, 2048, 2048, 2048, 2048]","[2048, 2048, 2048, 2048, 2048, 2048, 2048]",304.0
1229,9472,3,40,2024-03-02T16:08:19.639000+00:00,30.49,41.513,23.575,238.0,249,False,95.578,"[None, 2048, 2048, 2048, 2048, 2048, 2048, 2048, 2048, 2049]","[2049, 2048, 2048, 2048, 2048, 2048, 2048, 2048, 2049, 2048, 2048]","[2048, 2049, 2049, 2049, 2048, 2048, 2048]",303.0
1229,9472,23,40,2024-03-02T16:08:21.965000+00:00,30.707,41.503,23.513,236.0,260,False,95.723,"[None, 2048, 2048, 2048, 2048, 2048, 2048, 2048, 2048, 2049]","[2049, 2049, 2048, 2048, 2048, 2048, 2048, 2048, 2049, 2049, 2049]","[2049, 2048, 2049, 2048, 2049, 2048, 2048]",
1229,9472,31,40,2024-03-02T16:08:25.243000+00:00,31.053,41.754,23.801,233.0,254,False,96.608,"[None, 2048, 2048, 2048, 2048, 2048, 2048, 2048, 2048, 2048]","[2048, 2049, 2048, 2048, 2048, 2048, 2048, 2048, 2049, 2048, 2048]","[2048, 2048, 2048, 2048, 2048, 2048, 2048]",291.0
1229,9472,10,40,2024-03-02T16:08:28.501000+00:00,31.023,41.793,23.926,232.0,256,False,96.742,"[None, 2048, 2048, 2048, 2048, 2048, 2048, 2048, 2048, 2048]","[2049, 2048, 2048, 2048, 2048, 2049, 2048, 2048, 2048, 2048, 2049]","[2048, 2048, 2048, 2048, 2048, 2048, 2048]",290.0
1229,9472,1,41,2024-03-02T16:08:37.813000+00:00,30.697,41.281,23.312,237.0,252,False,95.29,"[2048, 2048, 2048, 2048, 2048, 2048, 2048, 2048, 2048, 2048]","[2048, 2048, 2048, 2048, 2048, 2048, 2048, 2048, 2048, 2048, 2048]","[2048, 2048, 2048, 2048, 2048, 2048, 2048]",292.0
1229,9472,11,41,2024-03-02T16:08:54.055000+00:00,30.351,40.884,23.165,239.0,258,False,94.4,"[None, 2048, 2048, 2048, 2048, 2049, 2048, 2048, 2049, 2048]","[2048, 2049, 2048, 2049, 2048, 2048, 2048, 2048, 2048, 2048, 2048]","[2048, 2048, 2049, 2048, 2048, 2048, 2048]",301.0
1229,9472,55,41,2024-03-02T16:08:56.441000+00:00,30.638,41.205,23.198,236.0,253,False,95.041,"[None, 2048, 2048, 2048, 2048, 2048, 2048, 2048, 2048, 2048]","[2048, 2049, 2048, 2049, 2048, 2048, 2048, 2048, 2048, 2048, 2048]","[2048, 2048, 2048, 2048, 2048, 2048, 2048]",
1229,9472,63,41,2024-03-02T16:09:04.828000+00:00,30.541,41.25,23.302,235.0,263,False,95.093,"[None, 2048, 2048, 2048, 2048, 2048, 2048, 2048, 2049, 2048]","[2049, 2048, 2048, 2048, 2048, 2048, 2048, 2048, 2048, 2048, 2049]","[2048, 2048, 2048, 2048, 2048, 2048, 2048]",296.0
1229,9472,16,41,2024-03-02T16:09:05.969000+00:00,30.539,41.033,23.456,236.0,264,False,95.028,"[None, 2048, 2048, 2048, 2048, 2048, 2048, 2048, 2048, 2048]","[2048, 2048, 2048, 2048, 2048, 2048, 2048, 2048, 2048, 2048, 2048]","[2048, 2048, 2048, 2048, 2048, 2048, 2048]",
1229,9472,4,41,2024-03-02T16:09:09.505000+00:00,30.318,41.261,23.49,236.0,261,False,95.069,"[None, 2048, 2048, 2049, 2048, 2048, 2048, 2048, 2049, 2048]","[2048, 2049, 2048, 2048, 2048, 2048, 2048, 2048, 2048, 2048, 2048]","[2048, 2048, 2048, 2048, 2048, 2048, 2048]",
1229,9472,44,41,2024-03-02T16:09:14.712000+00:00,30.463,41.116,23.361,,263,False,94.94,"[None, 2048, 2048, 2048, 2048, 2048, 2048, 2048, 2048, 2048]","[2048, 2048, 2048, 2048, 2048, 2048, 2048, 2048, 2049, 2051, 2049]","[2048, 2048, 2048, 2048, 2048, 2048, 2048]",297.0
1229,9472,81,41,2024-03-02T16:09:17.635000+00:00,30.504,41.055,23.55,,270,False,95.109,"[2048, 2048, 2048, 2048, 2048, 2048, 2048, 2048, 2048, 2048]","[2048, 2049, 2048, 2048, 2048, 2048, 2048, 2048, 2048, 2048, 2048]","[2048, 2048, 2048, 2048, 2048, 2048, 2048]",301.0
1229,9472,14,41,2024-03-02T16:09:20.379000+00:00,31.046,42.415,26.8,234.0,255,False,100.261,"[None, 2048, 2048, 2048, 2048, 2048, 2048, 2048, 2048, 2048]","[2048, 2048, 2048, 2048, 2048, 2048, 2048, 2048, 2048, 2048, 2048]","[2048, 2048, 2048, 2048, 2048, 2048, 2064]",302.0
1229,9472,77,40,2024-03-02T16:09:22.152000+00:00,30.903,42.672,23.818,,250,False,97.393,"[None, 2048, 2048, 2048, 2048, 2048, 2048, 2048, 2048, 2048]","[2048, 2048, 2048, 2048, 2048, 2048, 2048, 2048, 2048, 2048, 2048]","[2048, 2048, 2048, 2048, 2048, 2048, 2048]",301.0
1229,9472,18,41,2024-03-02T16:09:37.899000+00:00,30.877,41.749,23.696,232.0,251,False,96.322,"[None, 2048, 2048, 2048, 2048, 2048, 2048, 2048, 2048, 2048]","[2048, 2048, 2048, 2048, 2048, 2048, 2048, 2048, 2048, 2048, 2048]","[2048, 2048, 2048, 2048, 2048, 2048, 2048]",
1229,9472,24,41,2024-03-02T16:09:42.037000+00:00,30.827,42.096,23.772,,245,False,96.695,"[None, 2048, 2048, 2048, 2048, 2048, 2048, 2048, 2049, 2048]","[2048, 2048, 2048, 2048, 2048, 2048, 2048, 2048, 2048, 2048, 2048]","[2048, 2048, 2048, 2048, 2048, 2048, 2048]",302.0
1229,9472,2,40,2024-03-02T16:09:44.655000+00:00,30.76,42.614,26.443,233.0,256,False,99.817,"[None, 2048, 2048, 2048, 2048, 2048, 2048, 2048, 2049, 2048]","[2048, 2048, 2048, 2048, 2048, 2048, 2048, 2048, 2048, 2048, 2048]","[2048, 2048, 2048, 2048, 2048, 2048, 2064]",297.0
1229,9472,20,41,2024-03-02T16:09:47.198000+00:00,30.645,41.845,23.85,,259,False,96.34,"[None, 2048, 2048, 2048, 2048, 2048, 2048, 2048, 2048, 2048]","[2048, 2048, 2048, 2048, 2048, 2048, 2048, 2048, 2048, 2048, 2048]","[2048, 2048, 2048, 2048, 2048, 2048, 2048]",302.0
1229,9472,22,41,2024-03-02T16:09:49.850000+00:00,30.801,41.719,23.659,,258,False,96.179,"[None, 2048, 2048, 2048, 2048, 2048, 2048, 2048, 2048, 2048]","[2049, 2048, 2048, 2048, 2048, 2048, 2048, 2048, 2048, 2048, 2048]","[2048, 2048, 2048, 2048, 2048, 2048, 2048]",301.0
1229,9472,27,41,2024-03-02T16:09:52.708000+00:00,30.889,42.038,26.642,236.0,259,False,99.569,"[None, 2048, 2048, 2048, 2048, 2048, 2048, 2048, 2048, 2048]","[2048, 2048, 2048, 2048, 2048, 2048, 2048, 2048, 2048, 2049, 2049]","[2048, 2048, 2048, 2048, 2048, 2048, 2064]",
1229,9472,3,41,2024-03-02T16:09:55.238000+00:00,30.564,41.478,23.602,239.0,256,False,95.644,"[None, 2048, 2048, 2048, 2048, 2048, 2048, 2048, 2048, 2049]","[2048, 2048, 2048, 2048, 2048, 2048, 2048, 2048, 2048, 2048, 2048]","[2049, 2048, 2049, 2049, 2048, 2048, 2048]",301.0
1229,9472,23,41,2024-03-02T16:09:57.693000+00:00,30.746,41.557,23.582,,259,False,95.885,"[None, 2048, 2048, 2048, 2048, 2048, 2048, 2048, 2049, 2048]","[2049, 2049, 2048, 2048, 2048, 2048, 2048, 2048, 2048, 2048, 2048]","[2049, 2048, 2048, 2048, 2048, 2048, 2048]",300.0
1229,9472,31,41,2024-03-02T16:10:01.749000+00:00,31.034,41.826,23.761,,255,False,96.621,"[None, 2048, 2048, 2048, 2048, 2048, 2048, 2048, 2049, 2048]","[2049, 2048, 2048, 2048, 2048, 2048, 2048, 2048, 2048, 2048, 2048]","[2048, 2048, 2048, 2048, 2048, 2048, 2048]",290.0
1229,9472,10,41,2024-03-02T16:10:05.328000+00:00,30.968,41.751,23.852,234.0,256,False,96.571,"[None, 2048, 2048, 2048, 2048, 2048, 2048, 2048, 2048, 2048]","[2048, 2048, 2048, 2048, 2048, 2048, 2048, 2048, 2048, 2048, 2048]","[2048, 2048, 2048, 2048, 2048, 2048, 2048]",293.0
1229,9472,1,42,2024-03-02T16:10:13.056000+00:00,30.477,40.996,23.194,,261,False,94.667,"[None, 2048, 2048, 2048, 2048, 2048, 2048, 2048, 2048, 2048]","[2048, 2048, 2048, 2048, 2048, 2048, 2048, 2048, 2048, 2048, 2048]","[2048, 2048, 2049, 2048, 2048, 2048, 2049]",294.0
1229,9472,11,42,2024-03-02T16:10:28.404000+00:00,30.299,40.985,23.241,238.0,260,False,94.525,"[None, 2048, 2048, 2048, 2049, 2049, 2048, 2048, 2048, 2049]","[2048, 2048, 2048, 2049, 2048, 2048, 2048, 2048, 2048, 2048, 2048]","[2048, 2048, 2048, 2048, 2048, 2048, 2048]",
1229,9472,55,42,2024-03-02T16:10:31.440000+00:00,30.448,41.195,23.218,237.0,255,False,94.861,"[None, 2048, 2048, 2048, 2048, 2048, 2048, 2048, 2049, 2048]","[2049, 2049, 2048, 2049, 2048, 2048, 2048, 2048, 2048, 2048, 2048]","[2048, 2048, 2048, 2048, 2048, 2048, 2048]",301.0
1229,9472,63,42,2024-03-02T16:10:39.923000+00:00,30.57,41.196,23.37,236.0,265,False,95.136,"[None, 2048, 2048, 2048, 2048, 2048, 2048, 2048, 2048, 2048]","[2048, 2049, 2048, 2048, 2048, 2048, 2048, 2048, 2049, 2048, 2049]","[2048, 2048, 2048, 2048, 2048, 2048, 2048]",294.0
1229,9472,16,42,2024-03-02T16:10:41.023000+00:00,30.413,41.067,23.502,235.0,262,False,94.982,"[None, 2048, 2048, 2048, 2048, 2048, 2049, 2049, 2048, 2048]","[2048, 2048, 2048, 2048, 2048, 2048, 2049, 2048, 2048, 2048, 2048]","[2048, 2048, 2048, 2048, 2048, 2048, 2048]",305.0
1229,9472,4,42,2024-03-02T16:10:44.570000+00:00,30.402,41.212,23.551,237.0,259,False,95.165,"[None, 2048, 2048, 2048, 2049, 2048, 2048, 2048, 2048, 2048]","[2049, 2048, 2048, 2048, 2048, 2048, 2048, 2048, 2048, 2048, 2048]","[2048, 2048, 2048, 2048, 2048, 2048, 2048]",302.0
1229,9472,44,42,2024-03-02T16:10:49.383000+00:00,30.426,41.13,23.44,,260,False,94.996,"[None, 2048, 2048, 2048, 2048, 2048, 2048, 2048, 2048, 2048]","[2048, 2048, 2048, 2048, 2048, 2048, 2048, 2048, 2048, 2048, 2048]","[2048, 2048, 2048, 2048, 2048, 2048, 2048]",298.0
1229,9472,81,42,2024-03-02T16:10:52.836000+00:00,30.605,41.21,23.526,238.0,270,False,95.341,"[None, 2048, 2048, 2048, 2048, 2048, 2048, 2048, 2048, 2048]","[2048, 2048, 2048, 2048, 2048, 2048, 2048, 2048, 2048, 2048, 2049]","[2048, 2048, 2048, 2048, 2048, 2048, 2048]",302.0
1229,9472,77,41,2024-03-02T16:10:59.647000+00:00,30.804,41.851,23.782,,258,False,96.437,"[None, 2048, 2048, 2048, 2048, 2048, 2048, 2048, 2049, 2048]","[2049, 2048, 2048, 2048, 2048, 2048, 2048, 2048, 2048, 2048, 2048]","[2048, 2048, 2048, 2048, 2048, 2048, 2048]",298.0
1229,9472,14,42,2024-03-02T16:11:00.650000+00:00,52.077,41.387,23.435,234.0,239,True,116.899,"[2064, 2064, 2064, 2048, 2048, 2048, 2048, 2048, 2048, 2048]","[2049, 2048, 2049, 2049, 2049, 2049, 2048, 2048, 2049, 2048, 2048]","[2049, 2049, 2049, 2048, 2049, 2049, 2048]",221.0
1229,9472,18,42,2024-03-02T16:11:14.251000+00:00,30.774,41.917,23.652,,246,False,96.343,"[None, 2048, 2048, 2048, 2048, 2048, 2048, 2048, 2048, 2049]","[2048, 2048, 2048, 2048, 2048, 2048, 2048, 2048, 2048, 2048, 2048]","[2048, 2048, 2048, 2048, 2048, 2048, 2048]",
1229,9472,24,42,2024-03-02T16:11:18.659000+00:00,31.038,41.86,23.754,,245,False,96.652,"[None, 2048, 2048, 2048, 2048, 2048, 2048, 2048, 2048, 2048]","[2048, 2048, 2048, 2048, 2048, 2048, 2048, 2048, 2048, 2048, 2048]","[2048, 2048, 2048, 2048, 2048, 2048]",301.0
1229,9472,20,42,2024-03-02T16:11:23.525000+00:00,30.72,41.743,23.847,235.0,260,False,96.31,"[None, 2048, 2048, 2048, 2048, 2048, 2048, 2048, 2048, 2048]","[2048, 2048, 2048, 2048, 2048, 2048, 2048, 2048, 2048, 2048, 2048]","[2048, 2048, 2048, 2048, 2048, 2048, 2048]",300.0
1229,9472,2,41,2024-03-02T16:11:24.430000+00:00,55.516,41.323,23.443,232.0,256,True,120.282,"[2064, 2064, 2064, 2048, 2048, 2048, 2048, 2048, 2048, 2048]","[2048, 2048, 2048, 2048, 2049, 2049, 2048, 2048, 2049, 2049, 2048]","[2049, 2049, 2049, 2048, 2049, 2049, 2048]",188.0
1229,9472,22,42,2024-03-02T16:11:25.885000+00:00,30.697,41.532,23.752,234.0,259,False,95.981,"[None, 2048, 2048, 2048, 2048, 2048, 2048, 2048, 2049, 2049]","[2049, 2048, 2048, 2048, 2048, 2048, 2048, 2048, 2049, 2048, 2048]","[2048, 2048, 2048, 2048, 2048, 2048, 2048]",300.0
1229,9472,3,42,2024-03-02T16:11:30.851000+00:00,30.484,41.238,23.616,237.0,255,False,95.338,"[None, 2048, 2048, 2048, 2048, 2048, 2048, 2048, 2049, 2048]","[2049, 2048, 2048, 2048, 2048, 2048, 2048, 2048, 2048, 2048, 2048]","[2048, 2048, 2048, 2048, 2048, 2048, 2048]",302.0
1229,9472,27,42,2024-03-02T16:11:32.243000+00:00,50.894,41.664,23.55,233.0,248,True,116.108,"[2064, 2064, 2064, 2048, 2048, 2048, 2048, 2048, 2048, 2048]","[2048, 2048, 2048, 2049, 2049, 2049, 2048, 2048, 2048, 2048, 2048]","[2049, 2049, 2049, 2048, 2048, 2049, 2048]",221.0
1229,9472,23,42,2024-03-02T16:11:33.585000+00:00,30.759,41.498,23.542,234.0,262,False,95.799,"[None, 2048, 2048, 2048, 2048, 2048, 2048, 2048, 2048, 2048]","[2048, 2049, 2048, 2048, 2048, 2048, 2048, 2048, 2049, 2048, 2049]","[2049, 2048, 2048, 2048, 2048, 2048, 2048]",301.0
1229,9472,31,42,2024-03-02T16:11:38.442000+00:00,31.025,41.766,23.801,232.0,255,False,96.592,"[None, 2048, 2048, 2048, 2048, 2048, 2048, 2048, 2048, 2048]","[2048, 2048, 2048, 2048, 2048, 2048, 2048, 2048, 2048, 2048, 2048]","[2048, 2048, 2048, 2048, 2048, 2048]",
1229,9472,10,42,2024-03-02T16:11:41.871000+00:00,30.98,41.74,23.911,233.0,256,False,96.631,"[None, 2048, 2048, 2048, 2048, 2048, 2048, 2048, 2048, 2048]","[2048, 2048, 2048, 2048, 2048, 2048, 2048, 2048, 2048, 2048, 2049]","[2048, 2048, 2048, 2048, 2048, 2049, 2048]",292.0
1229,9472,1,43,2024-03-02T16:11:47.752000+00:00,30.132,40.772,23.247,,261,False,94.151,"[2049, 2048, 2048, 2048, 2048, 2048, 2049, 2049, 2048, 2048]","[2048, 2048, 2048, 2048, 2048, 2048, 2048, 2048, 2048, 2048, 2048]","[2048, 2048, 2048, 2048, 2048, 2048, 2048]",296.0
1229,9472,11,43,2024-03-02T16:12:02.963000+00:00,30.403,41.148,23.246,236.0,262,False,94.797,"[None, 2048, 2048, 2048, 2048, 2048, 2048, 2048, 2048, 2048]","[2048, 2048, 2048, 2048, 2048, 2048, 2048, 2048, 2048, 2048, 2048]","[2048, 2048, 2048, 2048, 2048, 2048, 2048]",
1229,9472,55,43,2024-03-02T16:12:06.345000+00:00,30.387,41.201,23.207,238.0,253,False,94.795,"[None, 2048, 2048, 2048, 2048, 2048, 2048, 2048, 2048, 2049]","[2049, 2048, 2048, 2048, 2048, 2048, 2048, 2048, 2048, 2048, 2048]","[2048, 2048, 2048, 2048, 2049, 2048, 2048]",302.0
1229,9472,63,43,2024-03-02T16:12:15.140000+00:00,30.626,41.237,23.33,235.0,265,False,95.193,"[None, 2048, 2048, 2048, 2048, 2048, 2048, 2048, 2048, 2048]","[2048, 2048, 2048, 2048, 2048, 2048, 2048, 2048, 2049, 2049, 2048]","[2049, 2048, 2048, 2048, 2048, 2048, 2048]",
1229,9472,16,43,2024-03-02T16:12:16.114000+00:00,30.286,41.367,23.539,236.0,261,False,95.192,"[None, 2048, 2048, 2048, 2048, 2048, 2049, 2048, 2048, 2049]","[2048, 2048, 2048, 2048, 2048, 2048, 2049, 2048, 2048, 2048, 2048]","[2048, 2048, 2048, 2049, 2048, 2048, 2048]",315.0
1229,9472,4,43,2024-03-02T16:12:19.712000+00:00,30.462,41.196,23.637,236.0,260,False,95.295,"[None, 2048, 2048, 2048, 2048, 2048, 2048, 2048, 2048, 2048]","[2048, 2048, 2048, 2048, 2048, 2048, 2048, 2048, 2048, 2048, 2048]","[2048, 2048, 2048, 2048, 2048, 2048, 2048]",303.0
1229,9472,44,43,2024-03-02T16:12:24.321000+00:00,30.437,41.134,23.364,,259,False,94.935,"[None, 2048, 2048, 2048, 2048, 2048, 2048, 2048, 2048, 2048]","[2049, 2048, 2048, 2048, 2048, 2048, 2048, 2048, 2048, 2048, 2048]","[2048, 2048, 2048, 2048, 2048, 2048, 2048]",297.0
1229,9472,81,43,2024-03-02T16:12:28.242000+00:00,30.52,41.188,23.55,237.0,270,False,95.258,"[None, 2048, 2048, 2048, 2048, 2048, 2048, 2048, 2048, 2049]","[2048, 2048, 2048, 2048, 2048, 2048, 2048, 2048, 2048, 2048, 2049]","[2048, 2048, 2048, 2048, 2048, 2048, 2048]",301.0
1229,9472,77,42,2024-03-02T16:12:36.028000+00:00,30.9,41.717,23.757,,256,False,96.374,"[None, 2048, 2048, 2048, 2048, 2048, 2048, 2048, 2048, 2048]","[2048, 2049, 2048, 2048, 2048, 2048, 2048, 2048, 2048, 2048, 2048]","[2048, 2048, 2048, 2048, 2048, 2048, 2048]",297.0
1229,9472,18,43,2024-03-02T16:12:50.652000+00:00,30.843,41.859,23.602,,248,False,96.304,"[None, 2048, 2048, 2048, 2048, 2048, 2048, 2048, 2048, 2048]","[2048, 2048, 2048, 2049, 2048, 2048, 2048, 2048, 2048, 2048, 2048]","[2049, 2048, 2048, 2048, 2048, 2048, 2048]",
1229,9472,24,43,2024-03-02T16:12:55.181000+00:00,30.877,42.071,23.823,236.0,245,False,96.771,"[None, 2048, 2048, 2048, 2048, 2048, 2048, 2048, 2048, 2048]","[2048, 2048, 2048, 2048, 2048, 2048, 2048, 2048, 2048, 2048, 2048]","[2048, 2048, 2048, 2048, 2048, 2048, 2048]",
1229,9472,14,43,2024-03-02T16:12:57.493000+00:00,30.517,41.055,23.535,237.0,250,False,95.107,"[2048, 2048, 2048, 2048, 2049, 2048, 2048, 2048, 2048, 2049]","[2049, 2049, 2049, 2049, 2048, 2048, 2048, 2048, 2049, 2048, 2048]","[2049, 2049, 2051, 2048, 2048, 2049, 2049]",293.0
1229,9472,20,43,2024-03-02T16:12:59.874000+00:00,30.709,41.74,23.783,234.0,258,False,96.232,"[None, 2048, 2048, 2048, 2048, 2048, 2048, 2048, 2048, 2048]","[2048, 2048, 2048, 2048, 2048, 2048, 2048, 2048, 2048, 2048, 2048]","[2048, 2048, 2048, 2048, 2048, 2048, 2048]",301.0
1229,9472,22,43,2024-03-02T16:13:01.981000+00:00,30.713,41.533,23.71,232.0,258,False,95.956,"[None, 2048, 2048, 2048, 2048, 2048, 2048, 2048, 2049, 2048]","[2049, 2048, 2048, 2048, 2048, 2048, 2048, 2048, 2049, 2048, 2048]","[2048, 2048, 2048, 2048, 2048, 2048, 2048]",303.0
1229,9472,3,43,2024-03-02T16:13:06.228000+00:00,30.537,41.389,23.634,,255,False,95.56,"[None, 2048, 2048, 2048, 2048, 2048, 2048, 2048, 2048, 2048]","[2048, 2048, 2048, 2048, 2048, 2048, 2048, 2048, 2048, 2048, 2048]","[2048, 2048, 2048, 2048, 2048, 2048, 2048]",
1229,9472,23,43,2024-03-02T16:13:09.368000+00:00,30.76,41.472,23.534,,261,False,95.766,"[None, 2048, 2048, 2048, 2048, 2048, 2048, 2048, 2049, 2048]","[2049, 2048, 2048, 2048, 2048, 2048, 2048, 2048, 2048, 2049, 2048]","[2049, 2048, 2048, 2048, 2048, 2048, 2048]",292.0
1229,9472,31,43,2024-03-02T16:13:14.889000+00:00,31.035,41.852,23.792,233.0,255,False,96.679,"[None, 2048, 2048, 2048, 2048, 2048, 2048, 2048, 2048, 2048]","[2048, 2049, 2048, 2048, 2048, 2048, 2048, 2048, 2048, 2048, 2048]","[2049, 2048, 2048, 2048, 2048, 2048, 2048]",289.0
1229,9472,10,43,2024-03-02T16:13:18.480000+00:00,31.165,41.852,26.274,232.0,256,False,99.291,"[None, 2048, 2048, 2048, 2048, 2048, 2048, 2048, 2048, 2048]","[2048, 2048, 2048, 2048, 2048, 2048, 2048, 2048, 2048, 2048, 2048]","[2048, 2048, 2048, 2048, 2048, 2048, 2064]",
1229,9472,1,44,2024-03-02T16:13:21.891000+00:00,30.348,40.805,23.378,,264,False,94.531,"[None, 2049, 2048, 2048, 2048, 2048, 2048, 2048, 2048, 2048]","[2048, 2048, 2048, 2048, 2048, 2048, 2048, 2048, 2048, 2051, 2048]","[2048, 2048, 2049, 2048, 2048, 2048, 2049]",293.0
1229,9472,2,42,2024-03-02T16:13:24.717000+00:00,30.316,40.966,23.453,236.0,260,False,94.735,"[2048, 2048, 2048, 2048, 2049, 2048, 2048, 2048, 2049, 2049]","[2049, 2049, 2048, 2049, 2048, 2048, 2048, 2048, 2049, 2048, 2048]","[2048, 2048, 2048, 2048, 2048, 2049, 2048]",295.0
1229,9472,27,43,2024-03-02T16:13:28.286000+00:00,30.369,41.852,23.539,237.0,243,False,95.76,"[2048, 2048, 2048, 2048, 2048, 2048, 2048, 2048, 2048, 2049]","[2049, 2048, 2048, 2049, 2048, 2048, 2048, 2048, 2048, 2048, 2048]","[2049, 2048, 2048, 2048, 2049, 2048, 2048]",303.0
1229,9472,11,44,2024-03-02T16:13:37.816000+00:00,30.389,41.028,23.382,235.0,257,False,94.799,"[None, 2048, 2048, 2048, 2048, 2048, 2048, 2048, 2048, 2048]","[2048, 2048, 2048, 2048, 2048, 2048, 2048, 2048, 2048, 2048, 2048]","[2048, 2048, 2048, 2048, 2048, 2048, 2048]",298.0
1229,9472,55,44,2024-03-02T16:13:41.129000+00:00,30.35,40.971,23.186,237.0,255,False,94.507,"[None, 2048, 2048, 2048, 2048, 2048, 2048, 2048, 2048, 2048]","[2049, 2049, 2048, 2049, 2048, 2048, 2048, 2048, 2048, 2048, 2048]","[2048, 2048, 2048, 2048, 2048, 2048, 2048]",301.0
1229,9472,63,44,2024-03-02T16:13:50.330000+00:00,30.573,41.252,23.337,236.0,265,False,95.162,"[None, 2048, 2048, 2048, 2048, 2048, 2048, 2048, 2048, 2048]","[2048, 2048, 2048, 2048, 2048, 2048, 2048, 2048, 2049, 2049, 2048]","[2048, 2048, 2048, 2048, 2048, 2048, 2048]",295.0
1229,9472,16,44,2024-03-02T16:13:51.222000+00:00,30.468,41.124,23.459,234.0,261,False,95.051,"[None, 2048, 2048, 2048, 2048, 2048, 2048, 2048, 2048, 2048]","[2048, 2048, 2048, 2048, 2048, 2048, 2048, 2048, 2048, 2048, 2048]","[2048, 2049, 2048, 2048, 2048, 2048, 2048]",313.0
1229,9472,4,44,2024-03-02T16:13:54.953000+00:00,30.488,41.267,23.591,,257,False,95.346,"[None, 2048, 2048, 2048, 2048, 2048, 2048, 2048, 2048, 2048]","[2048, 2048, 2048, 2048, 2048, 2048, 2048, 2048, 2048, 2048, 2048]","[2048, 2048, 2048, 2048, 2048, 2048, 2048]",304.0
1229,9472,44,44,2024-03-02T16:13:59.266000+00:00,30.494,41.229,23.446,,262,False,95.169,"[None, 2048, 2048, 2048, 2048, 2048, 2048, 2048, 2048, 2048]","[2048, 2048, 2048, 2048, 2048, 2048, 2048, 2048, 2048, 2048, 2048]","[2048, 2048, 2048, 2048, 2048, 2048, 2048]",
1229,9472,81,44,2024-03-02T16:14:03.437000+00:00,30.489,41.161,23.588,,270,False,95.238,"[None, 2048, 2048, 2048, 2048, 2049, 2048, 2048, 2049, 2048]","[2048, 2049, 2048, 2048, 2048, 2048, 2048, 2048, 2048, 2048, 2049]","[2048, 2048, 2048, 2048, 2048, 2048, 2048]",299.0
1229,9472,77,43,2024-03-02T16:14:12.368000+00:00,30.907,41.761,23.901,236.0,258,False,96.569,"[None, 2048, 2048, 2048, 2048, 2048, 2048, 2048, 2048, 2048]","[2048, 2049, 2048, 2048, 2048, 2048, 2048, 2048, 2048, 2048, 2048]","[2048, 2048, 2048, 2048, 2048, 2048, 2048]",298.0
1229,9472,18,44,2024-03-02T16:14:26.942000+00:00,30.788,42.023,23.753,,250,False,96.564,"[None, 2048, 2048, 2048, 2048, 2048, 2048, 2048, 2048, 2048]","[2048, 2048, 2048, 2048, 2048, 2048, 2048, 2048, 2048, 2048, 2048]","[2048, 2048, 2048, 2048, 2048, 2048, 2048]",
1229,9472,24,44,2024-03-02T16:14:32.091000+00:00,31.361,42.115,23.941,,246,False,97.417,"[None, 2048, 2048, 2048, 2048, 2048, 2048, 2048, 2048, 2048]","[2048, 2048, 2048, 2048, 2048, 2048, 2049, 2049, 2048, 2048, 2048]","[2048, 2048, 2048, 2049, 2048, 2048, 2048]",
1229,9472,14,44,2024-03-02T16:14:32.650000+00:00,30.334,41.382,23.265,239.0,248,False,94.981,"[2049, 2048, 2048, 2048, 2048, 2048, 2051, 2051, 2048, 2048]","[2048, 2048, 2048, 2048, 2049, 2048, 2048, 2048, 2049, 2048, 2048]","[2049, 2048, 2048, 2048, 2049, 2048, 2048]",309.0
1229,9472,20,44,2024-03-02T16:14:36.059000+00:00,30.647,41.679,23.923,236.0,260,False,96.249,"[None, 2048, 2048, 2048, 2048, 2048, 2048, 2048, 2048, 2048]","[2048, 2048, 2048, 2049, 2048, 2048, 2048, 2048, 2048, 2048, 2048]","[2048, 2048, 2048, 2048, 2048, 2048, 2048]",304.0
1229,9472,22,44,2024-03-02T16:14:37.932000+00:00,30.776,41.594,23.774,234.0,262,False,96.144,"[None, 2048, 2048, 2048, 2048, 2048, 2048, 2048, 2048, 2048]","[2048, 2049, 2048, 2048, 2048, 2048, 2048, 2048, 2048, 2048, 2048]","[2048, 2048, 2048, 2048, 2048, 2048, 2048]",300.0
1229,9472,3,44,2024-03-02T16:14:41.745000+00:00,30.541,41.29,23.659,238.0,259,False,95.49,"[None, 2048, 2048, 2048, 2048, 2048, 2048, 2048, 2049, 2048]","[2049, 2048, 2048, 2048, 2048, 2048, 2048, 2048, 2048, 2048, 2048]","[2048, 2048, 2048, 2049, 2048, 2048, 2048]",301.0
1229,9472,23,44,2024-03-02T16:14:45.111000+00:00,30.683,41.497,23.603,235.0,258,False,95.783,"[None, 2048, 2048, 2048, 2048, 2048, 2048, 2048, 2048, 2048]","[2049, 2048, 2048, 2048, 2048, 2048, 2048, 2048, 2048, 2048, 2048]","[2048, 2048, 2048, 2048, 2048, 2048, 2048]",296.0
1229,9472,31,44,2024-03-02T16:14:51.684000+00:00,31.094,41.772,23.783,232.0,255,False,96.649,"[None, 2048, 2048, 2048, 2048, 2048, 2048, 2048, 2048, 2048]","[2048, 2048, 2048, 2048, 2048, 2048, 2048, 2048, 2048, 2048, 2048]","[2048, 2048, 2048, 2048, 2048, 2048, 2048]",290.0
1229,9472,1,45,2024-03-02T16:14:56.406000+00:00,30.18,40.825,23.244,,260,False,94.249,"[None, 2048, 2048, 2048, 2048, 2048, 2048, 2048, 2048, 2048]","[2048, 2048, 2048, 2048, 2048, 2048, 2048, 2048, 2048, 2048, 2048]","[2048, 2048, 2049, 2048, 2048, 2048, 2049]",295.0
1229,9472,10,44,2024-03-02T16:14:57.833000+00:00,51.887,41.099,23.495,233.0,254,True,116.481,"[2064, 2064, 2064, 2048, 2048, 2048, 2048, 2048, 2049, 2048]","[2048, 2048, 2049, 2049, 2049, 2048, 2048, 2048, 2048, 2049, 2048]","[2048, 2049, 2049, 2048, 2049, 2049, 2048]",221.0
1229,9472,2,43,2024-03-02T16:14:59.489000+00:00,30.462,41.076,23.463,234.0,259,False,95.001,"[None, 2048, 2048, 2048, 2048, 2048, 2048, 2048, 2048, 2048]","[2048, 2048, 2048, 2048, 2048, 2048, 2048, 2048, 2049, 2048, 2048]","[2049, 2048, 2048, 2048, 2048, 2048, 2048]",297.0
1229,9472,27,44,2024-03-02T16:15:04.002000+00:00,30.232,41.871,23.487,239.0,245,False,95.59,"[None, 2048, 2048, 2048, 2048, 2048, 2048, 2048, 2049, 2049]","[2048, 2048, 2048, 2048, 2048, 2048, 2048, 2048, 2048, 2048, 2048]","[2048, 2048, 2049, 2048, 2049, 2049]",304.0
1229,9472,11,45,2024-03-02T16:15:12.575000+00:00,30.338,40.986,23.268,234.0,263,False,94.592,"[None, 2048, 2048, 2048, 2048, 2048, 2048, 2048, 2049, 2048]","[2048, 2048, 2048, 2048, 2048, 2048, 2048, 2048, 2049, 2049, 2048]","[2048, 2048, 2048, 2048, 2048, 2048, 2048]",
1229,9472,55,45,2024-03-02T16:15:15.714000+00:00,30.398,41.123,23.269,,256,False,94.79,"[None, 2048, 2048, 2048, 2048, 2048, 2048, 2048, 2049, 2048]","[2048, 2048, 2048, 2048, 2048, 2048, 2048, 2048, 2048, 2048, 2049]","[2048, 2048, 2048, 2048, 2048, 2048, 2048]",
1229,9472,63,45,2024-03-02T16:15:25.457000+00:00,30.599,41.328,23.349,,267,False,95.276,"[None, 2048, 2048, 2048, 2048, 2048, 2048, 2048, 2048, 2048]","[2048, 2048, 2048, 2048, 2048, 2048, 2048, 2048, 2048, 2048, 2048]","[2048, 2048, 2048, 2048, 2048, 2048, 2048]",300.0
1229,9472,16,45,2024-03-02T16:15:26.233000+00:00,30.355,41.281,23.584,238.0,264,False,95.22,"[None, 2048, 2048, 2049, 2048, 2048, 2048, 2049, 2048, 2048]","[2048, 2048, 2048, 2049, 2048, 2048, 2049, 2051, 2048, 2048, 2048]","[2048, 2048, 2049, 2048, 2048, 2048, 2048]",318.0
1229,9472,4,45,2024-03-02T16:15:30.301000+00:00,30.468,41.24,23.63,,261,False,95.338,"[None, 2048, 2048, 2048, 2048, 2048, 2048, 2048, 2048, 2048]","[2049, 2048, 2048, 2048, 2048, 2048, 2048, 2048, 2048, 2048, 2048]","[2048, 2048, 2048, 2048, 2048, 2048, 2048]",302.0
1229,9472,44,45,2024-03-02T16:15:34.413000+00:00,30.483,41.299,23.402,236.0,261,False,95.184,"[None, 2048, 2048, 2048, 2048, 2048, 2048, 2048, 2048, 2048]","[2048, 2048, 2048, 2049, 2048, 2048, 2048, 2048, 2048, 2048, 2048]","[2048, 2048, 2048, 2048, 2048, 2048, 2048]",298.0
1229,9472,81,45,2024-03-02T16:15:38.674000+00:00,30.589,41.14,23.577,,271,False,95.306,"[None, 2048, 2048, 2048, 2048, 2048, 2048, 2048, 2048, 2048]","[2048, 2048, 2048, 2049, 2048, 2048, 2048, 2048, 2048, 2048, 2048]","[2048, 2048, 2048, 2048, 2048, 2048, 2048]",300.0
1229,9472,77,44,2024-03-02T16:15:48.962000+00:00,30.844,41.917,23.869,235.0,255,False,96.63,"[None, 2048, 2048, 2048, 2048, 2049, 2048, 2048, 2048, 2049]","[2048, 2048, 2048, 2048, 2048, 2048, 2048, 2048, 2049, 2048, 2048]","[2048, 2048, 2048, 2048, 2048, 2048, 2048]",295.0
1229,9472,18,45,2024-03-02T16:16:03.464000+00:00,30.712,41.834,23.697,,254,False,96.243,"[None, 2048, 2048, 2048, 2048, 2048, 2048, 2048, 2048, 2048]","[2048, 2048, 2048, 2048, 2048, 2048, 2048, 2048, 2048, 2048, 2048]","[2048, 2048, 2048, 2048, 2048, 2048, 2048]",
1229,9472,14,45,2024-03-02T16:16:07.645000+00:00,30.536,41.011,23.325,235.0,246,False,94.872,"[2048, 2048, 2048, 2048, 2048, 2048, 2048, 2048, 2049, 2048]","[2048, 2048, 2048, 2048, 2049, 2048, 2048, 2048, 2049, 2048, 2048]","[2048, 2048, 2048, 2048, 2048, 2048, 2048]",290.0
1229,9472,24,45,2024-03-02T16:16:09.411000+00:00,30.867,41.919,23.894,,254,False,96.68,"[None, 2048, 2048, 2048, 2048, 2048, 2048, 2048, 2048, 2048]","[2048, 2048, 2048, 2048, 2048, 2048, 2048, 2048, 2048, 2048, 2048]","[2048, 2048, 2048, 2048, 2048, 2048, 2048]",302.0
1229,9472,20,45,2024-03-02T16:16:12.365000+00:00,30.692,41.776,23.881,,263,False,96.349,"[None, 2048, 2048, 2048, 2048, 2048, 2048, 2048, 2048, 2048]","[2048, 2048, 2048, 2048, 2048, 2048, 2048, 2048, 2048, 2048, 2049]","[2048, 2048, 2048, 2048, 2048, 2048, 2048]",303.0
1229,9472,22,45,2024-03-02T16:16:14.062000+00:00,30.648,41.47,23.846,235.0,265,False,95.964,"[None, 2048, 2048, 2048, 2048, 2048, 2048, 2048, 2049, 2048]","[2049, 2048, 2048, 2048, 2049, 2048, 2048, 2048, 2048, 2049, 2049]","[2048, 2048, 2048, 2049, 2048, 2048, 2048]",303.0
1229,9472,3,45,2024-03-02T16:16:17.266000+00:00,30.497,41.402,23.671,237.0,256,False,95.57,"[None, 2048, 2048, 2048, 2048, 2048, 2048, 2048, 2048, 2048]","[2048, 2048, 2048, 2048, 2048, 2048, 2048, 2048, 2048, 2048, 2048]","[2048, 2048, 2048, 2049, 2048, 2048, 2048]",303.0
1229,9472,23,45,2024-03-02T16:16:20.966000+00:00,30.607,41.495,23.656,236.0,261,False,95.758,"[None, 2048, 2048, 2048, 2048, 2048, 2048, 2048, 2049, 2048]","[2048, 2049, 2048, 2048, 2048, 2048, 2048, 2048, 2048, 2048, 2048]","[2048, 2048, 2048, 2048, 2048, 2048, 2048]",301.0
1229,9472,31,45,2024-03-02T16:16:28.293000+00:00,31.188,43.027,23.834,,257,False,98.049,"[None, 2048, 2048, 2048, 2048, 2048, 2048, 2048, 2048, 2048]","[2048, 2048, 2048, 2048, 2048, 2048, 2048, 2048, 2048, 2048, 2049]","[2048, 2048, 2049, 2048, 2048, 2048, 2048]",
1229,9472,1,46,2024-03-02T16:16:30.705000+00:00,30.301,40.682,23.21,235.0,264,False,94.193,"[None, 2048, 2049, 2048, 2048, 2048, 2048, 2048, 2048, 2048]","[2048, 2048, 2048, 2048, 2048, 2048, 2049, 2049, 2048, 2048, 2048]","[2048, 2048, 2048, 2048, 2048, 2048, 2048]",297.0
1229,9472,2,44,2024-03-02T16:16:34.406000+00:00,30.599,41.146,23.385,,261,False,95.13,"[None, 2048, 2048, 2048, 2048, 2048, 2048, 2048, 2048, 2048]","[2048, 2048, 2048, 2048, 2048, 2048, 2048, 2048, 2048, 2048, 2048]","[2048, 2049, 2049, 2048, 2048, 2048, 2048]",295.0
1229,9472,27,45,2024-03-02T16:16:39.522000+00:00,30.234,41.321,23.564,238.0,252,False,95.119,"[None, 2048, 2048, 2048, 2048, 2048, 2048, 2048, 2048, 2049]","[2049, 2049, 2048, 2048, 2048, 2049, 2048, 2048, 2048, 2049, 2048]","[2048, 2048, 2048, 2048, 2048, 2048, 2048]",303.0
1229,9472,11,46,2024-03-02T16:16:47.132000+00:00,30.41,41.109,23.325,233.0,262,False,94.844,"[None, 2048, 2048, 2048, 2048, 2048, 2048, 2048, 2049, 2048]","[2048, 2048, 2048, 2048, 2048, 2048, 2048, 2048, 2048, 2048, 2048]","[2048, 2048, 2048, 2048, 2048, 2048, 2048]",297.0
1229,9472,55,46,2024-03-02T16:16:50.393000+00:00,30.466,41.116,23.271,,256,False,94.853,"[None, 2048, 2048, 2048, 2048, 2048, 2048, 2048, 2049, 2048]","[2048, 2048, 2048, 2048, 2048, 2048, 2048, 2048, 2048, 2048, 2048]","[2048, 2048, 2048, 2048, 2048, 2048, 2048]",300.0
1229,9472,10,45,2024-03-02T16:16:54.302000+00:00,30.509,40.913,23.383,237.0,254,False,94.805,"[2048, 2048, 2048, 2048, 2049, 2049, 2048, 2048, 2049, 2049]","[2049, 2049, 2048, 2049, 2049, 2049, 2048, 2048, 2049, 2049, 2048]","[2049, 2049, 2049, 2048, 2049, 2048, 2048]",295.0
1229,9472,63,46,2024-03-02T16:17:00.856000+00:00,30.649,42.244,23.764,,263,False,96.657,"[None, 2048, 2048, 2048, 2048, 2048, 2048, 2048, 2048, 2048]","[2048, 2048, 2048, 2048, None, None, 2048, 2048, 2048, 2048, 2048]","[2048, 2048, 2051, 2051, 2048, 2048, 2048]",302.0
1229,9472,16,46,2024-03-02T16:17:01.499000+00:00,30.238,41.4,23.42,240.0,267,False,95.058,"[None, 2048, 2049, 2048, 2048, 2048, 2049, 2049, 2048, 2049]","[2048, 2048, 2048, 2049, 2048, 2049, 2048, 2048, 2048, 2048, 2048]","[2048, 2048, 2048, 2048, 2048, 2048, 2048]",320.0
1229,9472,4,46,2024-03-02T16:17:05.675000+00:00,30.485,41.244,23.642,,264,False,95.371,"[None, 2048, 2048, 2048, 2048, 2048, 2048, 2048, 2048, 2048]","[2048, 2049, 2048, 2048, 2048, 2048, 2048, 2048, 2048, 2048, 2048]","[2048, 2048, 2049, 2048, 2048, 2048, 2048]",
1229,9472,44,46,2024-03-02T16:17:09.643000+00:00,30.569,41.258,23.458,235.0,264,False,95.285,"[None, 2048, 2048, 2048, 2048, 2048, 2048, 2048, 2048, 2048]","[2048, 2048, 2048, 2048, 2048, 2048, 2048, 2048, 2048, 2048, 2049]","[2048, 2048, 2048, 2048, 2048, 2048, 2048]",300.0
1229,9472,81,46,2024-03-02T16:17:13.949000+00:00,30.594,41.178,23.524,,271,False,95.296,"[None, 2048, 2048, 2048, 2048, 2048, 2048, 2048, 2048, 2048]","[2048, 2048, 2048, 2049, 2048, 2048, 2048, 2048, 2048, 2048, 2051]","[2048, 2048, 2048, 2048, 2048, 2048, 2048]",
1229,9472,77,45,2024-03-02T16:17:25.625000+00:00,30.916,41.985,23.762,234.0,257,False,96.663,"[None, 2048, 2048, 2048, 2048, 2048, 2048, 2048, 2048, 2048]","[2048, 2048, 2048, 2048, 2048, 2048, 2048, 2048, 2048, 2048, 2049]","[2048, 2048, 2048, 2048, 2049, 2048, 2048]",296.0
1229,9472,18,46,2024-03-02T16:17:39.703000+00:00,30.808,41.882,23.689,,252,False,96.379,"[None, 2048, 2048, 2048, 2048, 2048, 2048, 2048, 2048, 2048]","[2048, 2048, 2048, 2048, 2048, 2048, 2048, 2048, 2048, 2048, 2048]","[2048, 2048, 2048, 2048, 2048, 2048, 2048]",
1229,9472,14,46,2024-03-02T16:17:42.564000+00:00,30.468,41.232,23.426,236.0,256,False,95.126,"[None, 2048, 2048, 2048, 2049, 2048, 2048, 2048, 2048, 2048]","[2048, 2048, 2048, 2048, 2048, 2048, 2048, 2048, 2048, 2049, 2049]","[2048, 2048, 2048, 2048, 2048, 2048, 2048]",302.0
1229,9472,24,46,2024-03-02T16:17:46.133000+00:00,30.966,41.922,23.853,234.0,256,False,96.741,"[None, 2048, 2048, 2048, 2048, 2048, 2048, 2048, 2048, 2048]","[2048, 2048, 2048, 2048, 2048, 2048, 2048, 2048, 2048, 2048, 2048]","[2048, 2048, 2048, 2048, 2048, 2048, 2048]",298.0
1229,9472,20,46,2024-03-02T16:17:48.695000+00:00,30.713,41.779,23.954,234.0,262,False,96.446,"[None, 2048, 2048, 2048, 2048, 2048, 2048, 2048, 2048, 2048]","[2048, 2048, 2048, 2048, 2048, 2048, 2048, 2048, 2048, 2048, 2048]","[2048, 2048, 2048, 2048, 2048, 2048, 2048]",302.0
1229,9472,22,46,2024-03-02T16:17:49.996000+00:00,30.807,41.593,23.787,234.0,264,False,96.187,"[None, 2048, 2048, 2048, 2048, 2048, 2048, 2048, 2048, 2048]","[2048, 2048, 2048, 2048, 2048, 2048, 2048, 2048, 2048, 2048, 2048]","[2048, 2048, 2049, 2049, 2048, 2048, 2048]",302.0
1229,9472,3,46,2024-03-02T16:17:52.732000+00:00,30.443,41.378,23.686,,257,False,95.507,"[None, 2048, 2048, 2048, 2048, 2048, 2048, 2048, 2048, 2048]","[2048, 2049, 2048, 2048, 2048, 2048, 2048, 2048, 2048, 2048, 2048]","[2048, 2048, 2048, 2049, 2048, 2048, 2048]",304.0
1229,9472,23,46,2024-03-02T16:17:56.678000+00:00,30.685,41.635,23.688,,262,False,96.008,"[None, 2048, 2048, 2048, 2048, 2048, 2048, 2048, 2048, 2048]","[2048, 2048, 2048, 2048, 2048, 2048, 2048, 2048, 2048, 2048, 2048]","[2048, 2048, 2048, 2048, 2048, 2048, 2048]",298.0
1229,9472,1,47,2024-03-02T16:18:04.873000+00:00,30.267,40.704,23.268,,263,False,94.239,"[2048, 2048, 2048, 2048, 2048, 2048, 2048, 2048, 2048, 2048]","[2048, 2048, 2048, 2048, 2048, 2048, 2048, 2048, 2048, 2048, 2049]","[2048, 2048, 2048, 2048, 2048, 2048, 2049]",295.0
1229,9472,31,46,2024-03-02T16:18:06.358000+00:00,31.151,42.048,23.776,231.0,257,False,96.975,"[None, 2048, 2048, 2048, 2048, 2048, 2048, 2048, 2048, 2048]","[2048, 2048, 2048, 2048, 2048, 2048, 2048, 2048, 2048, 2048, 2048]","[2048, 2048, 2048, 2048, 2048, 2048, 2048]",294.0
1229,9472,2,45,2024-03-02T16:18:09.515000+00:00,30.587,41.272,23.474,235.0,261,False,95.333,"[None, 2048, 2048, 2048, 2048, 2049, 2048, 2048, 2048, 2048]","[2048, 2048, 2048, 2048, 2048, 2048, 2048, 2048, 2048, 2048, 2048]","[2048, 2048, 2048, 2048, 2049, 2048, 2048]",292.0
1229,9472,27,46,2024-03-02T16:18:14.684000+00:00,30.17,41.145,23.519,,251,False,94.834,"[None, 2048, 2048, 2048, 2048, 2048, 2048, 2048, 2048, 2048]","[2048, 2049, 2048, 2048, 2049, 2048, 2048, 2048, 2049, 2049, 2048]","[2049, 2048, 2049, 2048, 2048, 2048, 2048]",
1229,9472,11,47,2024-03-02T16:18:22.055000+00:00,30.281,41.074,23.375,235.0,262,False,94.73,"[None, 2048, 2048, 2048, 2048, 2049, 2048, 2048, 2048, 2048]","[2048, 2048, 2048, 2048, 2048, 2048, 2048, 2048, 2048, 2048, 2048]","[2048, 2048, 2048, 2048, 2048, 2048, 2048]",299.0
1229,9472,55,47,2024-03-02T16:18:25.312000+00:00,30.455,41.086,23.36,,255,False,94.901,"[None, 2048, 2048, 2048, 2048, 2048, 2048, 2048, 2048, 2048]","[2048, 2048, 2048, 2048, 2048, 2048, 2048, 2048, 2048, 2049, 2048]","[2048, 2048, 2048, 2048, 2048, 2048, 2048]",303.0
1229,9472,10,46,2024-03-02T16:18:29.135000+00:00,30.758,41.137,23.398,234.0,255,False,95.293,"[None, 2048, 2048, 2048, 2048, 2048, 2048, 2048, 2048, 2048]","[2048, 2049, 2048, 2048, 2048, 2049, 2048, 2048, 2048, 2049, 2048]","[2049, 2048, 2049, 2048, 2048, 2048, 2048]",289.0
1229,9472,16,47,2024-03-02T16:18:36.521000+00:00,30.577,41.115,23.365,236.0,262,False,95.057,"[None, 2048, 2048, 2048, 2048, 2048, 2048, 2048, 2049, 2048]","[2049, 2048, 2048, 2048, 2048, 2048, 2048, 2048, 2048, 2048, 2048]","[2049, 2048, 2048, 2048, 2048, 2048, 2048]",301.0
1229,9472,63,47,2024-03-02T16:18:37.350000+00:00,30.525,41.724,23.556,233.0,264,False,95.805,"[None, 2049, 2049, 2048, 2048, 2048, 2049, 2048, 2048, 2048]","[2048, 2048, 2048, 2048, 2048, 2048, 2048, 2048, 2048, 2048, 2048]","[2048, 2048, 2048, 2048, 2048, 2048, 2048]",323.0
1229,9472,4,47,2024-03-02T16:18:41.051000+00:00,30.546,41.341,23.598,,261,False,95.485,"[None, 2048, 2048, 2048, 2048, 2048, 2048, 2048, 2048, 2048]","[2048, 2048, 2048, 2048, 2048, 2048, 2048, 2048, 2048, 2048, 2048]","[2048, 2048, 2048, 2048, 2048, 2048, 2048]",299.0
1229,9472,44,47,2024-03-02T16:18:44.938000+00:00,30.514,41.311,23.401,236.0,262,False,95.226,"[None, 2048, 2048, 2048, 2048, 2048, 2048, 2048, 2048, 2048]","[2048, 2048, 2048, 2048, 2048, 2048, 2048, 2048, 2048, 2048, 2048]","[2048, 2048, 2048, 2048, 2048, 2048, 2048]",296.0
1229,9472,81,47,2024-03-02T16:18:49.248000+00:00,30.504,41.194,23.678,236.0,271,False,95.376,"[None, 2048, 2048, 2048, 2049, 2048, 2048, 2048, 2048, 2048]","[2048, 2048, 2048, 2048, 2048, 2048, 2048, 2048, 2048, 2048, 2051]","[2048, 2048, 2048, 2048, 2048, 2048, 2048]",
1229,9472,77,46,2024-03-02T16:19:02.196000+00:00,30.825,41.72,23.752,237.0,261,False,96.297,"[None, 2048, 2048, 2048, 2048, 2048, 2048, 2048, 2048, 2048]","[2048, 2048, 2048, 2048, 2048, 2048, 2048, 2048, 2048, 2048, 2049]","[2048, 2048, 2048, 2048, 2048, 2048, 2048]",298.0
1229,9472,18,47,2024-03-02T16:19:16.194000+00:00,30.835,41.744,23.719,233.0,250,False,96.298,"[None, 2048, 2048, 2048, 2048, 2048, 2048, 2048, 2048, 2048]","[2049, 2048, 2048, 2049, 2048, 2048, 2048, 2048, 2048, 2048, 2048]","[2048, 2048, 2048, 2048, 2048, 2048, 2048]",
1229,9472,14,47,2024-03-02T16:19:17.628000+00:00,30.596,41.183,23.446,235.0,257,False,95.225,"[None, 2048, 2048, 2048, 2048, 2048, 2048, 2048, 2049, 2048]","[2048, 2048, 2048, 2048, 2048, 2048, 2048, 2048, 2048, 2048, 2048]","[2048, 2048, 2048, 2049, 2048, 2048, 2049]",299.0
1229,9472,24,47,2024-03-02T16:19:22.899000+00:00,30.934,41.792,23.835,236.0,258,False,96.561,"[None, 2048, 2048, 2048, 2048, 2048, 2048, 2048, 2048, 2048]","[2048, 2048, 2048, 2048, 2048, 2048, 2048, 2048, 2048, 2048, 2048]","[2048, 2048, 2048, 2048, 2048, 2048, 2048]",299.0
1229,9472,20,47,2024-03-02T16:19:25.029000+00:00,30.753,41.74,23.961,236.0,263,False,96.454,"[None, 2048, 2048, 2048, 2048, 2048, 2048, 2048, 2048, 2048]","[2048, 2048, 2048, 2048, 2048, 2048, 2048, 2048, 2048, 2048, 2048]","[2048, 2048, 2048, 2048, 2048, 2048, 2048]",303.0
1229,9472,22,47,2024-03-02T16:19:26.137000+00:00,30.794,41.765,23.837,233.0,264,False,96.396,"[None, 2048, 2048, 2048, 2048, 2048, 2048, 2048, 2048, 2048]","[2048, 2048, 2048, 2048, 2048, 2048, 2048, 2048, 2048, 2048, 2048]","[2048, 2048, 2048, 2049, 2048, 2048, 2048]",301.0
1229,9472,3,47,2024-03-02T16:19:28.393000+00:00,30.566,41.534,23.731,,257,False,95.831,"[None, 2048, 2048, 2048, 2048, 2048, 2048, 2048, 2048, 2048]","[2048, 2049, 2048, 2048, 2048, 2048, 2048, 2048, 2048, 2048, 2048]","[2048, 2048, 2049, 2049, 2048, 2048, 2048]",302.0
1229,9472,23,47,2024-03-02T16:19:32.749000+00:00,30.827,41.57,23.629,233.0,266,False,96.026,"[None, 2048, 2048, 2048, 2048, 2048, 2048, 2048, 2048, 2048]","[2048, 2048, 2048, 2048, 2048, 2048, 2048, 2048, 2048, 2048, 2049]","[2048, 2048, 2048, 2048, 2048, 2048, 2048]",300.0
1229,9472,1,48,2024-03-02T16:19:39.113000+00:00,30.245,40.738,23.367,,264,False,94.35,"[None, 2048, 2048, 2048, 2048, 2048, 2048, 2048, 2048, 2048]","[2048, 2048, 2048, 2048, 2048, 2048, 2048, 2048, 2048, 2048, 2049]","[2048, 2048, 2048, 2048, 2048, 2048, 2049]",297.0
1229,9472,31,47,2024-03-02T16:19:43.361000+00:00,31.026,41.861,23.769,234.0,256,False,96.656,"[None, 2048, 2048, 2049, 2048, 2048, 2048, 2048, 2048, 2048]","[2048, 2048, 2048, 2048, 2048, 2048, 2048, 2048, 2048, 2048, 2048]","[2048, 2048, 2048, 2048, 2048, 2048, 2048]",293.0
1229,9472,2,46,2024-03-02T16:19:44.864000+00:00,30.872,41.469,23.598,234.0,260,False,95.939,"[None, 2048, 2048, 2048, 2048, 2048, 2048, 2048, 2048, 2048]","[2048, 2049, 2048, 2048, 2048, 2048, 2048, 2048, 2048, 2051, 2048]","[2048, 2048, 2048, 2048, 2048, 2048, 2049]",286.0
1229,9472,27,47,2024-03-02T16:19:49.689000+00:00,30.362,41.251,23.613,237.0,255,False,95.226,"[None, 2048, 2048, 2048, 2048, 2048, 2048, 2048, 2048, 2048]","[2048, 2049, 2048, 2048, 2049, 2048, 2048, 2048, 2048, 2048, 2048]","[2048, 2048, 2048, 2048, 2048, 2048, 2048]",304.0
1229,9472,11,48,2024-03-02T16:19:56.684000+00:00,30.358,41.147,23.38,234.0,264,False,94.885,"[None, 2048, 2048, 2048, 2048, 2048, 2048, 2048, 2048, 2048]","[2048, 2048, 2048, 2048, 2048, 2048, 2048, 2048, 2048, 2048, 2048]","[2048, 2048, 2048, 2048, 2048, 2048, 2048]",302.0
1229,9472,55,48,2024-03-02T16:20:00.228000+00:00,30.602,41.028,23.351,236.0,258,False,94.981,"[None, 2048, 2048, 2048, 2048, 2048, 2048, 2048, 2048, 2048]","[2048, 2048, 2048, 2048, 2048, 2048, 2048, 2048, 2048, 2048, 2049]","[2048, 2048, 2048, 2048, 2048, 2048, 2048]",
1229,9472,10,47,2024-03-02T16:20:04.338000+00:00,30.735,41.065,23.541,230.0,255,False,95.341,"[None, 2048, 2048, 2048, 2048, 2048, 2048, 2048, 2049, 2048]","[2049, 2049, 2048, 2048, 2048, 2048, 2048, 2048, 2049, 2048, 2048]","[2048, 2048, 2048, 2048, 2048, 2048, 2048]",290.0
1229,9472,16,48,2024-03-02T16:20:11.619000+00:00,30.64,41.183,23.485,,262,False,95.308,"[None, 2048, 2048, 2048, 2048, 2048, 2048, 2048, 2048, 2048]","[2049, 2048, 2048, 2048, 2048, 2048, 2048, 2048, 2048, 2048, 2048]","[2048, 2048, 2048, 2048, 2048, 2048, 2048]",295.0
1229,9472,63,48,2024-03-02T16:20:13.148000+00:00,30.794,41.795,23.47,234.0,251,False,96.059,"[None, 2048, 2048, 2048, 2048, 2048, 2048, 2048, 2048, 2048]","[2048, 2048, 2048, 2048, 2048, 2048, 2048, 2048, 2048, 2048, 2048]","[2048, 2048, 2048, 2048, 2048, 2048, 2048]",305.0
1229,9472,4,48,2024-03-02T16:20:16.464000+00:00,30.638,41.369,23.71,,262,False,95.717,"[None, 2048, 2048, 2048, 2048, 2048, 2048, 2048, 2048, 2048]","[2048, 2048, 2048, 2048, 2048, 2048, 2048, 2048, 2048, 2048, 2048]","[2048, 2048, 2048, 2048, 2048, 2048, 2048]",303.0
1229,9472,44,48,2024-03-02T16:20:20.234000+00:00,30.691,41.926,23.548,,263,False,96.165,"[None, 2048, 2048, 2048, 2048, 2048, 2048, 2048, 2048, 2048]","[2048, 2048, 2048, 2049, 2048, 2048, 2048, 2048, 2048, 2048, 2048]","[2048, 2048, 2048, 2048, 2048, 2048, 2048]",
1229,9472,81,48,2024-03-02T16:20:24.634000+00:00,30.651,41.365,23.686,237.0,272,False,95.702,"[None, 2048, 2048, 2048, 2048, 2048, 2048, 2048, 2048, 2048]","[2048, 2048, 2048, 2048, 2048, 2048, 2048, 2048, 2048, 2048, 2048]","[2048, 2048, 2048, 2048, 2048, 2048, 2048]",299.0
1229,9472,77,47,2024-03-02T16:20:38.514000+00:00,30.873,41.907,23.824,236.0,259,False,96.604,"[None, 2048, 2048, 2048, 2048, 2048, 2048, 2048, 2048, 2048]","[2048, 2048, 2048, 2048, 2048, 2048, 2048, 2048, 2048, 2048, 2049]","[2048, 2048, 2048, 2048, 2048, 2048, 2048]",296.0
1229,9472,18,48,2024-03-02T16:20:52.403000+00:00,31.346,42.156,23.823,,250,False,97.325,"[None, 2048, 2048, 2048, 2048, 2048, 2048, 2048, 2048, 2048]","[2048, 2048, 2048, 2049, 2048, 2048, 2048, 2048, 2048, 2048, 2048]","[2048, 2048, 2049, 2048, 2048, 2048, 2048]",290.0
1229,9472,14,48,2024-03-02T16:20:52.842000+00:00,30.046,40.806,23.347,,262,False,94.199,"[2049, 2049, 2049, 2049, 2048, 2048, 2048, 2048, 2049, 2048]","[2048, 2049, 2048, 2049, 2049, 2048, 2048, 2048, 2049, 2049, 2049]","[2048, 2048, 2048, 2048, 2049, 2048, 2048]",324.0
1229,9472,24,48,2024-03-02T16:20:59.445000+00:00,30.98,41.82,23.854,,259,False,96.654,"[None, 2048, 2048, 2048, 2048, 2048, 2048, 2048, 2048, 2048]","[2048, 2048, 2048, 2048, 2048, 2048, 2048, 2048, 2048, 2048, 2049]","[2048, 2048, 2048, 2048, 2048, 2048, 2048]",
1229,9472,20,48,2024-03-02T16:21:02.034000+00:00,30.865,41.817,23.997,,263,False,96.679,"[None, 2048, 2048, 2048, 2048, 2048, 2048, 2048, 2048, 2048]","[2048, 2048, 2048, 2048, 2048, 2048, 2048, 2048, 2048, 2048, 2048]","[2048, 2048, 2048, 2048, 2048, 2048, 2048]",
1229,9472,22,48,2024-03-02T16:21:02.671000+00:00,30.848,41.679,24.027,235.0,262,False,96.554,"[None, 2048, 2048, 2048, 2048, 2048, 2048, 2048, 2048, 2048]","[2048, 2048, 2048, 2048, 2048, 2048, 2048, 2049, 2048, 2048, 2048]","[2048, 2048, 2048, 2048, 2048, 2048, 2048]",304.0
1229,9472,3,48,2024-03-02T16:21:04.244000+00:00,30.638,41.744,23.854,,260,False,96.236,"[None, 2048, 2048, 2048, 2048, 2048, 2048, 2048, 2048, 2048]","[2048, 2048, 2048, 2049, 2048, 2048, 2048, 2048, 2048, 2048, 2048]","[2048, 2048, 2048, 2048, 2048, 2048, 2049]",304.0
1229,9472,23,48,2024-03-02T16:21:08.670000+00:00,30.823,41.628,23.684,234.0,261,False,96.135,"[None, 2048, 2048, 2048, 2048, 2048, 2048, 2048, 2048, 2048]","[2048, 2048, 2048, 2048, 2048, 2048, 2048, 2048, 2048, 2048, 2048]","[2048, 2048, 2048, 2048, 2048, 2048, 2048]",297.0
1229,9472,1,49,2024-03-02T16:21:13.504000+00:00,30.246,40.804,23.353,,261,False,94.403,"[2049, 2049, 2049, 2048, 2048, 2048, 2048, 2048, 2048, 2048]","[2048, 2048, 2048, 2048, 2048, 2048, 2048, 2048, 2048, 2048, 2048]","[2048, 2048, 2048, 2048, 2048, 2048, 2049]",298.0
1229,9472,31,48,2024-03-02T16:21:19.998000+00:00,31.177,42.045,23.895,,256,False,97.117,"[None, 2048, 2048, 2048, 2048, 2048, 2048, 2048, 2048, 2049]","[2048, 2048, 2048, 2048, 2048, 2048, 2048, 2048, 2048, 2048, 2048]","[2048, 2048, 2048, 2048, 2048, 2048, 2048]",292.0
1229,9472,2,47,2024-03-02T16:21:20.749000+00:00,30.667,42.237,23.825,233.0,260,False,96.729,"[2049, 2048, 2048, 2048, 2048, 2049, 2049, 2048, 2048, 2048]","[2048, 2048, 2048, 2048, 2048, 2048, 2049, 2048, 2048, 2048, 2048]","[2048, 2048, 2048, 2048, 2048, 2048, 2049]",313.0
1229,9472,27,48,2024-03-02T16:21:24.766000+00:00,30.228,41.355,23.563,238.0,255,False,95.146,"[None, 2048, 2048, 2048, 2048, 2048, 2048, 2048, 2048, 2048]","[2048, 2048, 2048, 2048, 2048, 2048, 2048, 2048, 2048, 2049, 2048]","[2048, 2048, 2049, 2049, 2048, 2048, 2048]",306.0
1229,9472,11,49,2024-03-02T16:21:31.559000+00:00,30.4,41.133,23.433,,262,False,94.966,"[None, 2048, 2048, 2048, 2048, 2048, 2048, 2048, 2048, 2048]","[2048, 2048, 2048, 2048, 2048, 2048, 2048, 2048, 2048, 2049, 2048]","[2048, 2048, 2048, 2048, 2048, 2048, 2048]",300.0
1229,9472,55,49,2024-03-02T16:21:35.199000+00:00,30.499,41.58,23.361,237.0,254,False,95.44,"[None, 2048, 2048, 2048, 2048, 2048, 2048, 2048, 2048, 2048]","[2049, 2048, 2048, 2048, 2048, 2048, 2048, 2048, 2048, 2048, 2048]","[2048, 2048, 2048, 2048, 2048, 2048, 2048]",302.0
1229,9472,10,48,2024-03-02T16:21:39.797000+00:00,30.776,41.156,23.479,232.0,255,False,95.411,"[None, 2048, 2048, 2048, 2048, 2048, 2048, 2048, 2048, 2048]","[2048, 2049, 2048, 2048, 2048, 2048, 2048, 2048, 2048, 2048, 2048]","[2048, 2048, 2048, 2048, 2048, 2048, 2048]",
1229,9472,16,49,2024-03-02T16:21:47.040000+00:00,30.689,41.12,23.493,238.0,265,False,95.302,"[None, 2048, 2048, 2048, 2048, 2048, 2048, 2048, 2048, 2048]","[2048, 2048, 2048, 2048, 2048, 2048, 2048, 2048, 2048, 2048, 2048]","[2048, 2048, 2048, 2048, 2048, 2048, 2048]",298.0
1229,9472,63,49,2024-03-02T16:21:49.305000+00:00,30.723,41.727,23.504,236.0,258,False,95.954,"[None, 2048, 2048, 2048, 2048, 2048, 2048, 2048, 2048, 2048]","[2048, 2048, 2048, 2048, 2048, 2048, 2048, 2048, 2048, 2048, 2048]","[2048, 2048, 2048, 2048, 2048, 2048, 2048]",299.0
1229,9472,4,49,2024-03-02T16:21:52.235000+00:00,30.64,41.34,23.694,,263,False,95.674,"[None, 2048, 2048, 2048, 2048, 2048, 2048, 2048, 2048, 2048]","[2048, 2048, 2048, 2048, 2048, 2048, 2048, 2048, 2048, 2048, 2048]","[2048, 2048, 2048, 2048, 2048, 2048, 2048]",302.0
1229,9472,44,49,2024-03-02T16:21:56.388000+00:00,30.616,41.819,23.479,,261,False,95.914,"[None, 2048, 2048, 2048, 2048, 2048, 2048, 2048, 2048, 2048]","[2048, 2048, 2048, 2048, 2048, 2048, 2048, 2048, 2048, 2048, 2048]","[2048, 2048, 2048, 2048, 2048, 2048, 2048]",297.0
1229,9472,81,49,2024-03-02T16:22:00.340000+00:00,30.619,41.313,23.721,238.0,271,False,95.653,"[None, 2048, 2048, 2049, 2048, 2048, 2048, 2048, 2048, 2048]","[2048, 2048, 2048, 2048, 2048, 2048, 2048, 2048, 2048, 2048, 2048]","[2048, 2048, 2048, 2048, 2048, 2048, 2048]",301.0
1229,9472,77,48,2024-03-02T16:22:15.172000+00:00,30.913,41.993,23.859,,256,False,96.765,"[None, 2048, 2048, 2048, 2048, 2048, 2048, 2048, 2048, 2048]","[2048, 2048, 2048, 2048, 2048, 2048, 2048, 2048, 2048, 2048, 2048]","[2048, 2048, 2048, 2048, 2048, 2048, 2048]",297.0
1229,9472,14,49,2024-03-02T16:22:27.126000+00:00,30.4,40.783,23.388,238.0,264,False,94.571,"[2048, 2048, 2048, 2048, 2048, 2048, 2048, 2048, 2049, 2049]","[2049, 2049, 2048, 2049, 2048, 2048, 2048, 2048, 2049, 2048, 2049]","[2048, 2048, 2048, 2048, 2048, 2048, 2048]",291.0
1229,9472,18,49,2024-03-02T16:22:29.797000+00:00,30.92,42.119,23.832,231.0,247,False,96.871,"[None, 2048, 2048, 2048, 2048, 2048, 2048, 2048, 2048, 2048]","[2048, 2048, 2048, 2048, 2048, 2048, 2048, 2048, 2048, 2048, 2048]","[2048, 2048, 2048, 2048, 2048, 2048, 2048]",301.0
1229,9472,24,49,2024-03-02T16:22:36.050000+00:00,30.9,41.995,23.825,237.0,257,False,96.72,"[None, 2048, 2048, 2048, 2048, 2048, 2048, 2048, 2048, 2048]","[2048, 2048, 2048, 2048, 2048, 2048, 2048, 2048, 2048, 2048, 2048]","[2048, 2048, 2048, 2048, 2048, 2048, 2048]",
1229,9472,20,49,2024-03-02T16:22:38.250000+00:00,30.909,41.991,23.942,,264,False,96.842,"[None, 2048, 2048, 2048, 2048, 2048, 2048, 2048, 2048, 2048]","[2048, 2048, 2048, 2048, 2048, 2048, 2048, 2048, 2048, 2048, 2049]","[2048, 2048, 2048, 2048, 2048, 2048, 2048]",307.0
1229,9472,22,49,2024-03-02T16:22:39.236000+00:00,30.67,42.043,23.982,,265,False,96.695,"[None, 2048, 2048, 2048, 2048, 2048, 2049, 2049, 2048, 2048]","[2048, 2049, 2048, 2049, 2048, 2048, 2048, 2048, 2048, 2048, 2048]","[2048, 2048, 2049, 2048, 2048, 2048, 2049]",314.0
1229,9472,3,49,2024-03-02T16:22:40.347000+00:00,30.63,41.795,24.017,,260,False,96.442,"[None, 2048, 2048, 2048, 2048, 2048, 2048, 2048, 2048, 2048]","[2048, 2048, 2048, 2048, 2048, 2048, 2049, 2049, 2048, 2048, 2048]","[2048, 2048, 2049, 2049, 2048, 2048, 2049]",306.0
1229,9472,23,49,2024-03-02T16:22:44.876000+00:00,30.816,42.435,23.851,233.0,260,False,97.102,"[None, 2048, 2048, 2048, 2048, 2048, 2048, 2048, 2048, 2048]","[2048, 2049, 2048, 2048, None, None, 2048, 2048, 2048, 2048, 2048]","[2048, 2048, 2048, 2048, 2048, 2048, 2048]",298.0
1229,9472,1,50,2024-03-02T16:22:47.788000+00:00,30.229,40.928,23.626,236.0,265,False,94.783,"[2048, 2049, 2049, 2048, 2048, 2048, 2048, 2048, 2048, 2048]","[2048, 2048, 2048, 2048, 2048, 2048, 2048, 2048, 2048, 2048, 2049]","[2048, 2048, 2049, 2049, 2048, 2048, 2049]",
1229,9472,31,49,2024-03-02T16:22:57.091000+00:00,31.483,42.304,23.939,235.0,257,False,97.726,"[None, 2048, 2048, 2048, 2048, 2048, 2049, 2049, 2048, 2048]","[2048, 2048, 2048, 2049, 2048, 2048, 2048, 2048, 2048, 2048, 2048]","[2048, 2048, 2048, 2049, 2048, 2048, 2048]",
1229,9472,2,48,2024-03-02T16:22:57.609000+00:00,30.357,41.593,23.738,231.0,257,False,95.688,"[None, 2049, 2049, 2049, 2048, 2048, 2048, 2048, 2048, 2048]","[2048, 2048, 2048, 2048, 2048, 2048, 2048, 2048, 2048, 2048, 2048]","[2048, 2048, 2048, 2048, 2048, 2048, 2048]",325.0
1229,9472,27,49,2024-03-02T16:22:59.921000+00:00,30.323,41.489,23.682,239.0,258,False,95.494,"[None, 2048, 2048, 2048, 2048, 2048, 2048, 2048, 2048, 2048]","[2048, 2048, 2048, 2048, 2048, 2048, 2048, 2048, 2048, 2049, 2048]","[2048, 2048, 2048, 2049, 2048, 2048, 2049]",307.0
1229,9472,11,50,2024-03-02T16:23:06.552000+00:00,30.366,41.337,23.379,236.0,263,False,95.082,"[None, 2048, 2048, 2048, 2048, 2048, 2048, 2048, 2048, 2048]","[2048, 2048, 2048, 2048, 2048, 2048, 2048, 2048, 2048, 2048, 2048]","[2048, 2048, 2048, 2048, 2048, 2048, 2048]",301.0
1229,9472,55,50,2024-03-02T16:23:10.557000+00:00,30.468,41.331,23.343,238.0,256,False,95.142,"[None, 2048, 2048, 2048, 2048, 2048, 2048, 2048, 2048, 2048]","[2049, 2048, 2048, 2048, 2048, 2048, 2048, 2048, 2048, 2048, 2048]","[2048, 2048, 2048, 2048, 2048, 2048, 2048]",303.0
1229,9472,10,49,2024-03-02T16:23:15.213000+00:00,30.71,41.288,23.513,229.0,257,False,95.511,"[None, 2048, 2048, 2048, 2048, 2048, 2048, 2048, 2048, 2048]","[2048, 2048, 2048, 2048, 2048, 2048, 2048, 2048, 2049, 2048, 2049]","[2048, 2049, 2048, 2048, 2048, 2048, 2048]",291.0
1229,9472,16,50,2024-03-02T16:23:22.246000+00:00,30.639,41.285,23.459,,266,False,95.383,"[None, 2048, 2048, 2048, 2048, 2048, 2048, 2048, 2048, 2048]","[2048, 2048, 2048, 2048, 2048, 2048, 2048, 2048, 2048, 2048, 2048]","[2048, 2048, 2048, 2048, 2048, 2048, 2048]",299.0
1229,9472,63,50,2024-03-02T16:23:25.188000+00:00,30.691,41.93,23.56,234.0,260,False,96.181,"[None, 2048, 2048, 2048, 2048, 2048, 2048, 2048, 2048, 2048]","[2048, 2048, 2048, 2048, 2048, 2048, 2048, 2048, 2048, 2048, 2048]","[2048, 2048, 2048, 2048, 2048, 2048, 2048]",300.0
1229,9472,4,50,2024-03-02T16:23:28.003000+00:00,30.563,41.375,23.719,,264,False,95.657,"[None, 2048, 2048, 2048, 2048, 2048, 2048, 2048, 2048, 2048]","[2048, 2048, 2048, 2048, 2048, 2048, 2048, 2048, 2048, 2048, 2048]","[2048, 2048, 2048, 2048, 2048, 2048, 2048]",303.0
1229,9472,44,50,2024-03-02T16:23:32.313000+00:00,30.655,41.454,23.503,,263,False,95.612,"[None, 2048, 2048, 2048, 2048, 2048, 2048, 2048, 2048, 2048]","[2048, 2048, 2048, 2048, 2048, 2048, 2048, 2048, 2048, 2048, 2049]","[2048, 2048, 2048, 2048, 2048, 2048, 2048]",302.0
1229,9472,81,50,2024-03-02T16:23:35.926000+00:00,30.79,41.405,23.789,237.0,272,False,95.984,"[None, 2048, 2048, 2049, 2048, 2048, 2048, 2048, 2048, 2048]","[2048, 2048, 2048, 2048, 2048, 2048, 2048, 2048, 2048, 2048, 2048]","[2048, 2048, 2048, 2048, 2048, 2048, 2048]",
1229,9472,77,49,2024-03-02T16:23:51.943000+00:00,31.028,42.029,23.853,,261,False,96.91,"[None, 2048, 2048, 2048, 2048, 2048, 2048, 2048, 2048, 2048]","[2048, 2048, 2048, 2048, 2048, 2048, 2048, 2048, 2048, 2048, 2048]","[2048, 2048, 2048, 2048, 2048, 2048, 2048]",299.0
1229,9472,14,50,2024-03-02T16:24:01.674000+00:00,30.453,40.794,23.43,236.0,263,False,94.677,"[None, 2048, 2048, 2048, 2048, 2048, 2048, 2048, 2048, 2048]","[2049, 2048, 2048, 2048, 2048, 2048, 2048, 2048, 2049, 2048, 2048]","[2048, 2048, 2048, 2048, 2048, 2048, 2048]",294.0
1229,9472,18,50,2024-03-02T16:24:06.637000+00:00,30.808,41.978,23.755,232.0,253,False,96.541,"[None, 2048, 2048, 2048, 2048, 2048, 2048, 2048, 2048, 2048]","[2048, 2049, 2048, 2048, 2048, 2048, 2048, 2048, 2048, 2048, 2048]","[2048, 2048, 2048, 2048, 2048, 2048, 2048]",300.0
1229,9472,24,50,2024-03-02T16:24:12.795000+00:00,31.035,41.87,23.887,236.0,260,False,96.792,"[None, 2048, 2048, 2048, 2048, 2048, 2048, 2048, 2048, 2048]","[2048, 2048, 2048, 2048, 2048, 2048, 2048, 2048, 2048, 2048, 2048]","[2048, 2048, 2048, 2048, 2048, 2048, 2048]",
1229,9472,20,50,2024-03-02T16:24:15.036000+00:00,30.969,42.041,24.025,234.0,263,False,97.035,"[None, 2048, 2048, 2048, 2048, 2048, 2048, 2048, 2048, 2048]","[2048, 2048, 2048, 2048, 2048, 2048, 2048, 2048, 2048, 2048, 2048]","[2048, 2048, 2048, 2048, 2048, 2048, 2048]",
1229,9472,22,50,2024-03-02T16:24:15.808000+00:00,30.762,42.171,23.894,236.0,261,False,96.827,"[None, 2048, 2048, 2048, 2048, 2048, 2049, 2048, 2048, 2048]","[2048, 2048, 2048, 2048, 2048, 2048, 2049, 2049, 2048, 2048, 2048]","[2048, 2048, 2049, 2049, 2048, 2048, 2049]",320.0
1229,9472,3,50,2024-03-02T16:24:16.835000+00:00,30.398,42.122,24.089,238.0,259,False,96.609,"[2049, 2049, 2049, 2048, 2048, 2048, 2048, 2049, 2048, 2048]","[2048, 2048, 2048, 2048, 2048, 2048, 2049, 2049, 2048, 2048, 2048]","[2048, 2048, 2049, 2049, 2048, 2048, 2049]",321.0
1229,9472,23,50,2024-03-02T16:24:21.942000+00:00,31.683,42.121,23.812,237.0,262,False,97.616,"[None, 2048, 2048, 2048, 2048, 2048, 2048, 2048, 2048, 2048]","[2048, 2048, 2048, 2048, 2048, 2048, 2048, 2048, 2048, 2048, 2048]","[2048, 2048, 2048, 2049, 2048, 2048, 2048]",290.0
1229,9472,1,51,2024-03-02T16:24:22.630000+00:00,30.003,40.834,23.503,,267,False,94.34,"[2049, 2049, 2049, 2048, 2048, 2048, 2048, 2048, 2048, 2048]","[2048, 2048, 2048, 2048, 2048, 2048, 2048, 2048, 2048, 2048, 2049]","[2048, 2048, 2048, 2048, 2048, 2048, 2048]",314.0
1229,9472,2,49,2024-03-02T16:24:33.273000+00:00,30.638,41.303,23.649,234.0,258,False,95.59,"[2048, 2048, 2048, 2048, 2048, 2048, 2048, 2048, 2048, 2048]","[2048, 2048, 2048, 2048, 2048, 2048, 2048, 2048, 2048, 2048, 2048]","[2048, 2048, 2048, 2048, 2048, 2048, 2048]",297.0
1229,9472,31,50,2024-03-02T16:24:34.906000+00:00,31.552,42.293,23.939,232.0,258,False,97.784,"[None, 2048, 2048, 2048, 2048, 2048, 2049, 2048, 2048, 2048]","[2048, 2048, 2048, 2048, 2048, 2048, 2048, 2048, 2048, 2048, 2049]","[2048, 2048, 2048, 2048, 2048, 2048, 2048]",295.0
1229,9472,27,50,2024-03-02T16:24:35.505000+00:00,30.13,41.402,23.635,237.0,260,False,95.167,"[2051, 2051, 2051, 2048, 2048, 2048, 2048, 2048, 2048, 2048]","[2048, 2048, 2048, 2048, 2048, 2048, 2048, 2048, 2048, 2048, 2049]","[2048, 2048, 2048, 2048, 2048, 2048, 2048]",332.0
1229,9472,11,51,2024-03-02T16:24:41.763000+00:00,30.36,41.144,23.436,235.0,265,False,94.94,"[None, 2048, 2048, 2049, 2048, 2048, 2048, 2048, 2048, 2048]","[2048, 2048, 2048, 2048, 2048, 2048, 2048, 2048, 2048, 2048, 2048]","[2048, 2048, 2048, 2048, 2048, 2048, 2048]",304.0
1229,9472,55,51,2024-03-02T16:24:45.766000+00:00,30.502,41.387,23.393,236.0,255,False,95.282,"[None, 2048, 2048, 2048, 2048, 2048, 2048, 2048, 2048, 2048]","[2049, 2048, 2048, 2048, 2048, 2048, 2048, 2048, 2048, 2048, 2048]","[2048, 2048, 2048, 2048, 2048, 2048, 2048]",304.0
1229,9472,10,50,2024-03-02T16:24:50.720000+00:00,30.647,41.016,23.565,231.0,257,False,95.228,"[None, 2048, 2048, 2048, 2048, 2048, 2048, 2048, 2049, 2048]","[2049, 2049, 2048, 2048, 2048, 2049, 2048, 2048, 2048, 2048, 2048]","[2048, 2048, 2048, 2048, 2048, 2048, 2048]",293.0
1229,9472,16,51,2024-03-02T16:24:57.621000+00:00,30.721,41.116,23.581,237.0,267,False,95.418,"[None, 2048, 2048, 2048, 2048, 2048, 2048, 2048, 2048, 2048]","[2048, 2048, 2048, 2048, 2048, 2048, 2048, 2048, 2048, 2048, 2048]","[2048, 2048, 2048, 2048, 2048, 2048, 2048]",
1229,9472,63,51,2024-03-02T16:25:01.400000+00:00,30.639,41.734,23.479,236.0,261,False,95.852,"[None, 2048, 2048, 2048, 2048, 2048, 2048, 2048, 2048, 2048]","[2048, 2048, 2048, 2048, 2048, 2048, 2048, 2048, 2048, 2048, 2048]","[2048, 2048, 2048, 2048, 2048, 2048, 2048]",305.0
1229,9472,4,51,2024-03-02T16:25:03.574000+00:00,30.786,41.516,23.736,,265,False,96.038,"[None, 2048, 2048, 2048, 2048, 2048, 2048, 2048, 2048, 2048]","[2048, 2048, 2048, 2048, 2048, 2048, 2048, 2048, 2048, 2048, 2048]","[2048, 2048, 2049, 2048, 2048, 2048, 2048]",
1229,9472,44,51,2024-03-02T16:25:07.925000+00:00,30.597,41.403,23.532,235.0,264,False,95.532,"[None, 2048, 2048, 2048, 2048, 2048, 2048, 2048, 2048, 2048]","[2048, 2048, 2048, 2048, 2048, 2048, 2048, 2048, 2048, 2048, 2049]","[2048, 2048, 2048, 2048, 2048, 2048, 2048]",298.0
1229,9472,81,51,2024-03-02T16:25:11.951000+00:00,30.74,41.312,23.748,236.0,272,False,95.8,"[None, 2048, 2048, 2048, 2048, 2048, 2048, 2048, 2048, 2048]","[2048, 2048, 2048, 2049, 2048, 2048, 2048, 2048, 2048, 2048, 2048]","[2048, 2048, 2048, 2048, 2048, 2048, 2048]",300.0
1229,9472,77,50,2024-03-02T16:25:28.861000+00:00,31.025,41.997,23.888,234.0,258,False,96.91,"[None, 2048, 2048, 2048, 2048, 2048, 2048, 2048, 2048, 2048]","[2049, 2048, 2048, 2048, 2048, 2048, 2048, 2048, 2048, 2048, 2048]","[2048, 2048, 2048, 2048, 2048, 2048, 2048]",296.0
1229,9472,14,51,2024-03-02T16:25:36.310000+00:00,30.543,40.924,23.449,237.0,264,False,94.916,"[None, 2048, 2048, 2048, 2048, 2048, 2048, 2048, 2048, 2048]","[2049, 2049, 2048, 2048, 2048, 2048, 2048, 2048, 2048, 2048, 2048]","[2048, 2048, 2048, 2048, 2048, 2048, 2048]",
1229,9472,18,51,2024-03-02T16:25:43.121000+00:00,30.882,42.075,23.806,,247,False,96.763,"[None, 2048, 2048, 2048, 2048, 2048, 2048, 2048, 2048, 2048]","[2048, 2048, 2048, 2048, 2048, 2048, 2048, 2048, 2048, 2048, 2048]","[2048, 2048, 2048, 2048, 2048, 2048, 2048]",299.0
1229,9472,24,51,2024-03-02T16:25:49.619000+00:00,31.065,42.026,23.951,,255,False,97.042,"[None, 2048, 2048, 2048, 2048, 2048, 2048, 2048, 2048, 2048]","[2048, 2048, 2048, 2048, 2048, 2048, 2048, 2048, 2048, 2048, 2048]","[2048, 2048, 2048, 2048, 2048, 2048, 2048]",298.0
1229,9472,20,51,2024-03-02T16:25:52.106000+00:00,30.98,42.05,23.899,235.0,261,False,96.929,"[None, 2048, 2048, 2048, 2048, 2048, 2048, 2048, 2048, 2048]","[2048, 2048, 2048, 2048, 2048, 2048, 2048, 2048, 2048, 2048, 2048]","[2048, 2048, 2048, 2048, 2048, 2048, 2048]",306.0
1229,9472,22,51,2024-03-02T16:25:52.708000+00:00,30.949,42.066,24.052,,263,False,97.067,"[2049, 2048, 2048, 2048, 2048, 2048, 2049, 2049, 2048, 2048]","[2048, 2048, 2048, 2048, 2048, 2048, 2048, 2048, 2048, 2048, 2049]","[2048, 2048, 2048, 2048, 2048, 2048, 2048]",323.0
1229,9472,3,51,2024-03-02T16:25:53.407000+00:00,30.775,42.193,24.135,,256,False,97.103,"[None, 2049, 2048, 2048, 2048, 2048, 2048, 2048, 2048, 2048]","[2048, 2048, 2048, 2048, 2048, 2048, 2049, 2048, 2048, 2048, 2048]","[2048, 2048, 2049, 2048, 2048, 2048, 2048]",323.0
1229,9472,1,52,2024-03-02T16:25:57.029000+00:00,30.333,40.919,23.654,235.0,266,False,94.906,"[2048, 2048, 2048, 2048, 2048, 2048, 2048, 2048, 2048, 2048]","[2048, 2048, 2048, 2048, 2048, 2048, 2048, 2048, 2048, 2048, 2049]","[2048, 2048, 2049, 2048, 2048, 2048, 2048]",299.0
1229,9472,23,51,2024-03-02T16:25:59.611000+00:00,30.773,42.878,23.842,235.0,262,False,97.493,"[None, 2048, 2048, 2048, 2048, 2048, 2048, 2048, 2048, 2048]","[2048, 2048, 2048, 2048, 2048, 2048, 2048, 2048, 2048, 2048, 2048]","[2048, 2048, 2048, 2048, 2048, 2048, 2048]",307.0
1229,9472,2,50,2024-03-02T16:26:08.812000+00:00,30.671,41.368,23.621,,259,False,95.66,"[None, 2048, 2048, 2048, 2048, 2048, 2048, 2048, 2048, 2048]","[2048, 2048, 2048, 2048, 2048, 2048, 2048, 2048, 2049, 2048, 2048]","[2048, 2048, 2048, 2048, 2048, 2048, 2048]",293.0
1229,9472,27,51,2024-03-02T16:26:10.559000+00:00,30.411,41.374,23.744,,260,False,95.529,"[2048, 2048, 2048, 2048, 2048, 2048, 2048, 2048, 2048, 2048]","[2048, 2048, 2048, 2048, 2048, 2048, 2048, 2048, 2048, 2048, 2048]","[2048, 2048, 2048, 2048, 2048, 2048, 2048]",305.0
1229,9472,31,51,2024-03-02T16:26:12.693000+00:00,31.083,42.138,23.87,233.0,257,False,97.091,"[None, 2048, 2048, 2048, 2048, 2048, 2048, 2048, 2048, 2048]","[2048, 2048, 2048, 2048, 2048, 2048, 2048, 2048, 2048, 2048, 2048]","[2048, 2048, 2048, 2048, 2048, 2048, 2048]",
1229,9472,11,52,2024-03-02T16:26:16.533000+00:00,30.577,41.129,23.477,234.0,266,False,95.183,"[None, 2048, 2048, 2048, 2048, 2048, 2048, 2048, 2048, 2048]","[2048, 2048, 2048, 2048, 2048, 2048, 2048, 2048, 2048, 2049, 2049]","[2048, 2048, 2048, 2048, 2048, 2048, 2048]",299.0
1229,9472,55,52,2024-03-02T16:26:20.950000+00:00,30.522,41.259,23.302,237.0,258,False,95.083,"[None, 2048, 2048, 2048, 2048, 2048, 2048, 2048, 2048, 2048]","[2048, 2048, 2048, 2048, 2048, 2048, 2048, 2048, 2048, 2048, 2049]","[2048, 2048, 2048, 2048, 2048, 2048, 2048]",303.0
1229,9472,10,51,2024-03-02T16:26:25.918000+00:00,30.673,41.111,23.55,233.0,256,False,95.334,"[None, 2048, 2048, 2048, 2048, 2048, 2048, 2048, 2048, 2048]","[2049, 2048, 2048, 2048, 2048, 2048, 2048, 2048, 2048, 2048, 2049]","[2048, 2048, 2048, 2048, 2048, 2048, 2048]",292.0
1229,9472,16,52,2024-03-02T16:26:33.105000+00:00,30.693,41.156,23.545,238.0,265,False,95.394,"[None, 2048, 2048, 2048, 2048, 2048, 2048, 2048, 2048, 2048]","[2048, 2048, 2048, 2048, 2048, 2048, 2048, 2048, 2048, 2048, 2048]","[2048, 2048, 2048, 2048, 2048, 2048, 2048]",298.0
1229,9472,63,52,2024-03-02T16:26:37.299000+00:00,30.678,41.927,23.581,237.0,257,False,96.186,"[None, 2048, 2048, 2048, 2048, 2048, 2048, 2048, 2048, 2048]","[2048, 2048, 2048, 2048, 2048, 2048, 2048, 2048, 2048, 2048, 2048]","[2048, 2048, 2048, 2048, 2048, 2048, 2048]",303.0
1229,9472,4,52,2024-03-02T16:26:39.548000+00:00,30.655,41.461,23.806,238.0,268,False,95.922,"[None, 2048, 2048, 2048, 2048, 2048, 2048, 2048, 2048, 2048]","[2048, 2048, 2048, 2048, 2048, 2048, 2048, 2048, 2048, 2048, 2049]","[2048, 2048, 2048, 2048, 2048, 2048, 2048]",300.0
1229,9472,44,52,2024-03-02T16:26:43.435000+00:00,30.578,41.382,23.519,237.0,267,False,95.479,"[None, 2048, 2048, 2048, 2048, 2048, 2048, 2048, 2048, 2048]","[2048, 2048, 2048, 2048, 2048, 2048, 2048, 2048, 2048, 2048, 2049]","[2048, 2048, 2048, 2048, 2048, 2048, 2048]",299.0
1229,9472,81,52,2024-03-02T16:26:47.817000+00:00,30.765,41.526,23.733,237.0,271,False,96.024,"[None, 2048, 2048, 2048, 2048, 2048, 2048, 2048, 2048, 2048]","[2048, 2048, 2048, 2049, 2048, 2048, 2048, 2048, 2048, 2048, 2048]","[2048, 2048, 2048, 2048, 2048, 2048, 2048]",301.0
1229,9472,77,51,2024-03-02T16:27:05.764000+00:00,31.019,41.936,23.864,236.0,257,False,96.819,"[None, 2048, 2048, 2048, 2048, 2048, 2048, 2048, 2048, 2048]","[2048, 2048, 2048, 2048, 2048, 2048, 2048, 2048, 2048, 2048, 2048]","[2048, 2048, 2048, 2048, 2048, 2048, 2048]",297.0
1229,9472,14,52,2024-03-02T16:27:11.199000+00:00,30.447,40.963,23.452,236.0,264,False,94.862,"[None, 2048, 2048, 2048, 2048, 2048, 2048, 2048, 2048, 2048]","[2048, 2048, 2048, 2048, 2048, 2048, 2048, 2048, 2048, 2048, 2049]","[2048, 2048, 2048, 2048, 2048, 2048, 2048]",295.0
1229,9472,18,52,2024-03-02T16:27:19.882000+00:00,31.144,42.016,23.774,,256,False,96.934,"[None, 2048, 2048, 2048, 2048, 2048, 2048, 2048, 2048, 2048]","[2048, 2048, 2048, 2048, 2048, 2048, 2048, 2048, 2048, 2048, 2048]","[2048, 2048, 2048, 2048, 2048, 2048, 2048]",
1229,9472,24,52,2024-03-02T16:27:26.664000+00:00,31.205,42.19,23.999,235.0,251,False,97.394,"[None, 2048, 2048, 2048, 2048, 2048, 2048, 2048, 2048, 2048]","[2048, 2048, 2048, 2048, 2048, 2048, 2048, 2048, 2048, 2048, 2048]","[2048, 2048, 2048, 2048, 2048, 2048, 2048]",
1229,9472,20,52,2024-03-02T16:27:29.064000+00:00,30.91,41.964,24.056,234.0,265,False,96.93,"[None, 2048, 2048, 2048, 2048, 2048, 2048, 2048, 2048, 2048]","[2048, 2048, 2048, 2048, 2048, 2048, 2048, 2048, 2048, 2048, 2049]","[2048, 2048, 2048, 2048, 2048, 2048, 2048]",305.0
1229,9472,22,52,2024-03-02T16:27:29.740000+00:00,31.511,43.537,23.994,194.0,259,False,99.042,"[2048, 2048, 2048, 2048, 2048, 2048, 2048, 2048, 2048, 2048]","[2048, 2048, 2048, 2048, 2048, 2048, 2049, 2048, 2048, 2048, 2048]","[2048, 2048, 2048, 2048, 2048, 2049, 2049]",324.0
1229,9472,3,52,2024-03-02T16:27:30.618000+00:00,30.569,41.854,25.106,237.0,243,False,97.529,"[None, 2049, 2049, 2048, 2048, 2048, 2048, 2048, 2048, 2048]","[2048, 2048, 2048, 2048, 2048, 2048, 2048, 2048, 2048, 2048, 2048]","[2048, 2048, 2048, 2048, 2048, 2048, 2049]",319.0
1229,9472,1,53,2024-03-02T16:27:31.849000+00:00,30.528,41.382,23.69,237.0,270,False,95.6,"[None, 2048, 2048, 2048, 2048, 2048, 2048, 2048, 2048, 2048]","[2048, 2048, 2048, 2048, 2048, 2048, 2048, 2048, 2048, 2048, 2049]","[2048, 2048, 2048, 2048, 2048, 2048, 2048]",300.0
1229,9472,23,52,2024-03-02T16:27:37.083000+00:00,30.895,41.58,23.743,,266,False,96.218,"[None, 2048, 2048, 2048, 2048, 2048, 2048, 2048, 2048, 2048]","[2049, 2048, 2048, 2048, 2048, 2048, 2048, 2048, 2048, 2048, 2048]","[2048, 2048, 2048, 2048, 2048, 2048, 2048]",299.0
1229,9472,2,51,2024-03-02T16:27:44.498000+00:00,30.781,41.539,23.652,233.0,261,False,95.972,"[None, 2048, 2048, 2048, 2048, 2048, 2048, 2048, 2048, 2048]","[2048, 2048, 2048, 2048, 2048, 2048, 2048, 2048, 2048, 2048, 2048]","[2048, 2048, 2048, 2048, 2048, 2048, 2048]",291.0
1229,9472,27,52,2024-03-02T16:27:46.189000+00:00,30.525,41.612,23.784,235.0,259,False,95.921,"[None, 2048, 2048, 2048, 2048, 2048, 2048, 2048, 2048, 2048]","[2048, 2048, 2048, 2048, 2048, 2048, 2048, 2048, 2048, 2048, 2048]","[2048, 2048, 2048, 2048, 2048, 2048, 2048]",303.0
1229,9472,31,52,2024-03-02T16:27:49.828000+00:00,31.094,42.116,25.421,,257,False,98.631,"[None, 2048, 2048, 2048, 2048, 2048, 2048, 2048, 2048, 2048]","[2048, 2048, 2048, 2048, 2048, 2048, 2048, 2048, 2048, 2048, 2048]","[2048, 2048, 2048, 2048, 2048, 2048, 2049]",292.0
1229,9472,11,53,2024-03-02T16:27:51.749000+00:00,30.638,41.522,23.682,235.0,266,False,95.842,"[None, 2048, 2048, 2048, 2048, 2048, 2048, 2048, 2048, 2048]","[2048, 2048, 2048, 2048, 2048, 2048, 2048, 2048, 2048, 2048, 2048]","[2048, 2048, 2048, 2048, 2048, 2048, 2048]",
1229,9472,55,53,2024-03-02T16:27:56.175000+00:00,30.491,41.288,23.432,,258,False,95.211,"[None, 2048, 2048, 2048, 2048, 2048, 2048, 2048, 2048, 2048]","[2049, 2048, 2048, 2048, 2048, 2048, 2048, 2048, 2048, 2048, 2048]","[2048, 2048, 2048, 2048, 2048, 2048, 2048]",301.0
1229,9472,10,52,2024-03-02T16:28:01.555000+00:00,30.714,41.158,23.639,,256,False,95.511,"[None, 2048, 2048, 2048, 2048, 2048, 2048, 2048, 2048, 2048]","[2048, 2048, 2048, 2048, 2048, 2048, 2048, 2048, 2051, 2049, 2048]","[2048, 2048, 2048, 2048, 2048, 2048, 2048]",291.0
1229,9472,16,53,2024-03-02T16:28:08.474000+00:00,30.777,41.227,23.476,239.0,265,False,95.48,"[None, 2048, 2048, 2048, 2048, 2048, 2048, 2048, 2048, 2048]","[2048, 2048, 2048, 2048, 2048, 2048, 2048, 2048, 2048, 2048, 2048]","[2048, 2048, 2048, 2048, 2048, 2048, 2048]",299.0
1229,9472,63,53,2024-03-02T16:28:13.377000+00:00,30.752,41.74,23.487,,263,False,95.979,"[None, 2048, 2048, 2048, 2048, 2048, 2048, 2048, 2048, 2048]","[2048, 2048, 2048, 2048, 2048, 2048, 2048, 2048, 2048, 2048, 2048]","[2048, 2048, 2048, 2048, 2048, 2048, 2048]",302.0
1229,9472,4,53,2024-03-02T16:28:15.586000+00:00,30.666,41.392,23.724,237.0,268,False,95.782,"[None, 2048, 2048, 2048, 2048, 2048, 2048, 2048, 2048, 2048]","[2048, 2048, 2048, 2048, 2048, 2048, 2048, 2048, 2048, 2048, 2049]","[2048, 2048, 2049, 2049, 2048, 2048, 2048]",303.0
1229,9472,44,53,2024-03-02T16:28:18.918000+00:00,30.643,41.252,23.655,236.0,267,False,95.55,"[None, 2048, 2048, 2048, 2048, 2048, 2048, 2048, 2048, 2048]","[2048, 2048, 2048, 2048, 2048, 2048, 2048, 2048, 2048, 2048, 2049]","[2048, 2048, 2048, 2048, 2048, 2048, 2048]",298.0
1229,9472,81,53,2024-03-02T16:28:23.925000+00:00,30.77,41.299,23.67,236.0,271,False,95.739,"[None, 2048, 2048, 2048, 2048, 2048, 2048, 2048, 2048, 2048]","[2048, 2048, 2048, 2049, 2048, 2048, 2048, 2048, 2048, 2048, 2051]","[2048, 2048, 2048, 2048, 2048, 2048, 2048]",302.0
1229,9472,77,52,2024-03-02T16:28:42.685000+00:00,30.997,41.98,23.972,237.0,259,False,96.949,"[None, 2048, 2048, 2048, 2048, 2048, 2048, 2048, 2048, 2048]","[2048, 2048, 2048, 2048, 2048, 2048, 2048, 2048, 2048, 2048, 2048]","[2048, 2048, 2048, 2048, 2048, 2048, 2048]",298.0
1229,9472,14,53,2024-03-02T16:28:46.072000+00:00,30.498,41.106,23.645,237.0,264,False,95.249,"[None, 2048, 2048, 2048, 2048, 2048, 2048, 2048, 2048, 2048]","[2048, 2048, 2048, 2048, 2048, 2048, 2048, 2048, 2048, 2048, 2049]","[2048, 2048, 2048, 2048, 2048, 2048, 2048]",296.0
1229,9472,18,53,2024-03-02T16:28:56.868000+00:00,30.894,42.017,23.729,231.0,255,False,96.64,"[None, 2048, 2048, 2048, 2048, 2048, 2048, 2048, 2048, 2048]","[2048, 2049, 2048, 2048, 2048, 2048, 2048, 2048, 2048, 2049, 2048]","[2048, 2048, 2049, 2048, 2048, 2048, 2048]",300.0
1229,9472,24,53,2024-03-02T16:29:04.067000+00:00,31.11,42.136,23.895,239.0,261,False,97.141,"[None, 2048, 2048, 2048, 2048, 2048, 2048, 2048, 2048, 2048]","[2048, 2048, 2048, 2048, 2048, 2048, 2048, 2048, 2048, 2048, 2048]","[2048, 2048, 2048, 2048, 2048, 2048, 2048]",301.0
1229,9472,20,53,2024-03-02T16:29:06.010000+00:00,30.951,43.013,23.994,,262,False,97.958,"[None, 2048, 2048, 2048, 2048, 2048, 2048, 2048, 2048, 2048]","[2048, 2048, 2048, 2048, 2048, 2048, 2048, 2048, 2048, 2048, 2048]","[2048, 2048, 2048, 2048, 2048, 2048, 2048]",302.0
1229,9472,1,54,2024-03-02T16:29:07.484000+00:00,30.427,41.227,23.68,236.0,270,False,95.334,"[None, 2048, 2048, 2048, 2048, 2048, 2048, 2048, 2048, 2048]","[2048, 2048, 2048, 2048, 2048, 2048, 2049, 2049, 2048, 2048, 2048]","[2048, 2048, 2048, 2048, 2048, 2048, 2048]",301.0
1229,9472,3,53,2024-03-02T16:29:07.991000+00:00,30.797,41.954,23.994,,263,False,96.745,"[2048, 2048, 2048, 2048, 2048, 2048, 2048, 2048, 2048, 2048]","[2048, 2048, 2048, 2048, 2048, 2048, 2048, 2048, 2048, 2048, 2049]","[2048, 2048, 2049, 2048, 2048, 2048, 2048]",294.0
1229,9472,22,53,2024-03-02T16:29:08.874000+00:00,30.739,42.138,23.961,236.0,263,False,96.838,"[2049, 2049, 2049, 2048, 2048, 2048, 2049, 2048, 2048, 2048]","[2048, 2048, 2048, 2048, 2048, 2048, 2049, 2049, 2048, 2049, 2048]","[2048, 2048, 2049, 2049, 2048, 2048, 2048]",316.0
1229,9472,23,53,2024-03-02T16:29:13.342000+00:00,30.817,41.683,23.808,,265,False,96.308,"[None, 2048, 2048, 2049, 2048, 2048, 2048, 2048, 2048, 2048]","[2048, 2048, 2048, 2048, 2048, 2048, 2048, 2048, 2048, 2048, 2049]","[2048, 2048, 2048, 2048, 2048, 2048, 2048]",301.0
1229,9472,2,52,2024-03-02T16:29:20.677000+00:00,30.775,41.44,23.772,,262,False,95.987,"[None, 2048, 2048, 2048, 2048, 2048, 2048, 2048, 2048, 2048]","[2048, 2048, 2048, 2048, 2048, 2048, 2048, 2048, 2048, 2048, 2048]","[2048, 2048, 2048, 2048, 2048, 2048, 2048]",292.0
1229,9472,27,53,2024-03-02T16:29:22.022000+00:00,30.629,41.595,23.77,236.0,259,False,95.994,"[None, 2048, 2048, 2048, 2048, 2048, 2048, 2048, 2048, 2048]","[2048, 2048, 2048, 2048, 2048, 2048, 2048, 2048, 2048, 2048, 2048]","[2048, 2048, 2048, 2048, 2048, 2048, 2048]",306.0
1229,9472,11,54,2024-03-02T16:29:27.599000+00:00,30.578,41.382,23.499,234.0,265,False,95.459,"[None, 2048, 2048, 2048, 2048, 2048, 2048, 2048, 2048, 2048]","[2048, 2048, 2048, 2048, 2048, 2048, 2048, 2048, 2048, 2048, 2048]","[2048, 2048, 2048, 2048, 2048, 2048, 2048]",302.0
1229,9472,31,53,2024-03-02T16:29:28.346000+00:00,31.023,42.181,23.941,235.0,258,False,97.145,"[None, 2048, 2048, 2048, 2048, 2048, 2048, 2049, 2048, 2048]","[2048, 2048, 2048, 2048, 2048, 2048, 2048, 2048, 2048, 2048, 2048]","[2048, 2048, 2049, 2048, 2048, 2048, 2048]",313.0
1229,9472,55,54,2024-03-02T16:29:31.299000+00:00,30.555,41.277,23.477,,257,False,95.309,"[None, 2048, 2048, 2048, 2048, 2048, 2048, 2048, 2048, 2048]","[2048, 2048, 2048, 2048, 2048, 2048, 2048, 2048, 2048, 2048, 2048]","[2048, 2048, 2049, 2048, 2048, 2048, 2048]",306.0
1229,9472,10,53,2024-03-02T16:29:36.773000+00:00,30.6,41.223,23.566,234.0,257,False,95.389,"[None, 2048, 2048, 2048, 2048, 2048, 2048, 2048, 2048, 2048]","[2048, 2048, 2048, 2048, 2048, 2048, 2048, 2048, 2048, 2049, 2049]","[2048, 2048, 2048, 2048, 2048, 2048, 2048]",294.0
1229,9472,16,54,2024-03-02T16:29:43.963000+00:00,30.7,41.077,23.488,238.0,266,False,95.265,"[None, 2048, 2048, 2048, 2048, 2048, 2048, 2048, 2048, 2048]","[2048, 2048, 2048, 2048, 2048, 2048, 2048, 2048, 2048, 2048, 2048]","[2048, 2048, 2048, 2048, 2048, 2048, 2048]",301.0
1229,9472,63,54,2024-03-02T16:29:49.387000+00:00,30.744,41.687,23.582,236.0,261,False,96.013,"[None, 2048, 2048, 2048, 2048, 2048, 2048, 2048, 2048, 2048]","[2048, 2048, 2048, 2048, 2048, 2048, 2048, 2048, 2048, 2048, 2048]","[2048, 2048, 2048, 2048, 2048, 2048, 2048]",
1229,9472,4,54,2024-03-02T16:29:51.390000+00:00,30.672,41.387,23.875,233.0,268,False,95.934,"[None, 2048, 2048, 2048, 2048, 2048, 2048, 2048, 2048, 2048]","[2048, 2048, 2048, 2048, 2048, 2048, 2048, 2048, 2048, 2048, 2048]","[2048, 2048, 2048, 2048, 2048, 2048, 2048]",304.0
1229,9472,44,54,2024-03-02T16:29:54.421000+00:00,30.792,41.706,23.476,,265,False,95.974,"[None, 2048, 2048, 2048, 2048, 2048, 2048, 2048, 2048, 2048]","[2048, 2048, 2048, 2048, 2048, 2048, 2048, 2048, 2048, 2048, 2048]","[2048, 2048, 2048, 2048, 2048, 2048, 2048]",299.0
1229,9472,81,54,2024-03-02T16:29:59.604000+00:00,30.976,41.431,23.7,238.0,271,False,96.107,"[None, 2048, 2048, 2048, 2048, 2048, 2048, 2048, 2048, 2048]","[2048, 2048, 2048, 2048, 2048, 2048, 2048, 2048, 2048, 2048, 2048]","[2048, 2048, 2048, 2048, 2048, 2048, 2048]",298.0
1229,9472,77,53,2024-03-02T16:30:19.418000+00:00,30.979,42.128,25.928,,258,False,99.035,"[None, 2048, 2048, 2048, 2048, 2048, 2048, 2048, 2049, 2048]","[2048, 2048, 2048, 2048, 2048, 2048, 2048, 2048, 2048, 2048, 2048]","[2048, 2048, 2048, 2048, 2048, 2048, 2049]",299.0
1229,9472,14,54,2024-03-02T16:30:21.317000+00:00,30.701,41.444,23.6,,260,False,95.745,"[None, 2048, 2048, 2048, 2048, 2048, 2048, 2048, 2048, 2048]","[2048, 2048, 2048, 2048, 2048, 2048, 2048, 2048, 2048, 2048, 2048]","[2048, 2048, 2048, 2048, 2048, 2048, 2048]",298.0
1229,9472,18,54,2024-03-02T16:30:33.541000+00:00,30.938,41.971,23.784,232.0,256,False,96.693,"[None, 2048, 2048, 2048, 2048, 2048, 2048, 2048, 2048, 2048]","[2048, 2048, 2048, 2049, 2048, 2048, 2048, 2048, 2048, 2048, 2049]","[2048, 2048, 2048, 2048, 2048, 2048, 2048]",299.0
1229,9472,24,54,2024-03-02T16:30:41.267000+00:00,31.253,43.116,24.02,237.0,261,False,98.389,"[None, 2048, 2048, 2048, 2048, 2048, 2048, 2048, 2048, 2048]","[2048, 2048, 2048, 2048, 2048, 2048, 2048, 2048, 2048, 2048, 2048]","[2048, 2048, 2048, 2048, 2048, 2048, 2048]",298.0
1229,9472,1,55,2024-03-02T16:30:42.853000+00:00,30.493,41.22,23.471,,267,False,95.184,"[None, 2048, 2048, 2048, 2048, 2048, 2048, 2048, 2048, 2048]","[2048, 2048, 2048, 2048, 2048, 2048, 2048, 2048, 2048, 2048, 2048]","[2048, 2048, 2048, 2048, 2048, 2048, 2048]",296.0
1229,9472,20,54,2024-03-02T16:30:43.920000+00:00,30.682,42.093,24.115,238.0,262,False,96.89,"[None, 2048, 2048, 2048, 2048, 2048, 2049, 2049, 2048, 2048]","[2048, 2048, 2048, 2049, 2048, 2048, 2048, 2048, 2048, 2048, 2048]","[2048, 2048, 2048, 2048, 2048, 2048, 2048]",327.0
1229,9472,3,54,2024-03-02T16:30:44.871000+00:00,30.374,42.197,24.09,238.0,258,False,96.661,"[2049, 2049, 2049, 2048, 2048, 2048, 2048, 2049, 2048, 2048]","[2048, 2048, 2048, 2048, 2048, 2048, 2048, 2048, 2048, 2048, 2048]","[2048, 2048, 2049, 2049, 2048, 2048, 2048]",320.0
1229,9472,22,54,2024-03-02T16:30:45.648000+00:00,30.741,41.883,24.048,,261,False,96.672,"[2048, 2049, 2049, 2048, 2048, 2048, 2048, 2049, 2048, 2048]","[2048, 2048, 2048, 2048, 2048, 2048, 2049, 2051, 2048, 2048, 2048]","[2048, 2048, 2048, 2048, 2048, 2048, 2048]",319.0
1229,9472,23,54,2024-03-02T16:30:49.550000+00:00,30.799,41.741,23.794,,265,False,96.334,"[None, 2048, 2048, 2048, 2048, 2048, 2048, 2048, 2048, 2048]","[2048, 2048, 2048, 2048, 2048, 2048, 2048, 2048, 2048, 2048, 2048]","[2048, 2048, 2048, 2048, 2048, 2048, 2048]",296.0
1229,9472,2,53,2024-03-02T16:30:56.521000+00:00,30.798,41.61,23.68,232.0,261,False,96.088,"[None, 2048, 2048, 2048, 2048, 2048, 2048, 2048, 2048, 2048]","[2048, 2048, 2048, 2048, 2048, 2048, 2048, 2048, 2048, 2048, 2048]","[2048, 2048, 2048, 2048, 2048, 2048, 2048]",
1229,9472,27,54,2024-03-02T16:30:58.101000+00:00,30.557,41.436,23.793,235.0,263,False,95.786,"[None, 2048, 2048, 2048, 2048, 2048, 2048, 2048, 2048, 2048]","[2048, 2048, 2048, 2048, 2048, 2048, 2048, 2048, 2048, 2048, 2049]","[2048, 2048, 2048, 2048, 2048, 2048, 2048]",305.0
1229,9472,11,55,2024-03-02T16:31:03.063000+00:00,30.683,41.42,23.508,233.0,264,False,95.611,"[None, 2048, 2048, 2048, 2048, 2048, 2048, 2048, 2048, 2048]","[2048, 2048, 2048, 2048, 2048, 2048, 2048, 2048, 2048, 2048, 2048]","[2048, 2048, 2048, 2048, 2048, 2048, 2048]",303.0
1229,9472,31,54,2024-03-02T16:31:05.424000+00:00,32.402,42.373,23.932,234.0,258,False,98.707,"[None, 2048, 2048, 2048, 2048, 2048, 2048, 2048, 2048, 2048]","[2048, 2048, 2048, 2048, 2048, 2048, 2048, 2048, 2048, 2049, 2049]","[2048, 2049, 2049, 2048, 2048, 2048, 2048]",294.0
1229,9472,55,55,2024-03-02T16:31:06.647000+00:00,30.699,41.192,23.516,,263,False,95.407,"[None, 2048, 2048, 2048, 2048, 2048, 2049, 2049, 2048, 2048]","[2048, 2048, 2048, 2049, 2048, 2048, 2048, 2048, 2048, 2049, 2049]","[2048, 2048, 2048, 2048, 2048, 2048, 2048]",
1229,9472,10,54,2024-03-02T16:31:12.065000+00:00,30.833,41.349,23.671,,256,False,95.853,"[None, 2048, 2048, 2048, 2048, 2048, 2048, 2048, 2048, 2048]","[2048, 2048, 2048, 2048, 2048, 2048, 2048, 2048, 2048, 2048, 2049]","[2048, 2048, 2048, 2048, 2048, 2048, 2048]",291.0
1229,9472,16,55,2024-03-02T16:31:19.188000+00:00,30.857,41.308,23.62,237.0,267,False,95.785,"[None, 2048, 2048, 2048, 2048, 2048, 2048, 2048, 2048, 2048]","[2048, 2048, 2048, 2048, 2048, 2048, 2048, 2048, 2048, 2048, 2048]","[2048, 2048, 2048, 2048, 2048, 2048, 2048]",299.0
1229,9472,63,55,2024-03-02T16:31:25.398000+00:00,30.818,41.709,23.624,237.0,263,False,96.151,"[None, 2048, 2048, 2048, 2048, 2048, 2048, 2048, 2048, 2048]","[2048, 2048, 2048, 2048, 2048, 2048, 2048, 2048, 2048, 2048, 2048]","[2048, 2048, 2048, 2048, 2048, 2048, 2048]",303.0
1229,9472,4,55,2024-03-02T16:31:27.363000+00:00,31.035,41.372,23.816,232.0,269,False,96.223,"[None, 2048, 2048, 2048, 2048, 2048, 2048, 2048, 2048, 2048]","[2048, 2048, 2048, 2048, 2048, 2048, 2048, 2048, 2048, 2048, 2048]","[2048, 2048, 2048, 2048, 2048, 2048, 2048]",302.0
1229,9472,44,55,2024-03-02T16:31:30.458000+00:00,30.602,41.487,23.544,238.0,263,False,95.633,"[None, 2048, 2048, 2048, 2048, 2048, 2048, 2048, 2048, 2048]","[2049, 2048, 2048, 2048, 2048, 2048, 2048, 2049, 2048, 2048, 2048]","[2048, 2048, 2048, 2049, 2048, 2048, 2048]",304.0
1229,9472,81,55,2024-03-02T16:31:35.612000+00:00,30.879,41.373,23.721,236.0,271,False,95.973,"[None, 2048, 2048, 2048, 2048, 2048, 2048, 2048, 2048, 2048]","[2048, 2048, 2048, 2048, 2048, 2048, 2048, 2048, 2048, 2048, 2048]","[2048, 2048, 2048, 2048, 2048, 2048, 2048]",300.0
1229,9472,14,55,2024-03-02T16:31:57.067000+00:00,30.478,41.126,23.462,,263,False,95.066,"[None, 2048, 2048, 2048, 2048, 2048, 2048, 2048, 2048, 2048]","[2048, 2049, 2048, 2048, 2048, 2048, 2048, 2048, 2048, 2048, 2048]","[2048, 2048, 2048, 2048, 2048, 2048, 2048]",294.0
1229,9472,77,54,2024-03-02T16:31:58.475000+00:00,30.705,42.292,24.098,,256,False,97.095,"[None, 2048, 2048, 2048, 2048, 2048, 2048, 2048, 2048, 2048]","[2048, 2048, 2048, 2048, 2048, 2048, 2048, 2048, 2048, 2048, 2048]","[2048, 2048, 2048, 2048, 2048, 2048, 2048]",322.0
1229,9472,18,55,2024-03-02T16:32:10.179000+00:00,30.92,41.999,23.761,,255,False,96.68,"[None, 2048, 2048, 2048, 2048, 2048, 2048, 2048, 2048, 2048]","[2048, 2048, 2048, 2048, 2048, 2048, 2048, 2048, 2048, 2049, 2048]","[2048, 2048, 2048, 2048, 2048, 2048, 2048]",300.0
1229,9472,1,56,2024-03-02T16:32:18.038000+00:00,30.256,40.87,23.545,,267,False,94.671,"[None, 2048, 2048, 2048, 2048, 2048, 2048, 2048, 2048, 2048]","[2048, 2048, 2048, 2048, 2048, 2048, 2048, 2048, 2048, 2048, 2048]","[2048, 2048, 2048, 2048, 2048, 2048, 2048]",297.0
1229,9472,24,55,2024-03-02T16:32:19.620000+00:00,31.123,42.185,24.075,239.0,258,False,97.383,"[None, 2048, 2048, 2048, 2048, 2048, 2048, 2048, 2048, 2048]","[2048, 2048, 2048, 2049, 2048, 2048, 2048, 2048, 2048, 2048, 2048]","[2048, 2048, 2048, 2048, 2048, 2048, 2048]",304.0
1229,9472,20,55,2024-03-02T16:32:20.753000+00:00,31.014,42.356,24.087,235.0,264,False,97.457,"[None, 2048, 2048, 2048, 2048, 2048, 2048, 2048, 2048, 2048]","[2048, 2048, 2048, 2048, 2048, 2048, 2048, 2048, 2048, 2048, 2048]","[2048, 2048, 2048, 2049, 2048, 2048, 2048]",310.0
1229,9472,3,55,2024-03-02T16:32:21.506000+00:00,30.713,42.581,24.081,,262,False,97.375,"[2048, 2048, 2048, 2048, 2048, 2048, 2048, 2048, 2048, 2048]","[2048, 2048, 2048, 2049, 2048, 2048, 2049, 2048, 2048, 2048, 2048]","[2048, 2048, 2048, 2048, 2048, 2048, 2048]",326.0
1229,9472,22,55,2024-03-02T16:32:22.344000+00:00,30.81,42.254,24.205,235.0,263,False,97.269,"[None, 2048, 2048, 2048, 2048, 2048, 2048, 2048, 2048, 2048]","[2048, 2048, 2048, 2048, 2048, 2048, 2048, 2048, 2048, 2048, 2048]","[2048, 2048, 2048, 2048, 2048, 2048, 2048]",326.0
1229,9472,23,55,2024-03-02T16:32:25.952000+00:00,30.861,41.91,23.822,237.0,262,False,96.593,"[None, 2048, 2048, 2049, 2048, 2048, 2048, 2048, 2048, 2048]","[2048, 2048, 2048, 2049, 2048, 2048, 2048, 2048, 2048, 2048, 2048]","[2048, 2048, 2048, 2049, 2048, 2048, 2048]",306.0
1229,9472,2,54,2024-03-02T16:32:32.524000+00:00,32.179,43.748,23.687,185.0,261,False,99.614,"[None, 2048, 2048, 2048, 2048, 2048, 2048, 2048, 2048, 2048]","[2048, 2048, 2048, 2048, 2048, 2048, 2048, 2048, 2048, 2048, 2048]","[2048, 2048, 2048, 2048, 2048, 2048, 2048]",
1229,9472,27,55,2024-03-02T16:32:33.937000+00:00,30.629,41.384,23.723,236.0,263,False,95.736,"[None, 2048, 2048, 2048, 2048, 2048, 2048, 2048, 2048, 2048]","[2048, 2048, 2048, 2048, 2048, 2048, 2048, 2048, 2048, 2048, 2049]","[2048, 2048, 2048, 2048, 2048, 2048, 2048]",
1229,9472,11,56,2024-03-02T16:32:38.657000+00:00,30.539,41.406,23.623,235.0,266,False,95.568,"[None, 2048, 2048, 2048, 2048, 2048, 2048, 2048, 2048, 2048]","[2048, 2048, 2048, 2048, 2048, 2048, 2048, 2048, 2048, 2048, 2048]","[2048, 2048, 2048, 2049, 2048, 2048, 2048]",304.0
1229,9472,55,56,2024-03-02T16:32:41.989000+00:00,30.593,41.18,23.532,238.0,265,False,95.305,"[None, 2048, 2048, 2048, 2048, 2048, 2048, 2048, 2048, 2048]","[2048, 2049, 2048, 2049, 2048, 2048, 2048, 2048, 2048, 2049, 2049]","[2048, 2048, 2048, 2048, 2048, 2048, 2048]",301.0
1229,9472,31,55,2024-03-02T16:32:44.165000+00:00,31.146,42.266,23.981,235.0,257,False,97.393,"[None, 2048, 2048, 2048, 2048, 2048, 2048, 2048, 2048, 2048]","[2048, 2048, 2048, 2048, 2048, 2048, 2048, 2048, 2048, 2049, 2048]","[2048, 2048, 2048, 2048, 2048, 2048, 2048]",
1229,9472,10,55,2024-03-02T16:32:47.975000+00:00,30.912,41.329,23.667,,257,False,95.908,"[None, 2048, 2048, 2048, 2048, 2048, 2048, 2048, 2048, 2048]","[2048, 2048, 2048, 2048, 2048, 2048, 2048, 2048, 2048, 2048, 2049]","[2048, 2048, 2048, 2048, 2048, 2048, 2048]",293.0
1229,9472,16,56,2024-03-02T16:32:55.041000+00:00,30.744,41.565,23.615,238.0,266,False,95.924,"[None, 2048, 2048, 2048, 2048, 2048, 2048, 2048, 2048, 2048]","[2048, 2048, 2048, 2048, 2048, 2048, 2048, 2048, 2048, 2048, 2048]","[2048, 2048, 2048, 2048, 2048, 2048, 2048]",
1229,9472,63,56,2024-03-02T16:33:01.473000+00:00,30.808,41.885,23.657,236.0,263,False,96.35,"[None, 2048, 2048, 2048, 2048, 2048, 2048, 2048, 2048, 2048]","[2048, 2048, 2048, 2048, 2048, 2048, 2048, 2048, 2048, 2048, 2048]","[2048, 2048, 2048, 2048, 2048, 2048, 2048]",298.0
1229,9472,4,56,2024-03-02T16:33:03.513000+00:00,30.691,41.471,23.814,233.0,270,False,95.976,"[None, 2048, 2048, 2048, 2048, 2048, 2048, 2048, 2048, 2048]","[2048, 2048, 2048, 2048, 2048, 2048, 2048, 2048, 2048, 2048, 2049]","[2048, 2048, 2049, 2049, 2048, 2048, 2048]",305.0
1229,9472,44,56,2024-03-02T16:33:06.007000+00:00,30.597,41.564,23.545,,267,False,95.706,"[None, 2048, 2048, 2048, 2048, 2048, 2048, 2048, 2048, 2048]","[2048, 2048, 2048, 2048, 2048, 2048, 2048, 2048, 2048, 2048, 2048]","[2048, 2048, 2048, 2048, 2048, 2048, 2048]",
1229,9472,81,56,2024-03-02T16:33:11.663000+00:00,30.82,41.515,23.765,237.0,271,False,96.1,"[None, 2048, 2048, 2048, 2048, 2048, 2048, 2048, 2048, 2048]","[2048, 2048, 2048, 2048, 2048, 2048, 2048, 2048, 2048, 2048, 2051]","[2048, 2048, 2048, 2048, 2048, 2048, 2048]",
1229,9472,14,56,2024-03-02T16:33:32.101000+00:00,30.405,41.122,23.487,238.0,259,False,95.014,"[None, 2048, 2048, 2048, 2048, 2048, 2048, 2048, 2048, 2049]","[2049, 2048, 2048, 2048, 2048, 2048, 2048, 2048, 2048, 2048, 2048]","[2048, 2048, 2048, 2048, 2048, 2048, 2048]",
1229,9472,77,55,2024-03-02T16:33:35.694000+00:00,31.026,42.195,23.984,236.0,260,False,97.205,"[None, 2048, 2048, 2048, 2048, 2048, 2048, 2048, 2048, 2048]","[2048, 2048, 2048, 2048, 2048, 2048, 2048, 2048, 2048, 2048, 2048]","[2048, 2048, 2048, 2049, 2048, 2048, 2048]",303.0
1229,9472,18,56,2024-03-02T16:33:46.830000+00:00,30.87,41.951,23.761,239.0,254,False,96.582,"[None, 2048, 2048, 2048, 2048, 2048, 2048, 2048, 2048, 2048]","[2049, 2048, 2048, 2049, 2048, 2048, 2048, 2048, 2048, 2048, 2048]","[2048, 2048, 2048, 2048, 2048, 2048, 2048]",
1229,9472,1,57,2024-03-02T16:33:52.694000+00:00,30.384,40.91,23.629,,267,False,94.923,"[None, 2048, 2048, 2048, 2048, 2048, 2048, 2048, 2048, 2048]","[2048, 2048, 2048, 2048, 2048, 2048, 2048, 2048, 2048, 2048, 2048]","[2048, 2048, 2048, 2048, 2048, 2048, 2048]",296.0
1229,9472,24,56,2024-03-02T16:33:56.961000+00:00,31.22,42.156,23.957,237.0,258,False,97.333,"[None, 2048, 2048, 2048, 2048, 2048, 2048, 2048, 2048, 2048]","[2049, 2048, 2048, 2048, 2048, 2048, 2048, 2048, 2048, 2048, 2048]","[2048, 2048, 2048, 2048, 2048, 2048, 2048]",302.0
1229,9472,20,56,2024-03-02T16:33:58.264000+00:00,31.04,42.465,24.079,233.0,262,False,97.584,"[None, 2048, 2048, 2048, 2048, 2048, 2048, 2048, 2048, 2048]","[2048, 2048, 2048, 2048, 2048, 2048, 2048, 2048, 2048, 2048, 2048]","[2048, 2048, 2048, 2048, 2048, 2048, 2048]",309.0
1229,9472,3,56,2024-03-02T16:33:58.926000+00:00,30.726,42.755,24.181,240.0,259,False,97.662,"[None, 2048, 2048, 2048, 2048, 2048, 2048, 2048, 2048, 2048]","[2048, 2048, 2048, 2048, 2048, 2048, 2048, 2048, 2048, 2048, 2048]","[2048, 2048, 2048, 2048, 2048, 2048, 2048]",317.0
1229,9472,22,56,2024-03-02T16:33:59.498000+00:00,30.742,42.53,24.201,234.0,262,False,97.473,"[None, 2048, 2048, 2048, 2048, 2048, 2049, 2049, 2048, 2048]","[2048, 2048, 2048, 2048, 2048, 2048, 2048, 2048, 2048, 2048, 2048]","[2048, 2048, 2049, 2049, 2048, 2048, 2048]",324.0
1229,9472,23,56,2024-03-02T16:34:02.560000+00:00,30.875,42.085,23.962,236.0,259,False,96.922,"[None, 2048, 2048, 2048, 2048, 2048, 2048, 2048, 2048, 2048]","[2048, 2048, 2048, 2048, 2048, 2048, 2048, 2048, 2048, 2048, 2048]","[2048, 2048, 2048, 2048, 2048, 2048, 2048]",307.0
1229,9472,27,56,2024-03-02T16:34:09.616000+00:00,30.546,41.304,23.752,239.0,269,False,95.602,"[None, 2048, 2048, 2049, 2048, 2048, 2048, 2048, 2048, 2048]","[2049, 2048, 2048, 2048, 2048, 2048, 2048, 2049, 2048, 2048, 2049]","[2048, 2048, 2048, 2048, 2048, 2048, 2048]",306.0
1229,9472,2,55,2024-03-02T16:34:12.176000+00:00,30.671,41.782,23.756,232.0,260,False,96.209,"[None, 2048, 2048, 2048, 2048, 2048, 2048, 2048, 2048, 2048]","[2048, 2048, 2048, 2048, 2048, 2048, 2048, 2048, 2048, 2048, 2048]","[2048, 2048, 2048, 2048, 2048, 2048, 2048]",296.0
1229,9472,11,57,2024-03-02T16:34:14.334000+00:00,30.521,41.6,23.625,236.0,267,False,95.746,"[None, 2048, 2048, 2048, 2048, 2048, 2048, 2048, 2048, 2048]","[2048, 2048, 2048, 2048, 2048, 2048, 2048, 2048, 2048, 2048, 2048]","[2048, 2048, 2048, 2048, 2048, 2048, 2048]",306.0
1229,9472,55,57,2024-03-02T16:34:17.271000+00:00,30.55,41.125,23.652,239.0,269,False,95.327,"[None, 2048, 2048, 2048, 2048, 2048, 2048, 2048, 2048, 2048]","[2048, 2048, 2048, 2048, 2048, 2048, 2048, 2048, 2048, 2048, 2049]","[2048, 2048, 2048, 2048, 2048, 2048, 2048]",305.0
1229,9472,31,56,2024-03-02T16:34:21.985000+00:00,31.133,42.224,24.058,237.0,257,False,97.415,"[None, 2048, 2048, 2048, 2048, 2048, 2048, 2048, 2048, 2048]","[2048, 2048, 2048, 2048, 2048, 2048, 2048, 2048, 2048, 2048, 2048]","[2048, 2048, 2048, 2048, 2048, 2048, 2048]",
1229,9472,10,56,2024-03-02T16:34:23.875000+00:00,30.888,41.288,23.91,,263,False,96.086,"[None, 2048, 2048, 2048, 2048, 2048, 2048, 2048, 2048, 2048]","[2048, 2048, 2048, 2048, 2048, 2048, 2048, 2048, 2048, 2049, 2049]","[2048, 2048, 2048, 2048, 2048, 2048, 2048]",295.0
1229,9472,16,57,2024-03-02T16:34:30.893000+00:00,30.856,41.655,23.813,,262,False,96.324,"[None, 2048, 2048, 2048, 2048, 2048, 2048, 2048, 2048, 2048]","[2048, 2048, 2048, 2048, 2048, 2048, 2048, 2048, 2048, 2048, 2048]","[2048, 2048, 2048, 2048, 2048, 2048, 2048]",
1229,9472,63,57,2024-03-02T16:34:38.198000+00:00,30.765,42.018,23.657,235.0,261,False,96.44,"[None, 2048, 2048, 2048, 2048, 2048, 2048, 2048, 2048, 2048]","[2048, 2048, 2048, 2048, 2048, 2048, 2048, 2048, 2048, 2048, 2048]","[2048, 2048, 2048, 2048, 2048, 2048, 2048]",300.0
1229,9472,4,57,2024-03-02T16:34:39.417000+00:00,30.771,41.992,23.819,234.0,270,False,96.582,"[None, 2048, 2048, 2048, 2048, 2048, 2048, 2048, 2048, 2048]","[2048, 2048, 2048, 2048, 2048, 2048, 2048, 2048, 2048, 2048, 2049]","[2048, 2048, 2048, 2048, 2048, 2048, 2048]",304.0
1229,9472,44,57,2024-03-02T16:34:41.739000+00:00,30.687,41.847,23.604,236.0,264,False,96.138,"[None, 2048, 2048, 2048, 2048, 2048, 2048, 2048, 2048, 2048]","[2048, 2048, 2048, 2048, 2048, 2048, 2048, 2048, 2048, 2048, 2048]","[2048, 2048, 2048, 2048, 2048, 2048, 2048]",
1229,9472,81,57,2024-03-02T16:34:47.748000+00:00,30.738,41.401,23.781,238.0,271,False,95.92,"[None, 2048, 2048, 2048, 2048, 2048, 2048, 2048, 2048, 2048]","[2048, 2048, 2048, 2048, 2048, 2048, 2048, 2048, 2048, 2048, 2048]","[2048, 2048, 2048, 2048, 2048, 2048, 2048]",303.0
1229,9472,14,57,2024-03-02T16:35:07.138000+00:00,30.59,41.134,23.552,241.0,262,False,95.276,"[None, 2048, 2048, 2048, 2048, 2048, 2048, 2048, 2048, 2048]","[2049, 2048, 2048, 2048, 2048, 2048, 2048, 2048, 2048, 2051, 2048]","[2048, 2048, 2048, 2048, 2048, 2048, 2048]",
1229,9472,77,56,2024-03-02T16:35:12.822000+00:00,31.235,42.521,24.2,237.0,259,False,97.956,"[None, 2048, 2048, 2048, 2048, 2048, 2048, 2048, 2048, 2048]","[2048, 2048, 2048, 2048, 2048, 2048, 2048, 2048, 2048, 2048, 2048]","[2048, 2048, 2048, 2048, 2048, 2048, 2048]",301.0
1229,9472,18,57,2024-03-02T16:35:23.428000+00:00,30.994,42.237,24.104,235.0,253,False,97.335,"[None, 2048, 2048, 2048, 2048, 2048, 2048, 2048, 2048, 2048]","[2048, 2048, 2048, 2048, 2048, 2048, 2048, 2048, 2048, 2048, 2048]","[2048, 2048, 2048, 2048, 2048, 2048, 2048]",
