date,session_key,pit_duration,meeting_key,driver_number,lap_number,lane_duration,stop_duration
2023-06-04T13:05:22.607000+00:00,9102,37.7,1211,4,1,37.7,
2023-06-04T13:10:42.773000+00:00,9102,23.6,1211,77,5,23.6,
2023-06-04T13:14:44.785000+00:00,9102,22.2,1211,27,8,22.2,
2023-06-04T13:16:02.690000+00:00,9102,23.4,1211,24,9,23.4,
2023-06-04T13:16:07.674000+00:00,9102,22.5,1211,21,9,22.5,
2023-06-04T13:17:23.938000+00:00,9102,22.1,1211,22,10,22.1,
2023-06-04T13:17:29.391000+00:00,9102,22.1,1211,20,10,22.1,
2023-06-04T13:21:24.402000+00:00,9102,22.1,1211,31,13,22.1,
2023-06-04T13:22:41.917000+00:00,9102,22.3,1211,18,14,22.3,
2023-06-04T13:23:56.212000+00:00,9102,22.3,1211,55,15,22.3,
2023-06-04T13:25:39.726000+00:00,9102,21.7,1211,16,16,21.7,
2023-06-04T13:25:48.070000+00:00,9102,23.3,1211,23,16,23.3,
2023-06-04T13:26:55.740000+00:00,9102,22.3,1211,81,17,22.3,
2023-06-04T13:27:13.177000+00:00,9102,22.5,1211,2,17,22.5,
2023-06-04T13:29:32.284000+00:00,9102,22.5,1211,14,19,22.5,
2023-06-04T13:29:42.394000+00:00,9102,23.3,1211,10,19,23.3,
2023-06-04T13:34:13.936000+00:00,9102,22.8,1211,4,22,22.8,
2023-06-04T13:36:00.934000+00:00,9102,22.5,1211,44,24,22.5,
2023-06-04T13:36:51.636000+00:00,9102,24.8,1211,20,24,24.8,
2023-06-04T13:37:30.510000+00:00,9102,22.2,1211,63,25,22.2,
2023-06-04T13:38:29.056000+00:00,9102,22.2,1211,1,26,22.2,
2023-06-04T13:39:27.836000+00:00,9102,23.2,1211,27,26,23.2,
2023-06-04T13:40:19.241000+00:00,9102,21.7,1211,11,27,21.7,
2023-06-04T13:49:58.247000+00:00,9102,23.3,1211,18,34,23.3,
2023-06-04T13:50:01.059000+00:00,9102,22.0,1211,22,34,22.0,
2023-06-04T13:51:21.730000+00:00,9102,24.1,1211,31,35,24.1,
2023-06-04T13:52:48.775000+00:00,9102,22.8,1211,24,36,22.8,
2023-06-04T13:53:18.056000+00:00,9102,23.8,1211,2,36,23.8,
2023-06-04T13:54:36.804000+00:00,9102,23.4,1211,23,37,23.4,
2023-06-04T13:55:39.834000+00:00,9102,21.9,1211,21,38,21.9,
2023-06-04T13:56:52.146000+00:00,9102,22.8,1211,81,39,22.8,
2023-06-04T13:56:54.067000+00:00,9102,23.6,1211,10,39,23.6,
2023-06-04T13:57:22.504000+00:00,9102,24.0,1211,77,39,24.0,
2023-06-04T13:59:09.768000+00:00,9102,22.3,1211,55,41,22.3,
2023-06-04T13:59:36.752000+00:00,9102,23.0,1211,16,41,23.0,
2023-06-04T14:01:22.406000+00:00,9102,22.2,1211,20,42,22.2,
2023-06-04T14:02:29.968000+00:00,9102,24.4,1211,27,43,24.4,
2023-06-04T14:03:24.420000+00:00,9102,22.8,1211,14,44,22.8,
2023-06-04T14:04:20.497000+00:00,9102,22.0,1211,63,45,22.0,
2023-06-04T14:10:45.927000+00:00,9102,22.7,1211,44,50,22.7,
2023-06-04T14:11:04.287000+00:00,9102,21.5,1211,11,50,21.5,
2023-06-04T14:12:02.129000+00:00,9102,22.0,1211,4,50,22.0,
2023-06-04T14:13:07.441000+00:00,9102,22.3,1211,1,52,22.3,
2023-06-18T18:04:56.528000+00:00,9110,23.6,1212,22,1,23.6,
2023-06-18T18:17:04.109000+00:00,9110,27.5,1212,10,10,27.5,
2023-06-18T18:18:16.186000+00:00,9110,24.8,1212,27,11,24.8,
2023-06-18T18:18:17.999000+00:00,9110,23.7,1212,18,11,23.7,
2023-06-18T18:18:21.467000+00:00,9110,24.9,1212,21,11,24.9,
2023-06-18T18:19:13.935000+00:00,9110,23.6,1212,1,12,23.6,
2023-06-18T18:19:24.482000+00:00,9110,24.3,1212,44,12,24.3,
2023-06-18T18:19:25.014000+00:00,9110,24.0,1212,14,12,24.0,
2023-06-18T18:19:37.606000+00:00,9110,24.4,1212,31,12,24.4,
2023-06-18T18:19:41.653000+00:00,9110,24.8,1212,81,12,24.8,
2023-06-18T18:19:50.356000+00:00,9110,25.8,1212,4,12,25.8,
2023-06-18T18:19:50.684000+00:00,9110,25.0,1212,23,12,25.0,
2023-06-18T18:19:55.606000+00:00,9110,24.1,1212,24,12,24.1,
2023-06-18T18:21:25.245000+00:00,9110,88.9,1212,63,12,88.9,
2023-06-18T18:42:47.254000+00:00,9110,23.8,1212,18,27,23.8,
2023-06-18T18:48:01.826000+00:00,9110,24.2,1212,27,31,24.2,
2023-06-18T18:49:22.997000+00:00,9110,27.5,1212,24,32,27.5,
2023-06-18T18:50:39.183000+00:00,9110,24.1,1212,10,33,24.1,
2023-06-18T18:51:59.213000+00:00,9110,27.5,1212,22,34,27.5,
2023-06-18T18:53:06.212000+00:00,9110,23.5,1212,4,35,23.5,
2023-06-18T18:53:59.883000+00:00,9110,24.9,1212,20,35,24.9,
2023-06-18T18:54:20.679000+00:00,9110,23.6,1212,31,36,23.6,
2023-06-18T18:54:23.367000+00:00,9110,24.0,1212,77,36,24.0,
2023-06-18T18:55:29.865000+00:00,9110,23.2,1212,11,37,23.2,
2023-06-18T18:55:45.818000+00:00,9110,23.4,1212,81,37,23.4,
2023-06-18T18:56:41.458000+00:00,9110,24.1,1212,55,38,24.1,
2023-06-18T18:57:57.238000+00:00,9110,24.3,1212,16,39,24.3,
2023-06-18T18:59:10.596000+00:00,9110,23.7,1212,44,40,23.7,
2023-06-18T19:00:23.204000+00:00,9110,23.9,1212,14,41,23.9,
2023-06-18T19:01:35+00:00,9110,23.9,1212,1,42,23.9,
2023-06-18T19:13:54.658000+00:00,9110,23.7,1212,21,50,23.7,
2023-06-18T19:17:43.092000+00:00,9110,24.5,1212,20,53,24.5,
2023-06-18T19:35:21.042000+00:00,9110,23.2,1212,11,68,23.2,
2023-07-02T13:04:43.005000+00:00,9118,26.5,1213,20,1,26.5,
2023-07-02T13:05:01.224000+00:00,9118,29.6,1213,22,1,29.6,
2023-07-02T13:06:14.582000+00:00,9118,16.3,1213,1,2,16.3,
2023-07-02T13:06:16.238000+00:00,9118,16.3,1213,16,2,16.3,
2023-07-02T13:06:17.863000+00:00,9118,16.3,1213,55,2,16.3,
2023-07-02T13:06:20.738000+00:00,9118,16.4,1213,44,2,16.4,
2023-07-02T13:06:23.691000+00:00,9118,18.0,1213,4,2,18.0,
2023-07-02T13:06:25.347000+00:00,9118,16.6,1213,14,2,16.6,
2023-07-02T13:06:26.707000+00:00,9118,16.7,1213,27,2,16.7,
2023-07-02T13:06:28.160000+00:00,9118,16.6,1213,18,2,16.6,
2023-07-02T13:06:29.488000+00:00,9118,16.3,1213,10,2,16.3,
2023-07-02T13:06:31.050000+00:00,9118,16.7,1213,23,2,16.7,
2023-07-02T13:06:36.097000+00:00,9118,17.9,1213,63,2,17.9,
2023-07-02T13:06:37.675000+00:00,9118,18.1,1213,31,2,18.1,
2023-07-02T13:06:38.706000+00:00,9118,17.4,1213,11,2,17.4,
2023-07-02T13:06:40.534000+00:00,9118,17.4,1213,24,2,17.4,
2023-07-02T13:06:41.269000+00:00,9118,17.3,1213,81,2,17.3,
2023-07-02T13:06:42.800000+00:00,9118,17.3,1213,2,2,17.3,
2023-07-02T13:06:44.597000+00:00,9118,17.1,1213,77,2,17.1,
2023-07-02T13:06:45.707000+00:00,9118,17.0,1213,21,2,17.0,
2023-07-02T13:06:50.097000+00:00,9118,16.2,1213,22,2,16.2,
2023-07-02T13:06:57.519000+00:00,9118,25.6,1213,20,2,25.6,
2023-07-02T13:14:34.839000+00:00,9118,24.3,1213,24,8,24.3,
2023-07-02T13:18:03.819000+00:00,9118,21.8,1213,27,11,21.8,
2023-07-02T13:19:23.521000+00:00,9118,21.3,1213,21,12,21.3,
2023-07-02T13:21:33.050000+00:00,9118,21.9,1213,44,14,21.9,
2023-07-02T13:21:34.425000+00:00,9118,21.2,1213,4,14,21.2,
2023-07-02T13:21:42.472000+00:00,9118,21.8,1213,10,14,21.8,
2023-07-02T13:21:44.846000+00:00,9118,21.5,1213,23,14,21.5,
2023-07-02T13:21:46.206000+00:00,9118,22.2,1213,63,14,22.2,
2023-07-02T13:21:49.221000+00:00,9118,22.0,1213,31,14,22.0,
2023-07-02T13:21:50.378000+00:00,9118,22.4,1213,81,14,22.4,
2023-07-02T13:21:55.831000+00:00,9118,23.1,1213,2,14,23.1,
2023-07-02T13:23:00.314000+00:00,9118,23.4,1213,16,15,23.4,
2023-07-02T13:23:08.314000+00:00,9118,26.2,1213,55,15,26.2,
2023-07-02T13:23:11.501000+00:00,9118,22.3,1213,14,15,22.3,
2023-07-02T13:23:19.298000+00:00,9118,24.3,1213,18,15,24.3,
2023-07-02T13:30:59.930000+00:00,9118,31.7,1213,77,21,31.7,
2023-07-02T13:32:10.351000+00:00,9118,29.9,1213,81,22,29.9,
2023-07-02T13:33:18.069000+00:00,9118,27.2,1213,22,23,27.2,
2023-07-02T13:33:35.443000+00:00,9118,21.3,1213,1,24,21.3,
2023-07-02T13:35:09.988000+00:00,9118,21.6,1213,11,25,21.6,
2023-07-02T13:46:31.476000+00:00,9118,22.2,1213,20,34,22.2,
2023-07-02T13:48:33.021000+00:00,9118,22.0,1213,18,36,22.0,
2023-07-02T13:50:02.972000+00:00,9118,21.0,1213,21,37,21.0,
2023-07-02T13:51:11.206000+00:00,9118,21.9,1213,24,38,21.9,
2023-07-02T13:53:26.781000+00:00,9118,30.4,1213,31,40,30.4,
2023-07-02T13:53:44.797000+00:00,9118,21.9,1213,77,40,21.9,
2023-07-02T13:54:01.562000+00:00,9118,22.0,1213,4,41,22.0,
2023-07-02T13:54:19.468000+00:00,9118,21.7,1213,63,41,21.7,
2023-07-02T13:54:32.593000+00:00,9118,27.6,1213,23,41,27.6,
2023-07-02T13:54:59.592000+00:00,9118,22.3,1213,81,41,22.3,
2023-07-02T13:55:18.873000+00:00,9118,27.7,1213,44,42,27.7,
2023-07-02T13:57:02.277000+00:00,9118,21.5,1213,2,43,21.5,
2023-07-02T13:57:18.496000+00:00,9118,21.3,1213,22,43,21.3,
2023-07-02T13:57:37.886000+00:00,9118,21.9,1213,14,44,21.9,
2023-07-02T13:57:58.776000+00:00,9118,27.8,1213,10,44,27.8,
2023-07-02T13:58:39.385000+00:00,9118,28.5,1213,55,45,28.5,
2023-07-02T14:00:48.336000+00:00,9118,21.4,1213,16,47,21.4,
2023-07-02T14:02:53.490000+00:00,9118,21.6,1213,1,49,21.6,
2023-07-02T14:04:28.879000+00:00,9118,21.2,1213,11,50,21.2,
2023-07-02T14:09:50.842000+00:00,9118,21.8,1213,18,54,21.8,
2023-07-02T14:26:05.356000+00:00,9118,21.3,1213,1,69,21.3,
2023-07-09T14:14:59.362000+00:00,9126,41.9,1214,27,7,41.9,
2023-07-09T14:25:44.273000+00:00,9126,28.3,1214,22,14,28.3,
2023-07-09T14:31:37.391000+00:00,9126,28.2,1214,16,18,28.2,
2023-07-09T14:41:26.225000+00:00,9126,29.1,1214,24,24,29.1,
2023-07-09T14:44:05.366000+00:00,9126,28.8,1214,55,26,28.8,
2023-07-09T14:46:03.349000+00:00,9126,28.2,1214,21,27,28.2,
2023-07-09T14:47:07.832000+00:00,9126,29.4,1214,63,28,29.4,
2023-07-09T14:47:18.879000+00:00,9126,28.0,1214,11,28,28.0,
2023-07-09T14:48:34.502000+00:00,9126,28.6,1214,81,29,28.6,
2023-07-09T14:49:06.924000+00:00,9126,28.8,1214,2,29,28.8,
2023-07-09T14:51:59.061000+00:00,9126,28.4,1214,10,31,28.4,
2023-07-09T14:52:09.014000+00:00,9126,28.5,1214,18,31,28.5,
2023-07-09T14:53:40.184000+00:00,9126,29.6,1214,23,32,29.6,
2023-07-09T14:53:40.559000+00:00,9126,28.8,1214,16,32,28.8,
2023-07-09T14:54:08.949000+00:00,9126,29.6,1214,77,32,29.6,
2023-07-09T14:54:17.418000+00:00,9126,28.6,1214,22,32,28.6,
2023-07-09T14:54:24.543000+00:00,9126,28.4,1214,21,32,28.4,
2023-07-09T14:54:41.464000+00:00,9126,30.0,1214,27,32,30.0,
2023-07-09T14:54:58.871000+00:00,9126,29.0,1214,1,33,29.0,
2023-07-09T14:55:12.183000+00:00,9126,28.4,1214,4,33,28.4,
2023-07-09T14:55:27.761000+00:00,9126,29.1,1214,44,33,29.1,
2023-07-09T14:55:38.635000+00:00,9126,28.6,1214,14,33,28.6,
2023-07-09T14:56:37.462000+00:00,9126,28.7,1214,24,33,28.7,
2023-07-09T15:03:13.908000+00:00,9126,34.3,1214,24,36,34.3,
2023-07-23T13:15:10.245000+00:00,9133,22.0,1215,23,8,22.0,
2023-07-23T13:16:32.384000+00:00,9133,21.9,1215,18,9,21.9,
2023-07-23T13:16:34.056000+00:00,9133,22.1,1215,77,9,22.1,
2023-07-23T13:16:37.321000+00:00,9133,26.1,1215,22,9,26.1,
2023-07-23T13:18:10.351000+00:00,9133,29.2,1215,24,10,29.2,
2023-07-23T13:22:23.628000+00:00,9133,24.0,1215,2,13,24.0,
2023-07-23T13:23:47.501000+00:00,9133,22.7,1215,20,14,22.7,
2023-07-23T13:24:58.984000+00:00,9133,21.4,1215,55,15,21.4,
2023-07-23T13:26:18.452000+00:00,9133,21.9,1215,44,16,21.9,
2023-07-23T13:26:34.904000+00:00,9133,22.9,1215,27,16,22.9,
2023-07-23T13:27:38.903000+00:00,9133,21.5,1215,4,17,21.5,
2023-07-23T13:27:52.778000+00:00,9133,28.4,1215,16,17,28.4,
2023-07-23T13:29:01.402000+00:00,9133,21.1,1215,81,18,21.1,
2023-07-23T13:29:32.901000+00:00,9133,21.9,1215,3,18,21.9,
2023-07-23T13:32:09.852000+00:00,9133,22.9,1215,14,20,22.9,
2023-07-23T13:35:54.223000+00:00,9133,21.4,1215,1,23,21.4,
2023-07-23T13:37:42.736000+00:00,9133,21.8,1215,11,24,21.8,
2023-07-23T13:43:43.095000+00:00,9133,21.8,1215,63,28,21.8,
2023-07-23T13:45:35.625000+00:00,9133,22.2,1215,3,29,22.2,
2023-07-23T13:48:16.247000+00:00,9133,21.7,1215,23,31,21.7,
2023-07-23T13:52:25.274000+00:00,9133,22.4,1215,18,34,22.4,
2023-07-23T13:52:46.773000+00:00,9133,22.1,1215,2,34,22.1,
2023-07-23T13:58:20.720000+00:00,9133,21.9,1215,27,38,21.9,
2023-07-23T13:58:26.142000+00:00,9133,22.8,1215,24,38,22.8,
2023-07-23T14:01:02.843000+00:00,9133,23.2,1215,77,40,23.2,
2023-07-23T14:02:55.184000+00:00,9133,22.1,1215,20,41,22.1,
2023-07-23T14:03:10.559000+00:00,9133,22.0,1215,81,42,22.0,
2023-07-23T14:03:12.700000+00:00,9133,20.8,1215,11,42,20.8,
2023-07-23T14:04:53.776000+00:00,9133,21.4,1215,16,43,21.4,
2023-07-23T14:05:04.463000+00:00,9133,24.1,1215,14,43,24.1,
2023-07-23T14:05:50.087000+00:00,9133,21.4,1215,4,44,21.4,
2023-07-23T14:06:18.603000+00:00,9133,22.0,1215,55,44,22.0,
2023-07-23T14:06:55.477000+00:00,9133,21.1,1215,22,44,21.1,
2023-07-23T14:09:11.959000+00:00,9133,21.6,1215,63,46,21.6,
2023-07-23T14:13:04.017000+00:00,9133,21.7,1215,44,49,21.7,
2023-07-23T14:15:15.906000+00:00,9133,21.6,1215,1,51,21.6,
2023-07-30T13:13:52.872000+00:00,9141,25.0,1216,4,5,25.0,
2023-07-30T13:13:54.732000+00:00,9141,22.8,1216,3,5,22.8,
2023-07-30T13:13:54.872000+00:00,9141,23.6,1216,20,5,23.6,
2023-07-30T13:15:47.371000+00:00,9141,23.0,1216,31,6,23.0,
2023-07-30T13:15:48.574000+00:00,9141,23.3,1216,77,6,23.3,
2023-07-30T13:17:39.917000+00:00,9141,25.0,1216,23,7,25.0,
2023-07-30T13:17:44.135000+00:00,9141,23.3,1216,55,7,23.3,
2023-07-30T13:17:46.151000+00:00,9141,24.4,1216,24,7,24.4,
2023-07-30T13:19:38.525000+00:00,9141,23.5,1216,2,8,23.5,
2023-07-30T13:21:22.102000+00:00,9141,22.6,1216,22,9,22.6,
2023-07-30T13:23:11.944000+00:00,9141,23.0,1216,14,10,23.0,
2023-07-30T13:26:50.911000+00:00,9141,23.0,1216,44,12,23.0,
2023-07-30T13:27:21.129000+00:00,9141,24.5,1216,27,12,24.5,
2023-07-30T13:28:34.034000+00:00,9141,23.6,1216,11,13,23.6,
2023-07-30T13:28:39.784000+00:00,9141,23.2,1216,16,13,23.2,
2023-07-30T13:30:28.299000+00:00,9141,22.8,1216,1,14,22.8,
2023-07-30T13:37:01.638000+00:00,9141,23.7,1216,4,17,23.7,
2023-07-30T13:42:38.463000+00:00,9141,25.3,1216,18,20,25.3,
2023-07-30T13:46:24.960000+00:00,9141,23.8,1216,63,22,23.8,
2023-07-30T13:46:42.507000+00:00,9141,23.2,1216,3,22,23.2,
2023-07-30T13:48:26.459000+00:00,9141,23.5,1216,23,23,23.5,
2023-07-30T13:48:26.709000+00:00,9141,25.6,1216,10,23,25.6,
2023-07-30T13:50:15.661000+00:00,9141,22.7,1216,22,24,22.7,
2023-07-30T13:50:26.723000+00:00,9141,23.7,1216,77,24,23.7,
2023-07-30T13:50:29.661000+00:00,9141,25.2,1216,27,24,25.2,
2023-07-30T13:50:34.082000+00:00,9141,23.9,1216,2,24,23.9,
2023-07-30T13:52:14.362000+00:00,9141,23.3,1216,31,25,23.3,
2023-07-30T13:52:19.066000+00:00,9141,23.5,1216,20,25,23.5,
2023-07-30T13:52:25.862000+00:00,9141,24.0,1216,24,25,24.0,
2023-07-30T13:55:23.423000+00:00,9141,23.0,1216,44,27,23.0,
2023-07-30T13:57:11.766000+00:00,9141,23.1,1216,16,28,23.1,
2023-07-30T13:58:57.311000+00:00,9141,22.7,1216,11,29,22.7,
2023-07-30T13:59:25.733000+00:00,9141,23.7,1216,14,29,23.7,
2023-07-30T14:00:39.544000+00:00,9141,23.0,1216,1,30,23.0,
2023-07-30T14:07:30.446000+00:00,9141,23.5,1216,23,33,23.5,
2023-07-30T14:09:33.023000+00:00,9141,23.1,1216,2,34,23.1,
2023-07-30T14:23:28.733000+00:00,9141,23.1,1216,44,42,23.1,
2023-08-27T13:05:06.440000+00:00,9149,22.6,1217,11,1,22.6,
2023-08-27T13:05:12.596000+00:00,9149,23.0,1217,24,1,23.0,
2023-08-27T13:05:16.565000+00:00,9149,28.4,1217,10,1,28.4,
2023-08-27T13:05:19.518000+00:00,9149,32.6,1217,16,1,32.6,
2023-08-27T13:05:23.252000+00:00,9149,32.3,1217,22,1,32.3,
2023-08-27T13:05:27.440000+00:00,9149,31.3,1217,20,1,31.3,
2023-08-27T13:05:36.987000+00:00,9149,42.6,1217,40,1,42.6,
2023-08-27T13:06:45.985000+00:00,9149,20.3,1217,1,2,20.3,
2023-08-27T13:06:47.579000+00:00,9149,20.6,1217,14,2,20.6,
2023-08-27T13:06:52.766000+00:00,9149,20.9,1217,55,2,20.9,
2023-08-27T13:07:02.688000+00:00,9149,22.5,1217,31,2,22.5,
2023-08-27T13:08:39.468000+00:00,9149,20.1,1217,4,3,20.1,
2023-08-27T13:08:56.514000+00:00,9149,20.2,1217,44,3,20.2,
2023-08-27T13:10:22.356000+00:00,9149,21.2,1217,63,4,21.2,
2023-08-27T13:10:37.481000+00:00,9149,20.0,1217,18,4,20.0,
2023-08-27T13:17:20.068000+00:00,9149,20.1,1217,20,9,20.1,
2023-08-27T13:17:47.286000+00:00,9149,19.9,1217,44,9,19.9,
2023-08-27T13:18:05.598000+00:00,9149,20.2,1217,18,9,20.2,
2023-08-27T13:18:29.723000+00:00,9149,20.2,1217,24,10,20.2,
2023-08-27T13:18:31.192000+00:00,9149,20.1,1217,14,10,20.1,
2023-08-27T13:18:36.504000+00:00,9149,19.5,1217,55,10,19.5,
2023-08-27T13:18:44.129000+00:00,9149,18.9,1217,22,10,18.9,
2023-08-27T13:18:47.066000+00:00,9149,19.7,1217,31,10,19.7,
2023-08-27T13:18:54.488000+00:00,9149,20.3,1217,4,10,20.3,
2023-08-27T13:19:09.253000+00:00,9149,30.8,1217,40,10,30.8,
2023-08-27T13:19:16.410000+00:00,9149,20.1,1217,63,10,20.1,
2023-08-27T13:19:44.190000+00:00,9149,19.2,1217,1,11,19.2,
2023-08-27T13:19:54.034000+00:00,9149,19.5,1217,10,11,19.5,
2023-08-27T13:20:14.346000+00:00,9149,27.2,1217,16,11,27.2,
2023-08-27T13:21:06.845000+00:00,9149,19.4,1217,11,12,19.4,
2023-08-27T13:25:37.934000+00:00,9149,18.9,1217,81,15,18.9,
2023-08-27T13:27:29.916000+00:00,9149,20.1,1217,77,16,20.1,
2023-08-27T13:27:31.229000+00:00,9149,20.4,1217,27,16,20.4,
2023-08-27T13:27:51.057000+00:00,9149,19.6,1217,63,16,19.6,
2023-08-27T13:28:13.650000+00:00,9149,19.6,1217,18,16,19.6,
2023-08-27T13:29:42.539000+00:00,9149,19.6,1217,40,17,19.6,
2023-08-27T13:53:58.873000+00:00,9149,19.9,1217,18,34,19.9,
2023-08-27T13:55:09.153000+00:00,9149,20.5,1217,20,35,20.5,
2023-08-27T13:57:40.728000+00:00,9149,20.4,1217,24,37,20.4,
2023-08-27T14:02:27.004000+00:00,9149,19.3,1217,55,41,19.3,
2023-08-27T14:03:56.940000+00:00,9149,18.8,1217,4,42,18.8,
2023-08-27T14:05:09.704000+00:00,9149,19.0,1217,31,43,19.0,
2023-08-27T14:06:21.547000+00:00,9149,19.6,1217,23,44,19.6,
2023-08-27T14:07:17.874000+00:00,9149,18.7,1217,11,45,18.7,
2023-08-27T14:07:46.827000+00:00,9149,19.3,1217,44,45,19.3,
2023-08-27T14:08:47.607000+00:00,9149,25.4,1217,10,46,25.4,
2023-08-27T14:09:05.747000+00:00,9149,19.1,1217,81,46,19.1,
2023-08-27T14:09:28.965000+00:00,9149,19.1,1217,40,46,19.1,
2023-08-27T14:10:38.230000+00:00,9149,20.2,1217,77,47,20.2,
2023-08-27T14:11:16.807000+00:00,9149,25.1,1217,14,48,25.1,
2023-08-27T14:11:51.900000+00:00,9149,19.7,1217,27,48,19.7,
2023-08-27T14:12:11.416000+00:00,9149,18.7,1217,1,49,18.7,
2023-08-27T14:26:05.432000+00:00,9149,19.7,1217,77,59,19.7,
2023-08-27T14:26:08.760000+00:00,9149,19.3,1217,40,59,19.3,
2023-08-27T14:26:28.650000+00:00,9149,27.5,1217,11,60,27.5,
2023-08-27T14:26:42.119000+00:00,9149,20.4,1217,10,60,20.4,
2023-08-27T14:26:43.384000+00:00,9149,19.8,1217,55,60,19.8,
2023-08-27T14:26:51.822000+00:00,9149,20.7,1217,44,60,20.7,
2023-08-27T14:26:55.759000+00:00,9149,19.8,1217,4,60,19.8,
2023-08-27T14:26:58.603000+00:00,9149,24.0,1217,63,60,24.0,
2023-08-27T14:27:03.572000+00:00,9149,22.3,1217,81,60,22.3,
2023-08-27T14:27:11.837000+00:00,9149,20.6,1217,22,60,20.6,
2023-08-27T14:27:15.899000+00:00,9149,21.4,1217,24,60,21.4,
2023-08-27T14:27:20.165000+00:00,9149,21.5,1217,18,60,21.5,
2023-08-27T14:27:22.821000+00:00,9149,23.5,1217,27,60,23.5,
2023-08-27T14:27:30.852000+00:00,9149,19.4,1217,1,61,19.4,
2023-08-27T14:27:33.274000+00:00,9149,23.5,1217,20,60,23.5,
2023-08-27T14:27:56.493000+00:00,9149,20.6,1217,14,61,20.6,
2023-08-27T14:28:18.914000+00:00,9149,21.3,1217,23,61,21.3,
2023-08-27T14:28:25.758000+00:00,9149,22.0,1217,31,61,22.0,
2023-08-27T14:30:47.349000+00:00,9149,20.4,1217,1,63,20.4,
2023-08-27T15:12:06.164000+00:00,9149,2461.6,1217,11,63,2461.6,
2023-08-27T15:12:12.539000+00:00,9149,2443.2,1217,4,63,2443.2,
2023-08-27T15:12:18.554000+00:00,9149,2446.2,1217,63,63,2446.2,
2023-08-27T15:12:21.820000+00:00,9149,2443.4,1217,23,63,2443.4,
2023-08-27T15:12:24.242000+00:00,9149,2434.6,1217,81,63,2434.6,
2023-08-27T15:12:25.992000+00:00,9149,2432.2,1217,31,63,2432.2,
2023-08-27T15:12:29.304000+00:00,9149,2414.8,1217,22,63,2414.8,
2023-08-27T15:12:31.914000+00:00,9149,2410.7,1217,18,63,2410.7,
2023-08-27T15:12:33.789000+00:00,9149,2410.7,1217,27,63,2410.7,
2023-08-27T15:12:35.367000+00:00,9149,2405.1,1217,77,63,2405.1,
2023-08-27T15:12:40.054000+00:00,9149,2396.3,1217,40,63,2396.3,
2023-08-27T15:12:43.601000+00:00,9149,2394.7,1217,20,63,2394.7,
2023-08-27T15:14:14.599000+00:00,9149,2483.3,1217,1,64,2483.3,
2023-08-27T15:14:17.943000+00:00,9149,2455.3,1217,14,64,2455.3,
2023-08-27T15:14:22.318000+00:00,9149,35.5,1217,11,64,35.5,
2023-08-27T15:14:23.771000+00:00,9149,2443.1,1217,10,64,2443.1,
2023-08-27T15:14:28.224000+00:00,9149,2443.1,1217,55,64,2443.1,
2023-08-27T15:14:31.490000+00:00,9149,2431.1,1217,44,64,2431.1,
2023-08-27T15:14:33.974000+00:00,9149,44.2,1217,4,64,44.2,
2023-08-27T15:14:39.849000+00:00,9149,39.8,1217,63,64,39.8,
2023-08-27T15:14:42.474000+00:00,9149,39.2,1217,23,64,39.2,
2023-08-27T15:14:45.818000+00:00,9149,38.4,1217,81,64,38.4,
2023-08-27T15:14:47.396000+00:00,9149,37.0,1217,31,64,37.0,
2023-08-27T15:14:49.646000+00:00,9149,34.9,1217,22,64,34.9,
2023-08-27T15:14:51.458000+00:00,9149,33.5,1217,18,64,33.5,
2023-08-27T15:14:53.239000+00:00,9149,32.8,1217,27,64,32.8,
2023-08-27T15:14:55.083000+00:00,9149,32.5,1217,77,64,32.5,
2023-08-27T15:14:59.661000+00:00,9149,31.3,1217,40,64,31.3,
2023-08-27T15:15:02.755000+00:00,9149,30.6,1217,20,64,30.6,
2023-08-27T15:21:14.482000+00:00,9149,22.3,1217,63,67,22.3,
2023-09-03T13:38:35.432000+00:00,9157,27.3,1218,10,10,27.3,
2023-09-03T13:39:58.556000+00:00,9157,24.3,1218,24,11,24.3,
2023-09-03T13:41:37.664000+00:00,9157,24.6,1218,20,12,24.6,
2023-09-03T13:42:51.944000+00:00,9157,24.2,1218,40,13,24.2,
2023-09-03T13:44:22.740000+00:00,9157,24.7,1218,2,14,24.7,
2023-09-03T13:44:23.021000+00:00,9157,26.0,1218,27,14,26.0,
2023-09-03T13:45:38.552000+00:00,9157,24.5,1218,23,15,24.5,
2023-09-03T13:51:17.736000+00:00,9157,25.1,1218,55,19,25.1,
2023-09-03T13:51:20.751000+00:00,9157,24.2,1218,63,19,24.2,
2023-09-03T13:52:38.344000+00:00,9157,24.2,1218,1,20,24.2,
2023-09-03T13:52:44.031000+00:00,9157,23.9,1218,16,20,23.9,
2023-09-03T13:53:16.531000+00:00,9157,25.6,1218,18,20,25.6,
2023-09-03T13:54:11.031000+00:00,9157,23.8,1218,11,21,23.8,
2023-09-03T13:54:28.858000+00:00,9157,24.7,1218,14,21,24.7,
2023-09-03T13:55:50.951000+00:00,9157,23.7,1218,4,22,23.7,
2023-09-03T13:57:18.185000+00:00,9157,24.1,1218,81,23,24.1,
2023-09-03T13:59:09.918000+00:00,9157,24.2,1218,31,24,24.2,
2023-09-03T14:00:31.198000+00:00,9157,24.6,1218,77,25,24.6,
2023-09-03T14:03:10.712000+00:00,9157,24.2,1218,44,27,24.2,
2023-09-03T14:09:34.036000+00:00,9157,24.6,1218,10,31,24.6,
2023-09-03T14:12:20.987000+00:00,9157,24.2,1218,40,33,24.2,
2023-09-03T14:12:25.190000+00:00,9157,25.9,1218,24,33,25.9,
2023-09-03T14:12:41.034000+00:00,9157,24.7,1218,20,33,24.7,
2023-09-03T14:21:17.278000+00:00,9157,24.3,1218,27,39,24.3,
2023-09-03T14:23:53.651000+00:00,9157,31.7,1218,81,41,31.7,
2023-09-17T12:07:52.155000+00:00,9165,30.0,1219,24,2,30.0,
2023-09-17T12:37:46.963000+00:00,9165,63.5,1219,2,19,63.5,
2023-09-17T12:37:49.400000+00:00,9165,29.4,1219,55,20,29.4,
2023-09-17T12:37:59.947000+00:00,9165,29.9,1219,63,20,29.9,
2023-09-17T12:38:01.291000+00:00,9165,29.4,1219,4,20,29.4,
2023-09-17T12:38:02.009000+00:00,9165,32.8,1219,16,20,32.8,
2023-09-17T12:38:06.900000+00:00,9165,32.6,1219,44,20,32.6,
2023-09-17T12:38:11.166000+00:00,9165,30.6,1219,14,20,30.6,
2023-09-17T12:38:13.447000+00:00,9165,29.7,1219,31,20,29.7,
2023-09-17T12:38:22.400000+00:00,9165,31.4,1219,20,20,31.4,
2023-09-17T12:38:26.353000+00:00,9165,31.8,1219,10,20,31.8,
2023-09-17T12:38:27.994000+00:00,9165,29.3,1219,81,20,29.3,
2023-09-17T12:38:28.665000+00:00,9165,32.3,1219,40,20,32.3,
2023-09-17T12:38:29.447000+00:00,9165,35.4,1219,27,20,35.4,
2023-09-17T12:38:30.056000+00:00,9165,30.1,1219,23,20,30.1,
2023-09-17T12:39:01.571000+00:00,9165,30.6,1219,24,20,30.6,
2023-09-17T13:12:23.111000+00:00,9165,28.9,1219,11,39,28.9,
2023-09-17T13:13:51.688000+00:00,9165,29.6,1219,1,40,29.6,
2023-09-17T13:14:18.391000+00:00,9165,30.4,1219,77,40,30.4,
2023-09-17T13:19:21.934000+00:00,9165,29.7,1219,23,43,29.7,
2023-09-17T13:19:37.637000+00:00,9165,33.0,1219,20,43,33.0,
2023-09-17T13:19:49.215000+00:00,9165,31.0,1219,2,43,31.0,
2023-09-17T13:20:52.511000+00:00,9165,30.0,1219,63,44,30.0,
2023-09-17T13:20:58.339000+00:00,9165,33.5,1219,44,44,33.5,
2023-09-17T13:21:52.432000+00:00,9165,52.7,1219,14,44,52.7,
2023-09-24T05:07:12.968000+00:00,9173,27.0,1220,31,1,27.0,
2023-09-24T05:07:15.655000+00:00,9173,41.0,1220,24,1,41.0,
2023-09-24T05:07:19.952000+00:00,9173,50.1,1220,23,1,50.1,
2023-09-24T05:07:54.608000+00:00,9173,55.8,1220,77,1,55.8,
2023-09-24T05:09:29.028000+00:00,9173,32.4,1220,11,2,32.4,
2023-09-24T05:09:44.387000+00:00,9173,32.7,1220,2,2,32.7,
2023-09-24T05:17:08.457000+00:00,9173,43.8,1220,2,5,43.8,
2023-09-24T05:19:22.908000+00:00,9173,53.5,1220,77,6,53.5,
2023-09-24T05:21:42.405000+00:00,9173,23.5,1220,27,8,23.5,
2023-09-24T05:23:20.388000+00:00,9173,22.9,1220,22,9,22.9,
2023-09-24T05:24:59.089000+00:00,9173,23.1,1220,40,10,23.1,
2023-09-24T05:25:09.105000+00:00,9173,24.0,1220,24,10,24.0,
2023-09-24T05:26:35.525000+00:00,9173,24.0,1220,14,11,24.0,
2023-09-24T05:28:47.742000+00:00,9173,23.8,1220,20,12,23.8,
2023-09-24T05:29:04.194000+00:00,9173,41.4,1220,11,12,41.4,
2023-09-24T05:29:49.553000+00:00,9173,24.4,1220,81,13,24.4,
2023-09-24T05:30:50.864000+00:00,9173,52.1,1220,23,13,52.1,
2023-09-24T05:32:01.707000+00:00,9173,23.4,1220,18,14,23.4,
2023-09-24T05:34:56.563000+00:00,9173,24.3,1220,1,16,24.3,
2023-09-24T05:35:14.813000+00:00,9173,24.8,1220,44,16,24.8,
2023-09-24T05:36:44.936000+00:00,9173,23.5,1220,4,17,23.5,
2023-09-24T05:36:47.342000+00:00,9173,23.1,1220,16,17,23.1,
2023-09-24T05:38:27.966000+00:00,9173,23.0,1220,55,18,23.0,
2023-09-24T05:38:45.809000+00:00,9173,24.4,1220,10,18,24.4,
2023-09-24T05:44:03.803000+00:00,9173,23.6,1220,27,21,23.6,
2023-09-24T05:44:51.896000+00:00,9173,35.1,1220,2,21,35.1,
2023-09-24T05:48:30.017000+00:00,9173,24.0,1220,63,24,24.0,
2023-09-24T05:50:32.297000+00:00,9173,24.2,1220,14,25,24.2,
2023-09-24T05:50:44.796000+00:00,9173,23.6,1220,40,25,23.6,
2023-09-24T05:55:32.932000+00:00,9173,23.7,1220,31,28,23.7,
2023-09-24T05:57:30.867000+00:00,9173,24.1,1220,24,29,24.1,
2023-09-24T05:59:05.413000+00:00,9173,23.3,1220,22,30,23.3,
2023-09-24T06:01:03.864000+00:00,9173,23.8,1220,20,31,23.8,
2023-09-24T06:05:01.859000+00:00,9173,22.9,1220,16,34,22.9,
2023-09-24T06:05:07.953000+00:00,9173,23.6,1220,44,34,23.6,
2023-09-24T06:05:29.046000+00:00,9173,24.6,1220,10,34,24.6,
2023-09-24T06:06:35.420000+00:00,9173,23.1,1220,81,35,23.1,
2023-09-24T06:08:07.059000+00:00,9173,23.1,1220,4,36,23.1,
2023-09-24T06:09:30.183000+00:00,9173,23.6,1220,1,37,23.6,
2023-09-24T06:10:47.666000+00:00,9173,23.3,1220,27,37,23.3,
2023-09-24T06:11:39.493000+00:00,9173,23.3,1220,55,38,23.3,
2023-09-24T06:13:16.726000+00:00,9173,2485.9,1220,11,13,2485.9,
2023-09-24T06:15:30.208000+00:00,9173,30.6,1220,11,14,30.6,
2023-10-08T17:06:26.461000+00:00,9221,39.6,1221,63,1,39.6,
2023-10-08T17:10:53.223000+00:00,9221,29.9,1221,77,3,29.9,
2023-10-08T17:10:56.083000+00:00,9221,28.7,1221,20,3,28.7,
2023-10-08T17:10:56.458000+00:00,9221,28.8,1221,18,3,28.8,
2023-10-08T17:10:57.786000+00:00,9221,29.3,1221,40,3,29.3,
2023-10-08T17:20:57.076000+00:00,9221,27.7,1221,22,9,27.7,
2023-10-08T17:22:22.700000+00:00,9221,28.9,1221,31,10,28.9,
2023-10-08T17:23:48.121000+00:00,9221,28.3,1221,14,11,28.3,
2023-10-08T17:23:54.543000+00:00,9221,28.4,1221,10,11,28.4,
2023-10-08T17:25:14.557000+00:00,9221,28.8,1221,81,12,28.8,
2023-10-08T17:25:18.417000+00:00,9221,28.2,1221,16,12,28.2,
2023-10-08T17:26:49.963000+00:00,9221,28.1,1221,4,13,28.1,
2023-10-08T17:27:05.025000+00:00,9221,29.4,1221,2,13,29.4,
2023-10-08T17:27:12.353000+00:00,9221,39.8,1221,27,13,39.8,
2023-10-08T17:28:26.290000+00:00,9221,28.5,1221,63,14,28.5,
2023-10-08T17:32:34.037000+00:00,9221,28.2,1221,1,17,28.2,
2023-10-08T17:33:00.662000+00:00,9221,27.8,1221,11,17,27.8,
2023-10-08T17:34:28.254000+00:00,9221,29.2,1221,23,18,29.2,
2023-10-08T17:34:36.411000+00:00,9221,28.9,1221,24,18,28.9,
2023-10-08T17:39:12.642000+00:00,9221,29.3,1221,77,21,29.3,
2023-10-08T17:39:13.751000+00:00,9221,28.1,1221,18,21,28.1,
2023-10-08T17:39:21.751000+00:00,9221,28.9,1221,20,21,28.9,
2023-10-08T17:39:23.220000+00:00,9221,28.6,1221,40,21,28.6,
2023-10-08T17:40:53.328000+00:00,9221,27.5,1221,22,22,27.5,
2023-10-08T17:44:55.122000+00:00,9221,27.8,1221,81,25,27.8,
2023-10-08T17:45:09.310000+00:00,9221,27.8,1221,16,25,27.8,
2023-10-08T17:45:11.872000+00:00,9221,28.9,1221,31,25,28.9,
2023-10-08T17:46:30.731000+00:00,9221,28.4,1221,14,26,28.4,
2023-10-08T17:46:43.605000+00:00,9221,30.1,1221,10,26,30.1,
2023-10-08T17:46:57.605000+00:00,9221,29.3,1221,2,26,29.3,
2023-10-08T17:47:58.011000+00:00,9221,27.6,1221,4,27,27.6,
2023-10-08T17:48:27.557000+00:00,9221,28.2,1221,27,27,28.2,
2023-10-08T17:54:08.632000+00:00,9221,33.2,1221,11,31,33.2,
2023-10-08T17:54:12.475000+00:00,9221,28.7,1221,23,31,28.7,
2023-10-08T17:55:21.678000+00:00,9221,28.3,1221,63,32,28.3,
2023-10-08T17:57:52.582000+00:00,9221,28.1,1221,1,34,28.1,
2023-10-08T18:00:11.003000+00:00,9221,28.8,1221,24,35,28.8,
2023-10-08T18:06:12.311000+00:00,9221,28.9,1221,77,39,28.9,
2023-10-08T18:06:14.858000+00:00,9221,29.3,1221,18,39,29.3,
2023-10-08T18:06:24.030000+00:00,9221,30.3,1221,20,39,30.3,
2023-10-08T18:06:33.967000+00:00,9221,28.1,1221,40,39,28.1,
2023-10-08T18:06:37.186000+00:00,9221,28.5,1221,27,39,28.5,
2023-10-08T18:07:58.372000+00:00,9221,27.8,1221,22,40,27.8,
2023-10-08T18:11:23.901000+00:00,9221,27.4,1221,81,43,27.4,
2023-10-08T18:11:45.667000+00:00,9221,27.5,1221,16,43,27.5,
2023-10-08T18:11:57.229000+00:00,9221,29.1,1221,31,43,29.1,
2023-10-08T18:12:08.745000+00:00,9221,33.1,1221,11,43,33.1,
2023-10-08T18:12:52.322000+00:00,9221,27.6,1221,4,44,27.6,
2023-10-08T18:13:19.666000+00:00,9221,28.3,1221,14,44,28.3,
2023-10-08T18:13:33.337000+00:00,9221,34.8,1221,10,44,34.8,
2023-10-08T18:13:41.931000+00:00,9221,28.9,1221,23,44,28.9,
2023-10-08T18:21:40.394000+00:00,9221,28.1,1221,63,50,28.1,
2023-10-08T18:22:43.206000+00:00,9221,29.7,1221,1,51,29.7,
2023-10-08T18:25:18.126000+00:00,9221,28.8,1221,24,52,28.8,
2023-10-22T19:19:48.306000+00:00,9213,25.6,1222,24,9,25.6,
2023-10-22T19:21:32.851000+00:00,9213,24.5,1222,23,10,24.5,
2023-10-22T19:21:34.633000+00:00,9213,24.7,1222,77,10,24.7,
2023-10-22T19:21:36.539000+00:00,9213,25.0,1222,20,10,25.0,
2023-10-22T19:23:21.350000+00:00,9213,24.9,1222,2,11,24.9,
2023-10-22T19:31:30.278000+00:00,9213,23.7,1222,1,16,23.7,
2023-10-22T19:33:06.808000+00:00,9213,24.1,1222,4,17,24.1,
2023-10-22T19:33:18.589000+00:00,9213,23.6,1222,55,17,23.6,
2023-10-22T19:33:22.870000+00:00,9213,24.2,1222,11,17,24.2,
2023-10-22T19:33:31.073000+00:00,9213,24.3,1222,22,17,24.3,
2023-10-22T19:35:10.384000+00:00,9213,23.9,1222,10,18,23.9,
2023-10-22T19:37:06.772000+00:00,9213,25.0,1222,14,19,25.0,
2023-10-22T19:37:15.772000+00:00,9213,26.5,1222,27,19,26.5,
2023-10-22T19:38:19.318000+00:00,9213,24.9,1222,44,20,24.9,
2023-10-22T19:38:53.458000+00:00,9213,24.4,1222,18,20,24.4,
2023-10-22T19:40:14.316000+00:00,9213,24.3,1222,63,21,24.3,
2023-10-22T19:42:16.017000+00:00,9213,24.3,1222,3,22,24.3,
2023-10-22T19:43:34.656000+00:00,9213,23.9,1222,16,23,23.9,
2023-10-22T19:51:14.054000+00:00,9213,24.7,1222,24,27,24.7,
2023-10-22T19:52:54.896000+00:00,9213,25.0,1222,77,28,25.0,
2023-10-22T19:54:33.519000+00:00,9213,24.3,1222,23,29,24.3,
2023-10-22T19:54:49.581000+00:00,9213,24.7,1222,20,29,24.7,
2023-10-22T19:59:50.420000+00:00,9213,25.5,1222,2,32,25.5,
2023-10-22T20:02:16.870000+00:00,9213,23.3,1222,4,34,23.3,
2023-10-22T20:02:51.557000+00:00,9213,24.1,1222,22,34,24.1,
2023-10-22T20:03:12.572000+00:00,9213,24.3,1222,27,34,24.3,
2023-10-22T20:03:56.681000+00:00,9213,24.9,1222,1,35,24.9,
2023-10-22T20:04:06.900000+00:00,9213,23.6,1222,55,35,23.6,
2023-10-22T20:07:31.958000+00:00,9213,23.7,1222,11,37,23.7,
2023-10-22T20:07:53.521000+00:00,9213,24.8,1222,10,37,24.8,
2023-10-22T20:09:06.800000+00:00,9213,24.6,1222,44,38,24.6,
2023-10-22T20:11:11.814000+00:00,9213,23.9,1222,63,39,23.9,
2023-10-22T20:13:10.359000+00:00,9213,23.9,1222,18,40,23.9,
2023-10-22T20:16:26.105000+00:00,9213,24.8,1222,14,42,24.8,
2023-10-22T20:25:42.017000+00:00,9213,26.5,1222,3,47,26.5,
2023-10-22T20:36:59.521000+00:00,9213,23.4,1222,22,54,23.4,
2023-10-29T20:17:05.197000+00:00,9181,30.1,1223,22,9,30.1,
2023-10-29T20:19:47.351000+00:00,9181,23.4,1223,4,11,23.4,
2023-10-29T20:30:33.105000+00:00,9181,22.4,1223,1,19,22.4,
2023-10-29T20:33:58.070000+00:00,9181,22.8,1223,24,21,22.8,
2023-10-29T20:35:28.068000+00:00,9181,23.9,1223,2,22,23.9,
2023-10-29T20:36:42.817000+00:00,9181,23.1,1223,27,23,23.1,
2023-10-29T20:36:51.911000+00:00,9181,23.6,1223,20,23,23.6,
2023-10-29T20:37:44.379000+00:00,9181,22.2,1223,44,24,22.2,
2023-10-29T20:39:17.908000+00:00,9181,23.7,1223,81,25,23.7,
2023-10-29T20:40:41.625000+00:00,9181,22.3,1223,63,26,22.3,
2023-10-29T20:42:02.155000+00:00,9181,22.4,1223,3,27,22.4,
2023-10-29T20:43:47.122000+00:00,9181,22.6,1223,10,28,22.6,
2023-10-29T20:45:30.292000+00:00,9181,22.8,1223,14,29,22.8,
2023-10-29T20:46:09.495000+00:00,9181,22.0,1223,55,30,22.0,
2023-10-29T20:46:51.072000+00:00,9181,22.5,1223,18,30,22.5,
2023-10-29T20:47:24.415000+00:00,9181,22.2,1223,16,31,22.2,
2023-10-29T20:48:12.289000+00:00,9181,23.6,1223,77,31,23.6,
2023-10-29T20:50:25.006000+00:00,9181,22.3,1223,1,33,22.3,
2023-10-29T20:51:13.692000+00:00,9181,22.5,1223,4,33,22.5,
2023-10-29T20:51:18.942000+00:00,9181,23.6,1223,23,33,23.6,
2023-10-29T21:13:05.935000+00:00,9181,1209.1,1223,1,34,1209.1,
2023-10-29T21:13:08.857000+00:00,9181,1210.5,1223,16,34,1210.5,
2023-10-29T21:13:12.669000+00:00,9181,1212.9,1223,44,34,1212.9,
2023-10-29T21:13:16.700000+00:00,9181,1215.4,1223,55,34,1215.4,
2023-10-29T21:13:20.325000+00:00,9181,1217.1,1223,3,34,1217.1,
2023-10-29T21:13:24.216000+00:00,9181,1219.0,1223,81,34,1219.0,
2023-10-29T21:13:29.216000+00:00,9181,1218.2,1223,63,34,1218.2,
2023-10-29T21:13:32.497000+00:00,9181,1218.0,1223,22,34,1218.0,
2023-10-29T21:13:36.153000+00:00,9181,1219.8,1223,27,34,1219.8,
2023-10-29T21:13:44.403000+00:00,9181,1226.3,1223,4,34,1226.3,
2023-10-29T21:13:46.591000+00:00,9181,1225.6,1223,10,34,1225.6,
2023-10-29T21:13:50.419000+00:00,9181,1227.9,1223,23,34,1227.9,
2023-10-29T21:13:54.997000+00:00,9181,1229.5,1223,24,34,1229.5,
2023-10-29T21:13:57.809000+00:00,9181,1226.2,1223,31,34,1226.2,
2023-10-29T21:14:01.559000+00:00,9181,1227.7,1223,2,34,1227.7,
2023-10-29T21:14:05.309000+00:00,9181,1229.3,1223,77,34,1229.3,
2023-10-29T21:14:09.043000+00:00,9181,1229.6,1223,18,34,1229.6,
2023-10-29T21:14:13.137000+00:00,9181,1229.8,1223,14,34,1229.8,
2023-11-05T17:05:38.680000+00:00,9205,18.5,1224,1,1,18.5,
2023-11-05T17:05:41.227000+00:00,9205,19.3,1224,4,1,19.3,
2023-11-05T17:05:43.508000+00:00,9205,18.5,1224,44,1,18.5,
2023-11-05T17:05:45.993000+00:00,9205,18.4,1224,14,1,18.4,
2023-11-05T17:05:47.336000+00:00,9205,18.5,1224,18,1,18.5,
2023-11-05T17:05:51.383000+00:00,9205,20.4,1224,63,1,20.4,
2023-11-05T17:05:53.665000+00:00,9205,20.8,1224,11,1,20.8,
2023-11-05T17:05:56.914000+00:00,9205,23.0,1224,55,1,23.0,
2023-11-05T17:05:58.024000+00:00,9205,22.2,1224,31,1,22.2,
2023-11-05T17:06:00.914000+00:00,9205,20.9,1224,22,1,20.9,
2023-11-05T17:06:01.961000+00:00,9205,20.5,1224,10,1,20.5,
2023-11-05T17:06:02.774000+00:00,9205,20.7,1224,77,1,20.7,
2023-11-05T17:06:07.227000+00:00,9205,21.2,1224,24,1,21.2,
2023-11-05T17:06:14.461000+00:00,9205,27.4,1224,2,1,27.4,
2023-11-05T17:06:23.945000+00:00,9205,34.2,1224,27,1,34.2,
2023-11-05T17:31:06.038000+00:00,9205,1402.6,1224,1,2,1402.6,
2023-11-05T17:31:09.178000+00:00,9205,1404.6,1224,4,2,1404.6,
2023-11-05T17:31:13.288000+00:00,9205,1406.3,1224,44,2,1406.3,
2023-11-05T17:31:16.631000+00:00,9205,1408.1,1224,14,2,1408.1,
2023-11-05T17:31:20.725000+00:00,9205,1409.9,1224,18,2,1409.9,
2023-11-05T17:31:25.162000+00:00,9205,1410.9,1224,63,2,1410.9,
2023-11-05T17:31:28.194000+00:00,9205,1411.7,1224,11,2,1411.7,
2023-11-05T17:31:31.772000+00:00,9205,1413.7,1224,55,2,1413.7,
2023-11-05T17:31:34.397000+00:00,9205,1414.7,1224,31,2,1414.7,
2023-11-05T17:31:38.428000+00:00,9205,1415.4,1224,22,2,1415.4,
2023-11-05T17:31:41.475000+00:00,9205,1416.7,1224,10,2,1416.7,
2023-11-05T17:31:44.693000+00:00,9205,1418.1,1224,77,2,1418.1,
2023-11-05T17:31:49.693000+00:00,9205,1419.9,1224,24,2,1419.9,
2023-11-05T17:31:52.521000+00:00,9205,1421.2,1224,2,2,1421.2,
2023-11-05T17:31:56.006000+00:00,9205,1421.0,1224,27,2,1421.0,
2023-11-05T17:32:01.021000+00:00,9205,1584.0,1224,81,1,1584.0,
2023-11-05T17:32:05.115000+00:00,9205,1576.7,1224,3,1,1576.7,
2023-11-05T17:34:20.660000+00:00,9205,38.4,1224,81,2,38.4,
2023-11-05T17:34:21.145000+00:00,9205,32.7,1224,3,2,32.7,
2023-11-05T17:48:45.244000+00:00,9205,24.0,1224,31,14,24.0,
2023-11-05T17:50:05.353000+00:00,9205,23.9,1224,24,15,23.9,
2023-11-05T17:52:43.163000+00:00,9205,24.3,1224,2,17,24.3,
2023-11-05T17:53:47.912000+00:00,9205,23.5,1224,44,18,23.5,
2023-11-05T17:53:55.912000+00:00,9205,24.0,1224,77,18,24.0,
2023-11-05T17:55:06.068000+00:00,9205,23.7,1224,63,19,23.7,
2023-11-05T17:56:21.051000+00:00,9205,23.1,1224,11,20,23.1,
2023-11-05T17:57:58.175000+00:00,9205,24.4,1224,27,21,24.4,
2023-11-05T17:58:58.487000+00:00,9205,23.5,1224,18,22,23.5,
2023-11-05T18:02:37.359000+00:00,9205,24.2,1224,14,25,24.2,
2023-11-05T18:03:02.594000+00:00,9205,23.5,1224,81,24,23.5,
2023-11-05T18:04:07.765000+00:00,9205,23.5,1224,55,26,23.5,
2023-11-05T18:04:12.796000+00:00,9205,25.2,1224,10,26,25.2,
2023-11-05T18:04:16.577000+00:00,9205,27.1,1224,22,26,27.1,
2023-11-05T18:04:58.858000+00:00,9205,22.9,1224,1,27,22.9,
2023-11-05T18:05:03.670000+00:00,9205,23.8,1224,4,27,23.8,
2023-11-05T18:05:32.311000+00:00,9205,23.9,1224,3,26,23.9,
2023-11-05T18:10:53.682000+00:00,9205,24.4,1224,31,31,24.4,
2023-11-05T18:27:41.108000+00:00,9205,24.1,1224,2,44,24.1,
2023-11-05T18:28:41.904000+00:00,9205,23.9,1224,63,45,23.9,
2023-11-05T18:29:37.669000+00:00,9205,23.5,1224,11,46,23.5,
2023-11-05T18:29:52.950000+00:00,9205,24.0,1224,44,46,24.0,
2023-11-05T18:29:56.278000+00:00,9205,23.5,1224,10,46,23.5,
2023-11-05T18:30:24.684000+00:00,9205,23.8,1224,27,46,23.8,
2023-11-05T18:30:49.918000+00:00,9205,23.8,1224,14,47,23.8,
2023-11-05T18:36:08.883000+00:00,9205,23.7,1224,55,51,23.7,
2023-11-05T18:36:36.539000+00:00,9205,23.5,1224,31,51,23.5,
2023-11-05T18:37:21.414000+00:00,9205,25.2,1224,18,52,25.2,
2023-11-05T18:39:01.037000+00:00,9205,23.3,1224,81,52,23.3,
2023-11-05T18:41:24.723000+00:00,9205,23.4,1224,22,55,23.4,
2023-11-05T18:41:45.004000+00:00,9205,23.3,1224,1,56,23.3,
2023-11-05T18:42:40.801000+00:00,9205,23.5,1224,3,55,23.5,
2023-11-05T18:45:40.627000+00:00,9205,23.6,1224,4,59,23.6,
2023-11-19T06:06:40.131000+00:00,9189,33.5,1225,11,1,33.5,
2023-11-19T06:06:56.818000+00:00,9189,29.3,1225,14,1,29.3,
2023-11-19T06:07:14.818000+00:00,9189,43.9,1225,77,1,43.9,
2023-11-19T06:10:29.283000+00:00,9189,22.2,1225,18,3,22.2,
2023-11-19T06:10:41.158000+00:00,9189,21.2,1225,55,3,21.2,
2023-11-19T06:25:48.048000+00:00,9189,20.6,1225,22,10,20.6,
2023-11-19T06:29:08.123000+00:00,9189,22.1,1225,27,12,22.1,
2023-11-19T06:32:24.760000+00:00,9189,21.6,1225,20,14,21.6,
2023-11-19T06:33:50.836000+00:00,9189,21.2,1225,63,15,21.2,
2023-11-19T06:34:02.508000+00:00,9189,21.3,1225,2,15,21.3,
2023-11-19T06:35:32.163000+00:00,9189,26.6,1225,1,16,26.6,
2023-11-19T06:35:38.928000+00:00,9189,21.2,1225,23,16,21.2,
2023-11-19T06:35:43.334000+00:00,9189,23.2,1225,81,16,23.2,
2023-11-19T06:37:16.630000+00:00,9189,22.2,1225,10,17,22.2,
2023-11-19T06:37:36.489000+00:00,9189,22.2,1225,3,17,22.2,
2023-11-19T06:37:37.520000+00:00,9189,25.0,1225,44,17,25.0,
2023-11-19T06:42:20.437000+00:00,9189,21.7,1225,31,20,21.7,
2023-11-19T06:43:41.467000+00:00,9189,22.5,1225,16,21,22.5,
2023-11-19T06:44:38.372000+00:00,9189,20.8,1225,22,21,20.8,
2023-11-19T06:49:32.226000+00:00,9189,21.5,1225,77,24,21.5,
2023-11-19T06:52:14.786000+00:00,9189,21.5,1225,11,26,21.5,
2023-11-19T06:52:30.348000+00:00,9189,21.3,1225,1,26,21.3,
2023-11-19T06:52:30.957000+00:00,9189,22.5,1225,18,26,22.5,
2023-11-19T06:52:33.926000+00:00,9189,21.9,1225,63,26,21.9,
2023-11-19T06:52:36.863000+00:00,9189,22.6,1225,55,26,22.6,
2023-11-19T06:52:41.519000+00:00,9189,23.2,1225,14,26,23.2,
2023-11-19T06:52:49.676000+00:00,9189,22.1,1225,24,26,22.1,
2023-11-19T06:53:01.316000+00:00,9189,21.8,1225,20,26,21.8,
2023-11-19T06:53:08.363000+00:00,9189,25.4,1225,27,26,25.4,
2023-11-19T06:53:12.597000+00:00,9189,22.5,1225,44,26,22.5,
2023-11-19T07:22:32.753000+00:00,9189,20.5,1225,81,43,20.5,
2023-11-26T13:11:39.528000+00:00,9197,22.7,1226,20,5,22.7,
2023-11-26T13:14:37.589000+00:00,9197,21.6,1226,3,7,21.6,
2023-11-26T13:22:07.037000+00:00,9197,22.4,1226,14,12,22.4,
2023-11-26T13:23:35.848000+00:00,9197,21.6,1226,81,13,21.6,
2023-11-26T13:23:47.614000+00:00,9197,21.8,1226,27,13,21.8,
2023-11-26T13:23:51.395000+00:00,9197,22.8,1226,24,13,22.8,
2023-11-26T13:25:04.660000+00:00,9197,21.6,1226,63,14,21.6,
2023-11-26T13:25:05.129000+00:00,9197,24.0,1226,4,14,24.0,
2023-11-26T13:26:44.159000+00:00,9197,22.1,1226,44,15,22.1,
2023-11-26T13:26:45.128000+00:00,9197,22.1,1226,31,15,22.1,
2023-11-26T13:26:58.221000+00:00,9197,22.1,1226,2,15,22.1,
2023-11-26T13:27:58.955000+00:00,9197,21.6,1226,1,16,21.6,
2023-11-26T13:28:27.548000+00:00,9197,22.1,1226,23,16,22.1,
2023-11-26T13:29:31.907000+00:00,9197,21.9,1226,16,17,21.9,
2023-11-26T13:29:43.610000+00:00,9197,21.4,1226,11,17,21.4,
2023-11-26T13:29:49.782000+00:00,9197,23.0,1226,10,17,23.0,
2023-11-26T13:37:16.167000+00:00,9197,21.4,1226,22,22,21.4,
2023-11-26T13:37:21.792000+00:00,9197,21.8,1226,18,22,21.8,
2023-11-26T13:37:53.370000+00:00,9197,22.1,1226,20,22,22.1,
2023-11-26T13:38:58.291000+00:00,9197,21.2,1226,55,23,21.2,
2023-11-26T13:48:24.863000+00:00,9197,22.6,1226,77,29,22.6,
2023-11-26T13:51:14.017000+00:00,9197,21.7,1226,3,31,21.7,
2023-11-26T13:52:50.297000+00:00,9197,23.4,1226,10,32,23.4,
2023-11-26T13:53:53.484000+00:00,9197,21.4,1226,4,33,21.4,
2023-11-26T13:54:27.577000+00:00,9197,22.0,1226,27,33,22.0,
2023-11-26T13:55:20.374000+00:00,9197,22.0,1226,63,34,22.0,
2023-11-26T13:56:47.498000+00:00,9197,21.2,1226,16,35,21.2,
2023-11-26T13:57:05.138000+00:00,9197,22.0,1226,44,35,22.0,
2023-11-26T13:58:30.168000+00:00,9197,21.1,1226,81,36,21.1,
2023-11-26T13:58:33.621000+00:00,9197,21.8,1226,14,36,21.8,
2023-11-26T14:00:35.448000+00:00,9197,22.3,1226,24,37,22.3,
2023-11-26T14:06:42.506000+00:00,9197,21.8,1226,2,41,21.8,
2023-11-26T14:07:17.818000+00:00,9197,21.2,1226,11,42,21.2,
2023-11-26T14:07:42.678000+00:00,9197,21.6,1226,18,42,21.6,
2023-11-26T14:08:30.771000+00:00,9197,21.2,1226,1,43,21.2,
2023-11-26T14:09:32.067000+00:00,9197,21.9,1226,23,43,21.9,
2023-11-26T14:28:46.679000+00:00,9197,21.5,1226,55,56,21.5,
2024-03-02T15:06:11.115000+00:00,9472,36.6,1229,27,1,36.6,
2024-03-02T15:19:05.235000+00:00,9472,25.2,1229,24,9,25.2,
2024-03-02T15:19:07.623000+00:00,9472,24.4,1229,18,9,24.4,
2024-03-02T15:20:46.058000+00:00,9472,24.8,1229,31,10,24.8,
2024-03-02T15:21:55.789000+00:00,9472,35.7,1229,2,10,35.7,
2024-03-02T15:22:03.605000+00:00,9472,24.7,1229,63,11,24.7,
2024-03-02T15:22:06.457000+00:00,9472,24.0,1229,16,11,24.0,
2024-03-02T15:22:22.107000+00:00,9472,25.9,1229,20,11,25.9,
2024-03-02T15:23:41.972000+00:00,9472,24.5,1229,11,12,24.5,
2024-03-02T15:23:50.520000+00:00,9472,25.4,1229,81,12,25.4,
2024-03-02T15:23:52.389000+00:00,9472,25.0,1229,44,12,25.0,
2024-03-02T15:24:09.090000+00:00,9472,29.9,1229,10,12,29.9,
2024-03-02T15:24:09.531000+00:00,9472,26.4,1229,77,12,26.4,
2024-03-02T15:25:25.101000+00:00,9472,24.2,1229,4,13,24.2,
2024-03-02T15:25:42.894000+00:00,9472,24.9,1229,3,13,24.9,
2024-03-02T15:26:57.817000+00:00,9472,24.4,1229,55,14,24.4,
2024-03-02T15:27:13.176000+00:00,9472,24.7,1229,22,14,24.7,
2024-03-02T15:28:49.395000+00:00,9472,24.7,1229,14,15,24.7,
2024-03-02T15:28:54.348000+00:00,9472,24.6,1229,23,15,24.6,
2024-03-02T15:31:37.825000+00:00,9472,25.0,1229,1,17,25.0,
2024-03-02T15:37:33.888000+00:00,9472,24.7,1229,27,20,24.7,
2024-03-02T15:48:50.340000+00:00,9472,24.5,1229,18,27,24.5,
2024-03-02T15:50:25.427000+00:00,9472,25.0,1229,24,28,25.0,
2024-03-02T15:51:59.543000+00:00,9472,25.0,1229,2,28,25.0,
2024-03-02T15:53:55.836000+00:00,9472,25.1,1229,31,30,25.1,
2024-03-02T15:54:47.117000+00:00,9472,24.8,1229,63,31,24.8,
2024-03-02T15:54:47.631000+00:00,9472,74.7,1229,77,30,74.7,
2024-03-02T15:55:37.993000+00:00,9472,26.4,1229,10,31,26.4,
2024-03-02T15:57:02.477000+00:00,9472,24.4,1229,20,32,24.4,
2024-03-02T15:58:04.902000+00:00,9472,24.7,1229,4,33,24.7,
2024-03-02T15:58:10.632000+00:00,9472,24.0,1229,44,33,24.0,
2024-03-02T15:59:38.514000+00:00,9472,24.1,1229,16,34,24.1,
2024-03-02T15:59:45.850000+00:00,9472,24.8,1229,81,34,24.8,
2024-03-02T16:00:12.070000+00:00,9472,24.3,1229,22,34,24.3,
2024-03-02T16:01:02.991000+00:00,9472,23.8,1229,55,35,23.8,
2024-03-02T16:01:59.612000+00:00,9472,24.8,1229,3,35,24.8,
2024-03-02T16:02:37.212000+00:00,9472,24.5,1229,11,36,24.5,
2024-03-02T16:03:35.177000+00:00,9472,24.6,1229,23,36,24.6,
2024-03-02T16:03:54.529000+00:00,9472,24.2,1229,1,37,24.2,
2024-03-02T16:11:23.921000+00:00,9472,25.1,1229,14,41,25.1,
2024-03-02T16:11:47.875000+00:00,9472,25.3,1229,2,40,25.3,
2024-03-02T16:11:54.741000+00:00,9472,24.3,1229,27,41,24.3,
2024-03-02T16:15:21.252000+00:00,9472,25.2,1229,10,43,25.2,
2024-03-09T17:15:47.097000+00:00,9480,20.6,1230,1,7,20.6,
2024-03-09T17:15:52.880000+00:00,9480,22.1,1230,11,7,22.1,
2024-03-09T17:15:55.889000+00:00,9480,23.4,1230,16,7,23.4,
2024-03-09T17:15:58.220000+00:00,9480,21.4,1230,81,7,21.4,
2024-03-09T17:15:59.780000+00:00,9480,22.1,1230,14,7,22.1,
2024-03-09T17:16:04.281000+00:00,9480,21.0,1230,63,7,21.0,
2024-03-09T17:16:13.313000+00:00,9480,21.6,1230,22,7,21.6,
2024-03-09T17:16:14.973000+00:00,9480,22.4,1230,38,7,22.4,
2024-03-09T17:16:14.973000+00:00,9480,21.4,1230,20,7,21.4,
2024-03-09T17:16:15.932000+00:00,9480,21.7,1230,23,7,21.7,
2024-03-09T17:16:22.416000+00:00,9480,22.5,1230,31,7,22.5,
2024-03-09T17:16:23.903000+00:00,9480,22.7,1230,77,7,22.7,
2024-03-09T17:16:26.084000+00:00,9480,23.6,1230,2,7,23.6,
2024-03-09T17:17:01.115000+00:00,9480,63.3,1230,3,7,63.3,
2024-03-09T17:59:43.237000+00:00,9480,21.0,1230,27,33,21.0,
2024-03-09T18:03:22.747000+00:00,9480,23.2,1230,77,35,23.2,
2024-03-09T18:03:59.429000+00:00,9480,20.1,1230,44,36,20.1,
2024-03-09T18:05:31.365000+00:00,9480,22.2,1230,4,37,22.2,
2024-03-09T18:12:50.460000+00:00,9480,46.3,1230,24,41,46.3,
2024-03-24T04:10:44.051000+00:00,9488,18.2,1231,3,5,18.2,
2024-03-24T04:12:03.960000+00:00,9488,17.7,1231,23,6,17.7,
2024-03-24T04:12:08.895000+00:00,9488,19.0,1231,24,6,19.0,
2024-03-24T04:13:22.694000+00:00,9488,17.5,1231,44,7,17.5,
2024-03-24T04:13:27.578000+00:00,9488,18.3,1231,20,7,18.3,
2024-03-24T04:14:42.668000+00:00,9488,18.0,1231,63,8,18.0,
2024-03-24T04:14:44.598000+00:00,9488,17.9,1231,18,8,17.9,
2024-03-24T04:15:18.023000+00:00,9488,46.9,1231,77,8,46.9,
2024-03-24T04:16:00.710000+00:00,9488,17.4,1231,16,9,17.4,
2024-03-24T04:16:02.012000+00:00,9488,17.5,1231,81,9,17.5,
2024-03-24T04:16:09.821000+00:00,9488,18.5,1231,22,9,18.5,
2024-03-24T04:16:14.735000+00:00,9488,18.2,1231,31,9,18.2,
2024-03-24T04:22:56.216000+00:00,9488,17.7,1231,4,14,17.7,
2024-03-24T04:23:04.121000+00:00,9488,18.1,1231,11,14,18.1,
2024-03-24T04:25:32.675000+00:00,9488,17.5,1231,55,16,17.5,
2024-03-24T04:26:30.153000+00:00,9488,30.6,1231,31,16,30.6,
2024-03-24T04:27:25.795000+00:00,9488,18.1,1231,14,17,18.1,
2024-03-24T04:27:48.004000+00:00,9488,18.3,1231,27,17,18.3,
2024-03-24T04:27:53.252000+00:00,9488,20.3,1231,10,17,20.3,
2024-03-24T04:41:53.767000+00:00,9488,17.7,1231,23,27,17.7,
2024-03-24T04:44:47.613000+00:00,9488,17.7,1231,3,29,17.7,
2024-03-24T04:50:17.139000+00:00,9488,18.1,1231,20,33,18.1,
2024-03-24T04:50:53.181000+00:00,9488,17.3,1231,16,34,17.3,
2024-03-24T04:52:36.668000+00:00,9488,17.2,1231,11,35,17.2,
2024-03-24T04:52:59.402000+00:00,9488,18.1,1231,27,35,18.1,
2024-03-24T04:53:28.344000+00:00,9488,36.8,1231,24,35,36.8,
2024-03-24T04:54:17.272000+00:00,9488,17.5,1231,22,36,17.5,
2024-03-24T04:54:49.601000+00:00,9488,18.9,1231,77,36,18.9,
2024-03-24T04:55:38.194000+00:00,9488,17.9,1231,18,37,17.9,
2024-03-24T04:57:51.886000+00:00,9488,18.5,1231,81,39,18.5,
2024-03-24T04:59:05.080000+00:00,9488,17.6,1231,4,40,17.6,
2024-03-24T05:00:15.825000+00:00,9488,17.7,1231,55,41,17.7,
2024-03-24T05:00:56.344000+00:00,9488,17.9,1231,14,41,17.9,
2024-03-24T05:01:39.520000+00:00,9488,17.6,1231,10,41,17.6,
2024-03-24T05:03:10.391000+00:00,9488,18.0,1231,31,42,18.0,
2024-03-24T05:06:26.148000+00:00,9488,17.9,1231,63,45,17.9,
2024-04-07T05:32:07.088000+00:00,9496,1575.6,1232,1,1,1575.6,
2024-04-07T05:32:11.228000+00:00,9496,1577.6,1232,11,1,1577.6,
2024-04-07T05:32:15.605000+00:00,9496,1580.1,1232,4,1,1580.1,
2024-04-07T05:32:17.863000+00:00,9496,1580.0,1232,55,1,1580.0,
2024-04-07T05:32:21.901000+00:00,9496,1580.9,1232,14,1,1580.9,
2024-04-07T05:32:24.731000+00:00,9496,1580.2,1232,81,1,1580.2,
2024-04-07T05:32:33.770000+00:00,9496,1580.6,1232,44,1,1580.6,
2024-04-07T05:32:37.738000+00:00,9496,1583.3,1232,16,1,1583.3,
2024-04-07T05:32:40.039000+00:00,9496,1581.2,1232,63,1,1581.2,
2024-04-07T05:32:42.543000+00:00,9496,1580.8,1232,27,1,1580.8,
2024-04-07T05:32:45.909000+00:00,9496,1582.5,1232,77,1,1582.5,
2024-04-07T05:32:50.762000+00:00,9496,1584.5,1232,22,1,1584.5,
2024-04-07T05:32:55.037000+00:00,9496,1586.0,1232,31,1,1586.0,
2024-04-07T05:32:58.104000+00:00,9496,1586.7,1232,10,1,1586.7,
2024-04-07T05:33:02.066000+00:00,9496,1585.9,1232,18,1,1585.9,
2024-04-07T05:33:05.236000+00:00,9496,1584.6,1232,20,1,1584.6,
2024-04-07T05:33:08.853000+00:00,9496,1585.2,1232,2,1,1585.2,
2024-04-07T05:33:13.702000+00:00,9496,1582.9,1232,24,1,1582.9,
2024-04-07T05:41:11.036000+00:00,9496,23.6,1232,27,5,23.6,
2024-04-07T05:42:47.149000+00:00,9496,24.8,1232,77,6,24.8,
2024-04-07T05:44:23.658000+00:00,9496,23.3,1232,22,7,23.3,
2024-04-07T05:44:31.628000+00:00,9496,23.9,1232,24,7,23.9,
2024-04-07T05:50:44.884000+00:00,9496,23.0,1232,4,11,23.0,
2024-04-07T05:51:28.738000+00:00,9496,26.6,1232,24,11,26.6,
2024-04-07T05:52:30.861000+00:00,9496,23.4,1232,81,12,23.4,
2024-04-07T05:52:41.007000+00:00,9496,23.3,1232,18,12,23.3,
2024-04-07T05:54:07.567000+00:00,9496,22.9,1232,14,13,22.9,
2024-04-07T05:57:14.863000+00:00,9496,22.9,1232,11,15,22.9,
2024-04-07T05:57:18.818000+00:00,9496,23.1,1232,55,15,23.1,
2024-04-07T05:58:47.121000+00:00,9496,23.1,1232,1,16,23.1,
2024-04-07T05:59:43.262000+00:00,9496,23.8,1232,10,16,23.8,
2024-04-07T06:04:35.659000+00:00,9496,23.3,1232,31,19,23.3,
2024-04-07T06:09:03.514000+00:00,9496,23.5,1232,63,22,23.5,
2024-04-07T06:09:29.413000+00:00,9496,23.4,1232,22,22,23.4,
2024-04-07T06:09:30.179000+00:00,9496,26.1,1232,20,22,26.1,
2024-04-07T06:09:30.269000+00:00,9496,23.2,1232,18,22,23.2,
2024-04-07T06:09:30.585000+00:00,9496,25.9,1232,77,22,25.9,
2024-04-07T06:09:30.908000+00:00,9496,25.5,1232,2,22,25.5,
2024-04-07T06:10:45.740000+00:00,9496,23.3,1232,44,23,23.3,
2024-04-07T06:15:25.709000+00:00,9496,23.2,1232,16,26,23.2,
2024-04-07T06:15:26.492000+00:00,9496,23.2,1232,4,26,23.2,
2024-04-07T06:25:23.438000+00:00,9496,22.8,1232,81,32,22.8,
2024-04-07T06:26:27.249000+00:00,9496,23.1,1232,10,32,23.1,
2024-04-07T06:26:41.709000+00:00,9496,22.9,1232,11,33,22.9,
2024-04-07T06:26:57.226000+00:00,9496,23.1,1232,14,33,23.1,
2024-04-07T06:27:47.111000+00:00,9496,23.9,1232,27,33,23.9,
2024-04-07T06:27:58.668000+00:00,9496,24.1,1232,31,33,24.1,
2024-04-07T06:28:07.304000+00:00,9496,23.2,1232,1,34,23.2,
2024-04-07T06:29:22.122000+00:00,9496,22.9,1232,18,34,22.9,
2024-04-07T06:29:29.509000+00:00,9496,24.2,1232,2,34,24.2,
2024-04-07T06:31:38.439000+00:00,9496,23.5,1232,55,36,23.5,
2024-04-07T06:33:31.539000+00:00,9496,22.9,1232,63,37,22.9,
2024-04-07T06:36:50.085000+00:00,9496,23.9,1232,44,39,23.9,
2024-04-07T06:41:48.805000+00:00,9496,23.2,1232,2,41,23.2,
2024-04-21T07:17:54.233000+00:00,9673,23.0,1233,27,8,23.0,
2024-04-21T07:17:58.818000+00:00,9673,23.1,1233,22,8,23.1,
2024-04-21T07:18:03.165000+00:00,9673,23.3,1233,24,8,23.3,
2024-04-21T07:19:34.534000+00:00,9673,23.8,1233,18,9,23.8,
2024-04-21T07:19:35.920000+00:00,9673,22.9,1233,77,9,22.9,
2024-04-21T07:19:38.517000+00:00,9673,23.1,1233,31,9,23.1,
2024-04-21T07:19:39.721000+00:00,9673,23.2,1233,23,9,23.2,
2024-04-21T07:19:42.310000+00:00,9673,22.5,1233,44,9,22.5,
2024-04-21T07:22:51.787000+00:00,9673,23.0,1233,14,11,23.0,
2024-04-21T07:22:55.186000+00:00,9673,22.4,1233,63,11,22.4,
2024-04-21T07:23:24.239000+00:00,9673,39.7,1233,10,11,39.7,
2024-04-21T07:24:57.873000+00:00,9673,23.2,1233,2,12,23.2,
2024-04-21T07:25:56.763000+00:00,9673,22.4,1233,1,13,22.4,
2024-04-21T07:26:05.986000+00:00,9673,22.0,1233,11,13,22.0,
2024-04-21T07:28:16.873000+00:00,9673,22.5,1233,3,14,22.5,
2024-04-21T07:31:26.972000+00:00,9673,22.6,1233,81,16,22.6,
2024-04-21T07:33:12.635000+00:00,9673,22.6,1233,55,17,22.6,
2024-04-21T07:33:37.510000+00:00,9673,22.9,1233,20,17,22.9,
2024-04-21T07:39:57.405000+00:00,9673,22.3,1233,16,21,22.3,
2024-04-21T07:40:30.736000+00:00,9673,22.9,1233,18,21,22.9,
2024-04-21T07:40:46.670000+00:00,9673,22.6,1233,44,21,22.6,
2024-04-21T07:41:59.952000+00:00,9673,22.1,1233,4,22,22.1,
2024-04-21T07:44:07.683000+00:00,9673,22.2,1233,1,23,22.2,
2024-04-21T07:44:26.611000+00:00,9673,22.3,1233,11,23,22.3,
2024-04-21T07:44:44.517000+00:00,9673,22.6,1233,14,23,22.6,
2024-04-21T07:44:48.706000+00:00,9673,22.7,1233,63,23,22.7,
2024-04-21T07:45:05.889000+00:00,9673,23.3,1233,27,23,23.3,
2024-04-21T07:45:12.139000+00:00,9673,23.2,1233,31,23,23.2,
2024-04-21T07:45:17.677000+00:00,9673,22.3,1233,22,23,22.3,
2024-04-21T07:45:21.571000+00:00,9673,23.6,1233,23,23,23.6,
2024-04-21T07:45:28.719000+00:00,9673,25.6,1233,24,23,25.6,
2024-04-21T07:45:36.934000+00:00,9673,23.9,1233,10,23,23.9,
2024-04-21T07:47:04.642000+00:00,9673,22.2,1233,81,24,22.2,
2024-04-21T07:47:38.247000+00:00,9673,22.6,1233,2,24,22.6,
2024-04-21T07:53:19.912000+00:00,9673,93.2,1233,18,26,93.2,
2024-04-21T07:54:48.761000+00:00,9673,25.7,1233,20,27,25.7,
2024-04-21T08:10:45.289000+00:00,9673,34.7,1233,18,35,34.7,
2024-04-21T08:15:35.007000+00:00,9673,22.8,1233,10,38,22.8,
2024-04-21T08:18:59.803000+00:00,9673,23.2,1233,24,40,23.2,
2024-04-21T08:23:42.506000+00:00,9673,23.1,1233,14,43,23.1,
2024-05-05T20:19:39.371000+00:00,9507,22.8,1234,23,10,22.8,
2024-05-05T20:21:11.694000+00:00,9507,23.0,1234,18,11,23.0,
2024-05-05T20:21:15.599000+00:00,9507,22.6,1234,2,11,22.6,
2024-05-05T20:21:19.373000+00:00,9507,23.7,1234,77,11,23.7,
2024-05-05T20:22:45.279000+00:00,9507,23.0,1234,27,12,23.0,
2024-05-05T20:22:45.973000+00:00,9507,22.4,1234,10,12,22.4,
2024-05-05T20:30:19.386000+00:00,9507,21.6,1234,11,17,21.6,
2024-05-05T20:33:18.881000+00:00,9507,21.8,1234,16,19,21.8,
2024-05-05T20:38:31.386000+00:00,9507,22.6,1234,31,22,22.6,
2024-05-05T20:38:34.448000+00:00,9507,22.3,1234,14,22,22.3,
2024-05-05T20:38:42.299000+00:00,9507,23.2,1234,20,22,23.2,
2024-05-05T20:39:40.124000+00:00,9507,22.1,1234,1,23,22.1,
2024-05-05T20:41:42.351000+00:00,9507,22.8,1234,63,24,22.8,
2024-05-05T20:44:45.874000+00:00,9507,22.1,1234,44,26,22.1,
2024-05-05T20:45:54.132000+00:00,9507,22.2,1234,81,27,22.2,
2024-05-05T20:45:57.233000+00:00,9507,22.8,1234,55,27,22.8,
2024-05-05T20:48:03.247000+00:00,9507,22.3,1234,11,28,22.3,
2024-05-05T20:48:06.859000+00:00,9507,22.1,1234,22,28,22.1,
2024-05-05T20:48:24.627000+00:00,9507,23.0,1234,24,28,23.0,
2024-05-05T20:48:28.816000+00:00,9507,22.5,1234,3,28,22.5,
2024-05-05T20:48:36.053000+00:00,9507,22.4,1234,27,28,22.4,
2024-05-05T20:48:38.702000+00:00,9507,22.6,1234,18,28,22.6,
2024-05-05T20:49:18.254000+00:00,9507,29.7,1234,20,28,29.7,
2024-05-05T20:49:38.496000+00:00,9507,22.0,1234,4,29,22.0,
2024-05-05T20:50:57.695000+00:00,9507,22.7,1234,77,29,22.7,
2024-05-05T20:55:08.149000+00:00,9507,30.7,1234,20,31,30.7,
2024-05-05T21:09:05.656000+00:00,9507,30.4,1234,81,40,30.4,
2024-05-05T21:29:26.144000+00:00,9507,22.5,1234,23,53,22.5,
2024-05-19T13:13:40.698000+00:00,9515,31.3,1235,14,7,31.3,
2024-05-19T13:14:55.977000+00:00,9515,30.0,1235,23,8,30.0,
2024-05-19T13:14:56.934000+00:00,9515,30.0,1235,10,8,30.0,
2024-05-19T13:14:59.233000+00:00,9515,30.2,1235,77,8,30.2,
2024-05-19T13:17:41.933000+00:00,9515,33.1,1235,23,9,33.1,
2024-05-19T13:19:00.497000+00:00,9515,30.0,1235,3,11,30.0,
2024-05-19T13:20:19.893000+00:00,9515,29.6,1235,22,12,29.6,
2024-05-19T13:21:41.812000+00:00,9515,29.7,1235,27,13,29.7,
2024-05-19T13:32:27.700000+00:00,9515,29.6,1235,63,21,29.6,
2024-05-19T13:33:39.268000+00:00,9515,29.9,1235,4,22,29.9,
2024-05-19T13:35:08.129000+00:00,9515,29.7,1235,81,23,29.7,
2024-05-19T13:36:17.100000+00:00,9515,30.4,1235,1,24,30.4,
2024-05-19T13:37:31.686000+00:00,9515,38.4,1235,23,23,38.4,
2024-05-19T13:37:46.511000+00:00,9515,30.1,1235,16,25,30.1,
2024-05-19T13:38:27.998000+00:00,9515,30.6,1235,31,25,30.6,
2024-05-19T13:40:34.603000+00:00,9515,30.5,1235,55,27,30.5,
2024-05-19T13:40:44.324000+00:00,9515,29.5,1235,44,27,29.5,
2024-05-19T13:44:56.973000+00:00,9515,31.1,1235,23,28,31.1,
2024-05-19T13:45:37.321000+00:00,9515,30.6,1235,10,30,30.6,
2024-05-19T13:47:00.196000+00:00,9515,31.0,1235,2,31,31.0,
2024-05-19T13:49:40.143000+00:00,9515,30.2,1235,24,33,30.2,
2024-05-19T13:54:46.675000+00:00,9515,29.6,1235,11,37,29.6,
2024-05-19T13:54:52.888000+00:00,9515,29.9,1235,18,37,29.9,
2024-05-19T13:55:08.067000+00:00,9515,31.3,1235,20,37,31.3,
2024-05-19T13:59:34.672000+00:00,9515,30.4,1235,14,40,30.4,
2024-05-19T14:14:52.415000+00:00,9515,29.6,1235,63,52,29.6,
2024-05-19T14:25:53.783000+00:00,9515,29.9,1235,14,59,29.9,
2024-05-26T13:44:08.648000+00:00,9523,2358.0,1236,16,1,2358.0,
2024-05-26T13:44:10.929000+00:00,9523,2357.6,1236,81,1,2357.6,
2024-05-26T13:44:15.005000+00:00,9523,2327.0,1236,55,1,2327.0,
2024-05-26T13:44:20.326000+00:00,9523,2365.5,1236,4,1,2365.5,
2024-05-26T13:44:26.200000+00:00,9523,2369.3,1236,63,1,2369.3,
2024-05-26T13:44:31.202000+00:00,9523,2372.6,1236,1,1,2372.6,
2024-05-26T13:44:36.048000+00:00,9523,2375.3,1236,44,1,2375.3,
2024-05-26T13:44:40.843000+00:00,9523,2377.5,1236,22,1,2377.5,
2024-05-26T13:44:47.191000+00:00,9523,2381.3,1236,23,1,2381.3,
2024-05-26T13:44:50.012000+00:00,9523,2381.8,1236,10,1,2381.8,
2024-05-26T13:44:55.032000+00:00,9523,2383.5,1236,18,1,2383.5,
2024-05-26T13:45:00.056000+00:00,9523,2385.8,1236,3,1,2385.8,
2024-05-26T13:45:05.469000+00:00,9523,2389.4,1236,14,1,2389.4,
2024-05-26T13:45:09.110000+00:00,9523,2391.6,1236,2,1,2391.6,
2024-05-26T13:45:13.910000+00:00,9523,2394.0,1236,77,1,2394.0,
2024-05-26T13:45:18.455000+00:00,9523,2386.4,1236,24,1,2386.4,
2024-05-26T14:05:22.140000+00:00,9523,24.2,1236,77,15,24.2,
2024-05-26T14:41:30.599000+00:00,9523,24.1,1236,18,42,24.1,
2024-05-26T14:49:56.313000+00:00,9523,28.2,1236,18,48,28.2,
2024-05-26T14:52:35.455000+00:00,9523,24.2,1236,44,51,24.2,
2024-05-26T14:53:50.854000+00:00,9523,23.8,1236,1,52,23.8,
2024-05-26T15:02:08.732000+00:00,9523,24.3,1236,2,57,24.3,
2024-05-26T15:19:29.604000+00:00,9523,24.3,1236,24,70,24.3,
2024-06-09T18:14:57.067000+00:00,9531,30.4,1237,20,7,30.4,
2024-06-09T18:22:58.338000+00:00,9531,24.2,1237,27,12,24.2,
2024-06-09T18:41:08.894000+00:00,9531,25.5,1237,24,24,25.5,
2024-06-09T18:41:16.833000+00:00,9531,24.3,1237,1,25,24.3,
2024-06-09T18:41:17.188000+00:00,9531,24.0,1237,63,25,24.0,
2024-06-09T18:41:18.206000+00:00,9531,23.9,1237,81,25,23.9,
2024-06-09T18:41:37.963000+00:00,9531,23.7,1237,44,25,23.7,
2024-06-09T18:41:39.235000+00:00,9531,25.7,1237,14,25,25.7,
2024-06-09T18:42:12.056000+00:00,9531,24.2,1237,18,25,24.2,
2024-06-09T18:42:19.997000+00:00,9531,24.7,1237,23,25,24.7,
2024-06-09T18:42:23.162000+00:00,9531,24.0,1237,16,25,24.0,
2024-06-09T18:42:30.087000+00:00,9531,27.6,1237,55,25,27.6,
2024-06-09T18:42:30.955000+00:00,9531,26.7,1237,20,25,26.7,
2024-06-09T18:42:31.911000+00:00,9531,24.9,1237,10,25,24.9,
2024-06-09T18:42:43.648000+00:00,9531,33.7,1237,11,25,33.7,
2024-06-09T18:42:46.791000+00:00,9531,24.6,1237,27,25,24.6,
2024-06-09T18:43:08.307000+00:00,9531,23.4,1237,4,26,23.4,
2024-06-09T18:44:07.949000+00:00,9531,30.2,1237,3,26,30.2,
2024-06-09T18:48:19.047000+00:00,9531,47.1,1237,16,28,47.1,
2024-06-09T18:53:57.163000+00:00,9531,24.6,1237,16,31,24.6,
2024-06-09T19:06:20.775000+00:00,9531,24.4,1237,10,40,24.4,
2024-06-09T19:07:49.606000+00:00,9531,24.8,1237,20,41,24.8,
2024-06-09T19:09:10.865000+00:00,9531,24.9,1237,77,42,24.9,
2024-06-09T19:10:11.665000+00:00,9531,24.2,1237,44,43,24.2,
2024-06-09T19:10:34.901000+00:00,9531,23.8,1237,3,43,23.8,
2024-06-09T19:10:37.059000+00:00,9531,24.1,1237,55,43,24.1,
2024-06-09T19:10:37.798000+00:00,9531,24.4,1237,11,43,24.4,
2024-06-09T19:11:34.047000+00:00,9531,23.4,1237,81,44,23.4,
2024-06-09T19:11:48.531000+00:00,9531,24.3,1237,14,44,24.3,
2024-06-09T19:11:52.689000+00:00,9531,25.5,1237,22,44,25.5,
2024-06-09T19:11:55.703000+00:00,9531,25.0,1237,18,44,25.0,
2024-06-09T19:11:57.263000+00:00,9531,24.4,1237,31,44,24.4,
2024-06-09T19:11:59.794000+00:00,9531,24.8,1237,23,44,24.8,
2024-06-09T19:12:08.566000+00:00,9531,24.7,1237,27,44,24.7,
2024-06-09T19:12:53.824000+00:00,9531,24.2,1237,1,45,24.2,
2024-06-09T19:12:57.884000+00:00,9531,25.4,1237,63,45,25.4,
2024-06-09T19:12:59.918000+00:00,9531,65.5,1237,24,44,65.5,
2024-06-09T19:15:43.631000+00:00,9531,23.9,1237,4,47,23.9,
2024-06-09T19:25:31.543000+00:00,9531,28.3,1237,24,52,28.3,
2024-06-09T19:25:48.175000+00:00,9531,28.1,1237,63,54,28.1,
2024-06-09T19:25:54.234000+00:00,9531,28.8,1237,44,54,28.8,
2024-06-09T19:26:52.500000+00:00,9531,26.8,1237,20,54,26.8,
2024-06-23T13:16:10.214000+00:00,9539,22.5,1238,24,9,22.5,
2024-06-23T13:16:11.335000+00:00,9539,22.0,1238,22,9,22.0,
2024-06-23T13:17:32.083000+00:00,9539,23.3,1238,20,10,23.3,
2024-06-23T13:18:51.710000+00:00,9539,22.7,1238,77,11,22.7,
2024-06-23T13:20:08.058000+00:00,9539,22.7,1238,27,12,22.7,
2024-06-23T13:21:25.661000+00:00,9539,21.8,1238,31,13,21.8,
2024-06-23T13:21:28.108000+00:00,9539,22.1,1238,11,13,22.1,
2024-06-23T13:22:46.357000+00:00,9539,26.0,1238,10,14,26.0,
2024-06-23T13:23:07.967000+00:00,9539,22.4,1238,2,14,22.4,
2024-06-23T13:23:59.253000+00:00,9539,25.0,1238,63,15,25.0,
2024-06-23T13:23:59.579000+00:00,9539,22.1,1238,55,15,22.1,
2024-06-23T13:25:20.180000+00:00,9539,21.8,1238,44,16,21.8,
2024-06-23T13:25:47.108000+00:00,9539,22.3,1238,3,16,22.3,
2024-06-23T13:26:33.819000+00:00,9539,21.5,1238,1,17,21.5,
2024-06-23T13:27:01.983000+00:00,9539,21.8,1238,18,17,21.8,
2024-06-23T13:28:39.113000+00:00,9539,23.2,1238,23,18,23.2,
2024-06-23T13:29:48.043000+00:00,9539,21.9,1238,14,19,21.9,
2024-06-23T13:32:17.699000+00:00,9539,22.2,1238,81,21,22.2,
2024-06-23T13:34:43.606000+00:00,9539,21.6,1238,4,23,21.6,
2024-06-23T13:36:12.078000+00:00,9539,22.2,1238,16,24,22.2,
2024-06-23T13:41:07.510000+00:00,9539,22.0,1238,22,27,22.0,
2024-06-23T13:42:21.765000+00:00,9539,22.9,1238,77,28,22.9,
2024-06-23T13:43:52.100000+00:00,9539,28.9,1238,20,29,28.9,
2024-06-23T13:46:05.658000+00:00,9539,21.4,1238,11,31,21.4,
2024-06-23T13:50:51.692000+00:00,9539,22.5,1238,2,34,22.5,
2024-06-23T13:52:24.915000+00:00,9539,22.7,1238,63,36,22.7,
2024-06-23T13:52:28.245000+00:00,9539,22.2,1238,55,36,22.2,
2024-06-23T13:54:16.424000+00:00,9539,21.9,1238,31,37,21.9,
2024-06-23T13:54:30.700000+00:00,9539,23.3,1238,18,37,23.3,
2024-06-23T13:55:28.473000+00:00,9539,21.6,1238,10,38,21.6,
2024-06-23T13:55:41.083000+00:00,9539,22.5,1238,27,38,22.5,
2024-06-23T13:59:56.159000+00:00,9539,24.2,1238,24,41,24.2,
2024-06-23T14:01:24.423000+00:00,9539,22.1,1238,3,42,22.1,
2024-06-23T14:01:43.645000+00:00,9539,21.6,1238,44,43,21.6,
2024-06-23T14:02:52.696000+00:00,9539,22.3,1238,1,44,22.3,
2024-06-23T14:02:56.355000+00:00,9539,21.8,1238,23,43,21.8,
2024-06-23T14:04:29.136000+00:00,9539,22.5,1238,22,44,22.5,
2024-06-23T14:05:17.419000+00:00,9539,22.5,1238,14,45,22.5,
2024-06-23T14:06:00.444000+00:00,9539,22.4,1238,81,46,22.4,
2024-06-23T14:06:54.841000+00:00,9539,22.6,1238,4,47,22.6,
2024-06-23T14:07:06.625000+00:00,9539,21.6,1238,16,47,21.6,
2024-06-23T14:10:14.792000+00:00,9539,21.4,1238,11,49,21.4,
2024-06-30T13:04:53.204000+00:00,9550,31.9,1239,16,1,31.9,
2024-06-30T13:04:55.523000+00:00,9550,31.7,1239,2,1,31.7,
2024-06-30T13:15:24.903000+00:00,9550,21.5,1239,20,10,21.5,
2024-06-30T13:15:25.998000+00:00,9550,21.5,1239,3,10,21.5,
2024-06-30T13:16:35.747000+00:00,9550,22.3,1239,27,11,22.3,
2024-06-30T13:16:40.741000+00:00,9550,21.4,1239,14,11,21.4,
2024-06-30T13:17:53.027000+00:00,9550,21.8,1239,23,12,21.8,
2024-06-30T13:23:00.965000+00:00,9550,21.6,1239,16,16,21.6,
2024-06-30T13:26:14.563000+00:00,9550,22.2,1239,31,19,22.2,
2024-06-30T13:26:23.447000+00:00,9550,21.9,1239,77,19,21.9,
2024-06-30T13:27:27.391000+00:00,9550,21.4,1239,10,20,21.4,
2024-06-30T13:27:33.892000+00:00,9550,21.3,1239,18,20,21.3,
2024-06-30T13:28:14.659000+00:00,9550,22.5,1239,2,20,22.5,
2024-06-30T13:28:25.744000+00:00,9550,21.5,1239,44,21,21.5,
2024-06-30T13:28:31.893000+00:00,9550,21.2,1239,11,21,21.2,
2024-06-30T13:28:43.636000+00:00,9550,21.2,1239,22,21,21.2,
2024-06-30T13:29:31.828000+00:00,9550,21.6,1239,63,22,21.6,
2024-06-30T13:29:34.062000+00:00,9550,21.2,1239,55,22,21.2,
2024-06-30T13:30:32.553000+00:00,9550,21.8,1239,1,23,21.8,
2024-06-30T13:30:38.218000+00:00,9550,21.6,1239,4,23,21.6,
2024-06-30T13:33:11.119000+00:00,9550,20.9,1239,81,25,20.9,
2024-06-30T13:37:32.855000+00:00,9550,23.1,1239,24,28,23.1,
2024-06-30T13:43:26.505000+00:00,9550,22.2,1239,16,33,22.2,
2024-06-30T13:45:53.752000+00:00,9550,33.9,1239,14,35,33.9,
2024-06-30T13:48:00.851000+00:00,9550,21.0,1239,3,37,21.0,
2024-06-30T13:49:11.394000+00:00,9550,21.8,1239,20,38,21.8,
2024-06-30T13:50:18.236000+00:00,9550,21.8,1239,27,39,21.8,
2024-06-30T13:50:33.828000+00:00,9550,21.6,1239,23,39,21.6,
2024-06-30T13:54:02.921000+00:00,9550,22.0,1239,10,42,22.0,
2024-06-30T13:54:11.713000+00:00,9550,21.9,1239,77,42,21.9,
2024-06-30T13:55:14.488000+00:00,9550,21.2,1239,31,43,21.2,
2024-06-30T13:55:20.077000+00:00,9550,21.3,1239,18,43,21.3,
2024-06-30T13:56:31.100000+00:00,9550,23.4,1239,22,44,23.4,
2024-06-30T13:58:03.267000+00:00,9550,21.2,1239,63,46,21.2,
2024-06-30T13:59:17.091000+00:00,9550,21.2,1239,55,47,21.2,
2024-06-30T14:03:26.889000+00:00,9550,22.0,1239,2,49,22.0,
2024-06-30T14:03:40.307000+00:00,9550,25.8,1239,1,51,25.8,
2024-06-30T14:03:43.418000+00:00,9550,21.4,1239,4,51,21.4,
2024-06-30T14:04:02.252000+00:00,9550,20.7,1239,81,51,20.7,
2024-06-30T14:04:31.937000+00:00,9550,27.5,1239,11,51,27.5,
2024-06-30T14:04:54.872000+00:00,9550,20.9,1239,16,51,20.9,
2024-06-30T14:05:25.103000+00:00,9550,21.5,1239,24,51,21.5,
2024-06-30T14:06:34.098000+00:00,9550,27.2,1239,44,53,27.2,
2024-06-30T14:19:30.264000+00:00,9550,22.7,1239,1,64,22.7,
2024-06-30T14:25:54.074000+00:00,9550,22.4,1239,14,68,22.4,
2024-07-07T14:22:36.871000+00:00,9558,29.1,1240,24,12,29.1,
2024-07-07T14:33:20.548000+00:00,9558,28.4,1240,16,19,28.4,
2024-07-07T14:33:28.571000+00:00,9558,28.3,1240,11,19,28.3,
2024-07-07T14:33:50.761000+00:00,9558,28.4,1240,31,19,28.4,
2024-07-07T14:34:16.841000+00:00,9558,29.8,1240,24,19,29.8,
2024-07-07T14:37:31.335000+00:00,9558,28.2,1240,31,21,28.2,
2024-07-07T14:44:10.113000+00:00,9558,28.3,1240,1,26,28.3,
2024-07-07T14:44:12.103000+00:00,9558,29.1,1240,55,26,29.1,
2024-07-07T14:44:29.373000+00:00,9558,29.4,1240,27,26,29.4,
2024-07-07T14:44:31.110000+00:00,9558,29.0,1240,18,26,29.0,
2024-07-07T14:44:53.151000+00:00,9558,28.8,1240,3,26,28.8,
2024-07-07T14:45:13.048000+00:00,9558,30.6,1240,77,26,30.6,
2024-07-07T14:45:43.021000+00:00,9558,28.6,1240,4,27,28.6,
2024-07-07T14:45:46.533000+00:00,9558,28.9,1240,44,27,28.9,
2024-07-07T14:45:53.162000+00:00,9558,32.0,1240,63,27,32.0,
2024-07-07T14:46:21.489000+00:00,9558,29.3,1240,14,27,29.3,
2024-07-07T14:46:23.350000+00:00,9558,30.0,1240,22,27,30.0,
2024-07-07T14:46:27.115000+00:00,9558,29.2,1240,31,26,29.2,
2024-07-07T14:46:28.874000+00:00,9558,34.7,1240,23,27,34.7,
2024-07-07T14:46:30.479000+00:00,9558,30.3,1240,20,27,30.3,
2024-07-07T14:46:35.044000+00:00,9558,32.8,1240,2,27,32.8,
2024-07-07T14:47:09.190000+00:00,9558,29.1,1240,24,26,29.1,
2024-07-07T14:47:42.392000+00:00,9558,29.5,1240,81,28,29.5,
2024-07-07T14:47:47.730000+00:00,9558,29.2,1240,16,27,29.2,
2024-07-07T14:49:46.310000+00:00,9558,32.3,1240,11,28,32.3,
2024-07-07T15:04:12.072000+00:00,9558,29.8,1240,20,37,29.8,
2024-07-07T15:04:14.921000+00:00,9558,29.8,1240,3,37,29.8,
2024-07-07T15:04:37.729000+00:00,9558,31.5,1240,77,37,31.5,
2024-07-07T15:04:39.618000+00:00,9558,30.0,1240,44,38,30.0,
2024-07-07T15:04:44.360000+00:00,9558,29.0,1240,1,38,29.0,
2024-07-07T15:04:58.871000+00:00,9558,29.2,1240,81,38,29.2,
2024-07-07T15:05:10.357000+00:00,9558,29.1,1240,16,37,29.1,
2024-07-07T15:05:29.184000+00:00,9558,29.3,1240,11,37,29.3,
2024-07-07T15:05:33.207000+00:00,9558,29.6,1240,14,38,29.6,
2024-07-07T15:05:38.006000+00:00,9558,29.6,1240,22,38,29.6,
2024-07-07T15:05:40.930000+00:00,9558,29.4,1240,23,38,29.4,
2024-07-07T15:05:53.739000+00:00,9558,29.4,1240,2,38,29.4,
2024-07-07T15:06:15.514000+00:00,9558,30.3,1240,4,39,30.3,
2024-07-07T15:06:34.386000+00:00,9558,33.0,1240,24,37,33.0,
2024-07-07T15:06:35.846000+00:00,9558,29.0,1240,55,39,29.0,
2024-07-07T15:06:59.589000+00:00,9558,30.2,1240,27,39,30.2,
2024-07-07T15:07:03.351000+00:00,9558,29.4,1240,18,39,29.4,
2024-07-07T15:07:22.420000+00:00,9558,29.0,1240,31,38,29.0,
2024-07-07T15:21:08.369000+00:00,9558,28.8,1240,11,47,28.8,
2024-07-07T15:23:29.144000+00:00,9558,28.7,1240,55,50,28.7,
2024-07-21T13:06:24.217000+00:00,9566,22.2,1241,27,2,22.2,
2024-07-21T13:12:05.656000+00:00,9566,22.0,1241,23,6,22.0,
2024-07-21T13:12:06.276000+00:00,9566,21.8,1241,20,6,21.8,
2024-07-21T13:12:09.585000+00:00,9566,21.8,1241,31,6,21.8,
2024-07-21T13:13:28.576000+00:00,9566,22.5,1241,14,7,22.5,
2024-07-21T13:13:29.972000+00:00,9566,21.0,1241,3,7,21.0,
2024-07-21T13:13:37.622000+00:00,9566,21.9,1241,24,7,21.9,
2024-07-21T13:15:00.663000+00:00,9566,21.7,1241,2,8,21.7,
2024-07-21T13:23:25.719000+00:00,9566,23.2,1241,18,14,23.2,
2024-07-21T13:25:58.070000+00:00,9566,21.3,1241,44,16,21.3,
2024-07-21T13:26:20.677000+00:00,9566,22.1,1241,77,16,22.1,
2024-07-21T13:27:17.491000+00:00,9566,21.8,1241,4,17,21.8,
2024-07-21T13:28:37.926000+00:00,9566,21.6,1241,81,18,21.6,
2024-07-21T13:33:00.759000+00:00,9566,22.1,1241,1,21,22.1,
2024-07-21T13:33:09.169000+00:00,9566,21.6,1241,55,21,21.6,
2024-07-21T13:35:53.032000+00:00,9566,21.8,1241,16,23,21.8,
2024-07-21T13:43:25.912000+00:00,9566,21.3,1241,11,28,21.3,
2024-07-21T13:43:38.770000+00:00,9566,21.4,1241,10,28,21.4,
2024-07-21T13:43:45.142000+00:00,9566,21.3,1241,3,28,21.3,
2024-07-21T13:44:49.927000+00:00,9566,21.4,1241,22,29,21.4,
2024-07-21T13:45:08.414000+00:00,9566,22.4,1241,27,29,22.4,
2024-07-21T13:45:10.742000+00:00,9566,23.4,1241,23,29,23.4,
2024-07-21T13:46:39.865000+00:00,9566,21.4,1241,31,30,21.4,
2024-07-21T13:50:31.708000+00:00,9566,21.3,1241,63,33,21.3,
2024-07-21T13:50:56.807000+00:00,9566,21.3,1241,2,33,21.3,
2024-07-21T13:52:20.306000+00:00,9566,22.5,1241,20,34,22.5,
2024-07-21T13:55:25.996000+00:00,9566,22.1,1241,24,36,22.1,
2024-07-21T13:56:19.367000+00:00,9566,21.8,1241,14,37,21.8,
2024-07-21T13:59:50.770000+00:00,9566,21.9,1241,44,40,21.9,
2024-07-21T13:59:51.867000+00:00,9566,21.7,1241,16,40,21.7,
2024-07-21T14:06:40.704000+00:00,9566,21.2,1241,4,45,21.2,
2024-07-21T14:07:40.324000+00:00,9566,22.2,1241,18,45,22.2,
2024-07-21T14:07:58.265000+00:00,9566,21.9,1241,77,45,21.9,
2024-07-21T14:09:27.380000+00:00,9566,21.8,1241,81,47,21.8,
2024-07-21T14:09:45.943000+00:00,9566,21.4,1241,55,47,21.4,
2024-07-21T14:10:07.588000+00:00,9566,21.0,1241,11,47,21.0,
2024-07-21T14:12:24.668000+00:00,9566,21.3,1241,1,49,21.3,
2024-07-21T14:18:26.955000+00:00,9566,21.3,1241,63,53,21.3,
2024-07-21T14:33:45.149000+00:00,9566,21.9,1241,2,63,21.9,
2024-07-21T14:35:08.797000+00:00,9566,21.3,1241,31,64,21.3,
2024-07-28T13:17:24.624000+00:00,9574,23.5,1242,27,7,23.5,
2024-07-28T13:19:10.060000+00:00,9574,23.6,1242,23,8,23.6,
2024-07-28T13:19:12.907000+00:00,9574,22.6,1242,3,8,22.6,
2024-07-28T13:19:19.028000+00:00,9574,23.3,1242,2,8,23.3,
2024-07-28T13:21:03.384000+00:00,9574,22.9,1242,10,9,22.9,
2024-07-28T13:22:42.566000+00:00,9574,22.6,1242,63,10,22.6,
2024-07-28T13:22:45.409000+00:00,9574,23.2,1242,1,10,23.2,
2024-07-28T13:24:25.722000+00:00,9574,23.1,1242,44,11,23.1,
2024-07-28T13:24:30.065000+00:00,9574,22.6,1242,11,11,22.6,
2024-07-28T13:24:31.174000+00:00,9574,22.6,1242,81,11,22.6,
2024-07-28T13:24:45.955000+00:00,9574,23.1,1242,77,11,23.1,
2024-07-28T13:26:17.756000+00:00,9574,22.9,1242,16,12,22.9,
2024-07-28T13:26:35.403000+00:00,9574,23.3,1242,31,12,23.3,
2024-07-28T13:26:38.729000+00:00,9574,23.0,1242,18,12,23.0,
2024-07-28T13:28:22.402000+00:00,9574,23.0,1242,14,13,23.0,
2024-07-28T13:31:52.973000+00:00,9574,22.6,1242,4,15,22.6,
2024-07-28T13:32:19.721000+00:00,9574,23.4,1242,22,15,23.4,
2024-07-28T13:35:57.049000+00:00,9574,23.6,1242,20,17,23.6,
2024-07-28T13:40:57.194000+00:00,9574,23.0,1242,55,20,23.0,
2024-07-28T13:41:36.270000+00:00,9574,23.2,1242,27,20,23.2,
2024-07-28T13:42:57.879000+00:00,9574,22.6,1242,11,21,22.6,
2024-07-28T13:43:18.205000+00:00,9574,22.3,1242,3,21,22.3,
2024-07-28T13:46:57.912000+00:00,9574,23.1,1242,23,23,23.1,
2024-07-28T13:49:10.623000+00:00,9574,23.6,1242,2,24,23.6,
2024-07-28T13:50:03.231000+00:00,9574,23.3,1242,16,25,23.3,
2024-07-28T13:51:47.753000+00:00,9574,22.7,1242,44,26,22.7,
2024-07-28T13:55:34.221000+00:00,9574,22.9,1242,1,28,22.9,
2024-07-28T13:55:40.948000+00:00,9574,23.0,1242,55,28,23.0,
2024-07-28T13:56:09.349000+00:00,9574,22.8,1242,10,28,22.8,
2024-07-28T13:57:22.371000+00:00,9574,22.6,1242,4,29,22.6,
2024-07-28T13:59:03.646000+00:00,9574,24.1,1242,81,30,24.1,
2024-07-28T13:59:38.848000+00:00,9574,23.5,1242,31,30,23.5,
2024-07-28T14:08:54.722000+00:00,9574,22.9,1242,77,35,22.9,
2024-07-28T14:21:03.852000+00:00,9574,22.6,1242,11,42,22.6,
2024-08-25T13:19:18.319000+00:00,9582,21.2,1243,23,12,21.2,
2024-08-25T13:21:48.477000+00:00,9582,21.6,1243,27,14,21.6,
2024-08-25T13:21:48.821000+00:00,9582,21.2,1243,22,14,21.2,
2024-08-25T13:23:11.905000+00:00,9582,21.0,1243,77,15,21.0,
2024-08-25T13:27:15.008000+00:00,9582,21.2,1243,24,18,21.2,
2024-08-25T13:32:23.447000+00:00,9582,22.0,1243,2,22,22.0,
2024-08-25T13:33:18.033000+00:00,9582,21.1,1243,44,23,21.1,
2024-08-25T13:34:18.648000+00:00,9582,20.8,1243,16,24,20.8,
2024-08-25T13:35:34.224000+00:00,9582,21.8,1243,63,25,21.8,
2024-08-25T13:38:00.708000+00:00,9582,20.7,1243,1,27,20.7,
2024-08-25T13:39:10.796000+00:00,9582,21.5,1243,4,28,21.5,
2024-08-25T13:40:46.942000+00:00,9582,22.9,1243,11,29,22.9,
2024-08-25T13:41:13.508000+00:00,9582,20.9,1243,3,29,20.9,
2024-08-25T13:42:03.037000+00:00,9582,20.8,1243,55,30,20.8,
2024-08-25T13:42:27.754000+00:00,9582,21.3,1243,18,30,21.3,
2024-08-25T13:42:38.935000+00:00,9582,21.0,1243,31,30,21.0,
2024-08-25T13:43:41.426000+00:00,9582,21.3,1243,14,31,21.3,
2024-08-25T13:44:54.767000+00:00,9582,22.6,1243,10,32,22.6,
2024-08-25T13:45:12.246000+00:00,9582,20.8,1243,22,32,20.8,
2024-08-25T13:45:43.994000+00:00,9582,20.9,1243,81,33,20.9,
2024-08-25T13:55:32.659000+00:00,9582,21.4,1243,20,40,21.4,
2024-08-25T13:59:34.144000+00:00,9582,21.2,1243,77,43,21.2,
2024-08-25T14:05:02.172000+00:00,9582,21.0,1243,44,48,21.0,
2024-08-25T14:10:20.051000+00:00,9582,22.0,1243,24,51,22.0,
2024-08-25T14:12:24.747000+00:00,9582,21.1,1243,63,54,21.1,
2024-08-25T14:13:22.343000+00:00,9582,21.0,1243,23,54,21.0,
2024-09-01T13:11:37.491000+00:00,9590,38.8,1244,27,5,38.8,
2024-09-01T13:18:33.172000+00:00,9590,24.3,1244,10,10,24.3,
2024-09-01T13:19:55.341000+00:00,9590,32.6,1244,63,11,32.6,
2024-09-01T13:20:02.519000+00:00,9590,30.3,1244,3,11,30.3,
2024-09-01T13:21:19.343000+00:00,9590,24.8,1244,14,12,24.8,
2024-09-01T13:23:51.408000+00:00,9590,24.1,1244,4,14,24.1,
2024-09-01T13:24:14.191000+00:00,9590,25.6,1244,20,14,25.6,
2024-09-01T13:25:17.176000+00:00,9590,24.5,1244,16,15,24.5,
2024-09-01T13:25:23.746000+00:00,9590,24.4,1244,44,15,24.4,
2024-09-01T13:25:55.958000+00:00,9590,27.1,1244,24,15,27.1,
2024-09-01T13:26:37.919000+00:00,9590,23.7,1244,81,16,23.7,
2024-09-01T13:27:16.390000+00:00,9590,25.1,1244,43,16,25.1,
2024-09-01T13:28:30.112000+00:00,9590,24.8,1244,23,17,24.8,
2024-09-01T13:31:02.505000+00:00,9590,24.3,1244,55,19,24.3,
2024-09-01T13:31:32.794000+00:00,9590,24.9,1244,18,19,24.9,
2024-09-01T13:35:25.550000+00:00,9590,28.1,1244,1,22,28.1,
2024-09-01T13:36:51.246000+00:00,9590,24.7,1244,11,23,24.7,
2024-09-01T13:47:30.599000+00:00,9590,24.2,1244,10,30,24.2,
2024-09-01T13:48:44.910000+00:00,9590,24.1,1244,31,31,24.1,
2024-09-01T13:49:24.643000+00:00,9590,24.8,1244,4,32,24.8,
2024-09-01T13:50:42.556000+00:00,9590,36.5,1244,27,32,36.5,
2024-09-01T13:51:18.271000+00:00,9590,26.2,1244,63,33,26.2,
2024-09-01T13:51:49.466000+00:00,9590,24.4,1244,77,33,24.4,
2024-09-01T13:54:02.598000+00:00,9590,24.0,1244,11,35,24.0,
2024-09-01T13:54:20.055000+00:00,9590,24.5,1244,14,35,24.5,
2024-09-01T13:56:01.044000+00:00,9590,24.2,1244,18,36,24.2,
2024-09-01T13:56:35.902000+00:00,9590,24.1,1244,44,37,24.1,
2024-09-01T13:57:41.127000+00:00,9590,24.6,1244,81,38,24.6,
2024-09-01T14:02:19.148000+00:00,9590,24.1,1244,1,41,24.1,
2024-09-01T14:16:07.298000+00:00,9590,25.2,1244,18,50,25.2,
2024-09-15T11:06:42.160000+00:00,9598,21.1,1245,18,1,21.1,
2024-09-15T11:23:01.011000+00:00,9598,20.5,1245,43,10,20.5,
2024-09-15T11:24:48.471000+00:00,9598,20.0,1245,14,11,20.0,
2024-09-15T11:25:22.131000+00:00,9598,20.0,1245,77,11,20.0,
2024-09-15T11:26:32.458000+00:00,9598,21.1,1245,1,12,21.1,
2024-09-15T11:26:35.450000+00:00,9598,19.9,1245,63,12,19.9,
2024-09-15T11:26:55.973000+00:00,9598,21.2,1245,44,12,21.2,
2024-09-15T11:27:15.657000+00:00,9598,20.9,1245,22,12,20.9,
2024-09-15T11:28:13.148000+00:00,9598,20.6,1245,11,13,20.6,
2024-09-15T11:30:31.510000+00:00,9598,21.2,1245,50,14,21.2,
2024-09-15T11:31:49.530000+00:00,9598,20.1,1245,81,15,20.1,
2024-09-15T11:32:19.677000+00:00,9598,21.6,1245,27,15,21.6,
2024-09-15T11:33:34.615000+00:00,9598,20.6,1245,16,16,20.6,
2024-09-15T11:35:33.370000+00:00,9598,21.4,1245,55,17,21.4,
2024-09-15T11:45:38.278000+00:00,9598,20.2,1245,18,22,20.2,
2024-09-15T12:01:15.716000+00:00,9598,20.2,1245,23,31,20.2,
2024-09-15T12:07:33.526000+00:00,9598,20.5,1245,24,34,20.5,
2024-09-15T12:12:01.387000+00:00,9598,19.7,1245,4,37,19.7,
2024-09-15T12:33:34.735000+00:00,9598,20.7,1245,1,49,20.7,
2024-09-15T12:34:35.128000+00:00,9598,21.9,1245,3,49,21.9,
2024-09-15T12:35:03.839000+00:00,9598,20.6,1245,31,49,20.6,
2024-09-15T12:36:40.927000+00:00,9598,20.2,1245,10,50,20.2,
2024-09-22T12:21:17.341000+00:00,9606,30.3,1246,3,10,30.3,
2024-09-22T12:22:52.705000+00:00,9606,29.1,1246,23,11,29.1,
2024-09-22T12:26:07.271000+00:00,9606,29.3,1246,55,13,29.3,
2024-09-22T12:32:24.811000+00:00,9606,29.2,1246,44,17,29.2,
2024-09-22T12:45:51.540000+00:00,9606,29.2,1246,14,25,29.2,
2024-09-22T12:48:02.117000+00:00,9606,29.8,1246,18,26,29.8,
2024-09-22T12:48:51.363000+00:00,9606,28.7,1246,63,27,28.7,
2024-09-22T12:50:55.951000+00:00,9606,28.9,1246,11,28,28.9,
2024-09-22T12:51:17.715000+00:00,9606,29.7,1246,20,28,29.7,
2024-09-22T12:51:58.937000+00:00,9606,29.6,1246,1,29,29.6,
2024-09-22T12:52:30.694000+00:00,9606,29.8,1246,27,29,29.8,
2024-09-22T12:52:32.748000+00:00,9606,29.7,1246,43,29,29.7,
2024-09-22T12:52:52.879000+00:00,9606,29.6,1246,31,29,29.6,
2024-09-22T12:53:14.632000+00:00,9606,29.0,1246,4,30,29.0,
2024-09-22T12:59:24.565000+00:00,9606,29.6,1246,22,33,29.6,
2024-09-22T12:59:53.659000+00:00,9606,30.4,1246,77,33,30.4,
2024-09-22T13:01:31.680000+00:00,9606,29.3,1246,24,34,29.3,
2024-09-22T13:03:59.209000+00:00,9606,29.0,1246,16,36,29.0,
2024-09-22T13:06:36.761000+00:00,9606,31.5,1246,10,37,31.5,
2024-09-22T13:06:52.128000+00:00,9606,29.1,1246,81,38,29.1,
2024-09-22T13:21:28.626000+00:00,9606,29.0,1246,3,46,29.0,
2024-09-22T13:27:24.320000+00:00,9606,31.2,1246,20,49,31.2,
2024-09-22T13:41:28.946000+00:00,9606,29.6,1246,3,58,29.6,
2024-10-20T19:10:15.705000+00:00,9617,34.983,1247,23,3,34.983,12.5
2024-10-20T19:28:48.028000+00:00,9617,24.433,1247,24,13,24.433,2.8
2024-10-20T19:32:04.880000+00:00,9617,24.439,1247,77,15,24.439,2.9
2024-10-20T19:35:15.642000+00:00,9617,23.966,1247,20,17,23.966,2.6
2024-10-20T19:36:58.722000+00:00,9617,28.228,1247,10,18,28.228,6.9
2024-10-20T19:37:00.812000+00:00,9617,24.193,1247,22,18,24.193,2.6
2024-10-20T19:41:38.183000+00:00,9617,23.963,1247,55,21,23.963,2.6
2024-10-20T19:48:17.561000+00:00,9617,24.228,1247,1,25,24.228,2.7
2024-10-20T19:49:45.492000+00:00,9617,23.817,1247,16,26,23.817,2.5
2024-10-20T19:50:21.889000+00:00,9617,23.58,1247,11,26,23.58,2.3
2024-10-20T19:50:40.317000+00:00,9617,24.247,1247,14,26,24.247,2.7
2024-10-20T19:52:06.297000+00:00,9617,24.5,1247,27,27,24.5,3.0
2024-10-20T19:52:33.253000+00:00,9617,26.399,1247,18,27,26.399,4.7
2024-10-20T19:58:17.472000+00:00,9617,23.731,1247,4,31,23.731,2.2
2024-10-20T19:59:12.307000+00:00,9617,24.156,1247,31,31,24.156,2.5
2024-10-20T20:00:03.248000+00:00,9617,24.107,1247,81,32,24.107,2.6
2024-10-20T20:02:43.018000+00:00,9617,24.391,1247,23,33,24.391,3.0
2024-10-20T20:06:25.241000+00:00,9617,24.89,1247,24,35,24.89,3.0
2024-10-20T20:07:17.103000+00:00,9617,23.839,1247,30,36,23.839,2.5
2024-10-20T20:10:43.657000+00:00,9617,24.087,1247,20,38,24.087,3.0
2024-10-20T20:12:21.335000+00:00,9617,23.971,1247,43,39,23.971,3.3
2024-10-20T20:13:46.808000+00:00,9617,29.327,1247,63,40,29.327,8.0
2024-10-20T20:32:59.117000+00:00,9617,26.175,1247,31,51,26.175,4.6
2024-10-27T20:36:23.517000+00:00,9625,27.73,1248,11,20,27.73,8.1
2024-10-27T20:44:28.025000+00:00,9625,43.73,1248,1,26,43.73,24.0
2024-10-27T20:44:40.300000+00:00,9625,22.592,1248,18,26,22.592,2.5
2024-10-27T20:47:06.281000+00:00,9625,22.538,1248,44,28,22.538,3.1
2024-10-27T20:47:20.014000+00:00,9625,23.204,1248,10,28,23.204,3.5
2024-10-27T20:48:39.726000+00:00,9625,23.077,1248,27,29,23.077,3.2
2024-10-27T20:49:37.868000+00:00,9625,22.111,1248,4,30,22.111,2.3
2024-10-27T20:50:00.893000+00:00,9625,23.332,1248,20,30,23.332,3.8
2024-10-27T20:50:54.123000+00:00,9625,22.86,1248,16,31,22.86,3.1
2024-10-27T20:51:07.736000+00:00,9625,22.462,1248,63,31,22.462,2.8
2024-10-27T20:52:06.503000+00:00,9625,22.249,1248,55,32,22.249,2.7
2024-10-27T21:02:32.103000+00:00,9625,21.825,1248,81,39,21.825,2.0
2024-10-27T21:02:38.497000+00:00,9625,22.586,1248,30,39,22.586,2.9
2024-10-27T21:08:33.457000+00:00,9625,22.935,1248,24,43,22.935,2.9
2024-10-27T21:08:36.792000+00:00,9625,22.174,1248,11,43,22.174,2.6
2024-10-27T21:13:47.146000+00:00,9625,23.895,1248,43,47,23.895,4.4
2024-10-27T21:15:23.096000+00:00,9625,23.245,1248,31,48,23.245,3.2
2024-10-27T21:16:39.366000+00:00,9625,22.505,1248,77,49,22.505,2.5
2024-10-27T21:38:46.256000+00:00,9625,30.299,1248,30,65,30.299,10.4
2024-10-27T21:42:28.014000+00:00,9625,22.69,1248,16,69,22.69,2.8
2024-10-27T21:43:04.158000+00:00,9625,21.92,1248,11,68,21.92,2.1
2024-11-03T16:24:31.874000+00:00,9636,24.573,1249,16,24,24.573,2.6
2024-11-03T16:26:10.648000+00:00,9636,25.369,1249,27,25,25.369,2.9
2024-11-03T16:27:50.033000+00:00,9636,25.287,1249,43,26,25.287,3.5
2024-11-03T16:29:04.454000+00:00,9636,26.05,1249,81,27,26.05,2.7
2024-11-03T16:29:07.063000+00:00,9636,25.107,1249,14,27,25.107,2.6
2024-11-03T16:29:21.294000+00:00,9636,25.205,1249,44,27,25.205,2.7
2024-11-03T16:29:28.104000+00:00,9636,25.9,1249,55,27,25.9,
2024-11-03T16:29:29.277000+00:00,9636,35.7,1249,50,27,35.7,
2024-11-03T16:29:31.909000+00:00,9636,26.6,1249,11,27,26.6,
2024-11-03T16:29:58.131000+00:00,9636,25.2,1249,24,27,25.2,
2024-11-03T16:30:26.235000+00:00,9636,25.6,1249,63,28,25.6,
2024-11-03T16:30:26.835000+00:00,9636,24.7,1249,4,28,24.7,
2024-11-03T16:30:42.947000+00:00,9636,25.4,1249,22,28,25.4,
2024-11-03T16:31:04.523000+00:00,9636,28.167,1249,30,28,28.167,5.4
2024-11-03T16:32:06.153000+00:00,9636,27.067,1249,24,28,27.067,3.7
2024-11-03T16:32:21.233000+00:00,9636,58.984,1249,27,27,58.984,36.0
2024-11-03T16:35:28.710000+00:00,9636,25.239,1249,43,30,25.239,3.3
2024-11-03T16:36:47.096000+00:00,9636,28.59,1249,27,29,28.59,6.1
2024-11-03T17:00:06.199000+00:00,9636,1283.1,1249,24,31,1283.1,
2024-11-03T17:02:07.040000+00:00,9636,1408.6,1249,31,32,1408.6,
2024-11-03T17:02:09.788000+00:00,9636,1409.3,1249,1,32,1409.3,
2024-11-03T17:02:13.315000+00:00,9636,1407.5,1249,10,32,1407.5,
2024-11-03T17:02:22.123000+00:00,9636,1415.3,1249,4,32,1415.3,
2024-11-03T17:02:27.963000+00:00,9636,1415.8,1249,63,32,1415.8,
2024-11-03T17:02:32.857000+00:00,9636,1419.0,1249,22,32,1419.0,
2024-11-03T17:02:36.466000+00:00,9636,1420.2,1249,16,32,1420.2,
2024-11-03T17:02:39.343000+00:00,9636,1420.2,1249,81,32,1420.2,
2024-11-03T17:02:44.066000+00:00,9636,1422.8,1249,14,32,1422.8,
2024-11-03T17:02:46.841000+00:00,9636,1422.7,1249,30,32,1422.7,
2024-11-03T17:02:51.473000+00:00,9636,1425.7,1249,44,32,1425.7,
2024-11-03T17:02:53.242000+00:00,9636,1422.0,1249,77,32,1422.0,
2024-11-03T17:02:57.164000+00:00,9636,1424.6,1249,55,32,1424.6,
2024-11-03T17:02:59.628000+00:00,9636,1425.2,1249,11,32,1425.2,
2024-11-03T17:03:01.408000+00:00,9636,1424.7,1249,50,32,1424.7,
2024-11-03T17:03:04.904000+00:00,9636,68.542,1249,24,32,68.542,38.3
2024-11-24T06:10:57.685000+00:00,9644,21.407,1250,14,4,21.407,2.6
2024-11-24T06:19:06.266000+00:00,9644,21.329,1250,16,9,21.329,2.5
2024-11-24T06:19:07.617000+00:00,9644,21.194,1250,4,9,21.194,2.5
2024-11-24T06:19:18.900000+00:00,9644,22.012,1250,23,9,22.012,3.3
2024-11-24T06:19:33.118000+00:00,9644,34.863,1250,18,9,34.863,14.6
2024-11-24T06:20:42.836000+00:00,9644,21.048,1250,55,10,21.048,2.3
2024-11-24T06:20:51.630000+00:00,9644,21.168,1250,22,10,21.168,2.3
2024-11-24T06:20:51.948000+00:00,9644,22.179,1250,10,10,22.179,3.3
2024-11-24T06:20:58.606000+00:00,9644,27.732,1250,81,10,27.732,8.9
2024-11-24T06:22:21.475000+00:00,9644,20.697,1250,1,11,20.697,2.0
2024-11-24T06:22:29.432000+00:00,9644,15.7,1250,31,11,15.7,
2024-11-24T06:22:38.168000+00:00,9644,22.96,1250,24,11,22.96,3.9
2024-11-24T06:22:39.393000+00:00,9644,21.049,1250,30,11,21.049,2.5
2024-11-24T06:23:51.641000+00:00,9644,21.072,1250,63,12,21.072,2.4
2024-11-24T06:24:29.841000+00:00,9644,21.142,1250,31,12,21.142,2.4
2024-11-24T06:25:45.957000+00:00,9644,21.067,1250,44,13,21.067,2.7
2024-11-24T06:27:37.827000+00:00,9644,21.511,1250,27,14,21.511,2.6
2024-11-24T06:31:11.999000+00:00,9644,21.17,1250,43,16,21.17,2.7
2024-11-24T06:32:42.506000+00:00,9644,21.294,1250,11,17,21.294,2.4
2024-11-24T06:32:54.368000+00:00,9644,21.963,1250,20,17,21.963,2.6
2024-11-24T06:32:56.786000+00:00,9644,21.623,1250,77,17,21.623,2.7
2024-11-24T06:44:31.742000+00:00,9644,21.407,1250,14,24,21.407,2.9
2024-11-24T06:45:59.959000+00:00,9644,21.082,1250,81,25,21.082,2.4
2024-11-24T06:47:56.973000+00:00,9644,21.221,1250,43,26,21.221,2.7
2024-11-24T06:48:53.604000+00:00,9644,22.254,1250,1,27,22.254,3.4
2024-11-24T06:48:56.621000+00:00,9644,21.355,1250,44,27,21.355,2.6
2024-11-24T06:50:36.753000+00:00,9644,20.879,1250,55,28,20.879,2.2
2024-11-24T06:51:18.369000+00:00,9644,21.588,1250,18,28,21.588,2.6
2024-11-24T06:52:36.039000+00:00,9644,21.208,1250,22,29,21.208,2.5
2024-11-24T06:54:02.252000+00:00,9644,20.668,1250,4,30,20.668,2.1
2024-11-24T06:55:28.479000+00:00,9644,21.585,1250,16,31,21.585,2.9
2024-11-24T06:56:48.548000+00:00,9644,20.975,1250,63,32,20.975,2.4
2024-11-24T06:57:41.036000+00:00,9644,21.034,1250,11,32,21.034,2.4
2024-11-24T06:59:12.147000+00:00,9644,21.702,1250,27,33,21.702,2.8
2024-11-24T07:01:07.676000+00:00,9644,21.761,1250,24,34,21.761,2.8
2024-11-24T07:03:12.172000+00:00,9644,22.821,1250,77,35,22.821,3.9
2024-11-24T07:07:50.439000+00:00,9644,20.642,1250,30,38,20.642,2.3
2024-11-24T07:19:22.430000+00:00,9644,21.858,1250,31,45,21.858,2.9
2024-11-24T07:23:21.033000+00:00,9644,21.059,1250,4,48,21.059,2.5
2024-12-01T16:06:16.114000+00:00,9655,29.783,1251,18,1,29.783,3.4
2024-12-01T16:06:47.801000+00:00,9655,32.957,1251,27,1,32.957,6.3
2024-12-01T16:18:02.146000+00:00,9655,41.674,1251,18,7,41.674,15.2
2024-12-01T16:40:26.391000+00:00,9655,32.308,1251,63,23,32.308,7.0
2024-12-01T16:42:26.421000+00:00,9655,29.034,1251,77,24,29.034,2.4
2024-12-01T16:46:33.456000+00:00,9655,28.543,1251,20,27,28.543,2.9
2024-12-01T16:52:37.524000+00:00,9655,28.343,1251,27,31,28.343,2.6
2024-12-01T16:55:56.718000+00:00,9655,27.818,1251,81,34,27.818,3.3
2024-12-01T16:56:29.627000+00:00,9655,36.143,1251,55,34,36.143,9.8
2024-12-01T16:57:12.738000+00:00,9655,28.303,1251,1,35,28.303,2.5
2024-12-01T16:57:15.167000+00:00,9655,37.915,1251,44,34,37.915,10.4
2024-12-01T16:57:16.341000+00:00,9655,28.024,1251,4,35,28.024,3.3
2024-12-01T16:57:32.728000+00:00,9655,28.46,1251,16,35,28.46,2.7
2024-12-01T16:57:58.787000+00:00,9655,28.088,1251,11,35,28.088,2.2
2024-12-01T16:58:20.238000+00:00,9655,28.792,1251,10,35,28.792,3.2
2024-12-01T16:58:28.445000+00:00,9655,27.87,1251,63,35,27.87,2.6
2024-12-01T16:58:30.522000+00:00,9655,28.628,1251,14,35,28.628,2.7
2024-12-01T16:58:33.762000+00:00,9655,29.085,1251,24,35,29.085,3.0
2024-12-01T16:58:53.548000+00:00,9655,29.024,1251,22,35,29.024,3.1
2024-12-01T16:58:55.885000+00:00,9655,29.179,1251,23,35,29.179,3.8
2024-12-01T16:59:14.397000+00:00,9655,45.049,1251,30,35,45.049,14.0
2024-12-01T16:59:57.391000+00:00,9655,23.8,1251,1,36,23.8,
2024-12-01T16:59:58.493000+00:00,9655,23.4,1251,44,35,23.4,
2024-12-01T17:00:03.433000+00:00,9655,25.5,1251,4,36,25.5,
2024-12-01T17:00:05.489000+00:00,9655,28.968,1251,77,35,28.968,3.2
2024-12-01T17:00:06.458000+00:00,9655,25.6,1251,16,36,25.6,
2024-12-01T17:00:07.448000+00:00,9655,22.8,1251,81,36,22.8,
2024-12-01T17:00:16.876000+00:00,9655,22.7,1251,11,36,22.7,
2024-12-01T17:00:36.113000+00:00,9655,22.7,1251,10,36,22.7,
2024-12-01T17:00:45.252000+00:00,9655,22.7,1251,63,36,22.7,
2024-12-01T17:00:47.867000+00:00,9655,22.7,1251,55,36,22.7,
2024-12-01T17:00:53.207000+00:00,9655,23.2,1251,24,36,23.2,
2024-12-01T17:00:56.730000+00:00,9655,28.592,1251,14,36,28.592,2.6
2024-12-01T17:00:56.690000+00:00,9655,22.6,1251,20,36,22.6,
2024-12-01T17:01:10.357000+00:00,9655,22.7,1251,22,36,22.7,
2024-12-01T17:01:11.986000+00:00,9655,22.7,1251,23,36,22.7,
2024-12-01T17:01:14.642000+00:00,9655,23.8,1251,27,36,23.8,
2024-12-01T17:01:31.396000+00:00,9655,22.7,1251,30,36,22.7,
2024-12-01T17:02:44.854000+00:00,9655,22.7,1251,1,37,22.7,
2024-12-01T17:02:50.788000+00:00,9655,26.8,1251,44,36,26.8,
2024-12-01T17:02:53.341000+00:00,9655,28.7,1251,4,37,28.7,
2024-12-01T17:02:54.439000+00:00,9655,28.1,1251,77,36,28.1,
2024-12-01T17:02:56.722000+00:00,9655,28.9,1251,16,37,28.9,
2024-12-01T17:02:58.699000+00:00,9655,29.3,1251,81,37,29.3,
2024-12-01T17:03:00.768000+00:00,9655,29.4,1251,11,37,29.4,
2024-12-01T17:03:04.251000+00:00,9655,30.4,1251,10,37,30.4,
2024-12-01T17:03:08.929000+00:00,9655,34.0,1251,63,37,34.0,
2024-12-01T17:03:10.610000+00:00,9655,34.3,1251,55,37,34.3,
2024-12-01T17:03:12.770000+00:00,9655,34.8,1251,24,37,34.8,
2024-12-01T17:03:15.314000+00:00,9655,32.8,1251,14,37,32.8,
2024-12-01T17:03:16.452000+00:00,9655,33.3,1251,20,37,33.3,
2024-12-01T17:03:21.452000+00:00,9655,35.8,1251,22,37,35.8,
2024-12-01T17:03:23.176000+00:00,9655,36.5,1251,23,37,36.5,
2024-12-01T17:03:26.493000+00:00,9655,37.6,1251,27,37,37.6,
2024-12-01T17:03:31.230000+00:00,9655,26.7,1251,30,37,26.7,
2024-12-01T17:09:51.860000+00:00,9655,29.271,1251,22,40,29.271,3.4
2024-12-01T17:09:59.872000+00:00,9655,34.655,1251,30,40,34.655,3.5
2024-12-01T17:18:36.556000+00:00,9655,36.069,1251,4,45,36.069,10.8
2024-12-01T17:21:28.004000+00:00,9655,22.7,1251,44,47,22.7,
2024-12-01T17:33:23.892000+00:00,9655,39.687,1251,23,55,39.687,14.2
2024-12-08T13:09:54.663000+00:00,9662,24.941,1252,43,3,24.941,4.9
2024-12-08T13:10:50.793000+00:00,9662,23.582,1252,81,4,23.582,4.4
2024-12-08T13:14:05.238000+00:00,9662,41.144,1252,77,6,41.144,21.5
2024-12-08T13:21:14.719000+00:00,9662,23.266,1252,18,11,23.266,4.0
2024-12-08T13:22:47.153000+00:00,9662,26.363,1252,20,12,26.363,7.2
2024-12-08T13:22:49.740000+00:00,9662,23.024,1252,24,12,23.024,3.5
2024-12-08T13:22:50.176000+00:00,9662,22.065,1252,23,12,22.065,3.3
2024-12-08T13:24:07.929000+00:00,9662,21.53,1252,27,13,21.53,2.5
2024-12-08T13:24:13.849000+00:00,9662,23.326,1252,14,13,23.326,4.3
2024-12-08T13:25:34.002000+00:00,9662,22.059,1252,10,14,22.059,2.6
2024-12-08T13:34:35.212000+00:00,9662,21.869,1252,16,20,21.869,2.7
2024-12-08T13:38:02.632000+00:00,9662,21.869,1252,22,22,21.869,2.4
2024-12-08T13:38:05.033000+00:00,9662,22.08,1252,61,22,22.08,2.6
2024-12-08T13:39:28.628000+00:00,9662,23.415,1252,30,23,23.415,4.2
2024-12-08T13:41:24.188000+00:00,9662,22.565,1252,30,24,22.565,3.5
2024-12-08T13:41:44.930000+00:00,9662,21.28,1252,55,25,21.28,2.2
2024-12-08T13:43:11.101000+00:00,9662,21.276,1252,4,26,21.276,2.0
2024-12-08T13:43:34.032000+00:00,9662,21.656,1252,63,26,21.656,2.4
2024-12-08T13:48:20.136000+00:00,9662,32.652,1252,1,29,32.652,13.5
2024-12-08T13:48:41.187000+00:00,9662,21.678,1252,20,29,21.678,2.6
2024-12-08T13:49:25.632000+00:00,9662,32.317,1252,30,29,32.317,12.2
2024-12-08T13:50:44.261000+00:00,9662,22.815,1252,20,30,22.815,2.9
2024-12-08T13:53:11.117000+00:00,9662,22.053,1252,18,32,22.053,2.6
2024-12-08T13:53:15.592000+00:00,9662,32.774,1252,81,32,32.774,13.4
2024-12-08T13:55:40.171000+00:00,9662,21.694,1252,44,34,21.694,2.5
2024-12-08T14:00:33.716000+00:00,9662,22.437,1252,14,37,22.437,3.4
2024-12-08T14:03:51.458000+00:00,9662,28.765,1252,24,39,28.765,9.2
2024-12-08T14:28:28.764000+00:00,9662,22.09,1252,20,55,22.09,2.8
2025-03-16T04:23:12.761000+00:00,9693,13.3,1254,4,2,13.3,
2025-03-16T04:23:14.282000+00:00,9693,13.4,1254,1,2,13.4,
2025-03-16T04:23:15.787000+00:00,9693,13.0,1254,81,2,13.0,
2025-03-16T04:23:18.291000+00:00,9693,13.6,1254,63,2,13.6,
2025-03-16T04:23:21.181000+00:00,9693,14.1,1254,16,2,14.1,
2025-03-16T04:23:24.246000+00:00,9693,14.9,1254,22,2,14.9,
2025-03-16T04:23:26.497000+00:00,9693,15.0,1254,23,2,15.0,
2025-03-16T04:23:28.680000+00:00,9693,15.0,1254,44,2,15.0,
2025-03-16T04:23:31.233000+00:00,9693,15.1,1254,10,2,15.1,
2025-03-16T04:23:33.032000+00:00,9693,15.5,1254,14,2,15.5,
2025-03-16T04:23:35.723000+00:00,9693,15.5,1254,18,2,15.5,
2025-03-16T04:23:37.404000+00:00,9693,15.1,1254,27,2,15.1,
2025-03-16T04:23:38.906000+00:00,9693,14.6,1254,12,2,14.6,
2025-03-16T04:23:40.336000+00:00,9693,14.4,1254,5,2,14.4,
2025-03-16T04:23:42.208000+00:00,9693,14.3,1254,31,2,14.3,
2025-03-16T04:23:44.866000+00:00,9693,14.7,1254,30,2,14.7,
2025-03-16T04:23:45.808000+00:00,9693,14.6,1254,87,2,14.6,
2025-03-16T04:25:54.261000+00:00,9693,12.9,1254,4,3,12.9,
2025-03-16T04:25:56.710000+00:00,9693,13.7,1254,1,3,13.7,
2025-03-16T04:25:58.250000+00:00,9693,13.8,1254,81,3,13.8,
2025-03-16T04:26:00.588000+00:00,9693,14.1,1254,63,3,14.1,
2025-03-16T04:26:03.317000+00:00,9693,14.6,1254,16,3,14.6,
2025-03-16T04:26:07.237000+00:00,9693,15.2,1254,22,3,15.2,
2025-03-16T04:26:11.014000+00:00,9693,16.9,1254,23,3,16.9,
2025-03-16T04:26:12.947000+00:00,9693,16.1,1254,44,3,16.1,
2025-03-16T04:26:14.535000+00:00,9693,15.7,1254,10,3,15.7,
2025-03-16T04:26:16.239000+00:00,9693,16.2,1254,14,3,16.2,
2025-03-16T04:26:18.773000+00:00,9693,16.0,1254,18,3,16.0,
2025-03-16T04:26:20.410000+00:00,9693,15.9,1254,27,3,15.9,
2025-03-16T04:26:22.648000+00:00,9693,16.3,1254,12,3,16.3,
2025-03-16T04:26:24.517000+00:00,9693,16.3,1254,5,3,16.3,
2025-03-16T04:26:26.647000+00:00,9693,16.4,1254,31,3,16.4,
2025-03-16T04:26:29.150000+00:00,9693,16.3,1254,30,3,16.3,
2025-03-16T04:26:30.064000+00:00,9693,16.3,1254,87,3,16.3,
2025-03-16T04:28:30.190000+00:00,9693,12.8,1254,4,4,12.8,
2025-03-16T04:28:32.243000+00:00,9693,12.9,1254,1,4,12.9,
2025-03-16T04:28:33.914000+00:00,9693,12.8,1254,81,4,12.8,
2025-03-16T04:28:37.172000+00:00,9693,13.6,1254,63,4,13.6,
2025-03-16T04:28:39.089000+00:00,9693,14.1,1254,16,4,14.1,
2025-03-16T04:28:42.407000+00:00,9693,13.6,1254,22,4,13.6,
2025-03-16T04:28:44.788000+00:00,9693,14.2,1254,23,4,14.2,
2025-03-16T04:28:47.101000+00:00,9693,14.7,1254,44,4,14.7,
2025-03-16T04:28:49.811000+00:00,9693,14.7,1254,10,4,14.7,
2025-03-16T04:28:51.748000+00:00,9693,15.0,1254,14,4,15.0,
2025-03-16T04:28:54.348000+00:00,9693,14.4,1254,18,4,14.4,
2025-03-16T04:28:56.162000+00:00,9693,14.1,1254,27,4,14.1,
2025-03-16T04:28:57.988000+00:00,9693,13.9,1254,12,4,13.9,
2025-03-16T04:29:00.339000+00:00,9693,14.2,1254,5,4,14.2,
2025-03-16T04:29:08.858000+00:00,9693,19.649,1254,31,4,19.649,2.5
2025-03-16T04:29:09.440000+00:00,9693,18.88,1254,30,4,18.88,2.5
2025-03-16T04:29:15.713000+00:00,9693,22.494,1254,87,4,22.494,2.4
2025-03-16T05:15:54.883000+00:00,9693,18.997,1254,22,33,18.997,2.6
2025-03-16T05:15:55.546000+00:00,9693,18.573,1254,23,33,18.573,2.7
2025-03-16T05:15:57.301000+00:00,9693,18.526,1254,44,33,18.526,2.4
2025-03-16T05:16:00.331000+00:00,9693,19.589,1254,10,33,19.589,3.6
2025-03-16T05:16:04.800000+00:00,9693,18.912,1254,12,33,18.912,2.7
2025-03-16T05:16:26.408000+00:00,9693,18.802,1254,18,33,18.802,2.8
2025-03-16T05:16:36.934000+00:00,9693,21.123,1254,27,33,21.123,5.1
2025-03-16T05:16:41.267000+00:00,9693,18.464,1254,4,34,18.464,2.7
2025-03-16T05:16:45.940000+00:00,9693,24.073,1254,5,33,24.073,5.6
2025-03-16T05:16:49.493000+00:00,9693,19.719,1254,81,34,19.719,3.8
2025-03-16T05:16:53.230000+00:00,9693,20.067,1254,30,33,20.067,2.9
2025-03-16T05:17:05.874000+00:00,9693,18.7,1254,1,34,18.7,2.7
2025-03-16T05:17:27.880000+00:00,9693,19.125,1254,63,34,19.125,2.6
2025-03-16T05:17:35.896000+00:00,9693,18.154,1254,16,34,18.154,2.3
2025-03-16T05:30:19.227000+00:00,9693,18.778,1254,31,39,18.778,2.8
2025-03-16T05:30:28.080000+00:00,9693,22.441,1254,87,39,22.441,4.9
2025-03-16T05:37:14.711000+00:00,9693,18.031,1254,4,44,18.031,3.1
2025-03-16T05:37:22.212000+00:00,9693,19.378,1254,63,44,19.378,2.7
2025-03-16T05:37:23.180000+00:00,9693,18.952,1254,23,44,18.952,3.5
2025-03-16T05:37:26.634000+00:00,9693,18.901,1254,18,44,18.901,2.8
2025-03-16T05:37:28.705000+00:00,9693,21.946,1254,12,44,21.946,3.0
2025-03-16T05:37:29.199000+00:00,9693,20.209,1254,27,44,20.209,4.0
2025-03-16T05:37:44.745000+00:00,9693,26.214,1254,5,44,26.214,9.3
2025-03-16T05:38:42.285000+00:00,9693,19.85,1254,81,44,19.85,4.1
2025-03-16T05:38:52.612000+00:00,9693,19.37,1254,87,44,19.37,2.8
2025-03-16T05:40:24.422000+00:00,9693,18.721,1254,1,46,18.721,2.5
2025-03-16T05:40:37.586000+00:00,9693,19.482,1254,10,46,19.482,3.3
2025-03-16T05:41:57.402000+00:00,9693,19.858,1254,31,46,19.858,2.6
2025-03-16T05:42:48.260000+00:00,9693,20.802,1254,44,47,20.802,2.4
2025-03-16T05:42:54.048000+00:00,9693,24.528,1254,16,47,24.528,3.2
2025-03-16T05:42:55.649000+00:00,9693,19.312,1254,22,47,19.312,2.4
2025-03-23T07:06:04.340000+00:00,9998,23.385,1255,5,1,23.385,3.3
2025-03-23T07:20:44.723000+00:00,9998,23.138,1255,10,10,23.138,3.1
2025-03-23T07:22:19.754000+00:00,9998,22.519,1255,22,11,22.519,2.1
2025-03-23T07:22:21.968000+00:00,9998,23.114,1255,31,11,23.114,2.8
2025-03-23T07:22:27.138000+00:00,9998,22.793,1255,7,11,22.793,2.7
2025-03-23T07:23:56.527000+00:00,9998,22.675,1255,12,12,22.675,2.7
2025-03-23T07:23:59.507000+00:00,9998,22.896,1255,6,12,22.896,3.0
2025-03-23T07:25:26.243000+00:00,9998,22.388,1255,44,13,22.388,2.4
2025-03-23T07:25:31.444000+00:00,9998,22.454,1255,1,13,22.454,2.2
2025-03-23T07:26:57.345000+00:00,9998,23.938,1255,81,14,23.938,3.8
2025-03-23T07:27:01.311000+00:00,9998,22.324,1255,63,14,22.324,2.4
2025-03-23T07:28:37.122000+00:00,9998,22.213,1255,4,15,22.213,2.2
2025-03-23T07:28:42.400000+00:00,9998,22.1,1255,16,15,22.1,
2025-03-23T07:32:20.876000+00:00,9998,22.721,1255,55,17,22.721,2.7
2025-03-23T07:34:04.511000+00:00,9998,22.536,1255,30,18,22.536,2.5
2025-03-23T07:37:11.948000+00:00,9998,23.362,1255,23,20,23.362,3.3
2025-03-23T07:37:39.728000+00:00,9998,22.959,1255,27,20,22.959,2.7
2025-03-23T07:47:11.720000+00:00,9998,22.808,1255,87,26,22.808,2.9
2025-03-23T07:47:46.464000+00:00,9998,22.79,1255,5,26,22.79,2.6
2025-03-23T07:54:02.377000+00:00,9998,22.355,1255,30,30,22.355,2.5
2025-03-23T07:58:46.021000+00:00,9998,22.234,1255,6,33,22.234,2.5
2025-03-23T08:01:56.370000+00:00,9998,22.583,1255,22,35,22.583,2.3
2025-03-23T08:03:32.324000+00:00,9998,22.995,1255,18,36,22.995,3.2
2025-03-23T08:04:48.706000+00:00,9998,22.364,1255,44,37,22.364,2.3
2025-03-23T08:20:25.204000+00:00,9998,38.102,1255,22,46,38.102,17.6
2025-04-06T05:18:42.712000+00:00,10006,23.724,1256,18,9,23.724,2.6
2025-04-06T05:28:10.894000+00:00,10006,23.382,1256,7,15,23.382,2.5
2025-04-06T05:33:59.151000+00:00,10006,23.184,1256,63,19,23.184,2.3
2025-04-06T05:35:38.006000+00:00,10006,23.037,1256,81,20,23.037,2.1
2025-04-06T05:36:57.801000+00:00,10006,24.397,1256,1,21,24.397,3.3
2025-04-06T05:36:57.957000+00:00,10006,23.222,1256,4,21,23.222,2.3
2025-04-06T05:37:04.066000+00:00,10006,23.346,1256,16,21,23.346,2.4
2025-04-06T05:39:09.192000+00:00,10006,23.515,1256,27,22,23.515,2.6
2025-04-06T05:40:33.084000+00:00,10006,24.834,1256,87,23,24.834,3.9
2025-04-06T05:40:38.849000+00:00,10006,24.181,1256,22,23,24.181,2.9
2025-04-06T05:41:59.678000+00:00,10006,23.093,1256,23,24,23.093,2.6
2025-04-06T05:42:11.438000+00:00,10006,25.708,1256,14,24,25.708,4.7
2025-04-06T05:42:14.929000+00:00,10006,26.041,1256,10,24,26.041,4.8
2025-04-06T05:43:29.773000+00:00,10006,23.333,1256,6,25,23.333,2.4
2025-04-06T05:51:11.930000+00:00,10006,22.937,1256,44,30,22.937,2.2
2025-04-06T05:52:06.619000+00:00,10006,23.608,1256,18,30,23.608,2.7
2025-04-06T05:52:41.258000+00:00,10006,24.38,1256,12,31,24.38,3.1
2025-04-06T05:53:22.493000+00:00,10006,23.419,1256,5,31,23.419,2.6
2025-04-06T05:54:54.863000+00:00,10006,24.464,1256,31,32,24.464,3.5
2025-04-06T05:56:25.345000+00:00,10006,23.662,1256,30,33,23.662,2.9
2025-04-06T05:56:27.204000+00:00,10006,23.337,1256,55,33,23.337,2.6
2025-04-13T15:12:43.873000+00:00,10014,24.2,1257,27,5,24.2,
2025-04-13T15:14:22.192000+00:00,10014,25.265,1257,6,6,25.265,3.5
2025-04-13T15:17:35.761000+00:00,10014,24.876,1257,31,8,24.876,2.6
2025-04-13T15:19:15.767000+00:00,10014,24.791,1257,7,9,24.791,2.8
2025-04-13T15:20:47.938000+00:00,10014,29.822,1257,4,10,29.822,7.7
2025-04-13T15:20:49.907000+00:00,10014,25.033,1257,10,10,25.033,2.8
2025-04-13T15:20:52.266000+00:00,10014,26.518,1257,1,10,26.518,4.7
2025-04-13T15:22:35.432000+00:00,10014,26.493,1257,22,11,26.493,4.2
2025-04-13T15:24:07.047000+00:00,10014,24.807,1257,12,12,24.807,2.5
2025-04-13T15:24:25.037000+00:00,10014,24.611,1257,18,12,24.611,2.4
2025-04-13T15:25:38.508000+00:00,10014,24.044,1257,63,13,24.044,2.2
2025-04-13T15:26:07.068000+00:00,10014,24.143,1257,5,13,24.143,2.2
2025-04-13T15:27:13.344000+00:00,10014,24.498,1257,81,14,24.498,2.3
2025-04-13T15:27:36.042000+00:00,10014,24.6,1257,55,14,24.6,2.9
2025-04-13T15:27:38.565000+00:00,10014,24.562,1257,87,14,24.562,2.9
2025-04-13T15:27:44.924000+00:00,10014,25.242,1257,30,14,25.242,3.1
2025-04-13T15:30:58.785000+00:00,10014,25.394,1257,23,16,25.394,3.6
2025-04-13T15:31:03.591000+00:00,10014,24.826,1257,14,16,24.826,2.7
2025-04-13T15:32:17.130000+00:00,10014,24.802,1257,16,17,24.802,2.6
2025-04-13T15:32:26.694000+00:00,10014,24.34,1257,44,17,24.34,2.3
2025-04-13T15:47:39.342000+00:00,10014,28.067,1257,1,26,28.067,6.2
2025-04-13T15:49:11.397000+00:00,10014,24.832,1257,31,27,24.832,2.7
2025-04-13T15:49:11.833000+00:00,10014,24.506,1257,12,27,24.506,2.8
2025-04-13T15:49:32.563000+00:00,10014,24.2,1257,27,27,24.2,
2025-04-13T15:50:43.738000+00:00,10014,24.958,1257,10,28,24.958,2.8
2025-04-13T15:50:56.202000+00:00,10014,25.093,1257,7,28,25.093,3.1
2025-04-13T15:51:07.542000+00:00,10014,24.64,1257,6,28,24.64,2.9
2025-04-13T15:57:04.064000+00:00,10014,24.9,1257,81,32,24.9,2.9
2025-04-13T15:57:12.763000+00:00,10014,24.1,1257,63,32,24.1,2.4
2025-04-13T15:57:14.330000+00:00,10014,24.241,1257,16,32,24.241,2.4
2025-04-13T15:57:16.814000+00:00,10014,24.035,1257,4,32,24.035,2.3
2025-04-13T15:57:30.119000+00:00,10014,24.35,1257,44,32,24.35,2.1
2025-04-13T15:57:56.692000+00:00,10014,24.315,1257,55,32,24.315,2.6
2025-04-13T15:57:58.398000+00:00,10014,24.771,1257,22,32,24.771,2.4
2025-04-13T15:58:03.317000+00:00,10014,24.895,1257,87,32,24.895,3.5
2025-04-13T15:58:03.712000+00:00,10014,25.99,1257,23,32,25.99,2.6
2025-04-13T15:58:06.819000+00:00,10014,24.693,1257,12,32,24.693,2.9
2025-04-13T15:58:10.059000+00:00,10014,24.846,1257,14,32,24.846,2.6
2025-04-13T15:58:20.848000+00:00,10014,24.191,1257,30,32,24.191,2.3
2025-04-13T15:58:22.181000+00:00,10014,24.592,1257,18,32,24.592,2.8
2025-04-13T15:58:30.418000+00:00,10014,25.396,1257,5,32,25.396,3.3
2025-04-13T16:19:49.065000+00:00,10014,37.116,1257,55,44,37.116,15.1
2025-04-20T17:06:43.644000+00:00,10022,20.571,1258,7,1,20.571,2.5
2025-04-20T17:06:45.644000+00:00,10022,21.512,1258,31,1,21.512,3.1
2025-04-20T17:06:46.504000+00:00,10022,21.854,1258,5,1,21.854,3.4
2025-04-20T17:36:05.973000+00:00,10022,22.095,1258,87,18,22.095,4.2
2025-04-20T17:37:06.014000+00:00,10022,21.388,1258,81,19,21.388,3.4
2025-04-20T17:37:20.145000+00:00,10022,20.399,1258,12,19,20.399,2.3
2025-04-20T17:37:38.585000+00:00,10022,21.891,1258,14,19,21.891,3.9
2025-04-20T17:38:45.260000+00:00,10022,20.329,1258,63,20,20.329,2.4
2025-04-20T17:39:10.227000+00:00,10022,20.534,1258,30,20,20.534,2.5
2025-04-20T17:40:15.987000+00:00,10022,26.03,1258,1,21,26.03,8.3
2025-04-20T17:40:41.796000+00:00,10022,24.148,1258,55,21,24.148,6.4
2025-04-20T17:42:19.024000+00:00,10022,22.135,1258,23,22,22.135,5.0
2025-04-20T17:43:43.458000+00:00,10022,20.144,1258,44,23,20.144,2.1
2025-04-20T17:52:49.740000+00:00,10022,20.131,1258,16,29,20.131,2.0
2025-04-20T17:58:38.095000+00:00,10022,21.521,1258,7,32,21.521,3.6
2025-04-20T18:00:03.353000+00:00,10022,20.441,1258,27,33,20.441,2.3
2025-04-20T18:00:38.881000+00:00,10022,20.427,1258,4,34,20.427,2.6
2025-04-20T18:01:14.102000+00:00,10022,20.827,1258,6,34,20.827,3.1
2025-04-20T18:09:33.789000+00:00,10022,20.487,1258,18,39,20.487,2.5
2025-05-04T20:34:44.021000+00:00,10033,22.188,1259,5,19,22.188,2.2
2025-05-04T20:36:21.748000+00:00,10033,22.317,1259,18,20,22.317,2.5
2025-05-04T20:39:20.295000+00:00,10033,22.115,1259,6,22,22.115,2.3
2025-05-04T20:40:53.467000+00:00,10033,23.162,1259,31,23,23.162,3.0
2025-05-04T20:43:43.128000+00:00,10033,24.383,1259,12,25,24.383,4.4
2025-05-04T20:43:47.326000+00:00,10033,22.415,1259,55,25,22.415,2.9
2025-05-04T20:45:11.303000+00:00,10033,22.501,1259,1,26,22.501,2.7
2025-05-04T20:45:15.024000+00:00,10033,21.906,1259,23,26,21.906,2.5
2025-05-04T20:46:56.575000+00:00,10033,22.56,1259,22,27,22.56,2.3
2025-05-04T20:48:37.887000+00:00,10033,23.104,1259,44,28,23.104,3.4
2025-05-04T20:49:02.324000+00:00,10033,23.602,1259,14,28,23.602,3.6
2025-05-04T20:49:36.837000+00:00,10033,22.439,1259,30,28,22.439,2.5
2025-05-04T20:49:50.673000+00:00,10033,22.106,1259,81,29,22.106,2.2
2025-05-04T20:50:02.131000+00:00,10033,22.044,1259,4,29,22.044,2.3
2025-05-04T20:50:24.094000+00:00,10033,24.257,1259,63,29,24.257,4.5
2025-05-04T20:50:32.175000+00:00,10033,22.183,1259,16,29,22.183,2.3
2025-05-04T20:55:38.007000+00:00,10033,22.06,1259,10,32,22.06,2.3
2025-05-04T21:02:11.272000+00:00,10033,22.108,1259,27,36,22.108,2.5
2025-05-18T13:05:35.954000+00:00,9987,30.506,1260,31,1,30.506,2.6
2025-05-18T13:16:32.985000+00:00,9987,31.488,1260,10,9,31.488,3.7
2025-05-18T13:17:48.791000+00:00,9987,29.634,1260,16,10,29.634,2.0
2025-05-18T13:17:54.304000+00:00,9987,29.695,1260,30,10,29.695,2.2
2025-05-18T13:19:09.863000+00:00,9987,29.784,1260,63,11,29.784,2.4
2025-05-18T13:19:11.457000+00:00,9987,30.08,1260,55,11,30.08,3.4
2025-05-18T13:20:32.826000+00:00,9987,30.163,1260,14,12,30.163,2.6
2025-05-18T13:20:40.339000+00:00,9987,30.906,1260,5,12,30.906,3.4
2025-05-18T13:21:45.574000+00:00,9987,30.973,1260,81,13,30.973,3.6
2025-05-18T13:23:21.071000+00:00,9987,31.218,1260,18,14,31.218,3.6
2025-05-18T13:34:31.375000+00:00,9987,30.317,1260,43,22,30.317,2.8
2025-05-18T13:42:09.669000+00:00,9987,29.513,1260,4,28,29.513,2.1
2025-05-18T13:43:28.454000+00:00,9987,29.991,1260,1,29,29.991,2.3
2025-05-18T13:44:04.660000+00:00,9987,30.471,1260,23,29,30.471,2.9
2025-05-18T13:44:16.270000+00:00,9987,30.123,1260,6,29,30.123,2.5
2025-05-18T13:44:16.613000+00:00,9987,30.051,1260,12,29,30.051,2.5
2025-05-18T13:44:16.991000+00:00,9987,29.949,1260,44,29,29.949,2.3
2025-05-18T13:44:24.145000+00:00,9987,31.898,1260,16,29,31.898,2.8
2025-05-18T13:44:27.364000+00:00,9987,30.184,1260,27,29,30.184,2.6
2025-05-18T13:44:30.255000+00:00,9987,30.754,1260,63,29,30.754,2.7
2025-05-18T13:44:30.614000+00:00,9987,31.414,1260,87,29,31.414,2.9
2025-05-18T13:44:36.052000+00:00,9987,29.807,1260,22,29,29.807,2.2
2025-05-18T13:44:37.333000+00:00,9987,30.635,1260,55,29,30.635,3.0
2025-05-18T13:44:52.195000+00:00,9987,32.003,1260,10,29,32.003,3.2
2025-05-18T13:44:53.898000+00:00,9987,30.291,1260,30,29,30.291,2.3
2025-05-18T13:44:56.898000+00:00,9987,30.605,1260,5,29,30.605,3.1
2025-05-18T13:46:06.139000+00:00,9987,30.609,1260,81,30,30.609,3.3
2025-05-18T13:48:38.350000+00:00,9987,56.757,1260,87,31,56.757,29.0
2025-05-18T14:07:31.467000+00:00,9987,29.657,1260,1,46,29.657,2.1
2025-05-18T14:08:00.101000+00:00,9987,31.675,1260,4,46,31.675,4.4
2025-05-18T14:08:32.132000+00:00,9987,29.95,1260,44,46,29.95,2.1
2025-05-18T14:08:41.836000+00:00,9987,30.096,1260,6,46,30.096,2.6
2025-05-18T14:09:17.721000+00:00,9987,30.886,1260,14,46,30.886,3.1
2025-05-18T14:09:24.776000+00:00,9987,34.496,1260,18,46,34.496,4.1
2025-05-18T14:09:28.081000+00:00,9987,31.107,1260,43,46,31.107,3.2
2025-05-18T14:09:30.819000+00:00,9987,29.917,1260,5,46,29.917,2.3
2025-05-18T14:10:16.509000+00:00,9987,29.786,1260,23,47,29.786,2.5
2025-05-25T13:05:00.714000+00:00,9979,24.525,1261,22,1,24.525,2.6
2025-05-25T13:05:02.483000+00:00,9979,24.376,1261,10,1,24.376,2.4
2025-05-25T13:05:30.195000+00:00,9979,50.191,1261,87,1,50.191,28.5
2025-05-25T13:05:35.820000+00:00,9979,37.243,1261,5,1,37.243,14.6
2025-05-25T13:21:04.879000+00:00,9979,24.065,1261,27,12,24.065,2.4
2025-05-25T13:22:26.270000+00:00,9979,24.355,1261,43,13,24.355,2.5
2025-05-25T13:23:19.864000+00:00,9979,24.311,1261,6,14,24.311,2.7
2025-05-25T13:25:54.877000+00:00,9979,25.375,1261,14,16,25.375,2.6
2025-05-25T13:26:00.002000+00:00,9979,25.575,1261,31,16,25.575,3.1
2025-05-25T13:27:46.469000+00:00,9979,23.978,1261,18,17,23.978,2.5
2025-05-25T13:27:48.411000+00:00,9979,24.58,1261,87,17,24.58,3.2
2025-05-25T13:28:25.231000+00:00,9979,23.565,1261,44,18,23.565,2.1
2025-05-25T13:29:25.731000+00:00,9979,24.545,1261,4,19,24.545,2.7
2025-05-25T13:30:02.482000+00:00,9979,24.031,1261,6,19,24.031,2.5
2025-05-25T13:30:48.575000+00:00,9979,25.756,1261,81,20,25.756,3.8
2025-05-25T13:33:15.011000+00:00,9979,23.576,1261,16,22,23.576,2.0
2025-05-25T13:39:33.903000+00:00,9979,24.483,1261,5,26,24.483,2.7
2025-05-25T13:39:35.090000+00:00,9979,24.497,1261,43,26,24.497,2.7
2025-05-25T13:40:54.216000+00:00,9979,24.114,1261,1,28,24.114,2.3
2025-05-25T13:41:44.900000+00:00,9979,24.773,1261,31,28,24.773,2.8
2025-05-25T13:45:47.184000+00:00,9979,24.206,1261,30,31,24.206,2.6
2025-05-25T13:47:05.165000+00:00,9979,23.927,1261,23,32,23.927,2.4
2025-05-25T13:51:32.327000+00:00,9979,24.246,1261,5,35,24.246,2.4
2025-05-25T13:57:37.401000+00:00,9979,24.32,1261,30,40,24.32,2.5
2025-05-25T13:57:39.323000+00:00,9979,24.19,1261,23,40,24.19,2.3
2025-05-25T14:03:16.358000+00:00,9979,24.397,1261,27,44,24.397,3.0
2025-05-25T14:06:10.466000+00:00,9979,23.908,1261,81,48,23.908,2.3
2025-05-25T14:07:17.044000+00:00,9979,23.678,1261,16,49,23.678,2.2
2025-05-25T14:08:10.982000+00:00,9979,24.498,1261,55,48,24.498,3.1
2025-05-25T14:08:27.170000+00:00,9979,23.704,1261,4,50,23.704,2.2
2025-05-25T14:14:45.772000+00:00,9979,24.049,1261,55,53,24.049,2.7
2025-05-25T14:14:47.147000+00:00,9979,19.4,1261,63,53,19.4,
2025-05-25T14:16:41.123000+00:00,9979,24.256,1261,44,56,24.256,2.5
2025-05-25T14:26:38.027000+00:00,9979,25.063,1261,63,62,25.063,3.7
2025-05-25T14:29:40.406000+00:00,9979,25.916,1261,18,64,25.916,4.2
2025-05-25T14:34:22.421000+00:00,9979,24.025,1261,63,68,24.025,2.5
2025-05-25T14:36:00.507000+00:00,9979,24.457,1261,12,69,24.457,2.4
2025-05-25T14:38:51.533000+00:00,9979,24.837,1261,12,71,24.837,2.3
2025-05-25T14:41:05.576000+00:00,9979,24.086,1261,22,73,24.086,2.4
2025-05-25T14:42:47.010000+00:00,9979,23.95,1261,1,77,23.95,2.2
2025-06-01T13:12:13.654000+00:00,9971,30.823,1262,23,6,30.823,11.4
2025-06-01T13:14:49.875000+00:00,9971,22.009,1262,87,8,22.009,2.6
2025-06-01T13:19:35.821000+00:00,9971,21.868,1262,22,8,21.868,2.3
2025-06-01T13:16:07.039000+00:00,9971,22.233,1262,27,9,22.233,2.7
2025-06-01T13:16:24.654000+00:00,9971,30.547,1262,55,9,30.547,10.8
2025-06-01T13:17:27.032000+00:00,9971,22.224,1262,10,10,22.224,2.4
2025-06-01T13:21:17.088000+00:00,9971,21.869,1262,1,13,21.869,2.5
2025-06-01T13:23:12.878000+00:00,9971,22.491,1262,43,14,22.491,2.8
2025-06-01T13:24:35.450000+00:00,9971,22.782,1262,14,15,22.782,3.1
2025-06-01T13:25:31.587000+00:00,9971,21.957,1262,44,16,21.957,2.2
2025-06-01T13:26:50.882000+00:00,9971,21.863,1262,16,17,21.863,2.1
2025-06-01T13:28:34.699000+00:00,9971,22.039,1262,30,18,22.039,2.5
2025-06-01T13:29:48.856000+00:00,9971,21.769,1262,6,19,21.769,2.5
2025-06-01T13:30:07.914000+00:00,9971,22.041,1262,5,19,22.041,2.1
2025-06-01T13:31:01.089000+00:00,9971,21.739,1262,63,20,21.739,2.2
2025-06-01T13:31:32.319000+00:00,9971,22.554,1262,31,20,22.554,2.8
2025-06-01T13:32:04.917000+00:00,9971,22.454,1262,4,21,22.454,3.0
2025-06-01T13:32:28.543000+00:00,9971,22.234,1262,12,21,22.234,2.5
2025-06-01T13:33:20.042000+00:00,9971,21.858,1262,81,22,21.858,2.2
2025-06-01T13:37:05.525000+00:00,9971,22.056,1262,22,24,22.056,2.4
2025-06-01T13:40:13.803000+00:00,9971,37.674,1262,23,26,37.674,16.9
2025-06-01T13:42:59.372000+00:00,9971,21.933,1262,1,29,21.933,2.3
2025-06-01T13:46:33.982000+00:00,9971,22.006,1262,10,31,22.006,2.1
2025-06-01T13:50:52.991000+00:00,9971,22.346,1262,55,34,22.346,3.0
2025-06-01T13:52:07.362000+00:00,9971,22.27,1262,87,35,22.27,2.9
2025-06-01T13:57:58.470000+00:00,9971,21.893,1262,16,40,21.893,2.3
2025-06-01T13:58:06.002000+00:00,9971,22.119,1262,43,39,22.119,2.4
2025-06-01T13:59:29.893000+00:00,9971,21.752,1262,63,41,21.752,2.3
2025-06-01T14:01:40.017000+00:00,9971,22.242,1262,14,42,22.242,2.8
2025-06-01T14:03:11.902000+00:00,9971,22.468,1262,31,43,22.468,2.7
2025-06-01T14:04:16.481000+00:00,9971,22.127,1262,30,44,22.127,2.3
2025-06-01T14:04:32.386000+00:00,9971,21.822,1262,22,44,21.822,2.4
2025-06-01T14:05:29.605000+00:00,9971,21.849,1262,27,45,21.849,2.5
2025-06-01T14:06:15.959000+00:00,9971,24.416,1262,44,46,24.416,4.9
2025-06-01T14:07:10.374000+00:00,9971,21.802,1262,1,47,21.802,2.4
2025-06-01T14:08:26.277000+00:00,9971,21.863,1262,4,48,21.863,2.3
2025-06-01T14:09:20.535000+00:00,9971,22.019,1262,6,48,22.019,2.4
2025-06-01T14:09:39.403000+00:00,9971,21.838,1262,81,49,21.838,2.2
2025-06-01T14:10:32.650000+00:00,9971,23.457,1262,12,49,23.457,3.8
2025-06-01T14:11:18.414000+00:00,9971,22.953,1262,5,49,22.953,3.4
2025-06-01T14:18:02.898000+00:00,9971,22.748,1262,81,55,22.748,3.3
2025-06-01T14:18:08.762000+00:00,9971,23.562,1262,4,55,23.562,3.9
2025-06-01T14:18:11.362000+00:00,9971,22.197,1262,1,55,22.197,2.4
2025-06-01T14:18:20.041000+00:00,9971,22.216,1262,14,54,22.216,2.6
2025-06-01T14:18:23.590000+00:00,9971,22.765,1262,87,54,22.765,3.4
2025-06-01T14:18:27.128000+00:00,9971,22.283,1262,22,54,22.283,2.5
2025-06-01T14:18:34.491000+00:00,9971,22.383,1262,16,55,22.383,2.8
2025-06-01T14:18:39.415000+00:00,9971,23.167,1262,63,55,23.167,3.5
2025-06-01T14:18:50.955000+00:00,9971,22.83,1262,44,55,22.83,2.7
2025-06-01T14:19:00.832000+00:00,9971,21.874,1262,43,54,21.874,2.1
2025-06-01T14:19:35.767000+00:00,9971,21.841,1262,6,55,21.841,2.5
2025-06-01T14:20:05.783000+00:00,9971,22.818,1262,10,55,22.818,3.0
2025-06-01T14:20:33.319000+00:00,9971,21.984,1262,55,55,21.984,2.8
2025-06-01T14:21:28.036000+00:00,9971,21.904,1262,27,56,21.904,2.7
2025-06-15T18:18:46.909000+00:00,9963,23.604,1263,1,12,23.604,2.6
2025-06-15T18:20:00.568000+00:00,9963,23.231,1263,63,13,23.231,2.5
2025-06-15T18:20:28.381000+00:00,9963,24.13,1263,6,13,24.13,3.1
2025-06-15T18:21:22.053000+00:00,9963,23.32,1263,12,14,23.32,2.4
2025-06-15T18:21:42.506000+00:00,9963,24.735,1263,43,14,24.735,3.4
2025-06-15T18:22:45.572000+00:00,9963,23.604,1263,44,15,23.604,2.3
2025-06-15T18:22:54.213000+00:00,9963,24.021,1263,14,15,24.021,3.2
2025-06-15T18:23:58.495000+00:00,9963,23.245,1263,81,16,23.245,2.1
2025-06-15T18:27:00.309000+00:00,9963,23.562,1263,87,18,23.562,2.8
2025-06-15T18:28:08.403000+00:00,9963,23.476,1263,27,19,23.476,2.4
2025-06-15T18:33:34.193000+00:00,9963,23.898,1263,23,23,23.898,3.0
2025-06-15T18:34:50.901000+00:00,9963,23.742,1263,18,24,23.742,2.6
2025-06-15T18:39:19.256000+00:00,9963,23.36,1263,16,28,23.36,2.2
2025-06-15T18:40:32.682000+00:00,9963,23.223,1263,4,29,23.223,2.2
2025-06-15T18:50:44.061000+00:00,9963,23.121,1263,1,37,23.121,2.2
2025-06-15T18:52:00.218000+00:00,9963,23.416,1263,12,38,23.416,2.2
2025-06-15T18:52:59.709000+00:00,9963,23.28,1263,30,38,23.28,2.1
2025-06-15T18:56:57.358000+00:00,9963,24.262,1263,63,42,24.262,3.3
2025-06-15T19:00:51.238000+00:00,9963,23.174,1263,81,45,23.174,2.2
2025-06-15T19:01:17.519000+00:00,9963,23.338,1263,44,45,23.338,2.0
2025-06-15T19:03:25.680000+00:00,9963,23.471,1263,4,47,23.471,2.4
2025-06-15T19:07:07.635000+00:00,9963,23.715,1263,5,49,23.715,2.4
2025-06-15T19:07:59.919000+00:00,9963,23.409,1263,14,50,23.409,2.6
2025-06-15T19:09:55.498000+00:00,9963,34.742,1263,18,51,34.742,13.3
2025-06-15T19:11:03.280000+00:00,9963,23.859,1263,16,53,23.859,2.1
2025-06-15T19:12:18.953000+00:00,9963,23.987,1263,10,53,23.987,2.9
2025-06-15T19:15:57.626000+00:00,9963,25.178,1263,22,56,25.178,3.7
2025-06-15T19:17:03.230000+00:00,9963,24.452,1263,31,57,24.452,3.0
2025-06-15T19:17:07.152000+00:00,9963,23.269,1263,55,57,23.269,2.6
2025-06-15T19:28:33.451000+00:00,9963,18.2,1263,14,66,18.2,
2025-06-15T19:28:37.654000+00:00,9963,18.2,1263,27,66,18.2,
2025-06-15T19:28:41.123000+00:00,9963,18.2,1263,63,67,18.2,
2025-06-15T19:28:43.779000+00:00,9963,18.2,1263,1,67,18.2,
2025-06-15T19:28:46.904000+00:00,9963,18.2,1263,12,67,18.2,
2025-06-15T19:28:54.639000+00:00,9963,18.2,1263,31,66,18.2,
2025-06-15T19:28:55.248000+00:00,9963,18.2,1263,55,66,18.2,
2025-06-15T19:28:56.092000+00:00,9963,26.385,1263,81,67,26.385,4.0
2025-06-15T19:29:14.030000+00:00,9963,18.3,1263,16,67,18.3,
2025-06-15T19:29:16.967000+00:00,9963,27.985,1263,87,66,27.985,7.2
2025-06-15T19:29:19.201000+00:00,9963,18.2,1263,22,66,18.2,
2025-06-15T19:29:21.748000+00:00,9963,18.1,1263,43,66,18.1,
2025-06-15T19:29:22.670000+00:00,9963,18.2,1263,5,66,18.2,
2025-06-15T19:29:26.092000+00:00,9963,18.2,1263,10,66,18.2,
2025-06-15T19:29:32.417000+00:00,9963,23.693,1263,6,66,23.693,2.8
2025-06-15T19:29:35.126000+00:00,9963,23.772,1263,18,66,23.772,2.6
2025-06-15T19:29:45.861000+00:00,9963,18.2,1263,44,67,18.2,
2025-06-15T19:30:27.190000+00:00,9963,18.1,1263,14,67,18.1,
2025-06-15T19:30:30.052000+00:00,9963,18.2,1263,27,67,18.2,
2025-06-15T19:30:47.996000+00:00,9963,19.4,1263,63,68,19.4,
2025-06-15T19:30:49.058000+00:00,9963,19.2,1263,1,68,19.2,
2025-06-15T19:30:50.277000+00:00,9963,18.9,1263,12,68,18.9,
2025-06-15T19:30:51.777000+00:00,9963,18.2,1263,31,67,18.2,
2025-06-15T19:30:52.730000+00:00,9963,18.1,1263,55,67,18.1,
2025-06-15T19:30:53.949000+00:00,9963,18.2,1263,81,68,18.2,
2025-06-15T19:31:08.887000+00:00,9963,18.2,1263,16,68,18.2,
2025-06-15T19:31:13.668000+00:00,9963,18.2,1263,87,67,18.2,
2025-06-15T19:31:16.491000+00:00,9963,18.2,1263,22,67,18.2,
2025-06-15T19:31:18.654000+00:00,9963,18.1,1263,43,67,18.1,
2025-06-15T19:31:20.346000+00:00,9963,18.2,1263,5,67,18.2,
2025-06-15T19:31:21.526000+00:00,9963,18.2,1263,10,67,18.2,
2025-06-15T19:31:27.900000+00:00,9963,18.2,1263,6,67,18.2,
2025-06-15T19:31:30.993000+00:00,9963,18.2,1263,18,67,18.2,
2025-06-15T19:31:36.447000+00:00,9963,18.2,1263,44,68,18.2,
2025-06-15T19:32:06.587000+00:00,9963,18.2,1263,14,68,18.2,
2025-06-15T19:32:09.150000+00:00,9963,18.3,1263,27,68,18.3,
2025-06-15T19:32:51.728000+00:00,9963,18.2,1263,63,69,18.2,
2025-06-15T19:32:52.760000+00:00,9963,18.3,1263,1,69,18.3,
2025-06-15T19:32:53.900000+00:00,9963,18.2,1263,12,69,18.2,
2025-06-15T19:32:55.228000+00:00,9963,18.2,1263,31,68,18.2,
2025-06-15T19:32:56.228000+00:00,9963,18.1,1263,55,68,18.1,
2025-06-15T19:32:57.822000+00:00,9963,18.2,1263,81,69,18.2,
2025-06-15T19:32:59.650000+00:00,9963,18.2,1263,16,69,18.2,
2025-06-15T19:33:00.697000+00:00,9963,18.2,1263,87,68,18.2,
2025-06-15T19:33:02.791000+00:00,9963,18.2,1263,22,68,18.2,
2025-06-15T19:33:04.510000+00:00,9963,18.1,1263,43,68,18.1,
2025-06-15T19:33:06.244000+00:00,9963,18.2,1263,5,68,18.2,
2025-06-15T19:33:08.260000+00:00,9963,18.2,1263,10,68,18.2,
2025-06-15T19:33:10.916000+00:00,9963,18.2,1263,6,68,18.2,
2025-06-15T19:33:13.025000+00:00,9963,18.2,1263,18,68,18.2,
2025-06-15T19:33:14.229000+00:00,9963,18.2,1263,44,69,18.2,
2025-06-15T19:33:43.135000+00:00,9963,18.2,1263,14,69,18.2,
2025-06-15T19:33:46.010000+00:00,9963,18.3,1263,27,69,18.3,
2025-06-29T13:21:58.785000+00:00,9955,21.297,1264,6,2,21.297,2.2
2025-06-29T13:33:15.023000+00:00,9955,21.91,1264,87,11,21.91,3.1
2025-06-29T13:34:25.507000+00:00,9955,21.959,1264,10,12,21.959,3.0
2025-06-29T13:34:29.788000+00:00,9955,21.236,1264,27,12,21.236,2.3
2025-06-29T13:35:33.152000+00:00,9955,21.21,1264,23,13,21.21,2.5
2025-06-29T13:35:43.334000+00:00,9955,23.038,1264,43,13,23.038,3.9
2025-06-29T13:41:30.636000+00:00,9955,21.344,1264,63,18,21.344,2.4
2025-06-29T13:41:42.896000+00:00,9955,21.492,1264,22,18,21.492,2.4
2025-06-29T13:42:53.542000+00:00,9955,23.188,1264,31,19,23.188,3.9
2025-06-29T13:43:35.564000+00:00,9955,22.131,1264,4,20,22.131,3.1
2025-06-29T13:45:08.630000+00:00,9955,21.676,1264,5,21,21.676,2.4
2025-06-29T13:48:21.332000+00:00,9955,22.599,1264,81,24,22.599,3.4
2025-06-29T13:49:38.562000+00:00,9955,21.308,1264,16,25,21.308,2.3
2025-06-29T13:50:52.763000+00:00,9955,21.287,1264,44,26,21.287,2.2
2025-06-29T13:51:27.716000+00:00,9955,22.907,1264,18,26,22.907,3.6
2025-06-29T13:53:45.441000+00:00,9955,21.68,1264,6,28,21.68,2.7
2025-06-29T13:56:28.687000+00:00,9955,30.0,1264,22,30,30.0,10.6
2025-06-29T13:58:21.124000+00:00,9955,21.434,1264,30,32,21.434,2.2
2025-06-29T13:59:35.606000+00:00,9955,21.865,1264,14,33,21.865,2.8
2025-06-29T14:05:48.294000+00:00,9955,22.105,1264,10,38,22.105,2.7
2025-06-29T14:06:55.950000+00:00,9955,21.771,1264,87,39,21.771,3.0
2025-06-29T14:07:09.171000+00:00,9955,21.087,1264,43,39,21.087,2.2
2025-06-29T14:10:20.552000+00:00,9955,21.045,1264,27,42,21.045,2.3
2025-06-29T14:13:44.466000+00:00,9955,21.854,1264,63,45,21.854,2.9
2025-06-29T14:17:56.986000+00:00,9955,21.536,1264,16,49,21.536,2.4
2025-06-29T14:18:32.536000+00:00,9955,21.286,1264,5,49,21.286,2.2
2025-06-29T14:19:16.051000+00:00,9955,21.158,1264,44,50,21.158,2.2
2025-06-29T14:19:50.397000+00:00,9955,22.284,1264,31,50,22.284,3.0
2025-06-29T14:21:10.318000+00:00,9955,21.427,1264,4,52,21.427,2.5
2025-06-29T14:22:22.916000+00:00,9955,21.033,1264,81,53,21.033,2.0
2025-06-29T14:23:47.998000+00:00,9955,21.763,1264,18,53,21.763,2.5
2025-06-29T14:32:24.688000+00:00,9955,32.643,1264,22,60,32.643,13.6
2025-07-06T14:08:17.498000+00:00,9947,28.721,1277,12,2,28.721,2.3
2025-07-06T14:16:33.376000+00:00,9947,29.125,1277,18,6,29.125,2.7
2025-07-06T14:22:11.077000+00:00,9947,29.736,1277,27,9,29.736,3.7
2025-07-06T14:22:24.173000+00:00,9947,28.707,1277,12,9,28.707,2.2
2025-07-06T14:23:53.899000+00:00,9947,28.853,1277,18,10,28.853,2.6
2025-07-06T14:23:59.805000+00:00,9947,28.647,1277,63,10,28.647,2.4
2025-07-06T14:24:06.524000+00:00,9947,29.089,1277,16,10,29.089,2.8
2025-07-06T14:24:11.518000+00:00,9947,28.523,1277,6,10,28.523,2.5
2025-07-06T14:24:14.486000+00:00,9947,29.201,1277,87,10,29.201,2.8
2025-07-06T14:25:25.048000+00:00,9947,29.491,1277,81,11,29.491,3.1
2025-07-06T14:25:32.725000+00:00,9947,28.182,1277,1,11,28.182,2.2
2025-07-06T14:25:33.734000+00:00,9947,30.63,1277,4,11,30.63,5.1
2025-07-06T14:25:42.487000+00:00,9947,28.917,1277,44,11,28.917,2.3
2025-07-06T14:25:43.534000+00:00,9947,28.912,1277,10,11,28.912,2.4
2025-07-06T14:25:44.440000+00:00,9947,28.707,1277,14,11,28.707,2.8
2025-07-06T14:25:46.815000+00:00,9947,29.554,1277,55,11,29.554,3.2
2025-07-06T14:25:59.565000+00:00,9947,28.544,1277,22,11,28.544,2.1
2025-07-06T14:27:41.561000+00:00,9947,29.251,1277,23,12,29.251,2.5
2025-07-06T14:42:15.259000+00:00,9947,29.562,1277,31,18,29.562,2.7
2025-07-06T14:47:35.833000+00:00,9947,29.728,1277,12,20,29.728,3.1
2025-07-06T15:18:04.337000+00:00,9947,28.534,1277,14,37,28.534,2.5
2025-07-06T15:19:45.200000+00:00,9947,28.205,1277,63,38,28.205,2.3
2025-07-06T15:24:34.802000+00:00,9947,29.127,1277,44,41,29.127,3.1
2025-07-06T15:24:46.957000+00:00,9947,28.5,1277,18,41,28.5,
2025-07-06T15:24:51.692000+00:00,9947,29.6,1277,1,41,29.6,
2025-07-06T15:24:52.755000+00:00,9947,28.4,1277,10,41,28.4,
2025-07-06T15:25:01.917000+00:00,9947,28.6,1277,55,41,28.6,
2025-07-06T15:25:03.733000+00:00,9947,29.0,1277,87,41,29.0,
2025-07-06T15:25:39.003000+00:00,9947,40.1,1277,22,41,40.1,
2025-07-06T15:26:13.413000+00:00,9947,29.952,1277,27,42,29.952,4.6
2025-07-06T15:26:39.555000+00:00,9947,28.84,1277,16,42,28.84,2.6
2025-07-06T15:26:43.790000+00:00,9947,29.2,1277,23,42,29.2,
2025-07-06T15:26:45.946000+00:00,9947,28.646,1277,31,42,28.646,2.5
2025-07-06T15:27:27.684000+00:00,9947,40.28,1277,81,43,40.28,14.6
2025-07-06T15:28:57.318000+00:00,9947,28.214,1277,4,44,28.214,2.4
2025-07-27T14:46:51.232000+00:00,9939,23.284,1265,44,11,23.284,2.2
2025-07-27T14:46:55.195000+00:00,9939,23.599,1265,27,11,23.599,2.9
2025-07-27T14:46:57.838000+00:00,9939,26.825,1265,10,11,26.825,3.9
2025-07-27T14:46:58.342000+00:00,9939,23.404,1265,14,11,23.404,2.5
2025-07-27T14:48:23.686000+00:00,9939,23.844,1265,81,12,23.844,2.8
2025-07-27T14:48:33.936000+00:00,9939,23.806,1265,16,12,23.806,2.5
2025-07-27T14:48:36.639000+00:00,9939,25.913,1265,1,12,25.913,4.8
2025-07-27T14:48:38.404000+00:00,9939,23.635,1265,63,12,23.635,2.8
2025-07-27T14:48:40.404000+00:00,9939,24.029,1265,23,12,24.029,2.7
2025-07-27T14:48:46.326000+00:00,9939,23.269,1265,30,12,23.269,2.3
2025-07-27T14:48:48.514000+00:00,9939,23.274,1265,5,12,23.274,2.2
2025-07-27T14:48:50.448000+00:00,9939,24.13,1265,87,12,24.13,3.2
2025-07-27T14:48:58.204000+00:00,9939,23.665,1265,43,12,23.665,2.6
2025-07-27T14:49:01.423000+00:00,9939,23.609,1265,12,12,23.609,2.4
2025-07-27T14:49:02.220000+00:00,9939,23.787,1265,18,12,23.787,2.7
2025-07-27T14:49:03.120000+00:00,9939,27.528,1265,55,12,27.528,6.2
2025-07-27T14:50:23.650000+00:00,9939,24.376,1265,4,13,24.376,3.5
2025-07-27T14:50:46.228000+00:00,9939,23.33,1265,22,13,23.33,2.2
2025-07-27T14:50:48.009000+00:00,9939,23.58,1265,6,13,23.58,2.8
2025-07-27T14:50:58.918000+00:00,9939,23.802,1265,31,13,23.802,2.6
2025-07-27T15:04:04.883000+00:00,9939,23.376,1265,6,20,23.376,2.8
2025-07-27T15:14:55.941000+00:00,9939,23.77,1265,55,26,23.77,3.1
2025-07-27T15:18:31.792000+00:00,9939,23.449,1265,43,28,23.449,2.9
2025-07-27T15:20:11.108000+00:00,9939,23.692,1265,14,29,23.692,3.3
2025-07-27T15:21:56.569000+00:00,9939,23.059,1265,12,30,23.059,2.3
2025-07-27T15:25:26.166000+00:00,9939,23.89,1265,27,32,23.89,3.4
2025-08-03T13:10:42.523000+00:00,9928,21.5,1266,27,5,21.5,
2025-08-03T13:22:01.414000+00:00,9928,30.248,1266,43,13,30.248,11.1
2025-08-03T13:23:14.814000+00:00,9928,21.345,1266,23,14,21.345,2.6
2025-08-03T13:23:15.143000+00:00,9928,22.444,1266,31,14,22.444,3.1
2025-08-03T13:24:35.579000+00:00,9928,21.67,1266,55,15,21.67,2.7
2025-08-03T13:27:14.953000+00:00,9928,21.433,1266,1,17,21.433,2.3
2025-08-03T13:28:15.303000+00:00,9928,21.145,1266,81,18,21.145,2.1
2025-08-03T13:29:34.867000+00:00,9928,21.13,1266,16,19,21.13,2.0
2025-08-03T13:29:41.506000+00:00,9928,21.703,1266,63,19,21.703,2.9
2025-08-03T13:31:41.726000+00:00,9928,21.295,1266,22,20,21.295,2.1
2025-08-03T13:32:58.761000+00:00,9928,22.328,1266,12,21,22.328,3.2
2025-08-03T13:45:32.129000+00:00,9928,21.754,1266,87,30,21.754,2.8
2025-08-03T13:46:07.537000+00:00,9928,20.94,1266,4,31,20.94,1.9
2025-08-03T13:48:23.595000+00:00,9928,21.699,1266,10,32,21.699,2.6
2025-08-03T13:49:42.725000+00:00,9928,21.096,1266,6,33,21.096,2.2
2025-08-03T13:52:42.991000+00:00,9928,26.28,1266,43,35,26.28,7.2
2025-08-03T13:53:38.463000+00:00,9928,21.464,1266,18,36,21.464,2.4
2025-08-03T13:55:26.296000+00:00,9928,21.541,1266,22,37,21.541,2.4
2025-08-03T13:56:46.767000+00:00,9928,22.726,1266,23,38,22.726,3.8
2025-08-03T13:57:35.927000+00:00,9928,22.204,1266,14,39,22.204,2.9
2025-08-03T13:58:22.592000+00:00,9928,21.136,1266,16,40,21.136,2.0
2025-08-03T13:59:03.655000+00:00,9928,21.773,1266,5,40,21.773,2.6
2025-08-03T13:59:09.858000+00:00,9928,22.136,1266,30,40,22.136,3.0
2025-08-03T14:00:56.554000+00:00,9928,28.7,1266,27,41,28.7,
2025-08-03T14:02:07.096000+00:00,9928,21.15,1266,44,42,21.15,2.3
2025-08-03T14:02:38.276000+00:00,9928,21.45,1266,63,43,21.45,2.9
2025-08-03T14:05:10.901000+00:00,9928,20.94,1266,81,45,20.94,1.9
2025-08-03T14:10:05.385000+00:00,9928,21.258,1266,1,48,21.258,2.2
2025-08-03T14:14:40.796000+00:00,9928,21.423,1266,55,51,21.423,2.6
2025-08-31T13:14:08.910000+00:00,9920,17.561,1267,18,8,17.561,2.4
2025-08-31T13:26:54.464000+00:00,9920,17.417,1267,14,18,17.417,2.5
2025-08-31T13:28:11.388000+00:00,9920,18.348,1267,22,19,18.348,3.2
2025-08-31T13:28:15.263000+00:00,9920,17.986,1267,43,19,17.986,2.8
2025-08-31T13:28:15.588000+00:00,9920,17.602,1267,27,19,17.602,2.6
2025-08-31T13:31:42.364000+00:00,9920,17.081,1267,16,22,17.081,2.0
2025-08-31T13:32:12.034000+00:00,9920,17.908,1267,5,22,17.908,2.8
2025-08-31T13:32:42.802000+00:00,9920,17.375,1267,81,23,17.375,2.6
2025-08-31T13:32:50.571000+00:00,9920,20.042,1267,4,23,20.042,4.5
2025-08-31T13:33:08.690000+00:00,9920,18.74,1267,1,23,18.74,3.4
2025-08-31T13:33:10.759000+00:00,9920,17.414,1267,6,23,17.414,2.8
2025-08-31T13:33:15.415000+00:00,9920,18.832,1267,63,23,18.832,3.4
2025-08-31T13:33:26.707000+00:00,9920,17.549,1267,30,23,17.549,2.2
2025-08-31T13:33:27.973000+00:00,9920,17.67,1267,55,23,17.67,2.7
2025-08-31T13:33:36.849000+00:00,9920,19.692,1267,23,23,19.692,4.1
2025-08-31T13:33:38.078000+00:00,9920,17.476,1267,12,23,17.476,2.5
2025-08-31T13:33:46.306000+00:00,9920,19.223,1267,10,23,19.223,4.2
2025-08-31T13:41:04.116000+00:00,9920,22.209,1267,30,27,22.209,6.7
2025-08-31T13:41:10.549000+00:00,9920,29.443,1267,55,27,29.443,13.2
2025-08-31T13:57:13.739000+00:00,9920,17.949,1267,14,40,17.949,3.3
2025-08-31T14:10:41.425000+00:00,9920,17.365,1267,12,51,17.365,2.5
2025-08-31T14:11:54.453000+00:00,9920,17.042,1267,16,52,17.042,2.1
2025-08-31T14:12:27.454000+00:00,9920,30.34,1267,55,51,30.34,15.3
2025-08-31T14:12:28.628000+00:00,9920,17.598,1267,18,52,17.598,2.6
2025-08-31T14:12:31.402000+00:00,9920,18.27,1267,31,52,18.27,2.8
2025-08-31T14:12:57.881000+00:00,9920,18.589,1267,81,53,18.589,3.8
2025-08-31T14:13:05.704000+00:00,9920,22.608,1267,4,53,22.608,4.8
2025-08-31T14:13:14.523000+00:00,9920,18.261,1267,1,53,18.261,3.3
2025-08-31T14:13:18.898000+00:00,9920,18.535,1267,6,53,18.535,4.3
2025-08-31T14:13:36.861000+00:00,9920,17.344,1267,63,53,17.344,2.4
2025-08-31T14:13:40.892000+00:00,9920,17.84,1267,23,53,17.84,3.2
2025-08-31T14:13:57.375000+00:00,9920,18.552,1267,30,52,18.552,2.7
2025-08-31T14:13:59.140000+00:00,9920,21.3,1267,12,53,21.3,
2025-08-31T14:14:13.278000+00:00,9920,18.622,1267,87,53,18.622,3.6
2025-08-31T14:14:13.825000+00:00,9920,18.147,1267,22,53,18.147,2.9
2025-08-31T14:14:23.235000+00:00,9920,17.586,1267,43,53,17.586,2.7
2025-08-31T14:14:23.517000+00:00,9920,17.944,1267,27,53,17.944,3.5
2025-08-31T14:25:15.124000+00:00,9920,17.491,1267,5,60,17.491,2.2
2025-08-31T14:31:49.153000+00:00,9920,18.077,1267,43,65,18.077,3.1
2025-08-31T14:32:08.359000+00:00,9920,18.043,1267,55,65,18.043,3.9
2025-09-07T13:16:53.530000+00:00,9912,24.156,1268,30,9,24.156,2.2
2025-09-07T13:29:32.907000+00:00,9912,25.372,1268,87,18,25.372,3.3
2025-09-07T13:30:55.654000+00:00,9912,24.372,1268,22,19,24.372,2.3
2025-09-07T13:32:17.708000+00:00,9912,25.16,1268,14,20,25.16,3.2
2025-09-07T13:32:18.150000+00:00,9912,26.143,1268,5,20,26.143,4.0
2025-09-07T13:41:53.352000+00:00,9912,25.021,1268,63,27,25.021,2.9
2025-09-07T13:43:27.992000+00:00,9912,24.916,1268,12,28,24.916,2.9
2025-09-07T13:46:20.012000+00:00,9912,24.605,1268,55,30,24.605,3.0
2025-09-07T13:49:09.846000+00:00,9912,24.326,1268,6,32,24.326,2.2
2025-09-07T13:50:04.888000+00:00,9912,24.235,1268,16,33,24.235,2.0
2025-09-07T13:50:45.890000+00:00,9912,24.971,1268,43,33,24.971,2.8
2025-09-07T13:55:17.647000+00:00,9912,24.545,1268,1,37,24.545,2.3
2025-09-07T13:57:08.320000+00:00,9912,23.971,1268,44,38,23.971,2.1
2025-09-07T14:01:27.096000+00:00,9912,24.717,1268,23,41,24.717,3.1
2025-09-07T14:06:26.957000+00:00,9912,23.602,1268,81,45,23.602,1.9
2025-09-07T14:07:50.629000+00:00,9912,27.498,1268,4,46,27.498,5.9
2025-09-07T14:12:58.481000+00:00,9912,25.012,1268,10,49,25.012,2.9
2025-09-07T14:13:01.946000+00:00,9912,38.418,1268,18,49,38.418,16.2
2025-09-07T14:15:37.886000+00:00,9912,30.754,1268,31,51,30.754,8.6
2025-09-21T11:06:46.440000+00:00,9904,20.691,1269,31,1,20.691,2.5
2025-09-21T11:06:49.890000+00:00,9904,20.758,1269,23,1,20.758,2.6
2025-09-21T11:09:33.338000+00:00,9904,20.759,1269,31,2,20.759,2.5
2025-09-21T11:35:01.462000+00:00,9904,20.489,1269,23,15,20.489,2.4
2025-09-21T11:36:47.589000+00:00,9904,21.088,1269,43,16,21.088,2.8
2025-09-21T11:39:57.929000+00:00,9904,20.669,1269,12,18,20.669,2.7
2025-09-21T11:41:48.078000+00:00,9904,20.5,1269,16,19,20.5,
2025-09-21T11:43:29.987000+00:00,9904,20.283,1269,30,20,20.283,2.3
2025-09-21T11:45:39.568000+00:00,9904,25.768,1269,14,21,25.768,8.2
2025-09-21T11:54:26.724000+00:00,9904,20.845,1269,5,26,20.845,2.4
2025-09-21T11:55:46.106000+00:00,9904,20.508,1269,55,27,20.508,2.6
2025-09-21T11:58:15.827000+00:00,9904,21.194,1269,87,28,21.194,3.4
2025-09-21T11:59:39.966000+00:00,9904,20.294,1269,6,29,20.294,2.2
2025-09-21T12:10:52.502000+00:00,9904,21.5,1269,10,35,21.5,3.3
2025-09-21T12:11:50.527000+00:00,9904,20.062,1269,44,36,20.062,2.2
2025-09-21T12:12:31.329000+00:00,9904,19.97,1269,27,36,19.97,2.3
2025-09-21T12:13:29.850000+00:00,9904,21.975,1269,4,37,21.975,4.1
2025-09-21T12:14:16.997000+00:00,9904,21.82,1269,18,37,21.82,4.0
2025-09-21T12:15:11.802000+00:00,9904,20.323,1269,22,38,20.323,2.2
2025-09-21T12:16:46.908000+00:00,9904,19.809,1269,63,39,19.809,2.3
2025-09-21T12:18:18.941000+00:00,9904,20.221,1269,1,40,20.221,2.4
2025-10-05T12:25:48.079000+00:00,9896,24.61,1270,22,13,24.61,2.1
2025-10-05T12:25:51.721000+00:00,9896,32.856,1270,5,13,32.856,11.2
2025-10-05T12:27:18.400000+00:00,9896,24.04,1270,43,14,24.04,2.7
2025-10-05T12:34:57.215000+00:00,9896,24.008,1270,1,19,24.008,3.0
2025-10-05T12:37:03.329000+00:00,9896,23.827,1270,6,20,23.827,2.4
2025-10-05T12:38:22.641000+00:00,9896,23.63,1270,16,21,23.63,2.3
2025-10-05T12:41:57.960000+00:00,9896,23.979,1270,87,23,23.979,2.8
2025-10-05T12:43:21.169000+00:00,9896,24.794,1270,44,24,24.794,3.5
2025-10-05T12:43:56.518000+00:00,9896,25.583,1270,10,24,25.583,4.1
2025-10-05T12:44:30.970000+00:00,9896,23.966,1270,63,25,23.966,2.5
2025-10-05T12:44:51.800000+00:00,9896,23.806,1270,12,25,23.806,2.4
2025-10-05T12:45:19.688000+00:00,9896,24.1,1270,27,25,24.1,
2025-10-05T12:46:15.810000+00:00,9896,23.314,1270,4,26,23.314,2.1
2025-10-05T12:48:00.511000+00:00,9896,26.637,1270,81,27,26.637,5.2
2025-10-05T12:48:33.356000+00:00,9896,30.749,1270,14,27,30.749,9.2
2025-10-05T12:53:39.945000+00:00,9896,25.078,1270,31,30,25.078,3.2
2025-10-05T13:06:50.853000+00:00,9896,24.012,1270,18,38,24.012,2.6
2025-10-05T13:13:32.820000+00:00,9896,25.732,1270,23,42,25.732,4.3
2025-10-05T13:17:22.947000+00:00,9896,31.8,1270,27,44,31.8,
2025-10-05T13:19:00.893000+00:00,9896,23.344,1270,44,46,23.344,2.3
2025-10-05T13:23:18.249000+00:00,9896,24.027,1270,30,48,24.027,2.5
2025-10-05T13:26:35.223000+00:00,9896,24.075,1270,55,50,24.075,2.9
2025-10-05T13:28:40.228000+00:00,9896,25.188,1270,10,51,25.188,3.8
2025-10-19T19:16:40.245000+00:00,9888,23.763,1271,23,7,23.763,2.4
2025-10-19T19:28:52.915000+00:00,9888,25.567,1271,5,14,25.567,4.2
2025-10-19T19:41:52.626000+00:00,9888,23.718,1271,16,22,23.718,2.3
2025-10-19T19:45:54.440000+00:00,9888,25.06,1271,31,24,25.06,3.1
2025-10-19T19:50:53.659000+00:00,9888,26.631,1271,10,27,26.631,5.3
2025-10-19T19:52:29.263000+00:00,9888,24.192,1271,18,28,24.192,2.8
2025-10-19T19:52:41.432000+00:00,9888,23.831,1271,6,28,23.831,2.4
2025-10-19T19:53:50.773000+00:00,9888,24.539,1271,22,29,24.539,3.4
2025-10-19T19:55:20.165000+00:00,9888,23.452,1271,81,30,23.452,2.3
2025-10-19T19:55:32.548000+00:00,9888,24.11,1271,87,30,24.11,2.7
2025-10-19T19:55:43.948000+00:00,9888,24.054,1271,14,30,24.054,2.6
2025-10-19T19:55:46.326000+00:00,9888,23.681,1271,30,30,23.681,2.2
2025-10-19T19:56:56.565000+00:00,9888,23.937,1271,44,31,23.937,2.6
2025-10-19T19:57:34.602000+00:00,9888,23.949,1271,12,31,23.949,2.6
2025-10-19T19:58:29.205000+00:00,9888,24.58,1271,4,32,24.58,3.8
2025-10-19T19:59:24.550000+00:00,9888,24.045,1271,43,32,24.045,2.5
2025-10-19T19:59:59.042000+00:00,9888,23.987,1271,1,33,23.987,2.6
2025-10-19T20:00:24.120000+00:00,9888,23.555,1271,63,33,23.555,2.3
2025-10-19T20:00:34.358000+00:00,9888,23.753,1271,27,33,23.753,2.4
2025-10-19T20:06:00.064000+00:00,9888,24.582,1271,23,36,24.582,3.3
2025-10-19T20:06:12.150000+00:00,9888,24.007,1271,5,36,24.007,2.6
2025-10-26T20:06:52.641000+00:00,9877,34.212,1272,30,2,34.212,13.9
2025-10-26T20:27:37.255000+00:00,9877,22.502,1272,55,17,22.502,5.1
2025-10-26T20:31:56.534000+00:00,9877,26.816,1272,14,20,26.816,7.1
2025-10-26T20:34:19.665000+00:00,9877,22.476,1272,12,22,22.476,2.5
2025-10-26T20:35:48.975000+00:00,9877,33.308,1272,44,23,33.308,13.5
2025-10-26T20:37:02.592000+00:00,9877,22.647,1272,87,24,22.647,2.7
2025-10-26T20:37:09.936000+00:00,9877,23.211,1272,81,24,23.211,3.6
2025-10-26T20:38:30.984000+00:00,9877,22.347,1272,63,25,22.347,2.7
2025-10-26T20:40:14.300000+00:00,9877,22.071,1272,18,26,22.071,2.6
2025-10-26T20:41:30.822000+00:00,9877,23.203,1272,31,27,23.203,3.0
2025-10-26T20:46:37.358000+00:00,9877,22.215,1272,16,31,22.215,2.2
2025-10-26T20:50:26.031000+00:00,9877,22.834,1272,10,33,22.834,2.8
2025-10-26T20:50:29.025000+00:00,9877,22.567,1272,4,34,22.567,2.6
2025-10-26T20:51:23.005000+00:00,9877,22.196,1272,6,34,22.196,2.4
2025-10-26T20:54:14.394000+00:00,9877,31.63,1272,22,36,31.63,12.0
2025-10-26T20:55:10.670000+00:00,9877,22.762,1272,1,37,22.762,2.9
2025-10-26T20:55:36.348000+00:00,9877,22.41,1272,5,37,22.41,2.3
2025-10-26T21:01:19.045000+00:00,9877,22.04,1272,23,41,22.04,2.3
2025-10-26T21:04:01.158000+00:00,9877,23.713,1272,18,43,23.713,4.2
2025-10-26T21:08:05.554000+00:00,9877,30.5,1272,55,46,30.5,
2025-10-26T21:09:49.689000+00:00,9877,22.159,1272,81,47,22.159,2.1
2025-10-26T21:09:06.973000+00:00,9877,24.523,1272,12,47,24.523,4.6
2025-10-26T21:09:09.701000+00:00,9877,23.342,1272,44,47,23.342,3.5
2025-10-26T21:10:22.169000+00:00,9877,22.174,1272,87,48,22.174,2.3
2025-10-26T21:10:24.920000+00:00,9877,22.47,1272,63,48,22.47,3.2
2025-10-26T21:11:28.773000+00:00,9877,22.789,1272,43,48,22.789,2.8
2025-10-26T21:21:53.849000+00:00,9877,17.9,1272,55,56,17.9,
2025-11-09T17:06:59.702000+00:00,9869,22.974,1273,22,2,22.974,2.0
2025-11-09T17:07:24.400000+00:00,9869,40.076,1273,44,2,40.076,18.5
2025-11-09T17:15:31.935000+00:00,9869,23.197,1273,1,7,23.197,2.2
2025-11-09T17:17:13.579000+00:00,9869,24.204,1273,31,8,24.204,2.9
2025-11-09T17:24:47.649000+00:00,9869,23.426,1273,44,14,23.426,2.4
2025-11-09T17:28:28.124000+00:00,9869,23.748,1273,87,17,23.748,3.0
2025-11-09T17:28:34.078000+00:00,9869,26.064,1273,55,17,26.064,5.2
2025-11-09T17:29:42.776000+00:00,9869,23.708,1273,6,18,23.708,2.4
2025-11-09T17:29:45.653000+00:00,9869,23.673,1273,10,18,23.673,2.8
2025-11-09T17:31:02.424000+00:00,9869,22.899,1273,30,19,22.899,2.0
2025-11-09T17:33:20.888000+00:00,9869,23.356,1273,12,21,23.356,2.2
2025-11-09T17:37:36.928000+00:00,9869,34.185,1273,22,24,34.185,13.3
2025-11-09T17:42:30.689000+00:00,9869,23.942,1273,14,28,23.942,3.2
2025-11-09T17:43:48.580000+00:00,9869,23.71,1273,43,29,23.71,2.6
2025-11-09T17:43:49.293000+00:00,9869,23.76,1273,18,29,23.76,2.9
2025-11-09T17:44:26.554000+00:00,9869,23.49,1273,4,30,23.49,2.2
2025-11-09T17:47:56.309000+00:00,9869,30.752,1273,44,32,30.752,9.8
2025-11-09T17:49:42.685000+00:00,9869,23.358,1273,63,34,23.358,2.4
2025-11-09T17:49:48.897000+00:00,9869,23.058,1273,1,34,23.058,2.3
2025-11-09T17:51:17.776000+00:00,9869,23.061,1273,23,35,23.061,2.4
2025-11-09T17:52:30.227000+00:00,9869,23.0,1273,27,36,23.0,
2025-11-09T17:53:50.990000+00:00,9869,23.46,1273,6,37,23.46,2.4
2025-11-09T17:54:47.696000+00:00,9869,34.644,1273,81,38,34.644,13.5
2025-11-09T17:55:10.135000+00:00,9869,23.234,1273,55,38,23.234,2.5
2025-11-09T17:56:21.926000+00:00,9869,23.648,1273,10,39,23.648,2.8
2025-11-09T17:59:59.590000+00:00,9869,24.654,1273,87,42,24.654,3.9
2025-11-09T18:01:41.658000+00:00,9869,26.124,1273,43,43,26.124,5.4
2025-11-09T18:05:21.290000+00:00,9869,23.563,1273,14,46,23.563,2.7
2025-11-09T18:06:00.862000+00:00,9869,23.401,1273,12,47,23.401,2.2
2025-11-09T18:06:32.445000+00:00,9869,24.177,1273,31,47,24.177,2.9
2025-11-09T18:06:55.174000+00:00,9869,33.841,1273,22,47,33.841,13.0
2025-11-09T18:07:18.286000+00:00,9869,23.128,1273,63,48,23.128,2.3
2025-11-09T18:09:35.109000+00:00,9869,23.238,1273,4,50,23.238,2.2
2025-11-09T18:11:07.234000+00:00,9869,23.113,1273,81,51,23.113,2.2
2025-11-09T18:14:45.259000+00:00,9869,23.311,1273,1,54,23.311,2.5
2025-11-09T18:15:22.847000+00:00,9869,22.968,1273,18,54,22.968,2.4
2025-11-09T18:16:32.416000+00:00,9869,23.112,1273,23,55,23.112,2.3
2025-11-23T04:06:24.941000+00:00,9858,21.383,1274,22,1,21.383,2.5
2025-11-23T04:06:49.609000+00:00,9858,33.23,1274,5,1,33.23,14.2
2025-11-23T04:08:21.548000+00:00,9858,21.968,1274,12,2,21.968,3.1
2025-11-23T04:08:33.857000+00:00,9858,23.903,1274,10,2,23.903,5.2
2025-11-23T04:08:42.280000+00:00,9858,32.736,1274,30,2,32.736,13.1
2025-11-23T04:26:53.267000+00:00,9858,23.361,1274,23,13,23.361,3.9
2025-11-23T04:29:02.515000+00:00,9858,30.065,1274,23,14,30.065,11.3
2025-11-23T04:32:00.114000+00:00,9858,21.068,1274,14,16,21.068,2.5
2025-11-23T04:33:13.981000+00:00,9858,20.929,1274,63,17,20.929,2.2
2025-11-23T04:33:38.004000+00:00,9858,21.491,1274,87,17,21.491,3.1
2025-11-23T04:38:22.909000+00:00,9858,21.324,1274,6,20,21.324,2.9
2025-11-23T04:39:54.483000+00:00,9858,21.371,1274,81,21,21.371,2.7
2025-11-23T04:41:15.397000+00:00,9858,21.049,1274,4,22,21.049,2.5
2025-11-23T04:41:30.088000+00:00,9858,21.164,1274,55,22,21.164,2.6
2025-11-23T04:44:43.963000+00:00,9858,21.351,1274,16,24,21.351,2.7
2025-11-23T04:45:59.349000+00:00,9858,21.708,1274,1,25,21.708,3.0
2025-11-23T04:46:56.693000+00:00,9858,22.842,1274,43,25,22.842,4.0
2025-11-23T04:49:49.465000+00:00,9858,22.389,1274,31,27,22.389,3.2
2025-11-23T04:50:08.739000+00:00,9858,20.68,1274,22,27,20.68,2.2
2025-11-23T04:51:50.731000+00:00,9858,21.287,1274,30,28,21.287,2.4
2025-11-23T04:52:53.262000+00:00,9858,21.638,1274,44,29,21.638,3.1
2025-11-23T04:54:29.901000+00:00,9858,22.3,1274,27,30,22.3,
2025-11-23T05:01:52.169000+00:00,9858,29.308,1274,23,34,29.308,9.9
2025-11-30T16:14:20.672000+00:00,9850,29.97,1275,1,7,29.97,4.1
2025-11-30T16:14:27.141000+00:00,9850,28.56,1275,55,7,28.56,2.9
2025-11-30T16:14:28.078000+00:00,9850,32.002,1275,12,7,32.002,6.3
2025-11-30T16:14:29.422000+00:00,9850,28.288,1275,14,7,28.288,2.5
2025-11-30T16:14:32.844000+00:00,9850,28.815,1275,6,7,28.815,3.2
2025-11-30T16:14:35.063000+00:00,9850,33.241,1275,63,7,33.241,7.2
2025-11-30T16:14:39.047000+00:00,9850,30.395,1275,16,7,30.395,4.7
2025-11-30T16:14:39.078000+00:00,9850,28.837,1275,87,7,28.837,3.8
2025-11-30T16:14:40.610000+00:00,9850,28.993,1275,30,7,28.993,3.2
2025-11-30T16:14:42.782000+00:00,9850,29.188,1275,22,7,29.188,3.6
2025-11-30T16:14:43.641000+00:00,9850,28.89,1275,23,7,28.89,3.1
2025-11-30T16:14:44.469000+00:00,9850,32.166,1275,44,7,32.166,3.2
2025-11-30T16:14:45.563000+00:00,9850,28.471,1275,5,7,28.471,2.5
2025-11-30T16:14:45.719000+00:00,9850,28.124,1275,18,7,28.124,2.7
2025-11-30T16:14:47.735000+00:00,9850,29.538,1275,43,7,29.538,3.1
2025-11-30T16:15:12.668000+00:00,9850,31.343,1275,10,7,31.343,3.8
2025-11-30T16:16:50.755000+00:00,9850,34.006,1275,31,8,34.006,8.3
2025-11-30T16:19:32.036000+00:00,9850,34.54,1275,31,9,34.54,8.6
2025-11-30T16:41:27.928000+00:00,9850,29.047,1275,81,24,29.047,3.1
2025-11-30T16:42:05.819000+00:00,9850,28.064,1275,18,24,28.064,2.5
2025-11-30T16:42:56.225000+00:00,9850,27.938,1275,4,25,27.938,2.2
2025-11-30T16:52:57.981000+00:00,9850,28.168,1275,1,32,28.168,2.5
2025-11-30T16:53:16.514000+00:00,9850,28.181,1275,55,32,28.181,2.6
2025-11-30T16:53:20.955000+00:00,9850,28.544,1275,12,32,28.544,2.6
2025-11-30T16:53:27.633000+00:00,9850,28.935,1275,14,32,28.935,3.0
2025-11-30T16:53:29.980000+00:00,9850,27.931,1275,6,32,27.931,2.2
2025-11-30T16:53:33.480000+00:00,9850,29.077,1275,63,32,29.077,3.0
2025-11-30T16:53:36.294000+00:00,9850,28.999,1275,16,32,28.999,3.2
2025-11-30T16:53:38.635000+00:00,9850,28.078,1275,30,32,28.078,2.3
2025-11-30T16:53:39.921000+00:00,9850,28.33,1275,22,32,28.33,2.9
2025-11-30T16:53:42.521000+00:00,9850,29.457,1275,23,32,29.457,3.7
2025-11-30T16:53:42.997000+00:00,9850,28.541,1275,44,32,28.541,2.7
2025-11-30T16:53:45.788000+00:00,9850,28.234,1275,5,32,28.234,2.2
2025-11-30T16:53:47.468000+00:00,9850,28.942,1275,43,32,28.942,3.2
2025-11-30T16:53:53.810000+00:00,9850,45.232,1275,87,32,45.232,16.3
2025-11-30T16:53:54.435000+00:00,9850,30.559,1275,10,32,30.559,3.7
2025-11-30T16:56:44.641000+00:00,9850,30.469,1275,31,34,30.469,4.6
2025-11-30T17:05:53.736000+00:00,9850,37.513,1275,87,40,37.513,11.8
2025-11-30T17:07:22.436000+00:00,9850,27.853,1275,81,42,27.853,1.8
2025-11-30T17:10:20.448000+00:00,9850,28.243,1275,4,44,28.243,2.7
2025-11-30T17:18:27.412000+00:00,9850,35.671,1275,18,49,35.671,10.1
2025-12-07T13:14:35.391000+00:00,9839,21.6,1276,27,7,21.6,
2025-12-07T13:16:02.970000+00:00,9839,21.601,1276,44,8,21.601,2.4
2025-12-07T13:16:05.538000+00:00,9839,21.551,1276,23,8,21.551,2.1
2025-12-07T13:23:44.702000+00:00,9839,22.585,1276,10,13,22.585,3.0
2025-12-07T13:24:56.676000+00:00,9839,21.979,1276,63,14,21.979,2.3
2025-12-07T13:25:03.744000+00:00,9839,21.932,1276,6,14,21.932,2.6
2025-12-07T13:25:07.866000+00:00,9839,22.263,1276,87,14,22.263,3.0
2025-12-07T13:26:30.094000+00:00,9839,22.121,1276,5,15,22.121,2.5
2025-12-07T13:26:47.592000+00:00,9839,21.953,1276,43,15,21.953,2.7
2025-12-07T13:27:50.505000+00:00,9839,21.323,1276,4,16,21.323,2.1
2025-12-07T13:27:53.297000+00:00,9839,21.692,1276,16,16,21.692,2.5
2025-12-07T13:27:59.378000+00:00,9839,23.267,1276,14,16,23.267,4.1
2025-12-07T13:31:13.956000+00:00,9839,21.799,1276,55,18,21.799,2.7
2025-12-07T13:32:39.350000+00:00,9839,22.254,1276,31,19,22.254,2.7
2025-12-07T13:35:56.234000+00:00,9839,28.369,1276,30,21,28.369,8.9
2025-12-07T13:38:12.048000+00:00,9839,21.703,1276,1,23,21.703,2.3
2025-12-07T13:50:48.636000+00:00,9839,21.417,1276,44,31,21.417,2.1
2025-12-07T13:52:20.008000+00:00,9839,27.041,1276,22,32,27.041,7.9
2025-12-07T13:52:27.790000+00:00,9839,22.155,1276,12,32,22.155,2.6
2025-12-07T13:53:58.599000+00:00,9839,21.495,1276,23,33,21.495,2.4
2025-12-07T14:02:15.372000+00:00,9839,20.902,1276,16,39,20.902,2.0
2025-12-07T14:03:37.692000+00:00,9839,21.407,1276,4,40,21.407,2.4
2025-12-07T14:04:37.122000+00:00,9839,22.234,1276,10,40,22.234,3.0
2025-12-07T14:04:44.299000+00:00,9839,22.955,1276,43,40,22.955,3.6
2025-12-07T14:05:01.126000+00:00,9839,21.565,1276,81,41,21.565,2.2
2025-12-07T14:07:18.986000+00:00,9839,21.535,1276,18,42,21.535,2.3
2025-12-07T14:07:26.254000+00:00,9839,21.468,1276,27,42,21.468,2.4
