meeting_key,session_key,stint_number,driver_number,lap_start,lap_end,compound,tyre_age_at_start
1141,7953,1,2,1.0,12.0,SOFT,0
1141,7953,1,22,1.0,10.0,SOFT,0
1141,7953,1,23,1.0,11.0,SOFT,0
1141,7953,1,63,1.0,13.0,SOFT,3
1141,7953,1,18,1.0,15.0,SOFT,3
1141,7953,1,4,1.0,10.0,SOFT,0
1141,7953,1,24,1.0,12.0,SOFT,0
1141,7953,1,44,1.0,12.0,SOFT,3
1141,7953,1,14,1.0,14.0,SOFT,3
1141,7953,1,20,1.0,15.0,HARD,0
1141,7953,1,55,1.0,13.0,SOFT,3
1141,7953,1,10,1.0,9.0,SOFT,0
1141,7953,1,21,1.0,11.0,SOFT,0
1141,7953,1,81,1.0,13.0,SOFT,0
1141,7953,1,16,1.0,13.0,SOFT,0
1141,7953,1,11,1.0,17.0,SOFT,3
1141,7953,1,31,1.0,12.0,SOFT,3
1141,7953,1,77,1.0,11.0,SOFT,0
1141,7953,1,1,1.0,14.0,SOFT,3
1141,7953,1,27,1.0,11.0,SOFT,3
1141,7953,2,10,10.0,25.0,HARD,0
1141,7953,2,22,11.0,26.0,HARD,0
1141,7953,2,4,11.0,17.0,HARD,0
1141,7953,2,77,12.0,29.0,HARD,0
1141,7953,2,23,12.0,26.0,SOFT,0
1141,7953,2,27,12.0,26.0,HARD,0
1141,7953,2,21,12.0,27.0,HARD,0
1141,7953,2,44,13.0,30.0,HARD,0
1141,7953,2,31,13.0,15.0,HARD,0
1141,7953,2,2,13.0,30.0,SOFT,0
1141,7953,2,24,13.0,32.0,HARD,0
1141,7953,2,16,14.0,33.0,HARD,0
1141,7953,2,55,14.0,31.0,HARD,0
1141,7953,2,63,14.0,31.0,HARD,0
1141,7953,2,1,15.0,36.0,SOFT,2
1141,7953,2,14,15.0,34.0,HARD,0
1141,7953,2,18,16.0,30.0,HARD,0
1141,7953,2,20,16.0,29.0,HARD,0
1141,7953,3,31,16.0,32.0,HARD,0
1141,7953,2,11,18.0,34.0,SOFT,2
1141,7953,3,4,18.0,27.0,SOFT,3
1141,7953,3,10,26.0,40.0,HARD,0
1141,7953,3,23,27.0,40.0,HARD,0
1141,7953,3,22,27.0,40.0,HARD,0
1141,7953,3,27,27.0,40.0,HARD,0
1141,7953,3,21,28.0,56.0,HARD,0
1141,7953,4,4,28.0,37.0,MEDIUM,0
1141,7953,3,77,30.0,57.0,HARD,0
1141,7953,3,20,30.0,40.0,SOFT,0
1141,7953,3,44,31.0,57.0,HARD,0
1141,7953,3,18,31.0,57.0,HARD,0
1141,7953,3,2,31.0,40.0,HARD,0
1141,7953,3,55,32.0,57.0,HARD,0
1141,7953,3,63,32.0,57.0,HARD,0
1141,7953,3,24,33.0,54.0,SOFT,3
1141,7953,3,16,34.0,39.0,HARD,0
1141,7953,4,31,33.0,41.0,HARD,0
1141,7953,3,11,35.0,57.0,HARD,0
1141,7953,3,14,35.0,57.0,HARD,0
1141,7953,3,1,37.0,57.0,HARD,0
1141,7953,5,4,38.0,47.0,HARD,0
1141,7953,4,10,41.0,57.0,SOFT,0
1141,7953,4,23,41.0,57.0,SOFT,0
1141,7953,4,22,41.0,57.0,SOFT,3
1141,7953,4,2,41.0,56.0,SOFT,0
1141,7953,4,20,41.0,56.0,SOFT,0
1141,7953,4,27,41.0,56.0,SOFT,3
1141,7953,6,4,48.0,54.0,SOFT,4
1141,7953,4,24,55.0,56.0,SOFT,3
1141,7953,7,4,55.0,55.0,SOFT,6
1142,7779,1,77,1.0,9.0,MEDIUM,0
1142,7779,1,63,1.0,18.0,MEDIUM,0
1142,7779,1,27,1.0,11.0,MEDIUM,0
1142,7779,1,2,1.0,18.0,HARD,0
1142,7779,1,23,1.0,17.0,MEDIUM,0
1142,7779,1,18,1.0,13.0,MEDIUM,0
1142,7779,1,4,1.0,2.0,SOFT,0
1142,7779,1,55,1.0,15.0,MEDIUM,0
1142,7779,1,24,1.0,11.0,MEDIUM,0
1142,7779,1,44,1.0,18.0,HARD,0
1142,7779,1,14,1.0,18.0,MEDIUM,0
1142,7779,1,20,1.0,8.0,MEDIUM,0
1142,7779,1,10,1.0,14.0,MEDIUM,0
1142,7779,1,1,1.0,18.0,MEDIUM,0
1142,7779,1,21,1.0,17.0,MEDIUM,0
1142,7779,1,16,1.0,16.0,SOFT,0
1142,7779,1,81,1.0,1.0,MEDIUM,0
1142,7779,1,11,1.0,18.0,MEDIUM,0
1142,7779,1,22,1.0,17.0,MEDIUM,0
1142,7779,1,31,1.0,16.0,MEDIUM,0
1142,7779,2,81,2.0,50.0,HARD,0
1142,7779,2,4,3.0,19.0,HARD,0
1142,7779,2,20,9.0,50.0,HARD,0
1142,7779,2,77,10.0,17.0,HARD,0
1142,7779,2,24,12.0,18.0,HARD,0
1142,7779,2,27,12.0,50.0,HARD,0
1142,7779,2,18,14.0,16.0,HARD,0
1142,7779,2,10,15.0,50.0,HARD,0
1142,7779,2,55,16.0,50.0,HARD,0
1142,7779,2,16,17.0,50.0,HARD,0
1142,7779,2,31,17.0,50.0,HARD,0
1142,7779,2,22,18.0,50.0,HARD,0
1142,7779,2,23,18.0,27.0,HARD,0
1142,7779,2,21,18.0,50.0,HARD,0
1142,7779,3,77,18.0,35.0,MEDIUM,0
1142,7779,2,11,19.0,50.0,HARD,0
1142,7779,2,14,19.0,50.0,HARD,1
1142,7779,2,63,19.0,50.0,HARD,0
1142,7779,2,1,19.0,50.0,HARD,0
1142,7779,2,44,19.0,50.0,MEDIUM,0
1142,7779,2,2,19.0,50.0,MEDIUM,0
1142,7779,3,24,19.0,50.0,MEDIUM,0
1142,7779,3,4,20.0,50.0,MEDIUM,0
1142,7779,4,77,36.0,49.0,SOFT,0
1143,7787,1,77,1.0,1.0,SOFT,0
1143,7787,1,21,1.0,8.0,HARD,0
1143,7787,1,1,1.0,8.0,MEDIUM,0
1143,7787,1,16,,,MEDIUM,0
1143,7787,1,27,1.0,8.0,MEDIUM,0
1143,7787,1,22,1.0,8.0,MEDIUM,0
1143,7787,1,2,1.0,1.0,HARD,0
1143,7787,1,11,1.0,1.0,HARD,0
1143,7787,1,23,1.0,6.0,MEDIUM,0
1143,7787,1,63,1.0,7.0,MEDIUM,0
1143,7787,1,18,1.0,8.0,MEDIUM,1
1143,7787,1,14,1.0,8.0,MEDIUM,1
1143,7787,1,4,1.0,8.0,MEDIUM,0
1143,7787,1,24,1.0,1.0,SOFT,0
1143,7787,1,55,1.0,7.0,MEDIUM,0
1143,7787,1,44,1.0,8.0,MEDIUM,0
1143,7787,1,10,1.0,8.0,SOFT,0
1143,7787,1,81,1.0,8.0,MEDIUM,0
1143,7787,1,31,1.0,1.0,SOFT,0
1143,7787,1,20,1.0,7.0,MEDIUM,0
1143,7787,2,31,1.0,8.0,HARD,0
1143,7787,2,11,1.0,2.0,MEDIUM,0
1143,7787,2,2,1.0,2.0,MEDIUM,0
1143,7787,2,24,1.0,8.0,HARD,0
1143,7787,2,77,1.0,8.0,HARD,0
1143,7787,3,2,2.0,8.0,HARD,1
1143,7787,3,11,2.0,8.0,HARD,0
1143,7787,2,63,7.0,8.0,HARD,0
1143,7787,2,55,7.0,8.0,HARD,0
1143,7787,2,20,7.0,8.0,HARD,0
1143,7787,2,1,8.0,55.0,HARD,0
1143,7787,2,44,9.0,55.0,HARD,0
1143,7787,2,14,8.0,55.0,HARD,0
1143,7787,2,10,8.0,55.0,HARD,0
1143,7787,2,27,8.0,55.0,HARD,0
1143,7787,2,18,8.0,55.0,HARD,0
1143,7787,3,63,8.0,17.0,HARD,1
1143,7787,2,22,8.0,54.0,HARD,0
1143,7787,2,4,8.0,55.0,HARD,0
1143,7787,2,81,8.0,54.0,HARD,0
1143,7787,3,55,8.0,55.0,HARD,1
1143,7787,3,31,8.0,55.0,HARD,7
1143,7787,2,21,8.0,45.0,MEDIUM,0
1143,7787,4,11,8.0,55.0,HARD,1
1143,7787,3,24,8.0,54.0,HARD,7
1143,7787,4,2,8.0,36.0,MEDIUM,0
1143,7787,3,77,8.0,53.0,HARD,7
1143,7787,3,20,8.0,52.0,HARD,1
1143,7787,5,2,36.0,54.0,HARD,7
1143,7787,3,21,45.0,54.0,SOFT,0
1143,7787,4,77,53.0,54.0,SOFT,0
1143,7787,3,81,54.0,55.0,SOFT,0
1143,7787,4,24,54.0,55.0,SOFT,0
1143,7787,3,22,54.0,55.0,SOFT,0
1143,7787,6,2,55.0,55.0,SOFT,0
1143,7787,5,77,55.0,54.0,SOFT,0
1143,7787,4,21,55.0,55.0,SOFT,4
1143,7787,3,1,56.0,57.0,SOFT,3
1143,7787,3,44,56.0,57.0,SOFT,4
1143,7787,3,14,55.0,57.0,SOFT,4
1143,7787,4,55,55.0,57.0,SOFT,4
1143,7787,3,10,55.0,56.0,SOFT,0
1143,7787,3,18,55.0,57.0,SOFT,5
1143,7787,5,11,55.0,57.0,SOFT,0
1143,7787,3,4,55.0,57.0,SOFT,0
1143,7787,4,31,55.0,56.0,SOFT,0
1143,7787,3,27,55.0,57.0,SOFT,4
1143,7787,4,81,55.0,57.0,SOFT,0
1143,7787,5,24,55.0,57.0,SOFT,0
1143,7787,4,22,55.0,57.0,SOFT,4
1143,7787,6,77,55.0,57.0,SOFT,2
1143,7787,7,2,55.0,56.0,SOFT,1
1143,7787,5,21,55.0,56.0,SOFT,0
1143,7787,4,1,58.0,58.0,SOFT,5
1143,7787,4,14,57.0,58.0,SOFT,4
1143,7787,4,44,58.0,58.0,SOFT,4
1143,7787,4,18,57.0,58.0,SOFT,6
1143,7787,5,55,57.0,58.0,SOFT,4
1143,7787,6,11,57.0,58.0,SOFT,0
1143,7787,4,27,57.0,58.0,SOFT,0
1143,7787,4,4,57.0,58.0,SOFT,4
1143,7787,5,22,57.0,58.0,SOFT,8
1143,7787,6,24,57.0,58.0,SOFT,2
1143,7787,5,81,57.0,58.0,SOFT,0
1143,7787,7,77,57.0,58.0,SOFT,4
1207,9070,1,20,1.0,10.0,MEDIUM,0
1207,9070,1,55,1.0,11.0,MEDIUM,0
1207,9070,1,10,1.0,5.0,MEDIUM,0
1207,9070,1,16,1.0,11.0,MEDIUM,0
1207,9070,1,81,1.0,8.0,MEDIUM,0
1207,9070,1,11,1.0,11.0,MEDIUM,0
1207,9070,1,31,1.0,50.0,HARD,0
1207,9070,1,77,1.0,6.0,MEDIUM,0
1207,9070,1,1,1.0,10.0,MEDIUM,0
1207,9070,1,21,1.0,9.0,HARD,0
1207,9070,1,27,1.0,49.0,HARD,0
1207,9070,1,22,1.0,8.0,MEDIUM,0
1207,9070,1,2,1.0,8.0,MEDIUM,0
1207,9070,1,23,1.0,7.0,MEDIUM,0
1207,9070,1,63,1.0,11.0,MEDIUM,0
1207,9070,1,18,1.0,11.0,MEDIUM,0
1207,9070,1,4,1.0,9.0,MEDIUM,0
1207,9070,1,44,1.0,9.0,MEDIUM,0
1207,9070,1,24,1.0,11.0,MEDIUM,0
1207,9070,1,14,1.0,11.0,MEDIUM,0
1207,9070,2,10,6.0,23.0,HARD,0
1207,9070,2,77,7.0,12.0,HARD,0
1207,9070,2,23,8.0,51.0,HARD,0
1207,9070,2,22,9.0,51.0,HARD,0
1207,9070,2,81,9.0,51.0,HARD,0
1207,9070,2,2,9.0,51.0,HARD,0
1207,9070,2,44,10.0,51.0,HARD,0
1207,9070,2,4,10.0,51.0,HARD,0
1207,9070,2,1,11.0,51.0,HARD,0
1207,9070,2,20,11.0,51.0,HARD,0
1207,9070,2,11,12.0,51.0,HARD,0
1207,9070,2,16,12.0,51.0,HARD,0
1207,9070,2,55,12.0,51.0,HARD,0
1207,9070,2,14,12.0,51.0,HARD,0
1207,9070,2,63,12.0,49.0,HARD,0
1207,9070,2,18,12.0,51.0,HARD,3
1207,9070,2,24,12.0,36.0,HARD,0
1207,9070,3,77,13.0,34.0,HARD,0
1207,9070,3,10,24.0,51.0,HARD,0
1207,9070,4,77,35.0,50.0,MEDIUM,0
1207,9070,3,63,50.0,51.0,SOFT,0
1207,9070,2,27,50.0,50.0,SOFT,0
1207,9070,2,31,51.0,51.0,SOFT,0
1208,9078,1,18,1.0,42.0,HARD,1
1208,9078,1,4,1.0,4.0,SOFT,0
1208,9078,1,44,1.0,37.0,HARD,0
1208,9078,1,55,1.0,18.0,MEDIUM,0
1208,9078,1,24,1.0,31.0,HARD,0
1208,9078,1,14,1.0,24.0,MEDIUM,1
1208,9078,1,20,1.0,14.0,MEDIUM,0
1208,9078,1,21,1.0,15.0,MEDIUM,0
1208,9078,1,10,1.0,15.0,MEDIUM,0
1208,9078,1,81,1.0,5.0,SOFT,0
1208,9078,1,16,1.0,17.0,MEDIUM,0
1208,9078,1,11,1.0,20.0,MEDIUM,0
1208,9078,1,31,1.0,39.0,HARD,0
1208,9078,1,77,1.0,15.0,MEDIUM,0
1208,9078,1,63,1.0,17.0,MEDIUM,0
1208,9078,1,1,1.0,45.0,HARD,0
1208,9078,1,27,1.0,33.0,HARD,0
1208,9078,1,2,1.0,2.0,MEDIUM,0
1208,9078,1,22,1.0,36.0,HARD,0
1208,9078,1,23,1.0,22.0,MEDIUM,0
1208,9078,2,2,3.0,56.0,HARD,0
1208,9078,2,4,5.0,57.0,HARD,0
1208,9078,2,81,6.0,56.0,HARD,0
1208,9078,2,20,15.0,57.0,HARD,0
1208,9078,2,10,16.0,57.0,HARD,0
1208,9078,2,77,16.0,57.0,HARD,0
1208,9078,2,21,16.0,57.0,HARD,0
1208,9078,2,63,18.0,57.0,HARD,0
1208,9078,2,16,18.0,57.0,HARD,0
1208,9078,2,55,19.0,57.0,HARD,0
1208,9078,2,11,21.0,57.0,HARD,0
1208,9078,2,23,23.0,57.0,HARD,0
1208,9078,2,14,25.0,57.0,HARD,1
1208,9078,2,24,32.0,57.0,MEDIUM,0
1208,9078,2,27,34.0,57.0,MEDIUM,0
1208,9078,2,22,37.0,57.0,MEDIUM,0
1208,9078,2,44,38.0,57.0,MEDIUM,0
1208,9078,2,31,40.0,57.0,MEDIUM,0
1208,9078,2,18,43.0,57.0,MEDIUM,1
1208,9078,2,1,46.0,57.0,MEDIUM,0
1210,9094,1,27,1.0,1.0,MEDIUM,0
1210,9094,1,16,1.0,44.0,HARD,0
1210,9094,1,2,1.0,20.0,MEDIUM,0
1210,9094,1,11,1.0,1.0,MEDIUM,0
1210,9094,1,22,1.0,53.0,MEDIUM,0
1210,9094,1,63,1.0,54.0,HARD,0
1210,9094,1,23,1.0,18.0,MEDIUM,0
1210,9094,1,18,1.0,51.0,HARD,1
1210,9094,1,44,1.0,31.0,MEDIUM,0
1210,9094,1,14,1.0,54.0,HARD,1
1210,9094,1,4,1.0,50.0,MEDIUM,0
1210,9094,1,24,1.0,1.0,SOFT,0
1210,9094,1,55,1.0,33.0,HARD,0
1210,9094,1,10,1.0,47.0,HARD,0
1210,9094,1,81,1.0,54.0,HARD,0
1210,9094,1,31,1.0,32.0,MEDIUM,0
1210,9094,1,20,1.0,56.0,HARD,0
1210,9094,1,77,1.0,51.0,HARD,0
1210,9094,1,1,1.0,55.0,MEDIUM,0
1210,9094,1,21,1.0,53.0,MEDIUM,0
1210,9094,2,11,1.0,34.0,HARD,0
1210,9094,2,24,1.0,52.0,HARD,0
1210,9094,2,27,1.0,54.0,HARD,0
1210,9094,2,23,18.0,52.0,HARD,0
1210,9094,2,2,20.0,23.0,HARD,0
1210,9094,3,2,23.0,52.0,SOFT,0
1210,9094,2,44,31.0,54.0,HARD,0
1210,9094,2,31,32.0,54.0,HARD,0
1210,9094,2,55,33.0,55.0,MEDIUM,0
1210,9094,3,11,34.0,53.0,MEDIUM,1
1210,9094,2,16,44.0,55.0,MEDIUM,0
1210,9094,2,10,47.0,54.0,MEDIUM,0
1210,9094,2,4,50.0,54.0,HARD,0
1210,9094,2,18,51.0,53.0,INTERMEDIATE,0
1210,9094,2,77,51.0,77.0,INTERMEDIATE,0
1210,9094,3,24,52.0,77.0,INTERMEDIATE,0
1210,9094,3,23,52.0,77.0,INTERMEDIATE,0
1210,9094,4,2,52.0,76.0,INTERMEDIATE,0
1210,9094,2,22,53.0,76.0,INTERMEDIATE,0
1210,9094,2,14,54.0,55.0,MEDIUM,1
1210,9094,2,21,53.0,77.0,INTERMEDIATE,0
1210,9094,2,63,54.0,78.0,INTERMEDIATE,0
1210,9094,3,31,54.0,78.0,INTERMEDIATE,0
1210,9094,3,44,54.0,78.0,INTERMEDIATE,0
1210,9094,4,11,53.0,57.0,INTERMEDIATE,0
1210,9094,3,10,54.0,78.0,INTERMEDIATE,0
1210,9094,2,1,55.0,78.0,INTERMEDIATE,0
1210,9094,2,81,54.0,77.0,INTERMEDIATE,0
1210,9094,3,4,54.0,77.0,INTERMEDIATE,0
1210,9094,3,14,55.0,78.0,INTERMEDIATE,0
1210,9094,3,16,55.0,78.0,INTERMEDIATE,0
1210,9094,3,55,55.0,78.0,INTERMEDIATE,0
1210,9094,3,27,54.0,59.0,INTERMEDIATE,0
1210,9094,2,20,56.0,70.0,WET,0
1210,9094,5,11,57.0,70.0,WET,0
1210,9094,4,27,59.0,76.0,WET,0
1210,9094,6,11,70.0,76.0,INTERMEDIATE,0
1211,9102,1,11,1.0,27.0,MEDIUM,0
1211,9102,1,31,1.0,13.0,SOFT,3
1211,9102,1,77,1.0,5.0,SOFT,0
1211,9102,1,21,1.0,9.0,SOFT,0
1211,9102,1,1,1.0,26.0,MEDIUM,0
1211,9102,1,16,1.0,16.0,HARD,0
1211,9102,1,27,1.0,8.0,SOFT,3
1211,9102,1,2,1.0,17.0,MEDIUM,0
1211,9102,1,22,1.0,10.0,SOFT,0
1211,9102,1,23,1.0,16.0,SOFT,0
1211,9102,1,63,1.0,25.0,SOFT,0
1211,9102,1,18,1.0,14.0,SOFT,3
1211,9102,1,24,1.0,9.0,SOFT,0
1211,9102,1,44,1.0,24.0,SOFT,3
1211,9102,1,14,1.0,19.0,SOFT,3
1211,9102,1,20,1.0,10.0,SOFT,0
1211,9102,1,4,1.0,1.0,SOFT,2
1211,9102,1,55,1.0,15.0,SOFT,3
1211,9102,1,10,1.0,19.0,SOFT,3
1211,9102,1,81,1.0,17.0,SOFT,2
1211,9102,2,4,2.0,22.0,HARD,0
1211,9102,2,77,6.0,39.0,HARD,0
1211,9102,2,27,9.0,26.0,MEDIUM,0
1211,9102,2,24,10.0,36.0,HARD,0
1211,9102,2,21,10.0,38.0,HARD,0
1211,9102,2,22,11.0,34.0,HARD,0
1211,9102,2,20,11.0,24.0,MEDIUM,0
1211,9102,2,31,14.0,35.0,MEDIUM,0
1211,9102,2,18,15.0,34.0,SOFT,0
1211,9102,2,55,16.0,41.0,MEDIUM,0
1211,9102,2,16,17.0,41.0,SOFT,0
1211,9102,2,23,17.0,37.0,HARD,0
1211,9102,2,81,18.0,39.0,HARD,0
1211,9102,2,2,18.0,36.0,HARD,0
1211,9102,2,14,20.0,44.0,SOFT,0
1211,9102,2,10,20.0,39.0,MEDIUM,0
1211,9102,3,4,23.0,50.0,MEDIUM,0
1211,9102,2,44,25.0,50.0,MEDIUM,0
1211,9102,3,20,25.0,42.0,HARD,0
1211,9102,2,63,26.0,45.0,MEDIUM,0
1211,9102,2,1,27.0,52.0,HARD,0
1211,9102,3,27,27.0,43.0,HARD,0
1211,9102,2,11,28.0,50.0,HARD,0
1211,9102,3,22,35.0,66.0,MEDIUM,0
1211,9102,3,18,35.0,66.0,HARD,0
1211,9102,3,31,36.0,66.0,HARD,0
1211,9102,3,24,37.0,66.0,HARD,0
1211,9102,3,2,37.0,65.0,HARD,0
1211,9102,3,23,38.0,65.0,MEDIUM,0
1211,9102,3,21,39.0,65.0,MEDIUM,0
1211,9102,3,81,40.0,65.0,MEDIUM,0
1211,9102,3,10,40.0,66.0,HARD,0
1211,9102,3,77,40.0,65.0,HARD,0
1211,9102,3,55,42.0,66.0,HARD,0
1211,9102,3,16,42.0,66.0,HARD,0
1211,9102,4,20,43.0,65.0,MEDIUM,0
1211,9102,4,27,44.0,65.0,MEDIUM,0
1211,9102,3,14,45.0,66.0,HARD,0
1211,9102,3,63,46.0,66.0,SOFT,3
1211,9102,3,44,51.0,66.0,SOFT,3
1211,9102,3,11,51.0,66.0,SOFT,0
1211,9102,4,4,51.0,65.0,SOFT,0
1211,9102,3,1,53.0,66.0,SOFT,2
1212,9110,1,81,1.0,12.0,MEDIUM,0
1212,9110,1,22,1.0,1.0,MEDIUM,0
1212,9110,1,11,1.0,37.0,HARD,0
1212,9110,1,31,1.0,12.0,MEDIUM,0
1212,9110,1,77,1.0,36.0,HARD,0
1212,9110,1,63,1.0,12.0,MEDIUM,0
1212,9110,1,18,1.0,11.0,MEDIUM,0
1212,9110,1,27,1.0,11.0,MEDIUM,0
1212,9110,1,2,1.0,6.0,MEDIUM,0
1212,9110,1,14,1.0,12.0,MEDIUM,0
1212,9110,1,23,1.0,12.0,MEDIUM,1
1212,9110,1,55,1.0,38.0,MEDIUM,0
1212,9110,1,1,1.0,12.0,MEDIUM,0
1212,9110,1,4,1.0,12.0,MEDIUM,0
1212,9110,1,24,1.0,12.0,MEDIUM,0
1212,9110,1,44,1.0,12.0,MEDIUM,0
1212,9110,1,20,1.0,35.0,HARD,0
1212,9110,1,10,1.0,10.0,SOFT,0
1212,9110,1,21,1.0,11.0,MEDIUM,0
1212,9110,1,16,1.0,39.0,MEDIUM,0
1212,9110,2,22,1.0,2.0,HARD,0
1212,9110,3,22,3.0,70.0,HARD,0
1212,9110,2,10,10.0,33.0,HARD,0
1212,9110,2,27,11.0,31.0,HARD,0
1212,9110,2,18,11.0,27.0,HARD,0
1212,9110,2,21,11.0,50.0,HARD,0
1212,9110,2,1,12.0,42.0,HARD,0
1212,9110,2,14,12.0,41.0,HARD,0
1212,9110,2,44,12.0,40.0,HARD,0
1212,9110,2,31,12.0,36.0,HARD,0
1212,9110,2,81,12.0,37.0,HARD,0
1212,9110,2,23,12.0,70.0,HARD,0
1212,9110,2,4,12.0,35.0,HARD,0
1212,9110,2,24,12.0,32.0,HARD,0
1212,9110,2,63,12.0,53.0,HARD,0
1212,9110,3,18,27.0,70.0,HARD,0
1212,9110,3,27,31.0,69.0,HARD,0
1212,9110,3,24,32.0,69.0,HARD,0
1212,9110,3,10,33.0,70.0,HARD,0
1212,9110,3,4,35.0,70.0,HARD,0
1212,9110,2,20,35.0,53.0,MEDIUM,0
1212,9110,3,31,36.0,70.0,HARD,0
1212,9110,2,77,36.0,70.0,MEDIUM,0
1212,9110,2,11,37.0,68.0,MEDIUM,0
1212,9110,3,81,37.0,70.0,HARD,0
1212,9110,2,55,38.0,70.0,HARD,0
1212,9110,2,16,39.0,70.0,HARD,0
1212,9110,3,44,40.0,70.0,MEDIUM,0
1212,9110,3,14,41.0,70.0,HARD,0
1212,9110,3,1,42.0,70.0,MEDIUM,0
1212,9110,3,21,50.0,69.0,HARD,0
1212,9110,3,20,53.0,69.0,MEDIUM,0
1212,9110,3,11,68.0,70.0,SOFT,0
1213,9118,1,14,1.0,2.0,HARD,0
1213,9118,1,27,1.0,2.0,MEDIUM,3
1213,9118,1,18,1.0,2.0,MEDIUM,0
1213,9118,1,16,1.0,2.0,MEDIUM,0
1213,9118,1,2,1.0,2.0,MEDIUM,0
1213,9118,1,22,1.0,1.0,MEDIUM,0
1213,9118,1,31,1.0,2.0,MEDIUM,0
1213,9118,1,44,1.0,2.0,MEDIUM,0
1213,9118,1,20,1.0,1.0,HARD,0
1213,9118,1,23,1.0,2.0,MEDIUM,0
1213,9118,1,24,1.0,2.0,MEDIUM,0
1213,9118,1,55,1.0,2.0,MEDIUM,0
1213,9118,1,77,1.0,2.0,HARD,0
1213,9118,1,10,1.0,2.0,MEDIUM,0
1213,9118,1,1,1.0,2.0,MEDIUM,0
1213,9118,1,21,1.0,2.0,MEDIUM,0
1213,9118,1,63,1.0,2.0,MEDIUM,0
1213,9118,1,4,1.0,2.0,MEDIUM,0
1213,9118,1,81,1.0,2.0,MEDIUM,0
1213,9118,1,11,1.0,2.0,MEDIUM,0
1213,9118,2,20,2.0,2.0,MEDIUM,0
1213,9118,2,22,2.0,2.0,HARD,0
1213,9118,2,1,3.0,24.0,MEDIUM,0
1213,9118,2,55,3.0,15.0,MEDIUM,0
1213,9118,2,16,3.0,15.0,MEDIUM,0
1213,9118,2,44,3.0,14.0,MEDIUM,2
1213,9118,2,4,3.0,14.0,MEDIUM,2
1213,9118,2,27,3.0,11.0,MEDIUM,0
1213,9118,2,18,3.0,15.0,MEDIUM,2
1213,9118,2,14,3.0,15.0,HARD,2
1213,9118,2,10,3.0,14.0,MEDIUM,0
1213,9118,2,23,3.0,14.0,MEDIUM,0
1213,9118,2,11,3.0,25.0,MEDIUM,2
1213,9118,2,63,3.0,14.0,MEDIUM,2
1213,9118,2,31,3.0,14.0,MEDIUM,2
1213,9118,2,24,3.0,8.0,MEDIUM,0
1213,9118,2,77,3.0,21.0,HARD,0
1213,9118,2,81,3.0,14.0,MEDIUM,2
1213,9118,2,2,3.0,14.0,MEDIUM,0
1213,9118,2,21,3.0,12.0,MEDIUM,2
1213,9118,3,22,3.0,23.0,HARD,1
1213,9118,3,20,3.0,34.0,HARD,0
1213,9118,3,24,9.0,38.0,HARD,0
1213,9118,3,27,12.0,12.0,HARD,0
1213,9118,3,21,13.0,37.0,HARD,0
1213,9118,3,4,15.0,41.0,HARD,0
1213,9118,3,44,15.0,42.0,HARD,0
1213,9118,3,10,15.0,44.0,HARD,0
1213,9118,3,31,15.0,40.0,HARD,0
1213,9118,3,63,15.0,41.0,HARD,0
1213,9118,3,23,15.0,41.0,HARD,0
1213,9118,3,81,15.0,22.0,HARD,0
1213,9118,3,2,15.0,43.0,HARD,0
1213,9118,3,16,16.0,47.0,MEDIUM,0
1213,9118,3,55,16.0,45.0,MEDIUM,0
1213,9118,3,14,16.0,44.0,MEDIUM,0
1213,9118,3,18,16.0,36.0,HARD,0
1213,9118,3,77,22.0,40.0,MEDIUM,0
1213,9118,4,81,23.0,41.0,HARD,0
1213,9118,4,22,24.0,43.0,HARD,0
1213,9118,3,1,25.0,49.0,HARD,0
1213,9118,3,11,26.0,50.0,MEDIUM,0
1213,9118,4,20,35.0,70.0,HARD,1
1213,9118,4,18,37.0,54.0,HARD,0
1213,9118,4,21,38.0,70.0,MEDIUM,0
1213,9118,4,24,39.0,70.0,HARD,0
1213,9118,4,31,41.0,70.0,HARD,0
1213,9118,4,77,41.0,70.0,HARD,0
1213,9118,4,4,42.0,71.0,HARD,0
1213,9118,4,63,42.0,71.0,MEDIUM,0
1213,9118,4,23,42.0,71.0,HARD,0
1213,9118,5,81,42.0,70.0,MEDIUM,0
1213,9118,4,44,43.0,71.0,MEDIUM,0
1213,9118,4,2,44.0,70.0,HARD,0
1213,9118,5,22,44.0,70.0,MEDIUM,0
1213,9118,4,14,45.0,71.0,MEDIUM,0
1213,9118,4,10,45.0,71.0,MEDIUM,0
1213,9118,4,55,46.0,71.0,HARD,0
1213,9118,4,16,48.0,71.0,HARD,0
1213,9118,4,1,50.0,69.0,MEDIUM,0
1213,9118,4,11,51.0,71.0,HARD,0
1213,9118,5,18,55.0,71.0,MEDIUM,0
1213,9118,5,1,70.0,71.0,SOFT,3
1214,9126,1,31,1.0,9.0,SOFT,0
1214,9126,1,10,1.0,31.0,MEDIUM,0
1214,9126,1,21,1.0,27.0,SOFT,0
1214,9126,1,77,1.0,32.0,HARD,0
1214,9126,1,14,1.0,33.0,MEDIUM,1
1214,9126,1,23,1.0,32.0,MEDIUM,0
1214,9126,1,18,1.0,31.0,MEDIUM,0
1214,9126,1,22,1.0,14.0,SOFT,0
1214,9126,1,20,1.0,31.0,MEDIUM,0
1214,9126,1,27,1.0,7.0,HARD,0
1214,9126,1,2,1.0,29.0,MEDIUM,0
1214,9126,1,44,1.0,33.0,MEDIUM,0
1214,9126,1,4,1.0,33.0,MEDIUM,0
1214,9126,1,55,1.0,26.0,MEDIUM,0
1214,9126,1,24,1.0,24.0,MEDIUM,0
1214,9126,1,1,1.0,33.0,MEDIUM,0
1214,9126,1,81,1.0,29.0,MEDIUM,0
1214,9126,1,63,1.0,28.0,SOFT,3
1214,9126,1,16,1.0,18.0,MEDIUM,0
1214,9126,1,11,1.0,28.0,MEDIUM,0
1214,9126,2,27,8.0,32.0,MEDIUM,0
1214,9126,2,22,15.0,32.0,HARD,0
1214,9126,2,16,19.0,32.0,HARD,0
1214,9126,2,24,25.0,33.0,HARD,0
1214,9126,2,55,27.0,52.0,HARD,0
1214,9126,2,21,28.0,32.0,MEDIUM,0
1214,9126,2,63,29.0,52.0,MEDIUM,0
1214,9126,2,11,29.0,52.0,SOFT,0
1214,9126,2,81,30.0,52.0,HARD,0
1214,9126,2,2,30.0,52.0,SOFT,0
1214,9126,2,10,32.0,46.0,SOFT,3
1214,9126,2,18,32.0,52.0,SOFT,3
1214,9126,2,23,33.0,52.0,SOFT,4
1214,9126,3,16,33.0,52.0,MEDIUM,0
1214,9126,2,77,33.0,52.0,SOFT,0
1214,9126,3,22,33.0,52.0,SOFT,0
1214,9126,3,21,33.0,52.0,SOFT,0
1214,9126,3,27,33.0,52.0,SOFT,0
1214,9126,2,1,34.0,52.0,SOFT,3
1214,9126,2,4,34.0,52.0,HARD,0
1214,9126,2,44,34.0,52.0,SOFT,3
1214,9126,2,14,34.0,52.0,SOFT,3
1214,9126,3,24,34.0,36.0,SOFT,0
1214,9126,4,24,37.0,52.0,SOFT,3
1215,9133,1,1,1.0,23.0,MEDIUM,3
1215,9133,1,81,1.0,18.0,MEDIUM,2
1215,9133,1,23,1.0,8.0,MEDIUM,0
1215,9133,1,27,1.0,16.0,MEDIUM,3
1215,9133,1,20,1.0,14.0,MEDIUM,0
1215,9133,1,11,1.0,24.0,HARD,3
1215,9133,1,2,1.0,13.0,MEDIUM,0
1215,9133,1,4,1.0,17.0,MEDIUM,0
1215,9133,1,55,1.0,15.0,SOFT,0
1215,9133,1,77,1.0,9.0,MEDIUM,3
1215,9133,1,3,1.0,18.0,MEDIUM,3
1215,9133,1,10,1.0,1.0,SOFT,0
1215,9133,1,63,1.0,28.0,HARD,0
1215,9133,1,14,1.0,20.0,MEDIUM,3
1215,9133,1,18,1.0,9.0,SOFT,0
1215,9133,1,16,1.0,17.0,MEDIUM,3
1215,9133,1,22,1.0,9.0,SOFT,0
1215,9133,1,44,1.0,16.0,MEDIUM,3
1215,9133,1,31,1.0,2.0,MEDIUM,3
1215,9133,1,24,1.0,10.0,MEDIUM,3
1215,9133,2,23,9.0,31.0,HARD,3
1215,9133,2,18,10.0,34.0,HARD,5
1215,9133,2,77,10.0,40.0,HARD,5
1215,9133,2,22,10.0,44.0,HARD,3
1215,9133,2,24,11.0,38.0,HARD,5
1215,9133,2,2,14.0,34.0,HARD,3
1215,9133,2,20,15.0,41.0,HARD,3
1215,9133,2,55,16.0,44.0,HARD,0
1215,9133,2,44,17.0,49.0,HARD,0
1215,9133,2,27,17.0,38.0,HARD,3
1215,9133,2,4,18.0,44.0,HARD,0
1215,9133,2,16,18.0,43.0,HARD,0
1215,9133,2,81,19.0,42.0,HARD,0
1215,9133,2,3,19.0,29.0,HARD,3
1215,9133,2,14,21.0,43.0,HARD,4
1215,9133,2,1,24.0,51.0,HARD,0
1215,9133,2,11,25.0,42.0,MEDIUM,6
1215,9133,2,63,29.0,46.0,MEDIUM,0
1215,9133,3,3,30.0,69.0,MEDIUM,3
1215,9133,3,23,32.0,69.0,HARD,0
1215,9133,3,18,35.0,69.0,HARD,4
1215,9133,3,2,35.0,67.0,HARD,0
1215,9133,3,27,39.0,69.0,HARD,5
1215,9133,3,24,39.0,69.0,HARD,5
1215,9133,3,77,41.0,69.0,HARD,3
1215,9133,3,20,42.0,69.0,HARD,5
1215,9133,3,81,43.0,70.0,MEDIUM,3
1215,9133,3,11,43.0,70.0,MEDIUM,3
1215,9133,3,16,44.0,70.0,HARD,4
1215,9133,3,14,44.0,70.0,HARD,0
1215,9133,3,4,45.0,70.0,MEDIUM,3
1215,9133,3,55,45.0,70.0,HARD,3
1215,9133,3,22,45.0,69.0,MEDIUM,0
1215,9133,3,63,47.0,70.0,MEDIUM,0
1215,9133,3,44,50.0,70.0,MEDIUM,3
1215,9133,3,1,52.0,70.0,MEDIUM,3
1216,9141,1,20,1.0,5.0,SOFT,0
1216,9141,1,1,1.0,14.0,SOFT,0
1216,9141,1,10,1.0,23.0,SOFT,0
1216,9141,1,81,,,MEDIUM,0
1216,9141,1,16,1.0,13.0,SOFT,0
1216,9141,1,11,1.0,13.0,SOFT,0
1216,9141,1,22,1.0,9.0,MEDIUM,0
1216,9141,1,31,1.0,6.0,SOFT,0
1216,9141,1,77,1.0,6.0,SOFT,0
1216,9141,1,63,1.0,22.0,MEDIUM,0
1216,9141,1,18,1.0,20.0,MEDIUM,0
1216,9141,1,27,1.0,12.0,MEDIUM,0
1216,9141,1,2,1.0,8.0,SOFT,0
1216,9141,1,14,1.0,10.0,MEDIUM,0
1216,9141,1,23,1.0,7.0,SOFT,0
1216,9141,1,3,1.0,5.0,SOFT,0
1216,9141,1,44,1.0,12.0,SOFT,0
1216,9141,1,4,1.0,5.0,MEDIUM,0
1216,9141,1,55,1.0,7.0,SOFT,0
1216,9141,1,24,1.0,7.0,SOFT,0
1216,9141,2,4,6.0,17.0,HARD,0
1216,9141,2,3,6.0,22.0,MEDIUM,0
1216,9141,2,20,6.0,25.0,MEDIUM,0
1216,9141,2,31,7.0,25.0,MEDIUM,0
1216,9141,2,77,7.0,24.0,MEDIUM,0
1216,9141,2,23,8.0,23.0,MEDIUM,0
1216,9141,2,55,8.0,23.0,MEDIUM,0
1216,9141,2,24,8.0,25.0,MEDIUM,0
1216,9141,2,2,9.0,24.0,MEDIUM,0
1216,9141,2,22,10.0,24.0,MEDIUM,0
1216,9141,2,14,11.0,29.0,MEDIUM,0
1216,9141,2,44,13.0,27.0,MEDIUM,0
1216,9141,2,27,13.0,24.0,SOFT,0
1216,9141,2,11,14.0,29.0,MEDIUM,0
1216,9141,2,16,14.0,28.0,MEDIUM,0
1216,9141,2,1,15.0,30.0,MEDIUM,0
1216,9141,3,4,18.0,44.0,SOFT,0
1216,9141,2,18,21.0,44.0,SOFT,0
1216,9141,2,63,23.0,44.0,SOFT,0
1216,9141,3,3,23.0,44.0,MEDIUM,0
1216,9141,3,23,24.0,33.0,MEDIUM,0
1216,9141,2,10,24.0,44.0,MEDIUM,0
1216,9141,3,22,25.0,44.0,SOFT,0
1216,9141,3,77,25.0,44.0,MEDIUM,0
1216,9141,3,27,25.0,44.0,SOFT,0
1216,9141,3,2,25.0,34.0,MEDIUM,0
1216,9141,3,31,26.0,44.0,SOFT,0
1216,9141,3,20,26.0,44.0,MEDIUM,0
1216,9141,3,24,26.0,44.0,SOFT,0
1216,9141,3,44,28.0,42.0,SOFT,0
1216,9141,3,16,29.0,44.0,SOFT,0
1216,9141,3,11,30.0,44.0,SOFT,0
1216,9141,3,14,30.0,44.0,SOFT,0
1216,9141,3,1,31.0,44.0,SOFT,0
1216,9141,4,23,34.0,44.0,SOFT,0
1216,9141,4,2,35.0,44.0,SOFT,0
1216,9141,4,44,43.0,44.0,MEDIUM,0
1217,9149,1,14,1.0,2.0,SOFT,0
1217,9149,1,18,1.0,4.0,SOFT,0
1217,9149,1,40,1.0,1.0,SOFT,0
1217,9149,1,27,1.0,16.0,SOFT,0
1217,9149,1,20,1.0,1.0,SOFT,0
1217,9149,1,22,1.0,1.0,SOFT,0
1217,9149,1,24,1.0,1.0,SOFT,0
1217,9149,1,10,1.0,1.0,SOFT,0
1217,9149,1,1,1.0,2.0,SOFT,0
1217,9149,1,81,1.0,15.0,SOFT,0
1217,9149,1,63,1.0,4.0,SOFT,0
1217,9149,1,23,1.0,44.0,SOFT,0
1217,9149,1,16,1.0,1.0,SOFT,0
1217,9149,1,44,1.0,3.0,MEDIUM,0
1217,9149,1,11,1.0,1.0,SOFT,0
1217,9149,1,31,1.0,2.0,SOFT,0
1217,9149,1,2,1.0,14.0,SOFT,0
1217,9149,1,4,1.0,3.0,SOFT,0
1217,9149,1,55,1.0,2.0,SOFT,0
1217,9149,1,77,1.0,16.0,SOFT,0
1217,9149,2,11,2.0,12.0,INTERMEDIATE,0
1217,9149,2,24,2.0,10.0,INTERMEDIATE,0
1217,9149,2,10,2.0,11.0,INTERMEDIATE,0
1217,9149,2,22,2.0,10.0,INTERMEDIATE,5
1217,9149,2,16,2.0,11.0,INTERMEDIATE,8
1217,9149,2,20,2.0,9.0,INTERMEDIATE,0
1217,9149,2,40,2.0,10.0,INTERMEDIATE,5
1217,9149,2,1,3.0,11.0,INTERMEDIATE,0
1217,9149,2,14,3.0,10.0,INTERMEDIATE,0
1217,9149,2,55,3.0,10.0,INTERMEDIATE,7
1217,9149,2,31,3.0,10.0,INTERMEDIATE,0
1217,9149,2,4,4.0,10.0,INTERMEDIATE,0
1217,9149,2,44,4.0,9.0,INTERMEDIATE,0
1217,9149,2,63,5.0,10.0,INTERMEDIATE,0
1217,9149,2,18,5.0,9.0,INTERMEDIATE,0
1217,9149,3,20,10.0,35.0,SOFT,0
1217,9149,3,44,10.0,45.0,SOFT,0
1217,9149,3,18,10.0,16.0,SOFT,0
1217,9149,3,24,11.0,37.0,MEDIUM,0
1217,9149,3,14,11.0,48.0,SOFT,0
1217,9149,3,55,11.0,41.0,SOFT,0
1217,9149,3,22,11.0,60.0,SOFT,0
1217,9149,3,31,11.0,43.0,SOFT,0
1217,9149,3,4,11.0,42.0,SOFT,0
1217,9149,3,40,11.0,17.0,SOFT,0
1217,9149,3,63,11.0,16.0,SOFT,0
1217,9149,3,1,12.0,49.0,SOFT,0
1217,9149,3,10,12.0,46.0,SOFT,0
1217,9149,3,16,12.0,41.0,SOFT,0
1217,9149,3,11,13.0,45.0,SOFT,0
1217,9149,2,81,16.0,46.0,SOFT,0
1217,9149,2,77,17.0,47.0,MEDIUM,0
1217,9149,2,27,17.0,48.0,MEDIUM,0
1217,9149,4,63,17.0,60.0,HARD,0
1217,9149,4,18,17.0,34.0,MEDIUM,0
1217,9149,4,40,18.0,46.0,MEDIUM,0
1217,9149,5,18,35.0,60.0,SOFT,0
1217,9149,4,20,36.0,60.0,MEDIUM,0
1217,9149,4,24,38.0,60.0,SOFT,0
1217,9149,4,55,42.0,60.0,SOFT,2
1217,9149,4,4,43.0,60.0,SOFT,3
1217,9149,4,31,44.0,61.0,SOFT,0
1217,9149,2,23,45.0,61.0,MEDIUM,0
1217,9149,4,11,46.0,60.0,SOFT,1
1217,9149,4,44,46.0,60.0,SOFT,3
1217,9149,4,10,47.0,60.0,SOFT,0
1217,9149,3,81,47.0,60.0,MEDIUM,0
1217,9149,5,40,47.0,59.0,SOFT,0
1217,9149,3,77,48.0,59.0,SOFT,0
1217,9149,4,14,49.0,61.0,SOFT,2
1217,9149,3,27,49.0,60.0,SOFT,0
1217,9149,4,1,50.0,61.0,SOFT,1
1217,9149,4,77,60.0,63.0,INTERMEDIATE,0
1217,9149,6,40,60.0,63.0,INTERMEDIATE,7
1217,9149,5,11,61.0,63.0,INTERMEDIATE,6
1217,9149,5,55,61.0,64.0,INTERMEDIATE,15
1217,9149,5,10,61.0,64.0,INTERMEDIATE,0
1217,9149,5,44,61.0,64.0,INTERMEDIATE,6
1217,9149,5,63,61.0,63.0,INTERMEDIATE,12
1217,9149,5,4,61.0,63.0,INTERMEDIATE,4
1217,9149,4,81,61.0,63.0,INTERMEDIATE,5
1217,9149,4,22,61.0,63.0,INTERMEDIATE,5
1217,9149,5,24,61.0,62.0,INTERMEDIATE,0
1217,9149,6,18,61.0,63.0,INTERMEDIATE,5
1217,9149,4,27,61.0,63.0,INTERMEDIATE,3
1217,9149,5,1,62.0,63.0,INTERMEDIATE,12
1217,9149,5,20,61.0,63.0,INTERMEDIATE,0
1217,9149,5,14,62.0,64.0,INTERMEDIATE,3
1217,9149,3,23,62.0,63.0,INTERMEDIATE,5
1217,9149,5,31,62.0,63.0,WET,0
1217,9149,6,1,64.0,64.0,WET,0
1217,9149,6,11,64.0,64.0,INTERMEDIATE,6
1217,9149,6,4,64.0,64.0,INTERMEDIATE,11
1217,9149,6,63,64.0,64.0,INTERMEDIATE,5
1217,9149,4,23,64.0,64.0,INTERMEDIATE,5
1217,9149,5,81,64.0,64.0,INTERMEDIATE,4
1217,9149,5,22,64.0,64.0,INTERMEDIATE,5
1217,9149,6,31,64.0,64.0,INTERMEDIATE,0
1217,9149,7,18,64.0,64.0,INTERMEDIATE,5
1217,9149,5,27,64.0,64.0,INTERMEDIATE,4
1217,9149,7,40,64.0,64.0,INTERMEDIATE,0
1217,9149,5,77,64.0,64.0,INTERMEDIATE,0
1217,9149,6,20,64.0,64.0,INTERMEDIATE,3
1217,9149,7,1,65.0,72.0,INTERMEDIATE,4
1217,9149,6,14,65.0,72.0,INTERMEDIATE,6
1217,9149,6,10,65.0,72.0,INTERMEDIATE,4
1217,9149,7,11,65.0,72.0,INTERMEDIATE,7
1217,9149,6,55,65.0,72.0,INTERMEDIATE,4
1217,9149,6,44,65.0,72.0,INTERMEDIATE,6
1217,9149,7,4,65.0,72.0,INTERMEDIATE,12
1217,9149,7,63,65.0,67.0,INTERMEDIATE,0
1217,9149,5,23,65.0,72.0,INTERMEDIATE,6
1217,9149,6,81,65.0,72.0,INTERMEDIATE,5
1217,9149,7,31,65.0,72.0,INTERMEDIATE,1
1217,9149,6,22,65.0,72.0,INTERMEDIATE,6
1217,9149,6,27,65.0,72.0,INTERMEDIATE,5
1217,9149,8,18,65.0,72.0,INTERMEDIATE,0
1217,9149,6,77,65.0,72.0,INTERMEDIATE,0
1217,9149,8,40,65.0,72.0,INTERMEDIATE,8
1217,9149,7,20,65.0,72.0,INTERMEDIATE,4
1217,9149,8,63,68.0,72.0,INTERMEDIATE,15
1218,9157,1,20,1.0,12.0,HARD,4
1218,9157,1,40,1.0,13.0,MEDIUM,3
1218,9157,1,1,1.0,20.0,MEDIUM,0
1218,9157,1,16,1.0,20.0,MEDIUM,0
1218,9157,1,22,,,MEDIUM,3
1218,9157,1,11,1.0,21.0,MEDIUM,0
1218,9157,1,31,1.0,24.0,MEDIUM,0
1218,9157,1,77,1.0,25.0,HARD,3
1218,9157,1,63,1.0,19.0,MEDIUM,0
1218,9157,1,18,1.0,20.0,MEDIUM,0
1218,9157,1,27,1.0,14.0,MEDIUM,3
1218,9157,1,2,1.0,14.0,MEDIUM,3
1218,9157,1,14,1.0,21.0,MEDIUM,0
1218,9157,1,23,1.0,15.0,MEDIUM,3
1218,9157,1,55,1.0,19.0,MEDIUM,0
1218,9157,1,24,1.0,11.0,MEDIUM,0
1218,9157,1,10,1.0,10.0,MEDIUM,0
1218,9157,1,44,1.0,27.0,HARD,3
1218,9157,1,81,1.0,23.0,MEDIUM,0
1218,9157,1,4,1.0,22.0,MEDIUM,0
1218,9157,2,10,11.0,31.0,HARD,3
1218,9157,2,24,12.0,33.0,HARD,3
1218,9157,2,20,13.0,33.0,MEDIUM,0
1218,9157,2,40,14.0,33.0,HARD,3
1218,9157,2,2,15.0,51.0,HARD,3
1218,9157,2,27,15.0,39.0,HARD,5
1218,9157,2,23,16.0,51.0,HARD,3
1218,9157,2,63,20.0,51.0,HARD,0
1218,9157,2,55,20.0,51.0,HARD,0
1218,9157,2,1,21.0,51.0,HARD,0
1218,9157,2,16,21.0,51.0,HARD,0
1218,9157,2,18,21.0,51.0,HARD,4
1218,9157,2,11,22.0,51.0,HARD,0
1218,9157,2,14,22.0,51.0,HARD,3
1218,9157,2,4,23.0,51.0,HARD,4
1218,9157,2,81,24.0,41.0,HARD,5
1218,9157,2,31,25.0,39.0,HARD,3
1218,9157,2,77,26.0,51.0,MEDIUM,3
1218,9157,2,44,28.0,51.0,MEDIUM,0
1218,9157,3,10,32.0,51.0,MEDIUM,0
1218,9157,3,40,34.0,51.0,MEDIUM,0
1218,9157,3,24,34.0,51.0,MEDIUM,0
1218,9157,3,20,34.0,50.0,MEDIUM,0
1218,9157,3,27,40.0,50.0,MEDIUM,3
1218,9157,3,81,42.0,51.0,MEDIUM,3
1219,9165,1,10,1.0,20.0,MEDIUM,0
1219,9165,1,81,1.0,20.0,MEDIUM,0
1219,9165,1,16,1.0,20.0,SOFT,3
1219,9165,1,11,1.0,39.0,HARD,0
1219,9165,1,22,,,SOFT,0
1219,9165,1,31,1.0,20.0,MEDIUM,0
1219,9165,1,77,1.0,40.0,HARD,0
1219,9165,1,63,1.0,20.0,MEDIUM,0
1219,9165,1,27,1.0,20.0,MEDIUM,0
1219,9165,1,2,1.0,19.0,MEDIUM,0
1219,9165,1,23,1.0,20.0,MEDIUM,0
1219,9165,1,4,1.0,20.0,MEDIUM,0
1219,9165,1,55,1.0,20.0,MEDIUM,0
1219,9165,1,44,1.0,20.0,MEDIUM,0
1219,9165,1,24,1.0,2.0,SOFT,0
1219,9165,1,14,1.0,20.0,MEDIUM,0
1219,9165,1,20,1.0,20.0,MEDIUM,0
1219,9165,1,40,1.0,20.0,MEDIUM,0
1219,9165,1,1,1.0,40.0,HARD,0
1219,9165,2,24,3.0,20.0,HARD,0
1219,9165,2,55,21.0,62.0,HARD,0
1219,9165,2,2,20.0,43.0,HARD,0
1219,9165,2,63,21.0,44.0,HARD,0
1219,9165,2,16,21.0,62.0,HARD,0
1219,9165,2,4,21.0,62.0,HARD,0
1219,9165,2,44,21.0,44.0,HARD,0
1219,9165,2,14,21.0,44.0,HARD,0
1219,9165,2,31,21.0,42.0,HARD,0
1219,9165,2,20,21.0,43.0,HARD,0
1219,9165,2,81,21.0,62.0,HARD,0
1219,9165,2,40,21.0,62.0,HARD,0
1219,9165,2,27,21.0,62.0,HARD,0
1219,9165,2,10,21.0,62.0,HARD,0
1219,9165,2,23,21.0,43.0,HARD,0
1219,9165,3,24,21.0,62.0,MEDIUM,0
1219,9165,2,11,40.0,62.0,MEDIUM,0
1219,9165,2,1,41.0,62.0,MEDIUM,0
1219,9165,2,77,41.0,51.0,MEDIUM,0
1219,9165,3,23,44.0,62.0,MEDIUM,0
1219,9165,3,20,44.0,62.0,SOFT,3
1219,9165,3,2,44.0,62.0,MEDIUM,0
1219,9165,3,63,45.0,61.0,MEDIUM,0
1219,9165,3,44,45.0,62.0,MEDIUM,0
1219,9165,3,14,45.0,62.0,SOFT,2
1220,9173,1,20,1.0,12.0,MEDIUM,0
1220,9173,1,40,1.0,10.0,SOFT,0
1220,9173,1,2,1.0,2.0,MEDIUM,0
1220,9173,1,22,1.0,9.0,SOFT,3
1220,9173,1,10,1.0,18.0,MEDIUM,0
1220,9173,1,23,1.0,1.0,MEDIUM,0
1220,9173,1,27,1.0,8.0,SOFT,0
1220,9173,1,55,1.0,18.0,MEDIUM,0
1220,9173,1,11,1.0,2.0,MEDIUM,0
1220,9173,1,24,1.0,1.0,SOFT,0
1220,9173,1,4,1.0,17.0,MEDIUM,0
1220,9173,1,44,1.0,16.0,MEDIUM,0
1220,9173,1,31,1.0,1.0,MEDIUM,0
1220,9173,1,77,1.0,1.0,SOFT,0
1220,9173,1,63,1.0,24.0,MEDIUM,0
1220,9173,1,1,1.0,16.0,MEDIUM,0
1220,9173,1,81,1.0,13.0,MEDIUM,0
1220,9173,1,14,1.0,11.0,SOFT,3
1220,9173,1,16,1.0,17.0,MEDIUM,0
1220,9173,1,18,1.0,14.0,SOFT,0
1220,9173,2,31,2.0,28.0,HARD,0
1220,9173,2,24,2.0,10.0,SOFT,0
1220,9173,2,23,2.0,13.0,MEDIUM,0
1220,9173,2,77,2.0,6.0,SOFT,0
1220,9173,2,11,3.0,12.0,HARD,0
1220,9173,2,2,3.0,5.0,MEDIUM,2
1220,9173,3,2,6.0,21.0,MEDIUM,0
1220,9173,3,77,7.0,7.0,HARD,0
1220,9173,2,27,9.0,21.0,MEDIUM,0
1220,9173,2,22,10.0,30.0,MEDIUM,0
1220,9173,2,40,11.0,25.0,MEDIUM,0
1220,9173,3,24,11.0,29.0,SOFT,0
1220,9173,2,14,12.0,25.0,HARD,0
1220,9173,2,20,13.0,31.0,HARD,0
1220,9173,3,11,13.0,13.0,SOFT,3
1220,9173,2,81,14.0,35.0,HARD,0
1220,9173,3,23,14.0,26.0,SOFT,0
1220,9173,2,18,15.0,20.0,MEDIUM,0
1220,9173,2,1,17.0,37.0,MEDIUM,0
1220,9173,2,44,17.0,34.0,HARD,0
1220,9173,2,4,18.0,36.0,HARD,0
1220,9173,2,16,18.0,34.0,MEDIUM,0
1220,9173,2,55,19.0,38.0,MEDIUM,0
1220,9173,2,10,19.0,34.0,HARD,0
1220,9173,3,27,22.0,37.0,HARD,0
1220,9173,4,2,22.0,22.0,HARD,0
1220,9173,2,63,25.0,53.0,HARD,0
1220,9173,3,14,26.0,53.0,HARD,0
1220,9173,3,40,26.0,52.0,HARD,0
1220,9173,3,31,29.0,53.0,HARD,0
1220,9173,4,24,30.0,52.0,HARD,0
1220,9173,3,22,31.0,52.0,HARD,0
1220,9173,3,20,32.0,52.0,HARD,0
1220,9173,3,16,35.0,53.0,HARD,0
1220,9173,3,44,35.0,53.0,HARD,0
1220,9173,3,10,35.0,53.0,HARD,0
1220,9173,3,81,36.0,53.0,HARD,0
1220,9173,3,4,37.0,53.0,HARD,0
1220,9173,3,1,38.0,53.0,HARD,0
1220,9173,4,27,38.0,52.0,MEDIUM,0
1220,9173,3,55,39.0,53.0,HARD,0
1220,9173,4,11,14.0,14.0,SOFT,3
1220,9173,5,11,15.0,15.0,SOFT,6
1221,9221,1,24,1.0,18.0,MEDIUM,0
1221,9221,1,4,1.0,13.0,MEDIUM,7
1221,9221,1,44,,,SOFT,0
1221,9221,1,10,1.0,11.0,MEDIUM,7
1221,9221,1,81,1.0,12.0,MEDIUM,6
1221,9221,1,31,1.0,10.0,MEDIUM,7
1221,9221,1,20,1.0,3.0,SOFT,0
1221,9221,1,40,1.0,3.0,SOFT,0
1221,9221,1,77,1.0,3.0,SOFT,3
1221,9221,1,1,1.0,17.0,MEDIUM,3
1221,9221,1,16,1.0,12.0,MEDIUM,8
1221,9221,1,11,1.0,17.0,HARD,0
1221,9221,1,22,1.0,9.0,MEDIUM,0
1221,9221,1,63,1.0,1.0,MEDIUM,7
1221,9221,1,18,1.0,3.0,MEDIUM,8
1221,9221,1,27,1.0,13.0,MEDIUM,7
1221,9221,1,2,1.0,13.0,MEDIUM,0
1221,9221,1,14,1.0,11.0,MEDIUM,5
1221,9221,1,23,1.0,18.0,MEDIUM,0
1221,9221,2,63,2.0,14.0,MEDIUM,7
1221,9221,2,77,4.0,21.0,MEDIUM,0
1221,9221,2,40,4.0,21.0,HARD,0
1221,9221,2,20,4.0,21.0,MEDIUM,0
1221,9221,2,18,4.0,21.0,MEDIUM,0
1221,9221,2,22,10.0,22.0,MEDIUM,0
1221,9221,2,31,11.0,25.0,MEDIUM,5
1221,9221,2,14,12.0,26.0,MEDIUM,5
1221,9221,2,10,12.0,26.0,MEDIUM,5
1221,9221,2,16,13.0,25.0,MEDIUM,0
1221,9221,2,81,13.0,25.0,MEDIUM,7
1221,9221,2,4,14.0,27.0,MEDIUM,6
1221,9221,2,2,14.0,26.0,MEDIUM,0
1221,9221,2,27,14.0,27.0,HARD,0
1221,9221,3,63,15.0,32.0,MEDIUM,0
1221,9221,2,1,18.0,34.0,MEDIUM,3
1221,9221,2,11,18.0,31.0,MEDIUM,6
1221,9221,2,23,19.0,31.0,MEDIUM,0
1221,9221,2,24,19.0,35.0,HARD,0
1221,9221,3,77,22.0,39.0,HARD,0
1221,9221,3,18,22.0,39.0,HARD,0
1221,9221,3,40,22.0,39.0,HARD,0
1221,9221,3,20,22.0,39.0,HARD,0
1221,9221,3,22,23.0,40.0,HARD,0
1221,9221,3,81,26.0,43.0,MEDIUM,0
1221,9221,3,31,26.0,43.0,HARD,0
1221,9221,3,16,26.0,43.0,HARD,0
1221,9221,3,14,27.0,44.0,HARD,0
1221,9221,3,10,27.0,44.0,HARD,0
1221,9221,3,2,27.0,40.0,HARD,0
1221,9221,3,4,28.0,44.0,MEDIUM,0
1221,9221,3,27,28.0,39.0,MEDIUM,6
1221,9221,3,11,32.0,43.0,MEDIUM,0
1221,9221,3,23,32.0,44.0,HARD,0
1221,9221,4,63,33.0,50.0,HARD,0
1221,9221,3,1,35.0,51.0,HARD,0
1221,9221,3,24,36.0,52.0,HARD,0
1221,9221,4,77,40.0,57.0,HARD,1
1221,9221,4,18,40.0,57.0,MEDIUM,0
1221,9221,4,20,40.0,56.0,HARD,0
1221,9221,4,40,40.0,56.0,MEDIUM,0
1221,9221,4,27,40.0,56.0,HARD,0
1221,9221,4,22,41.0,56.0,HARD,0
1221,9221,4,81,44.0,57.0,HARD,0
1221,9221,4,16,44.0,57.0,MEDIUM,0
1221,9221,4,31,44.0,57.0,MEDIUM,0
1221,9221,4,11,44.0,57.0,MEDIUM,0
1221,9221,4,4,45.0,57.0,HARD,0
1221,9221,4,14,45.0,57.0,MEDIUM,0
1221,9221,4,10,45.0,57.0,MEDIUM,0
1221,9221,4,23,45.0,57.0,HARD,0
1221,9221,5,63,51.0,57.0,SOFT,3
1221,9221,4,1,52.0,57.0,MEDIUM,0
1221,9221,4,24,53.0,57.0,SOFT,0
1222,9213,1,14,1.0,19.0,MEDIUM,0
1222,9213,1,3,1.0,22.0,MEDIUM,0
1222,9213,1,23,1.0,10.0,MEDIUM,3
1222,9213,1,4,1.0,17.0,MEDIUM,0
1222,9213,1,55,1.0,17.0,MEDIUM,0
1222,9213,1,24,1.0,9.0,MEDIUM,0
1222,9213,1,44,1.0,20.0,MEDIUM,0
1222,9213,1,10,1.0,18.0,MEDIUM,0
1222,9213,1,81,1.0,10.0,MEDIUM,0
1222,9213,1,31,1.0,6.0,MEDIUM,0
1222,9213,1,20,1.0,10.0,MEDIUM,0
1222,9213,1,77,1.0,10.0,MEDIUM,0
1222,9213,1,1,1.0,16.0,MEDIUM,0
1222,9213,1,16,1.0,23.0,MEDIUM,0
1222,9213,1,27,1.0,19.0,HARD,0
1222,9213,1,2,1.0,11.0,MEDIUM,0
1222,9213,1,22,1.0,17.0,MEDIUM,0
1222,9213,1,11,1.0,17.0,MEDIUM,0
1222,9213,1,18,1.0,20.0,HARD,0
1222,9213,1,63,1.0,21.0,MEDIUM,0
1222,9213,2,24,10.0,27.0,HARD,0
1222,9213,2,23,11.0,29.0,HARD,0
1222,9213,2,77,11.0,28.0,HARD,0
1222,9213,2,20,11.0,29.0,HARD,0
1222,9213,2,2,12.0,32.0,HARD,0
1222,9213,2,1,17.0,35.0,MEDIUM,0
1222,9213,2,4,18.0,34.0,HARD,0
1222,9213,2,55,18.0,35.0,MEDIUM,0
1222,9213,2,11,18.0,37.0,MEDIUM,0
1222,9213,2,22,18.0,34.0,HARD,0
1222,9213,2,10,19.0,37.0,MEDIUM,0
1222,9213,2,14,20.0,42.0,MEDIUM,0
1222,9213,2,27,20.0,34.0,MEDIUM,0
1222,9213,2,44,21.0,38.0,HARD,0
1222,9213,2,18,21.0,40.0,MEDIUM,0
1222,9213,2,63,22.0,39.0,HARD,0
1222,9213,2,3,23.0,47.0,HARD,0
1222,9213,2,16,24.0,56.0,HARD,0
1222,9213,3,24,28.0,55.0,HARD,0
1222,9213,3,77,29.0,56.0,HARD,0
1222,9213,3,23,30.0,56.0,MEDIUM,6
1222,9213,3,20,30.0,55.0,MEDIUM,0
1222,9213,3,2,33.0,56.0,MEDIUM,0
1222,9213,3,4,35.0,56.0,HARD,0
1222,9213,3,22,35.0,54.0,MEDIUM,0
1222,9213,3,27,35.0,56.0,MEDIUM,6
1222,9213,3,1,36.0,56.0,HARD,0
1222,9213,3,55,36.0,56.0,HARD,0
1222,9213,3,11,38.0,56.0,HARD,0
1222,9213,3,10,38.0,56.0,HARD,0
1222,9213,3,44,39.0,56.0,MEDIUM,0
1222,9213,3,63,40.0,56.0,MEDIUM,0
1222,9213,3,18,41.0,56.0,MEDIUM,0
1222,9213,3,14,43.0,49.0,HARD,0
1222,9213,3,3,48.0,55.0,SOFT,0
1222,9213,4,22,55.0,56.0,SOFT,0
1223,9181,1,18,1.0,30.0,MEDIUM,1
1223,9181,1,23,1.0,33.0,HARD,0
1223,9181,1,27,1.0,23.0,MEDIUM,0
1223,9181,1,22,1.0,9.0,MEDIUM,0
1223,9181,1,20,1.0,23.0,MEDIUM,0
1223,9181,1,11,1.0,1.0,MEDIUM,0
1223,9181,1,2,1.0,22.0,MEDIUM,0
1223,9181,1,31,1.0,34.0,HARD,0
1223,9181,1,55,1.0,30.0,MEDIUM,0
1223,9181,1,24,1.0,21.0,MEDIUM,0
1223,9181,1,44,1.0,24.0,MEDIUM,0
1223,9181,1,14,1.0,29.0,MEDIUM,1
1223,9181,1,1,1.0,19.0,MEDIUM,0
1223,9181,1,3,1.0,27.0,MEDIUM,0
1223,9181,1,63,1.0,26.0,MEDIUM,0
1223,9181,1,10,1.0,28.0,MEDIUM,0
1223,9181,1,77,1.0,31.0,MEDIUM,0
1223,9181,1,16,1.0,31.0,MEDIUM,0
1223,9181,1,4,1.0,11.0,SOFT,0
1223,9181,1,81,1.0,25.0,MEDIUM,0
1223,9181,2,22,10.0,34.0,HARD,0
1223,9181,2,4,12.0,33.0,HARD,0
1223,9181,2,1,20.0,33.0,HARD,0
1223,9181,2,24,22.0,34.0,HARD,0
1223,9181,2,2,23.0,34.0,HARD,0
1223,9181,2,27,24.0,34.0,HARD,0
1223,9181,2,20,24.0,31.0,HARD,0
1223,9181,2,44,25.0,34.0,HARD,0
1223,9181,2,81,26.0,34.0,HARD,0
1223,9181,2,63,27.0,34.0,HARD,0
1223,9181,2,3,28.0,34.0,HARD,0
1223,9181,2,10,29.0,34.0,HARD,0
1223,9181,2,14,30.0,34.0,HARD,1
1223,9181,2,55,31.0,34.0,HARD,0
1223,9181,2,18,31.0,34.0,HARD,1
1223,9181,2,16,32.0,34.0,HARD,0
1223,9181,2,77,32.0,34.0,HARD,0
1223,9181,3,1,34.0,34.0,HARD,0
1223,9181,3,4,34.0,34.0,MEDIUM,0
1223,9181,2,23,34.0,34.0,MEDIUM,0
1223,9181,4,1,35.0,71.0,HARD,1
1223,9181,3,16,35.0,71.0,HARD,3
1223,9181,3,44,35.0,71.0,MEDIUM,4
1223,9181,3,55,35.0,71.0,HARD,4
1223,9181,3,81,35.0,71.0,MEDIUM,3
1223,9181,3,3,35.0,71.0,HARD,7
1223,9181,3,63,35.0,71.0,MEDIUM,5
1223,9181,3,22,35.0,71.0,HARD,0
1223,9181,3,27,35.0,71.0,MEDIUM,0
1223,9181,4,4,35.0,71.0,MEDIUM,1
1223,9181,3,10,35.0,71.0,HARD,6
1223,9181,3,23,35.0,71.0,MEDIUM,1
1223,9181,3,24,35.0,71.0,HARD,13
1223,9181,2,31,35.0,71.0,MEDIUM,0
1223,9181,3,2,35.0,70.0,MEDIUM,0
1223,9181,3,18,35.0,66.0,HARD,5
1223,9181,3,77,35.0,71.0,HARD,3
1223,9181,3,14,35.0,47.0,HARD,6
1224,9205,1,3,1.0,1.0,SOFT,0
1224,9205,1,23,,,SOFT,3
1224,9205,1,63,1.0,1.0,SOFT,3
1224,9205,1,18,1.0,1.0,SOFT,0
1224,9205,1,4,1.0,1.0,SOFT,3
1224,9205,1,24,1.0,1.0,SOFT,0
1224,9205,1,44,1.0,1.0,SOFT,3
1224,9205,1,14,1.0,1.0,SOFT,3
1224,9205,1,20,,,SOFT,0
1224,9205,1,55,1.0,1.0,SOFT,2
1224,9205,1,10,1.0,1.0,SOFT,2
1224,9205,1,81,1.0,1.0,SOFT,2
1224,9205,1,16,,,SOFT,0
1224,9205,1,11,1.0,1.0,SOFT,3
1224,9205,1,31,1.0,1.0,SOFT,3
1224,9205,1,77,1.0,1.0,SOFT,0
1224,9205,1,1,1.0,1.0,SOFT,3
1224,9205,1,2,1.0,1.0,MEDIUM,0
1224,9205,1,27,1.0,1.0,SOFT,0
1224,9205,1,22,1.0,1.0,SOFT,3
1224,9205,2,1,2.0,2.0,SOFT,0
1224,9205,2,44,2.0,2.0,SOFT,4
1224,9205,2,4,2.0,2.0,SOFT,0
1224,9205,2,18,2.0,2.0,SOFT,1
1224,9205,2,14,2.0,2.0,SOFT,4
1224,9205,2,11,2.0,2.0,SOFT,0
1224,9205,2,63,2.0,2.0,SOFT,4
1224,9205,2,55,2.0,2.0,SOFT,3
1224,9205,2,31,2.0,2.0,SOFT,4
1224,9205,2,77,2.0,2.0,SOFT,1
1224,9205,2,22,2.0,2.0,SOFT,4
1224,9205,2,10,2.0,2.0,SOFT,3
1224,9205,2,24,2.0,2.0,SOFT,1
1224,9205,2,2,2.0,2.0,MEDIUM,1
1224,9205,2,27,2.0,2.0,MEDIUM,0
1224,9205,3,1,3.0,27.0,SOFT,3
1224,9205,3,4,3.0,27.0,SOFT,0
1224,9205,3,44,3.0,18.0,SOFT,3
1224,9205,3,14,3.0,25.0,SOFT,3
1224,9205,3,18,3.0,22.0,SOFT,3
1224,9205,3,63,3.0,19.0,SOFT,3
1224,9205,3,11,3.0,20.0,SOFT,3
1224,9205,3,55,3.0,26.0,SOFT,4
1224,9205,3,31,3.0,14.0,SOFT,3
1224,9205,3,22,3.0,26.0,SOFT,0
1224,9205,3,10,3.0,26.0,SOFT,3
1224,9205,3,77,3.0,18.0,SOFT,0
1224,9205,3,24,3.0,15.0,SOFT,0
1224,9205,3,2,3.0,17.0,SOFT,0
1224,9205,3,27,3.0,21.0,SOFT,3
1224,9205,2,81,2.0,2.0,MEDIUM,0
1224,9205,2,3,2.0,2.0,SOFT,3
1224,9205,3,81,3.0,24.0,MEDIUM,1
1224,9205,3,3,3.0,26.0,SOFT,4
1224,9205,4,31,15.0,31.0,MEDIUM,0
1224,9205,4,24,16.0,22.0,MEDIUM,0
1224,9205,4,2,18.0,44.0,SOFT,0
1224,9205,4,44,19.0,46.0,MEDIUM,0
1224,9205,4,77,19.0,39.0,MEDIUM,0
1224,9205,4,63,20.0,45.0,MEDIUM,0
1224,9205,4,11,21.0,46.0,MEDIUM,0
1224,9205,4,27,22.0,46.0,SOFT,3
1224,9205,4,18,23.0,52.0,MEDIUM,0
1224,9205,4,14,26.0,47.0,MEDIUM,0
1224,9205,4,81,25.0,52.0,SOFT,2
1224,9205,4,55,27.0,51.0,MEDIUM,0
1224,9205,4,10,27.0,46.0,MEDIUM,0
1224,9205,4,22,27.0,55.0,MEDIUM,0
1224,9205,4,1,28.0,56.0,MEDIUM,0
1224,9205,4,4,28.0,59.0,MEDIUM,3
1224,9205,4,3,27.0,55.0,MEDIUM,0
1224,9205,5,31,32.0,51.0,SOFT,3
1224,9205,5,2,45.0,70.0,SOFT,0
1224,9205,5,63,46.0,57.0,SOFT,3
1224,9205,5,11,47.0,71.0,SOFT,3
1224,9205,5,44,47.0,71.0,SOFT,3
1224,9205,5,10,47.0,71.0,SOFT,0
1224,9205,5,27,47.0,70.0,SOFT,0
1224,9205,5,14,48.0,71.0,SOFT,0
1224,9205,5,55,52.0,71.0,SOFT,3
1224,9205,6,31,52.0,70.0,SOFT,0
1224,9205,5,18,53.0,71.0,SOFT,2
1224,9205,5,81,53.0,69.0,SOFT,5
1224,9205,5,22,56.0,71.0,SOFT,0
1224,9205,5,1,57.0,71.0,SOFT,0
1224,9205,5,3,56.0,70.0,SOFT,0
1224,9205,5,4,60.0,71.0,SOFT,3
1225,9189,1,10,1.0,17.0,MEDIUM,0
1225,9189,1,81,1.0,16.0,HARD,1
1225,9189,1,16,1.0,21.0,MEDIUM,0
1225,9189,1,11,1.0,1.0,MEDIUM,0
1225,9189,1,31,1.0,20.0,MEDIUM,0
1225,9189,1,77,1.0,1.0,MEDIUM,0
1225,9189,1,63,1.0,15.0,MEDIUM,0
1225,9189,1,1,1.0,16.0,MEDIUM,0
1225,9189,1,27,1.0,12.0,MEDIUM,0
1225,9189,1,22,1.0,10.0,SOFT,0
1225,9189,1,2,1.0,15.0,MEDIUM,0
1225,9189,1,3,1.0,17.0,MEDIUM,0
1225,9189,1,23,1.0,16.0,MEDIUM,0
1225,9189,1,18,1.0,3.0,SOFT,4
1225,9189,1,55,1.0,3.0,MEDIUM,0
1225,9189,1,44,1.0,17.0,HARD,0
1225,9189,1,4,1.0,2.0,MEDIUM,1
1225,9189,1,24,1.0,26.0,HARD,0
1225,9189,1,14,1.0,1.0,MEDIUM,0
1225,9189,1,20,1.0,14.0,MEDIUM,0
1225,9189,2,11,2.0,26.0,HARD,0
1225,9189,2,14,2.0,26.0,HARD,0
1225,9189,2,77,2.0,24.0,HARD,0
1225,9189,2,18,4.0,26.0,HARD,1
1225,9189,2,55,4.0,26.0,HARD,0
1225,9189,2,22,11.0,21.0,MEDIUM,0
1225,9189,2,27,13.0,26.0,HARD,0
1225,9189,2,20,15.0,26.0,HARD,0
1225,9189,2,63,16.0,26.0,HARD,0
1225,9189,2,2,16.0,50.0,HARD,0
1225,9189,2,1,17.0,26.0,HARD,0
1225,9189,2,23,17.0,50.0,HARD,0
1225,9189,2,81,17.0,43.0,HARD,1
1225,9189,2,10,18.0,50.0,HARD,0
1225,9189,2,3,18.0,50.0,HARD,0
1225,9189,2,44,18.0,26.0,MEDIUM,0
1225,9189,2,31,21.0,50.0,HARD,0
1225,9189,2,16,22.0,50.0,HARD,0
1225,9189,3,22,22.0,46.0,HARD,0
1225,9189,3,77,25.0,50.0,MEDIUM,0
1225,9189,3,11,27.0,50.0,HARD,0
1225,9189,3,1,27.0,50.0,HARD,0
1225,9189,3,18,27.0,50.0,HARD,0
1225,9189,3,55,27.0,50.0,HARD,0
1225,9189,3,63,27.0,50.0,HARD,0
1225,9189,3,14,27.0,50.0,HARD,0
1225,9189,2,24,27.0,50.0,MEDIUM,0
1225,9189,3,20,27.0,50.0,HARD,0
1225,9189,3,27,27.0,45.0,HARD,0
1225,9189,3,44,27.0,50.0,HARD,0
1225,9189,3,81,44.0,50.0,MEDIUM,1
1226,9197,1,20,1.0,5.0,MEDIUM,0
1226,9197,1,11,1.0,17.0,MEDIUM,0
1226,9197,1,44,1.0,15.0,MEDIUM,0
1226,9197,1,4,1.0,14.0,MEDIUM,0
1226,9197,1,24,1.0,13.0,MEDIUM,0
1226,9197,1,31,1.0,15.0,MEDIUM,0
1226,9197,1,22,1.0,22.0,MEDIUM,0
1226,9197,1,55,1.0,23.0,HARD,0
1226,9197,1,3,1.0,7.0,MEDIUM,0
1226,9197,1,63,1.0,14.0,MEDIUM,0
1226,9197,1,77,1.0,29.0,HARD,0
1226,9197,1,10,1.0,17.0,MEDIUM,0
1226,9197,1,1,1.0,16.0,MEDIUM,0
1226,9197,1,81,1.0,13.0,MEDIUM,0
1226,9197,1,14,1.0,12.0,MEDIUM,0
1226,9197,1,16,1.0,17.0,MEDIUM,0
1226,9197,1,27,1.0,13.0,MEDIUM,0
1226,9197,1,18,1.0,22.0,HARD,1
1226,9197,1,23,1.0,16.0,MEDIUM,1
1226,9197,1,2,1.0,15.0,MEDIUM,1
1226,9197,2,20,6.0,22.0,HARD,0
1226,9197,2,3,8.0,31.0,HARD,0
1226,9197,2,14,13.0,36.0,HARD,1
1226,9197,2,81,14.0,36.0,HARD,0
1226,9197,2,27,14.0,33.0,HARD,0
1226,9197,2,24,14.0,37.0,HARD,0
1226,9197,2,4,15.0,33.0,HARD,0
1226,9197,2,63,15.0,34.0,HARD,0
1226,9197,2,31,16.0,58.0,HARD,0
1226,9197,2,44,16.0,35.0,HARD,0
1226,9197,2,2,16.0,41.0,HARD,0
1226,9197,2,1,17.0,43.0,HARD,0
1226,9197,2,23,17.0,43.0,HARD,0
1226,9197,2,16,18.0,35.0,HARD,0
1226,9197,2,11,18.0,42.0,HARD,0
1226,9197,2,10,18.0,32.0,HARD,0
1226,9197,2,22,23.0,58.0,HARD,0
1226,9197,2,18,23.0,42.0,HARD,1
1226,9197,3,20,23.0,57.0,HARD,0
1226,9197,2,55,24.0,56.0,HARD,0
1226,9197,2,77,30.0,57.0,MEDIUM,0
1226,9197,3,3,32.0,58.0,HARD,0
1226,9197,3,10,33.0,58.0,HARD,0
1226,9197,3,4,34.0,58.0,HARD,0
1226,9197,3,27,34.0,58.0,HARD,0
1226,9197,3,63,35.0,58.0,HARD,0
1226,9197,3,16,36.0,58.0,HARD,0
1226,9197,3,44,36.0,58.0,HARD,0
1226,9197,3,81,37.0,58.0,HARD,0
1226,9197,3,14,37.0,58.0,HARD,1
1226,9197,3,24,38.0,58.0,MEDIUM,0
1226,9197,3,2,42.0,58.0,HARD,0
1226,9197,3,11,43.0,58.0,HARD,0
1226,9197,3,18,43.0,58.0,MEDIUM,0
1226,9197,3,1,44.0,58.0,HARD,0
1226,9197,3,23,44.0,58.0,HARD,0
1226,9197,3,55,57.0,57.0,SOFT,0
1229,9472,1,1,1.0,17.0,SOFT,3
1229,9472,1,3,1.0,13.0,SOFT,3
1229,9472,1,14,1.0,15.0,SOFT,3
1229,9472,1,10,1.0,12.0,SOFT,0
1229,9472,1,81,1.0,12.0,SOFT,3
1229,9472,1,18,1.0,9.0,SOFT,0
1229,9472,1,27,1.0,1.0,SOFT,0
1229,9472,1,22,1.0,14.0,SOFT,0
1229,9472,1,31,1.0,10.0,SOFT,0
1229,9472,1,4,1.0,13.0,SOFT,3
1229,9472,1,2,1.0,10.0,SOFT,0
1229,9472,1,77,1.0,12.0,SOFT,0
1229,9472,1,63,1.0,11.0,SOFT,3
1229,9472,1,23,1.0,15.0,SOFT,0
1229,9472,1,16,1.0,11.0,SOFT,3
1229,9472,1,44,1.0,12.0,SOFT,3
1229,9472,1,20,1.0,11.0,SOFT,0
1229,9472,1,11,1.0,12.0,SOFT,3
1229,9472,1,24,1.0,9.0,SOFT,0
1229,9472,1,55,1.0,14.0,SOFT,3
1229,9472,2,27,2.0,20.0,HARD,0
1229,9472,2,24,10.0,28.0,HARD,0
1229,9472,2,18,10.0,27.0,HARD,0
1229,9472,2,31,11.0,30.0,HARD,0
1229,9472,2,2,11.0,28.0,HARD,0
1229,9472,2,63,12.0,31.0,HARD,0
1229,9472,2,16,12.0,34.0,HARD,0
1229,9472,2,20,12.0,32.0,HARD,0
1229,9472,2,11,13.0,36.0,HARD,0
1229,9472,2,81,13.0,34.0,HARD,0
1229,9472,2,44,13.0,33.0,HARD,0
1229,9472,2,77,13.0,30.0,HARD,0
1229,9472,2,10,13.0,31.0,HARD,0
1229,9472,2,4,14.0,33.0,HARD,0
1229,9472,2,3,14.0,35.0,HARD,0
1229,9472,2,55,15.0,35.0,HARD,0
1229,9472,2,22,15.0,34.0,HARD,0
1229,9472,2,14,16.0,41.0,HARD,0
1229,9472,2,23,16.0,36.0,HARD,0
1229,9472,2,1,18.0,37.0,HARD,0
1229,9472,3,27,21.0,41.0,HARD,0
1229,9472,3,18,28.0,57.0,HARD,0
1229,9472,3,24,29.0,56.0,HARD,0
1229,9472,3,2,29.0,40.0,HARD,0
1229,9472,3,31,31.0,56.0,HARD,0
1229,9472,3,63,32.0,57.0,HARD,0
1229,9472,3,77,31.0,56.0,HARD,0
1229,9472,3,10,32.0,43.0,HARD,0
1229,9472,3,20,33.0,56.0,HARD,0
1229,9472,3,4,34.0,57.0,HARD,0
1229,9472,3,44,34.0,57.0,HARD,0
1229,9472,3,16,35.0,57.0,HARD,0
1229,9472,3,81,35.0,57.0,HARD,0
1229,9472,3,22,35.0,56.0,HARD,0
1229,9472,3,55,36.0,57.0,HARD,0
1229,9472,3,3,36.0,56.0,SOFT,0
1229,9472,3,11,37.0,57.0,SOFT,0
1229,9472,3,23,37.0,56.0,HARD,0
1229,9472,3,1,38.0,57.0,SOFT,0
1229,9472,3,14,42.0,57.0,HARD,0
1229,9472,4,2,41.0,55.0,SOFT,0
1229,9472,4,27,42.0,56.0,SOFT,0
1229,9472,4,10,44.0,56.0,SOFT,0
1230,9480,1,22,1.0,7.0,MEDIUM,0
1230,9480,1,2,1.0,7.0,MEDIUM,0
1230,9480,1,11,1.0,7.0,MEDIUM,0
1230,9480,1,23,1.0,7.0,MEDIUM,0
1230,9480,1,63,1.0,7.0,MEDIUM,0
1230,9480,1,18,1.0,5.0,MEDIUM,1
1230,9480,1,44,1.0,36.0,MEDIUM,0
1230,9480,1,3,1.0,7.0,MEDIUM,0
1230,9480,1,14,1.0,7.0,MEDIUM,1
1230,9480,1,4,1.0,37.0,MEDIUM,0
1230,9480,1,24,1.0,41.0,MEDIUM,0
1230,9480,1,10,1.0,1.0,MEDIUM,0
1230,9480,1,81,1.0,7.0,MEDIUM,0
1230,9480,1,20,1.0,7.0,MEDIUM,0
1230,9480,1,31,1.0,7.0,MEDIUM,0
1230,9480,1,77,1.0,7.0,SOFT,0
1230,9480,1,1,1.0,7.0,MEDIUM,0
1230,9480,1,27,1.0,33.0,MEDIUM,0
1230,9480,1,16,1.0,7.0,MEDIUM,0
1230,9480,1,38,1.0,7.0,SOFT,0
1230,9480,2,1,8.0,50.0,HARD,0
1230,9480,2,11,8.0,50.0,HARD,0
1230,9480,2,16,8.0,50.0,HARD,0
1230,9480,2,14,8.0,50.0,HARD,1
1230,9480,2,81,8.0,50.0,HARD,1
1230,9480,2,63,8.0,50.0,HARD,0
1230,9480,2,20,8.0,50.0,HARD,0
1230,9480,2,22,8.0,49.0,HARD,0
1230,9480,2,38,8.0,50.0,HARD,0
1230,9480,2,23,8.0,50.0,HARD,0
1230,9480,2,77,8.0,35.0,HARD,0
1230,9480,2,2,8.0,49.0,HARD,0
1230,9480,2,31,8.0,49.0,HARD,0
1230,9480,2,3,8.0,49.0,HARD,0
1230,9480,2,27,34.0,50.0,HARD,0
1230,9480,3,77,36.0,49.0,SOFT,0
1230,9480,2,44,37.0,50.0,SOFT,3
1230,9480,2,4,38.0,50.0,SOFT,1
1230,9480,2,24,42.0,49.0,SOFT,0
1231,9488,1,27,1.0,17.0,HARD,0
1231,9488,1,16,1.0,9.0,MEDIUM,0
1231,9488,1,11,1.0,14.0,MEDIUM,0
1231,9488,1,22,1.0,9.0,MEDIUM,0
1231,9488,1,63,1.0,8.0,MEDIUM,0
1231,9488,1,18,1.0,8.0,MEDIUM,1
1231,9488,1,14,1.0,17.0,HARD,1
1231,9488,1,23,1.0,6.0,MEDIUM,0
1231,9488,1,3,1.0,5.0,SOFT,0
1231,9488,1,4,1.0,14.0,MEDIUM,0
1231,9488,1,24,1.0,6.0,SOFT,1
1231,9488,1,55,1.0,16.0,MEDIUM,0
1231,9488,1,44,1.0,7.0,SOFT,0
1231,9488,1,10,1.0,17.0,MEDIUM,0
1231,9488,1,81,1.0,9.0,MEDIUM,0
1231,9488,1,20,1.0,7.0,MEDIUM,0
1231,9488,1,31,1.0,9.0,MEDIUM,0
1231,9488,1,77,1.0,8.0,MEDIUM,1
1231,9488,1,1,1.0,3.0,MEDIUM,0
1231,9488,2,3,5.0,29.0,HARD,0
1231,9488,2,23,6.0,27.0,HARD,0
1231,9488,2,24,6.0,35.0,HARD,1
1231,9488,2,44,7.0,15.0,HARD,0
1231,9488,2,20,7.0,33.0,HARD,0
1231,9488,2,63,8.0,45.0,HARD,0
1231,9488,2,18,8.0,37.0,HARD,1
1231,9488,2,77,8.0,36.0,HARD,0
1231,9488,2,81,9.0,39.0,HARD,1
1231,9488,2,16,9.0,34.0,HARD,0
1231,9488,2,22,9.0,36.0,HARD,0
1231,9488,2,31,9.0,16.0,HARD,0
1231,9488,2,4,14.0,40.0,HARD,1
1231,9488,2,11,14.0,35.0,HARD,0
1231,9488,2,55,16.0,41.0,HARD,0
1231,9488,3,31,16.0,42.0,HARD,0
1231,9488,2,14,17.0,41.0,MEDIUM,1
1231,9488,2,27,17.0,35.0,MEDIUM,0
1231,9488,2,10,17.0,41.0,HARD,0
1231,9488,3,23,27.0,57.0,HARD,0
1231,9488,3,3,29.0,57.0,HARD,0
1231,9488,3,20,33.0,57.0,HARD,0
1231,9488,3,16,34.0,58.0,HARD,0
1231,9488,3,11,35.0,58.0,HARD,0
1231,9488,3,27,35.0,58.0,HARD,0
1231,9488,3,24,35.0,57.0,HARD,0
1231,9488,3,22,36.0,58.0,HARD,0
1231,9488,3,77,36.0,57.0,HARD,0
1231,9488,3,18,37.0,58.0,HARD,0
1231,9488,3,81,39.0,58.0,HARD,1
1231,9488,3,4,40.0,58.0,HARD,1
1231,9488,3,55,41.0,58.0,HARD,0
1231,9488,3,14,41.0,58.0,HARD,1
1231,9488,3,10,41.0,57.0,HARD,0
1231,9488,4,31,42.0,57.0,HARD,7
1231,9488,3,63,45.0,56.0,HARD,0
1232,9496,1,1,1.0,1.0,MEDIUM,0
1232,9496,1,81,1.0,1.0,MEDIUM,0
1232,9496,1,63,1.0,1.0,MEDIUM,0
1232,9496,1,3,,,MEDIUM,0
1232,9496,1,4,1.0,1.0,MEDIUM,0
1232,9496,1,44,1.0,1.0,MEDIUM,0
1232,9496,1,22,1.0,1.0,MEDIUM,0
1232,9496,1,24,1.0,1.0,MEDIUM,0
1232,9496,1,77,1.0,1.0,SOFT,0
1232,9496,1,10,1.0,1.0,SOFT,0
1232,9496,1,23,,,SOFT,0
1232,9496,1,14,1.0,1.0,SOFT,0
1232,9496,1,27,1.0,1.0,SOFT,0
1232,9496,1,18,1.0,1.0,SOFT,0
1232,9496,1,11,1.0,1.0,MEDIUM,0
1232,9496,1,16,1.0,1.0,MEDIUM,0
1232,9496,1,31,1.0,1.0,SOFT,0
1232,9496,1,2,1.0,1.0,SOFT,0
1232,9496,1,20,1.0,1.0,MEDIUM,0
1232,9496,1,55,1.0,1.0,MEDIUM,0
1232,9496,2,1,2.0,16.0,MEDIUM,1
1232,9496,2,11,2.0,15.0,MEDIUM,1
1232,9496,2,4,2.0,11.0,MEDIUM,0
1232,9496,2,55,2.0,15.0,MEDIUM,0
1232,9496,2,14,2.0,13.0,SOFT,1
1232,9496,2,81,2.0,12.0,MEDIUM,1
1232,9496,2,44,2.0,23.0,HARD,0
1232,9496,2,16,2.0,26.0,MEDIUM,0
1232,9496,2,63,2.0,22.0,HARD,0
1232,9496,2,77,2.0,6.0,SOFT,0
1232,9496,2,27,2.0,5.0,SOFT,1
1232,9496,2,22,2.0,7.0,SOFT,0
1232,9496,2,31,2.0,19.0,HARD,0
1232,9496,2,10,2.0,16.0,HARD,0
1232,9496,2,18,2.0,12.0,SOFT,0
1232,9496,2,20,2.0,22.0,MEDIUM,0
1232,9496,2,2,2.0,22.0,HARD,0
1232,9496,2,24,2.0,7.0,SOFT,0
1232,9496,3,27,6.0,33.0,HARD,0
1232,9496,3,77,7.0,22.0,HARD,0
1232,9496,3,22,8.0,22.0,HARD,0
1232,9496,3,24,8.0,11.0,HARD,0
1232,9496,3,4,12.0,26.0,HARD,0
1232,9496,4,24,12.0,12.0,HARD,4
1232,9496,3,81,13.0,32.0,HARD,0
1232,9496,3,18,13.0,22.0,MEDIUM,0
1232,9496,3,14,14.0,33.0,MEDIUM,0
1232,9496,3,11,16.0,33.0,MEDIUM,0
1232,9496,3,55,16.0,36.0,MEDIUM,1
1232,9496,3,1,17.0,34.0,MEDIUM,0
1232,9496,3,10,17.0,32.0,MEDIUM,0
1232,9496,3,31,20.0,33.0,HARD,0
1232,9496,3,63,23.0,37.0,HARD,0
1232,9496,4,22,23.0,52.0,HARD,0
1232,9496,4,77,23.0,52.0,HARD,0
1232,9496,3,20,23.0,52.0,HARD,0
1232,9496,3,2,23.0,34.0,HARD,0
1232,9496,4,18,23.0,34.0,HARD,0
1232,9496,3,44,24.0,39.0,HARD,0
1232,9496,3,16,27.0,53.0,HARD,0
1232,9496,4,4,27.0,53.0,HARD,0
1232,9496,4,81,33.0,53.0,HARD,0
1232,9496,4,10,33.0,52.0,HARD,0
1232,9496,4,11,34.0,53.0,HARD,0
1232,9496,4,14,34.0,53.0,HARD,0
1232,9496,4,27,34.0,52.0,HARD,0
1232,9496,4,31,34.0,52.0,MEDIUM,0
1232,9496,4,1,35.0,53.0,HARD,0
1232,9496,5,18,35.0,52.0,SOFT,0
1232,9496,4,2,35.0,41.0,MEDIUM,0
1232,9496,4,55,37.0,53.0,HARD,0
1232,9496,4,63,38.0,53.0,MEDIUM,1
1232,9496,4,44,40.0,53.0,MEDIUM,0
1232,9496,5,2,42.0,52.0,SOFT,0
1233,9673,1,24,1.0,8.0,MEDIUM,0
1233,9673,1,44,1.0,9.0,SOFT,0
1233,9673,1,77,1.0,9.0,MEDIUM,0
1233,9673,1,3,1.0,14.0,MEDIUM,0
1233,9673,1,10,1.0,11.0,MEDIUM,0
1233,9673,1,1,1.0,13.0,MEDIUM,0
1233,9673,1,81,1.0,16.0,MEDIUM,0
1233,9673,1,16,1.0,21.0,MEDIUM,0
1233,9673,1,63,1.0,11.0,MEDIUM,0
1233,9673,1,14,1.0,11.0,MEDIUM,0
1233,9673,1,11,1.0,13.0,MEDIUM,0
1233,9673,1,18,1.0,9.0,SOFT,0
1233,9673,1,4,1.0,22.0,MEDIUM,0
1233,9673,1,31,1.0,9.0,MEDIUM,0
1233,9673,1,22,1.0,8.0,SOFT,0
1233,9673,1,55,1.0,17.0,MEDIUM,0
1233,9673,1,23,1.0,9.0,MEDIUM,0
1233,9673,1,20,1.0,17.0,HARD,0
1233,9673,1,27,1.0,8.0,MEDIUM,0
1233,9673,1,2,1.0,12.0,SOFT,0
1233,9673,2,27,9.0,23.0,HARD,0
1233,9673,2,22,9.0,23.0,MEDIUM,0
1233,9673,2,24,9.0,23.0,HARD,0
1233,9673,2,18,10.0,21.0,MEDIUM,0
1233,9673,2,23,10.0,23.0,MEDIUM,0
1233,9673,2,77,10.0,19.0,HARD,0
1233,9673,2,31,10.0,23.0,HARD,0
1233,9673,2,44,10.0,21.0,MEDIUM,0
1233,9673,2,63,12.0,23.0,MEDIUM,0
1233,9673,2,14,12.0,23.0,HARD,0
1233,9673,2,10,12.0,23.0,HARD,0
1233,9673,2,2,13.0,24.0,MEDIUM,0
1233,9673,2,1,14.0,23.0,HARD,0
1233,9673,2,11,14.0,23.0,HARD,0
1233,9673,2,3,15.0,33.0,MEDIUM,0
1233,9673,2,81,17.0,24.0,MEDIUM,1
1233,9673,2,55,18.0,56.0,HARD,0
1233,9673,2,20,18.0,27.0,HARD,0
1233,9673,2,16,22.0,56.0,HARD,0
1233,9673,3,18,22.0,26.0,HARD,0
1233,9673,3,44,22.0,56.0,HARD,0
1233,9673,2,4,23.0,56.0,HARD,0
1233,9673,3,1,24.0,56.0,HARD,0
1233,9673,3,11,24.0,56.0,HARD,0
1233,9673,3,14,24.0,43.0,SOFT,0
1233,9673,3,63,24.0,56.0,HARD,0
1233,9673,3,27,24.0,56.0,HARD,0
1233,9673,3,31,24.0,56.0,HARD,0
1233,9673,3,22,24.0,26.0,HARD,0
1233,9673,3,23,24.0,56.0,HARD,0
1233,9673,3,24,24.0,40.0,HARD,0
1233,9673,3,10,24.0,38.0,HARD,0
1233,9673,3,81,25.0,56.0,HARD,0
1233,9673,3,2,25.0,56.0,HARD,0
1233,9673,4,18,27.0,35.0,MEDIUM,0
1233,9673,3,20,28.0,56.0,MEDIUM,0
1233,9673,5,18,36.0,56.0,HARD,0
1233,9673,4,10,39.0,56.0,MEDIUM,0
1233,9673,4,24,41.0,56.0,SOFT,0
1233,9673,4,14,44.0,56.0,MEDIUM,0
1234,9507,1,10,1.0,12.0,MEDIUM,0
1234,9507,1,81,1.0,27.0,MEDIUM,0
1234,9507,1,31,1.0,22.0,MEDIUM,0
1234,9507,1,20,1.0,22.0,HARD,0
1234,9507,1,77,1.0,11.0,SOFT,0
1234,9507,1,1,1.0,23.0,MEDIUM,0
1234,9507,1,4,1.0,29.0,MEDIUM,0
1234,9507,1,16,1.0,19.0,MEDIUM,0
1234,9507,1,22,1.0,28.0,MEDIUM,0
1234,9507,1,11,1.0,17.0,MEDIUM,0
1234,9507,1,63,1.0,24.0,MEDIUM,3
1234,9507,1,18,1.0,11.0,MEDIUM,0
1234,9507,1,27,1.0,12.0,MEDIUM,0
1234,9507,1,2,1.0,11.0,MEDIUM,0
1234,9507,1,14,1.0,22.0,HARD,1
1234,9507,1,23,1.0,10.0,MEDIUM,0
1234,9507,1,3,1.0,28.0,HARD,0
1234,9507,1,24,1.0,28.0,MEDIUM,0
1234,9507,1,55,1.0,27.0,MEDIUM,0
1234,9507,1,44,1.0,26.0,HARD,0
1234,9507,2,23,11.0,53.0,HARD,0
1234,9507,2,18,12.0,28.0,HARD,1
1234,9507,2,2,12.0,27.0,HARD,0
1234,9507,2,77,12.0,29.0,HARD,0
1234,9507,2,10,13.0,57.0,HARD,0
1234,9507,2,27,13.0,28.0,HARD,0
1234,9507,2,11,18.0,28.0,HARD,0
1234,9507,2,16,20.0,57.0,HARD,0
1234,9507,2,31,23.0,57.0,HARD,0
1234,9507,2,14,23.0,57.0,MEDIUM,1
1234,9507,2,20,23.0,28.0,MEDIUM,0
1234,9507,2,1,24.0,57.0,HARD,0
1234,9507,2,63,25.0,57.0,HARD,0
1234,9507,2,44,27.0,57.0,MEDIUM,3
1234,9507,2,55,28.0,57.0,HARD,0
1234,9507,2,81,28.0,40.0,HARD,0
1234,9507,3,11,29.0,57.0,MEDIUM,5
1234,9507,2,22,29.0,57.0,HARD,0
1234,9507,2,24,29.0,57.0,SOFT,0
1234,9507,2,3,29.0,57.0,MEDIUM,5
1234,9507,3,27,29.0,57.0,MEDIUM,0
1234,9507,3,18,29.0,57.0,MEDIUM,0
1234,9507,3,20,29.0,31.0,MEDIUM,0
1234,9507,2,4,30.0,57.0,HARD,0
1234,9507,3,77,30.0,57.0,MEDIUM,0
1234,9507,4,20,32.0,57.0,MEDIUM,3
1234,9507,3,81,41.0,57.0,MEDIUM,6
1234,9507,3,23,54.0,57.0,SOFT,0
1235,9515,1,14,1.0,7.0,SOFT,0
1235,9515,1,18,1.0,37.0,MEDIUM,1
1235,9515,1,22,1.0,12.0,MEDIUM,0
1235,9515,1,24,1.0,33.0,HARD,0
1235,9515,1,31,1.0,25.0,MEDIUM,0
1235,9515,1,77,1.0,8.0,MEDIUM,0
1235,9515,1,10,1.0,8.0,SOFT,0
1235,9515,1,3,1.0,11.0,MEDIUM,0
1235,9515,1,63,1.0,21.0,MEDIUM,0
1235,9515,1,16,1.0,25.0,MEDIUM,0
1235,9515,1,27,1.0,13.0,MEDIUM,0
1235,9515,1,20,1.0,37.0,MEDIUM,0
1235,9515,1,11,1.0,37.0,HARD,0
1235,9515,1,2,1.0,31.0,HARD,0
1235,9515,1,4,1.0,22.0,MEDIUM,0
1235,9515,1,44,1.0,27.0,MEDIUM,0
1235,9515,1,55,1.0,27.0,MEDIUM,0
1235,9515,1,1,1.0,24.0,MEDIUM,0
1235,9515,1,81,1.0,23.0,MEDIUM,0
1235,9515,1,23,1.0,8.0,MEDIUM,0
1235,9515,2,14,8.0,40.0,HARD,1
1235,9515,2,23,9.0,9.0,HARD,0
1235,9515,2,10,9.0,30.0,HARD,0
1235,9515,2,77,9.0,62.0,HARD,0
1235,9515,3,23,10.0,23.0,MEDIUM,8
1235,9515,2,3,12.0,62.0,HARD,0
1235,9515,2,22,13.0,62.0,HARD,0
1235,9515,2,27,14.0,62.0,HARD,0
1235,9515,2,63,22.0,52.0,HARD,0
1235,9515,2,4,23.0,63.0,HARD,1
1235,9515,2,81,24.0,63.0,HARD,1
1235,9515,2,1,25.0,63.0,HARD,0
1235,9515,4,23,24.0,28.0,MEDIUM,14
1235,9515,2,16,26.0,63.0,HARD,0
1235,9515,2,31,26.0,62.0,HARD,0
1235,9515,2,55,28.0,63.0,HARD,0
1235,9515,2,44,28.0,63.0,HARD,0
1235,9515,5,23,29.0,51.0,MEDIUM,8
1235,9515,3,10,31.0,62.0,MEDIUM,0
1235,9515,2,2,32.0,62.0,MEDIUM,0
1235,9515,2,24,34.0,62.0,MEDIUM,0
1235,9515,2,11,38.0,63.0,MEDIUM,0
1235,9515,2,18,38.0,63.0,HARD,1
1235,9515,2,20,38.0,62.0,HARD,0
1235,9515,3,14,41.0,59.0,MEDIUM,1
1235,9515,3,63,53.0,63.0,MEDIUM,2
1235,9515,4,14,60.0,62.0,SOFT,0
1236,9523,1,3,1.0,1.0,MEDIUM,0
1236,9523,1,63,1.0,1.0,HARD,0
1236,9523,1,10,1.0,1.0,HARD,0
1236,9523,1,81,1.0,1.0,MEDIUM,1
1236,9523,1,44,1.0,1.0,HARD,0
1236,9523,1,4,1.0,1.0,MEDIUM,1
1236,9523,1,31,,,HARD,0
1236,9523,1,22,1.0,1.0,MEDIUM,0
1236,9523,1,24,1.0,1.0,MEDIUM,0
1236,9523,1,77,1.0,1.0,HARD,0
1236,9523,1,23,1.0,1.0,MEDIUM,0
1236,9523,1,16,1.0,1.0,MEDIUM,0
1236,9523,1,27,,,MEDIUM,0
1236,9523,1,14,1.0,1.0,HARD,1
1236,9523,1,20,,,HARD,0
1236,9523,1,11,,,HARD,0
1236,9523,1,18,1.0,1.0,HARD,1
1236,9523,1,55,1.0,1.0,MEDIUM,0
1236,9523,1,2,1.0,1.0,HARD,0
1236,9523,1,1,1.0,1.0,HARD,0
1236,9523,2,16,1.0,78.0,HARD,0
1236,9523,2,81,1.0,78.0,HARD,1
1236,9523,2,55,1.0,78.0,HARD,0
1236,9523,2,4,1.0,78.0,HARD,0
1236,9523,2,63,1.0,78.0,MEDIUM,0
1236,9523,2,1,1.0,52.0,MEDIUM,0
1236,9523,2,44,1.0,51.0,MEDIUM,0
1236,9523,2,22,1.0,77.0,HARD,1
1236,9523,2,10,1.0,77.0,MEDIUM,0
1236,9523,2,23,1.0,77.0,HARD,0
1236,9523,2,18,1.0,42.0,MEDIUM,1
1236,9523,2,3,1.0,76.0,HARD,1
1236,9523,2,2,1.0,57.0,HARD,1
1236,9523,2,14,1.0,76.0,MEDIUM,1
1236,9523,2,77,1.0,15.0,MEDIUM,0
1236,9523,2,24,1.0,70.0,HARD,0
1236,9523,3,77,15.0,76.0,HARD,1
1236,9523,3,18,42.0,48.0,HARD,0
1236,9523,4,18,48.0,76.0,SOFT,0
1236,9523,3,44,51.0,78.0,HARD,0
1236,9523,3,1,52.0,78.0,HARD,0
1236,9523,3,2,57.0,76.0,MEDIUM,0
1236,9523,3,24,70.0,76.0,SOFT,0
1237,9531,1,11,1.0,25.0,INTERMEDIATE,0
1237,9531,1,31,1.0,44.0,INTERMEDIATE,0
1237,9531,1,77,1.0,42.0,INTERMEDIATE,0
1237,9531,1,1,1.0,25.0,INTERMEDIATE,0
1237,9531,1,27,1.0,12.0,WET,0
1237,9531,1,2,1.0,23.0,INTERMEDIATE,0
1237,9531,1,22,1.0,44.0,INTERMEDIATE,0
1237,9531,1,3,1.0,26.0,INTERMEDIATE,0
1237,9531,1,23,1.0,25.0,INTERMEDIATE,0
1237,9531,1,63,1.0,25.0,INTERMEDIATE,0
1237,9531,1,18,1.0,25.0,INTERMEDIATE,0
1237,9531,1,4,1.0,26.0,INTERMEDIATE,0
1237,9531,1,24,1.0,24.0,INTERMEDIATE,0
1237,9531,1,44,1.0,25.0,INTERMEDIATE,0
1237,9531,1,14,1.0,25.0,INTERMEDIATE,0
1237,9531,1,20,1.0,7.0,WET,0
1237,9531,1,55,1.0,25.0,INTERMEDIATE,0
1237,9531,1,10,1.0,25.0,INTERMEDIATE,0
1237,9531,1,16,1.0,25.0,INTERMEDIATE,0
1237,9531,1,81,1.0,25.0,INTERMEDIATE,0
1237,9531,2,20,7.0,25.0,INTERMEDIATE,0
1237,9531,2,27,12.0,25.0,INTERMEDIATE,0
1237,9531,2,24,24.0,44.0,INTERMEDIATE,0
1237,9531,2,63,25.0,45.0,INTERMEDIATE,0
1237,9531,2,1,25.0,45.0,INTERMEDIATE,0
1237,9531,2,81,25.0,44.0,INTERMEDIATE,0
1237,9531,2,44,25.0,43.0,INTERMEDIATE,0
1237,9531,2,14,25.0,44.0,INTERMEDIATE,0
1237,9531,2,18,25.0,44.0,INTERMEDIATE,0
1237,9531,2,23,25.0,44.0,INTERMEDIATE,0
1237,9531,2,16,25.0,28.0,INTERMEDIATE,0
1237,9531,2,10,25.0,40.0,INTERMEDIATE,0
1237,9531,2,55,25.0,43.0,INTERMEDIATE,0
1237,9531,3,20,25.0,41.0,INTERMEDIATE,0
1237,9531,2,11,25.0,43.0,INTERMEDIATE,0
1237,9531,3,27,25.0,44.0,INTERMEDIATE,0
1237,9531,2,4,26.0,47.0,INTERMEDIATE,0
1237,9531,2,3,26.0,43.0,INTERMEDIATE,0
1237,9531,3,16,28.0,31.0,HARD,0
1237,9531,4,16,31.0,40.0,INTERMEDIATE,0
1237,9531,3,10,40.0,70.0,HARD,0
1237,9531,4,20,41.0,54.0,MEDIUM,0
1237,9531,2,77,42.0,70.0,MEDIUM,0
1237,9531,3,44,43.0,54.0,MEDIUM,0
1237,9531,3,11,43.0,51.0,MEDIUM,0
1237,9531,3,55,43.0,52.0,MEDIUM,0
1237,9531,3,3,43.0,70.0,MEDIUM,1
1237,9531,3,81,44.0,70.0,MEDIUM,0
1237,9531,2,22,44.0,70.0,MEDIUM,0
1237,9531,3,14,44.0,70.0,HARD,0
1237,9531,2,31,44.0,70.0,MEDIUM,0
1237,9531,3,18,44.0,70.0,HARD,1
1237,9531,3,23,44.0,52.0,MEDIUM,0
1237,9531,4,27,44.0,70.0,MEDIUM,0
1237,9531,3,1,45.0,70.0,MEDIUM,0
1237,9531,3,24,44.0,52.0,MEDIUM,0
1237,9531,3,63,46.0,54.0,HARD,0
1237,9531,3,4,47.0,70.0,MEDIUM,0
1237,9531,4,24,52.0,69.0,MEDIUM,0
1237,9531,4,63,54.0,70.0,MEDIUM,0
1237,9531,4,44,54.0,70.0,HARD,0
1237,9531,5,20,54.0,70.0,MEDIUM,0
1238,9539,1,63,1.0,15.0,SOFT,3
1238,9539,1,23,1.0,18.0,MEDIUM,0
1238,9539,1,18,1.0,17.0,SOFT,0
1238,9539,1,44,1.0,16.0,SOFT,8
1238,9539,1,3,1.0,16.0,SOFT,0
1238,9539,1,14,1.0,19.0,SOFT,0
1238,9539,1,55,1.0,15.0,SOFT,0
1238,9539,1,4,1.0,23.0,SOFT,0
1238,9539,1,10,1.0,14.0,SOFT,3
1238,9539,1,24,1.0,9.0,SOFT,0
1238,9539,1,81,1.0,21.0,SOFT,3
1238,9539,1,2,1.0,14.0,SOFT,0
1238,9539,1,31,1.0,13.0,SOFT,3
1238,9539,1,20,1.0,10.0,SOFT,0
1238,9539,1,77,1.0,11.0,SOFT,0
1238,9539,1,1,1.0,17.0,SOFT,3
1238,9539,1,27,1.0,12.0,SOFT,0
1238,9539,1,16,1.0,24.0,SOFT,0
1238,9539,1,22,1.0,9.0,SOFT,0
1238,9539,1,11,1.0,13.0,SOFT,3
1238,9539,2,22,10.0,27.0,MEDIUM,0
1238,9539,2,24,10.0,41.0,MEDIUM,0
1238,9539,2,20,11.0,29.0,MEDIUM,0
1238,9539,2,77,12.0,28.0,SOFT,3
1238,9539,2,27,13.0,38.0,MEDIUM,0
1238,9539,2,31,14.0,37.0,MEDIUM,0
1238,9539,2,11,14.0,31.0,SOFT,3
1238,9539,2,10,15.0,38.0,MEDIUM,0
1238,9539,2,2,15.0,34.0,MEDIUM,0
1238,9539,2,55,16.0,36.0,MEDIUM,0
1238,9539,2,63,16.0,36.0,MEDIUM,0
1238,9539,2,44,17.0,43.0,MEDIUM,0
1238,9539,2,3,17.0,42.0,MEDIUM,0
1238,9539,2,1,18.0,44.0,MEDIUM,0
1238,9539,2,18,18.0,37.0,MEDIUM,1
1238,9539,2,23,19.0,43.0,SOFT,0
1238,9539,2,14,20.0,45.0,MEDIUM,1
1238,9539,2,81,22.0,46.0,MEDIUM,0
1238,9539,2,4,24.0,47.0,MEDIUM,0
1238,9539,2,16,25.0,47.0,MEDIUM,0
1238,9539,3,22,28.0,44.0,HARD,0
1238,9539,3,77,29.0,65.0,HARD,0
1238,9539,3,20,30.0,65.0,HARD,0
1238,9539,3,11,32.0,49.0,MEDIUM,0
1238,9539,3,2,35.0,64.0,HARD,0
1238,9539,3,63,37.0,66.0,HARD,0
1238,9539,3,55,37.0,66.0,HARD,0
1238,9539,3,31,38.0,66.0,HARD,0
1238,9539,3,18,38.0,65.0,HARD,1
1238,9539,3,10,39.0,66.0,HARD,0
1238,9539,3,27,39.0,66.0,HARD,0
1238,9539,3,24,42.0,65.0,HARD,0
1238,9539,3,3,43.0,65.0,HARD,0
1238,9539,3,44,44.0,66.0,SOFT,3
1238,9539,3,1,45.0,66.0,SOFT,0
1238,9539,3,23,44.0,65.0,SOFT,0
1238,9539,4,22,45.0,65.0,SOFT,0
1238,9539,3,14,46.0,65.0,HARD,0
1238,9539,3,81,47.0,66.0,SOFT,3
1238,9539,3,4,48.0,66.0,SOFT,0
1238,9539,3,16,48.0,66.0,SOFT,3
1238,9539,4,11,50.0,66.0,SOFT,3
1239,9550,1,11,1.0,21.0,MEDIUM,0
1239,9550,1,31,1.0,19.0,MEDIUM,0
1239,9550,1,77,1.0,19.0,MEDIUM,0
1239,9550,1,63,1.0,22.0,MEDIUM,0
1239,9550,1,1,1.0,23.0,MEDIUM,0
1239,9550,1,27,1.0,11.0,MEDIUM,0
1239,9550,1,22,1.0,21.0,MEDIUM,0
1239,9550,1,2,1.0,1.0,MEDIUM,0
1239,9550,1,23,1.0,12.0,MEDIUM,0
1239,9550,1,3,1.0,10.0,MEDIUM,0
1239,9550,1,18,1.0,20.0,MEDIUM,1
1239,9550,1,4,1.0,23.0,MEDIUM,0
1239,9550,1,44,1.0,21.0,MEDIUM,0
1239,9550,1,24,1.0,28.0,HARD,0
1239,9550,1,14,1.0,11.0,MEDIUM,3
1239,9550,1,20,1.0,10.0,MEDIUM,0
1239,9550,1,55,1.0,22.0,MEDIUM,0
1239,9550,1,10,1.0,20.0,MEDIUM,0
1239,9550,1,81,1.0,25.0,MEDIUM,0
1239,9550,1,16,1.0,1.0,MEDIUM,0
1239,9550,2,16,2.0,16.0,HARD,0
1239,9550,2,2,2.0,20.0,MEDIUM,0
1239,9550,2,20,11.0,38.0,HARD,0
1239,9550,2,3,11.0,37.0,HARD,0
1239,9550,2,27,12.0,39.0,HARD,0
1239,9550,2,14,12.0,35.0,MEDIUM,0
1239,9550,2,23,13.0,39.0,HARD,0
1239,9550,3,16,17.0,33.0,MEDIUM,0
1239,9550,2,31,20.0,43.0,HARD,0
1239,9550,2,77,20.0,42.0,HARD,0
1239,9550,2,10,21.0,42.0,HARD,0
1239,9550,2,18,21.0,43.0,MEDIUM,0
1239,9550,3,2,21.0,49.0,HARD,0
1239,9550,2,44,22.0,53.0,HARD,0
1239,9550,2,11,22.0,51.0,HARD,0
1239,9550,2,22,22.0,44.0,HARD,0
1239,9550,2,55,23.0,47.0,HARD,0
1239,9550,2,63,23.0,46.0,MEDIUM,0
1239,9550,2,1,24.0,51.0,HARD,0
1239,9550,2,4,24.0,51.0,HARD,0
1239,9550,2,81,26.0,51.0,HARD,0
1239,9550,2,24,29.0,51.0,MEDIUM,0
1239,9550,4,16,34.0,51.0,MEDIUM,1
1239,9550,3,14,36.0,68.0,HARD,1
1239,9550,3,3,38.0,71.0,HARD,0
1239,9550,3,20,39.0,71.0,HARD,0
1239,9550,3,27,40.0,71.0,HARD,0
1239,9550,3,23,40.0,70.0,HARD,0
1239,9550,3,10,43.0,71.0,MEDIUM,0
1239,9550,3,77,43.0,70.0,HARD,0
1239,9550,3,31,44.0,71.0,MEDIUM,0
1239,9550,3,18,44.0,70.0,HARD,1
1239,9550,3,22,45.0,70.0,HARD,0
1239,9550,3,63,47.0,71.0,HARD,0
1239,9550,3,55,48.0,71.0,MEDIUM,0
1239,9550,4,2,50.0,69.0,MEDIUM,0
1239,9550,3,1,52.0,64.0,MEDIUM,3
1239,9550,3,4,52.0,64.0,MEDIUM,0
1239,9550,3,81,52.0,71.0,MEDIUM,0
1239,9550,3,11,52.0,71.0,MEDIUM,5
1239,9550,5,16,52.0,71.0,MEDIUM,6
1239,9550,3,24,52.0,70.0,HARD,0
1239,9550,3,44,54.0,71.0,MEDIUM,0
1239,9550,4,1,65.0,71.0,SOFT,0
1239,9550,4,14,69.0,70.0,SOFT,0
1240,9558,1,77,1.0,26.0,MEDIUM,0
1240,9558,1,10,,,MEDIUM,0
1240,9558,1,3,1.0,26.0,MEDIUM,0
1240,9558,1,24,1.0,12.0,SOFT,0
1240,9558,1,31,1.0,19.0,SOFT,0
1240,9558,1,22,1.0,27.0,MEDIUM,0
1240,9558,1,4,1.0,27.0,MEDIUM,0
1240,9558,1,81,1.0,28.0,MEDIUM,0
1240,9558,1,23,1.0,27.0,MEDIUM,0
1240,9558,1,14,1.0,27.0,MEDIUM,0
1240,9558,1,1,1.0,26.0,MEDIUM,0
1240,9558,1,16,1.0,19.0,MEDIUM,0
1240,9558,1,63,1.0,27.0,MEDIUM,0
1240,9558,1,20,1.0,27.0,MEDIUM,0
1240,9558,1,27,1.0,26.0,MEDIUM,0
1240,9558,1,18,1.0,26.0,MEDIUM,0
1240,9558,1,11,1.0,19.0,HARD,0
1240,9558,1,2,1.0,27.0,MEDIUM,0
1240,9558,1,44,1.0,27.0,MEDIUM,0
1240,9558,1,55,1.0,26.0,MEDIUM,0
1240,9558,2,24,13.0,19.0,MEDIUM,0
1240,9558,2,16,20.0,27.0,INTERMEDIATE,0
1240,9558,2,11,20.0,28.0,INTERMEDIATE,0
1240,9558,2,31,20.0,21.0,INTERMEDIATE,0
1240,9558,3,24,20.0,26.0,INTERMEDIATE,0
1240,9558,3,31,22.0,26.0,MEDIUM,0
1240,9558,2,1,27.0,38.0,INTERMEDIATE,0
1240,9558,2,55,27.0,39.0,INTERMEDIATE,0
1240,9558,2,27,27.0,39.0,INTERMEDIATE,0
1240,9558,2,18,27.0,39.0,INTERMEDIATE,0
1240,9558,2,3,27.0,37.0,INTERMEDIATE,0
1240,9558,2,77,27.0,37.0,INTERMEDIATE,0
1240,9558,2,4,28.0,39.0,INTERMEDIATE,0
1240,9558,2,44,28.0,38.0,INTERMEDIATE,0
1240,9558,2,63,28.0,33.0,INTERMEDIATE,0
1240,9558,2,14,28.0,38.0,INTERMEDIATE,0
1240,9558,2,22,28.0,38.0,INTERMEDIATE,0
1240,9558,2,23,28.0,38.0,INTERMEDIATE,0
1240,9558,4,31,27.0,38.0,INTERMEDIATE,0
1240,9558,2,20,28.0,37.0,INTERMEDIATE,0
1240,9558,2,2,28.0,38.0,INTERMEDIATE,0
1240,9558,4,24,27.0,37.0,INTERMEDIATE,0
1240,9558,2,81,29.0,38.0,INTERMEDIATE,0
1240,9558,3,16,28.0,37.0,INTERMEDIATE,0
1240,9558,3,11,29.0,37.0,INTERMEDIATE,0
1240,9558,3,20,38.0,52.0,SOFT,0
1240,9558,3,3,38.0,51.0,SOFT,0
1240,9558,3,77,38.0,51.0,SOFT,0
1240,9558,3,44,39.0,52.0,SOFT,0
1240,9558,3,1,39.0,52.0,HARD,0
1240,9558,3,81,39.0,52.0,MEDIUM,0
1240,9558,4,16,38.0,51.0,SOFT,0
1240,9558,4,11,38.0,47.0,MEDIUM,0
1240,9558,3,14,39.0,52.0,MEDIUM,0
1240,9558,3,22,39.0,52.0,SOFT,0
1240,9558,3,23,39.0,52.0,MEDIUM,0
1240,9558,3,2,39.0,52.0,SOFT,0
1240,9558,3,4,40.0,52.0,SOFT,2
1240,9558,5,24,38.0,50.0,SOFT,1
1240,9558,3,55,40.0,50.0,HARD,0
1240,9558,3,27,40.0,52.0,SOFT,3
1240,9558,3,18,40.0,52.0,MEDIUM,0
1240,9558,5,31,39.0,50.0,MEDIUM,0
1240,9558,5,11,48.0,50.0,SOFT,0
1240,9558,4,55,51.0,52.0,SOFT,3
1241,9566,1,77,1.0,16.0,MEDIUM,1
1241,9566,1,63,1.0,33.0,HARD,0
1241,9566,1,1,1.0,21.0,MEDIUM,0
1241,9566,1,27,1.0,2.0,MEDIUM,0
1241,9566,1,22,1.0,29.0,MEDIUM,0
1241,9566,1,2,1.0,8.0,MEDIUM,0
1241,9566,1,3,1.0,7.0,MEDIUM,0
1241,9566,1,23,1.0,6.0,SOFT,0
1241,9566,1,18,1.0,14.0,SOFT,3
1241,9566,1,4,1.0,17.0,MEDIUM,0
1241,9566,1,44,1.0,16.0,MEDIUM,0
1241,9566,1,24,1.0,7.0,MEDIUM,1
1241,9566,1,14,1.0,7.0,SOFT,2
1241,9566,1,20,1.0,6.0,SOFT,0
1241,9566,1,55,1.0,21.0,MEDIUM,0
1241,9566,1,31,1.0,6.0,MEDIUM,0
1241,9566,1,10,1.0,28.0,HARD,0
1241,9566,1,81,1.0,18.0,MEDIUM,0
1241,9566,1,16,1.0,23.0,MEDIUM,0
1241,9566,1,11,1.0,28.0,HARD,0
1241,9566,2,27,3.0,29.0,HARD,0
1241,9566,2,31,7.0,30.0,HARD,0
1241,9566,2,23,7.0,29.0,HARD,0
1241,9566,2,20,7.0,34.0,HARD,0
1241,9566,2,14,8.0,37.0,MEDIUM,1
1241,9566,2,3,8.0,28.0,HARD,0
1241,9566,2,24,8.0,36.0,HARD,0
1241,9566,2,2,9.0,33.0,HARD,0
1241,9566,2,18,15.0,45.0,MEDIUM,1
1241,9566,2,44,17.0,40.0,HARD,0
1241,9566,2,77,17.0,45.0,HARD,0
1241,9566,2,4,18.0,45.0,HARD,1
1241,9566,2,81,19.0,47.0,HARD,1
1241,9566,2,1,22.0,49.0,HARD,0
1241,9566,2,55,22.0,47.0,HARD,0
1241,9566,2,16,24.0,40.0,HARD,0
1241,9566,2,11,29.0,47.0,MEDIUM,0
1241,9566,2,10,29.0,33.0,MEDIUM,0
1241,9566,3,3,29.0,69.0,HARD,0
1241,9566,2,22,30.0,70.0,HARD,0
1241,9566,3,27,30.0,69.0,HARD,0
1241,9566,3,23,30.0,69.0,HARD,0
1241,9566,3,31,31.0,64.0,HARD,0
1241,9566,2,63,34.0,53.0,MEDIUM,0
1241,9566,3,2,34.0,63.0,HARD,0
1241,9566,3,20,35.0,69.0,HARD,0
1241,9566,3,24,37.0,69.0,HARD,0
1241,9566,3,14,38.0,70.0,HARD,1
1241,9566,3,16,41.0,70.0,MEDIUM,0
1241,9566,3,44,41.0,70.0,HARD,0
1241,9566,3,4,46.0,70.0,MEDIUM,1
1241,9566,3,18,46.0,70.0,HARD,1
1241,9566,3,77,46.0,69.0,HARD,0
1241,9566,3,81,48.0,70.0,MEDIUM,1
1241,9566,3,55,48.0,70.0,MEDIUM,0
1241,9566,3,11,48.0,70.0,MEDIUM,0
1241,9566,3,1,50.0,70.0,MEDIUM,0
1241,9566,3,63,54.0,70.0,HARD,0
1241,9566,4,2,64.0,69.0,SOFT,0
1241,9566,4,31,65.0,69.0,SOFT,0
1242,9574,1,14,1.0,13.0,MEDIUM,0
1242,9574,1,63,1.0,10.0,MEDIUM,0
1242,9574,1,27,1.0,7.0,MEDIUM,0
1242,9574,1,18,1.0,12.0,MEDIUM,0
1242,9574,1,31,1.0,12.0,MEDIUM,0
1242,9574,1,22,1.0,15.0,MEDIUM,0
1242,9574,1,44,1.0,11.0,MEDIUM,0
1242,9574,1,20,1.0,17.0,MEDIUM,0
1242,9574,1,10,1.0,9.0,MEDIUM,0
1242,9574,1,1,1.0,10.0,MEDIUM,0
1242,9574,1,3,1.0,8.0,SOFT,0
1242,9574,1,11,1.0,11.0,MEDIUM,0
1242,9574,1,16,1.0,12.0,MEDIUM,0
1242,9574,1,55,1.0,20.0,HARD,0
1242,9574,1,77,1.0,11.0,MEDIUM,0
1242,9574,1,24,1.0,5.0,HARD,0
1242,9574,1,2,1.0,8.0,MEDIUM,0
1242,9574,1,4,1.0,15.0,MEDIUM,0
1242,9574,1,81,1.0,11.0,MEDIUM,0
1242,9574,1,23,1.0,8.0,MEDIUM,0
1242,9574,2,27,8.0,20.0,HARD,0
1242,9574,2,23,9.0,23.0,MEDIUM,0
1242,9574,2,3,9.0,21.0,MEDIUM,0
1242,9574,2,2,9.0,24.0,MEDIUM,0
1242,9574,2,10,10.0,28.0,HARD,0
1242,9574,2,63,11.0,44.0,HARD,0
1242,9574,2,1,11.0,28.0,HARD,0
1242,9574,2,44,12.0,26.0,HARD,0
1242,9574,2,11,12.0,21.0,MEDIUM,0
1242,9574,2,81,12.0,30.0,HARD,0
1242,9574,2,77,12.0,35.0,HARD,0
1242,9574,2,16,13.0,25.0,HARD,0
1242,9574,2,31,13.0,30.0,HARD,0
1242,9574,2,18,13.0,44.0,HARD,0
1242,9574,2,14,14.0,44.0,HARD,0
1242,9574,2,4,16.0,29.0,HARD,0
1242,9574,2,22,16.0,44.0,HARD,1
1242,9574,2,20,18.0,44.0,HARD,0
1242,9574,2,55,21.0,28.0,MEDIUM,0
1242,9574,3,27,21.0,44.0,MEDIUM,0
1242,9574,3,11,22.0,42.0,HARD,0
1242,9574,3,3,22.0,44.0,HARD,1
1242,9574,3,23,24.0,44.0,HARD,0
1242,9574,3,2,25.0,44.0,HARD,0
1242,9574,3,16,26.0,44.0,HARD,0
1242,9574,3,44,27.0,44.0,HARD,0
1242,9574,3,1,29.0,44.0,MEDIUM,0
1242,9574,3,55,29.0,44.0,HARD,0
1242,9574,3,10,29.0,44.0,HARD,0
1242,9574,3,4,30.0,44.0,HARD,0
1242,9574,3,81,31.0,44.0,HARD,0
1242,9574,3,31,31.0,44.0,HARD,0
1242,9574,3,77,36.0,44.0,MEDIUM,0
1242,9574,4,11,43.0,44.0,SOFT,0
1242,9574,3,14,45.0,45.0,MEDIUM,0
1242,9574,4,3,45.0,45.0,SOFT,0
1242,9574,3,18,45.0,45.0,MEDIUM,0
1242,9574,3,22,45.0,45.0,SOFT,0
1243,9582,1,77,1.0,15.0,SOFT,0
1243,9582,1,1,1.0,27.0,MEDIUM,0
1243,9582,1,27,1.0,14.0,MEDIUM,0
1243,9582,1,22,1.0,14.0,SOFT,0
1243,9582,1,2,1.0,22.0,MEDIUM,0
1243,9582,1,3,1.0,29.0,MEDIUM,0
1243,9582,1,23,1.0,12.0,MEDIUM,0
1243,9582,1,63,1.0,25.0,MEDIUM,0
1243,9582,1,18,1.0,30.0,MEDIUM,0
1243,9582,1,24,1.0,18.0,MEDIUM,0
1243,9582,1,44,1.0,23.0,SOFT,0
1243,9582,1,14,1.0,31.0,MEDIUM,0
1243,9582,1,20,1.0,40.0,HARD,0
1243,9582,1,4,1.0,28.0,MEDIUM,0
1243,9582,1,55,1.0,30.0,MEDIUM,0
1243,9582,1,10,1.0,32.0,MEDIUM,0
1243,9582,1,81,1.0,33.0,MEDIUM,0
1243,9582,1,16,1.0,24.0,MEDIUM,0
1243,9582,1,11,1.0,29.0,MEDIUM,0
1243,9582,1,31,1.0,30.0,MEDIUM,0
1243,9582,2,23,13.0,54.0,HARD,0
1243,9582,2,22,15.0,32.0,MEDIUM,0
1243,9582,2,27,15.0,71.0,HARD,0
1243,9582,2,77,16.0,43.0,HARD,0
1243,9582,2,24,19.0,51.0,HARD,0
1243,9582,2,2,23.0,71.0,HARD,0
1243,9582,2,44,24.0,48.0,HARD,0
1243,9582,2,16,25.0,72.0,HARD,0
1243,9582,2,63,26.0,54.0,HARD,0
1243,9582,2,1,28.0,72.0,HARD,0
1243,9582,2,4,29.0,72.0,HARD,0
1243,9582,2,11,30.0,72.0,HARD,0
1243,9582,2,3,30.0,71.0,HARD,0
1243,9582,2,55,31.0,72.0,HARD,0
1243,9582,2,18,31.0,71.0,HARD,0
1243,9582,2,31,31.0,71.0,HARD,0
1243,9582,2,14,32.0,71.0,HARD,0
1243,9582,2,10,33.0,71.0,HARD,0
1243,9582,3,22,33.0,71.0,HARD,0
1243,9582,2,81,34.0,72.0,HARD,0
1243,9582,2,20,41.0,71.0,MEDIUM,0
1243,9582,3,77,44.0,70.0,MEDIUM,0
1243,9582,3,44,49.0,72.0,SOFT,0
1243,9582,3,24,52.0,70.0,SOFT,0
1243,9582,3,63,55.0,72.0,SOFT,3
1243,9582,3,23,55.0,71.0,MEDIUM,0
1244,9590,1,18,1.0,19.0,HARD,1
1244,9590,1,31,1.0,31.0,HARD,0
1244,9590,1,22,1.0,7.0,HARD,1
1244,9590,1,44,1.0,15.0,MEDIUM,0
1244,9590,1,77,1.0,33.0,HARD,1
1244,9590,1,4,1.0,14.0,MEDIUM,0
1244,9590,1,10,1.0,10.0,MEDIUM,0
1244,9590,1,24,1.0,15.0,MEDIUM,1
1244,9590,1,81,1.0,16.0,MEDIUM,0
1244,9590,1,3,1.0,11.0,MEDIUM,0
1244,9590,1,14,1.0,12.0,MEDIUM,1
1244,9590,1,63,1.0,11.0,MEDIUM,0
1244,9590,1,16,1.0,15.0,MEDIUM,0
1244,9590,1,11,1.0,23.0,HARD,0
1244,9590,1,55,1.0,19.0,MEDIUM,0
1244,9590,1,20,1.0,14.0,MEDIUM,0
1244,9590,1,23,1.0,17.0,MEDIUM,0
1244,9590,1,1,1.0,22.0,HARD,0
1244,9590,1,43,1.0,16.0,MEDIUM,0
1244,9590,1,27,1.0,5.0,MEDIUM,0
1244,9590,2,27,6.0,32.0,HARD,0
1244,9590,2,10,11.0,30.0,HARD,0
1244,9590,2,63,12.0,33.0,HARD,0
1244,9590,2,3,12.0,53.0,HARD,1
1244,9590,2,14,13.0,35.0,HARD,1
1244,9590,2,4,15.0,32.0,HARD,0
1244,9590,2,20,15.0,53.0,HARD,0
1244,9590,2,16,16.0,53.0,HARD,0
1244,9590,2,44,16.0,37.0,HARD,0
1244,9590,2,24,16.0,52.0,HARD,1
1244,9590,2,81,17.0,38.0,HARD,0
1244,9590,2,43,17.0,53.0,HARD,0
1244,9590,2,23,18.0,53.0,HARD,0
1244,9590,2,55,20.0,53.0,HARD,0
1244,9590,2,18,20.0,36.0,HARD,1
1244,9590,2,1,23.0,41.0,HARD,0
1244,9590,2,11,24.0,35.0,HARD,0
1244,9590,3,10,31.0,52.0,HARD,0
1244,9590,2,31,32.0,52.0,MEDIUM,0
1244,9590,3,4,33.0,53.0,HARD,0
1244,9590,3,27,33.0,52.0,HARD,0
1244,9590,3,63,34.0,53.0,HARD,0
1244,9590,2,77,34.0,52.0,MEDIUM,1
1244,9590,3,11,36.0,53.0,MEDIUM,0
1244,9590,3,14,36.0,53.0,HARD,2
1244,9590,3,18,37.0,50.0,MEDIUM,1
1244,9590,3,44,38.0,53.0,HARD,0
1244,9590,3,81,39.0,53.0,HARD,0
1244,9590,3,1,42.0,53.0,MEDIUM,0
1244,9590,4,18,51.0,52.0,SOFT,0
1245,9598,1,18,1.0,1.0,MEDIUM,1
1245,9598,1,44,1.0,12.0,MEDIUM,0
1245,9598,1,3,1.0,49.0,HARD,1
1245,9598,1,14,1.0,11.0,MEDIUM,1
1245,9598,1,22,1.0,12.0,MEDIUM,1
1245,9598,1,4,1.0,37.0,HARD,0
1245,9598,1,24,1.0,34.0,HARD,1
1245,9598,1,55,1.0,17.0,MEDIUM,0
1245,9598,1,11,1.0,13.0,MEDIUM,0
1245,9598,1,31,1.0,49.0,HARD,3
1245,9598,1,50,1.0,14.0,MEDIUM,0
1245,9598,1,1,1.0,12.0,MEDIUM,0
1245,9598,1,77,1.0,11.0,MEDIUM,1
1245,9598,1,43,1.0,10.0,MEDIUM,0
1245,9598,1,10,1.0,50.0,HARD,0
1245,9598,1,81,1.0,15.0,MEDIUM,0
1245,9598,1,23,1.0,31.0,HARD,0
1245,9598,1,63,1.0,12.0,MEDIUM,0
1245,9598,1,16,1.0,16.0,MEDIUM,0
1245,9598,1,27,1.0,15.0,MEDIUM,0
1245,9598,2,18,2.0,22.0,HARD,1
1245,9598,2,43,11.0,51.0,HARD,0
1245,9598,2,14,12.0,51.0,HARD,0
1245,9598,2,77,12.0,50.0,HARD,1
1245,9598,2,1,13.0,49.0,HARD,0
1245,9598,2,63,13.0,51.0,HARD,0
1245,9598,2,44,13.0,51.0,HARD,0
1245,9598,2,22,13.0,14.0,HARD,1
1245,9598,2,11,14.0,49.0,HARD,0
1245,9598,2,50,15.0,51.0,HARD,0
1245,9598,2,81,16.0,51.0,HARD,0
1245,9598,2,27,16.0,51.0,HARD,0
1245,9598,2,16,17.0,51.0,HARD,0
1245,9598,2,55,18.0,49.0,HARD,0
1245,9598,3,18,23.0,45.0,HARD,0
1245,9598,2,23,32.0,51.0,MEDIUM,0
1245,9598,2,24,35.0,51.0,MEDIUM,1
1245,9598,2,4,38.0,51.0,MEDIUM,0
1245,9598,3,1,50.0,51.0,SOFT,3
1245,9598,2,3,50.0,51.0,SOFT,0
1245,9598,2,31,50.0,50.0,SOFT,0
1245,9598,2,10,51.0,51.0,SOFT,0
1246,9606,1,31,1.0,29.0,MEDIUM,0
1246,9606,1,22,1.0,33.0,MEDIUM,0
1246,9606,1,11,1.0,28.0,MEDIUM,0
1246,9606,1,44,1.0,17.0,SOFT,2
1246,9606,1,10,1.0,37.0,MEDIUM,0
1246,9606,1,1,1.0,29.0,MEDIUM,0
1246,9606,1,14,1.0,25.0,MEDIUM,1
1246,9606,1,18,1.0,26.0,HARD,1
1246,9606,1,16,1.0,36.0,MEDIUM,0
1246,9606,1,20,1.0,28.0,HARD,0
1246,9606,1,55,1.0,13.0,MEDIUM,0
1246,9606,1,77,1.0,33.0,HARD,0
1246,9606,1,4,1.0,30.0,MEDIUM,0
1246,9606,1,24,1.0,34.0,HARD,0
1246,9606,1,81,1.0,38.0,MEDIUM,0
1246,9606,1,3,1.0,10.0,SOFT,0
1246,9606,1,23,1.0,11.0,MEDIUM,0
1246,9606,1,43,1.0,29.0,MEDIUM,0
1246,9606,1,27,1.0,29.0,MEDIUM,0
1246,9606,1,63,1.0,27.0,MEDIUM,0
1246,9606,2,3,11.0,46.0,MEDIUM,0
1246,9606,2,23,12.0,15.0,HARD,0
1246,9606,2,55,14.0,62.0,HARD,0
1246,9606,2,44,18.0,62.0,HARD,0
1246,9606,2,14,26.0,61.0,HARD,1
1246,9606,2,18,27.0,61.0,MEDIUM,1
1246,9606,2,63,28.0,62.0,HARD,0
1246,9606,2,11,29.0,61.0,HARD,0
1246,9606,2,20,29.0,49.0,MEDIUM,0
1246,9606,2,1,30.0,62.0,HARD,0
1246,9606,2,43,30.0,61.0,HARD,0
1246,9606,2,27,30.0,61.0,HARD,0
1246,9606,2,31,30.0,61.0,HARD,0
1246,9606,2,4,31.0,62.0,HARD,0
1246,9606,2,22,34.0,61.0,SOFT,0
1246,9606,2,77,34.0,61.0,MEDIUM,0
1246,9606,2,24,35.0,61.0,MEDIUM,0
1246,9606,2,16,37.0,62.0,HARD,0
1246,9606,2,10,38.0,61.0,SOFT,0
1246,9606,2,81,39.0,62.0,HARD,0
1246,9606,3,3,47.0,58.0,SOFT,0
1246,9606,3,20,50.0,57.0,SOFT,0
1246,9606,4,3,59.0,61.0,SOFT,3
1247,9617,1,22,1.0,18.0,MEDIUM,0
1247,9617,1,4,1.0,31.0,MEDIUM,0
1247,9617,1,44,1.0,1.0,HARD,0
1247,9617,1,55,1.0,21.0,MEDIUM,0
1247,9617,1,11,1.0,26.0,MEDIUM,0
1247,9617,1,24,1.0,13.0,MEDIUM,0
1247,9617,1,77,1.0,15.0,MEDIUM,0
1247,9617,1,10,1.0,18.0,MEDIUM,0
1247,9617,1,1,1.0,25.0,MEDIUM,0
1247,9617,1,81,1.0,32.0,MEDIUM,0
1247,9617,1,30,1.0,36.0,HARD,0
1247,9617,1,14,1.0,26.0,MEDIUM,0
1247,9617,1,16,1.0,26.0,MEDIUM,0
1247,9617,1,27,1.0,27.0,MEDIUM,0
1247,9617,1,63,1.0,40.0,HARD,0
1247,9617,1,31,1.0,31.0,MEDIUM,0
1247,9617,1,18,1.0,27.0,HARD,1
1247,9617,1,20,1.0,17.0,MEDIUM,0
1247,9617,1,23,1.0,3.0,MEDIUM,0
1247,9617,1,43,1.0,39.0,HARD,0
1247,9617,2,23,4.0,33.0,MEDIUM,0
1247,9617,2,24,14.0,35.0,MEDIUM,0
1247,9617,2,77,16.0,55.0,HARD,0
1247,9617,2,20,18.0,38.0,HARD,0
1247,9617,2,10,19.0,56.0,HARD,0
1247,9617,2,22,19.0,55.0,HARD,0
1247,9617,2,55,22.0,56.0,HARD,0
1247,9617,2,1,26.0,56.0,HARD,0
1247,9617,2,16,27.0,56.0,HARD,0
1247,9617,2,11,27.0,56.0,HARD,0
1247,9617,2,14,27.0,55.0,HARD,1
1247,9617,2,27,28.0,56.0,HARD,0
1247,9617,2,18,28.0,55.0,MEDIUM,0
1247,9617,2,4,32.0,56.0,HARD,0
1247,9617,2,31,32.0,51.0,HARD,0
1247,9617,2,81,33.0,56.0,HARD,0
1247,9617,3,23,34.0,55.0,HARD,0
1247,9617,3,24,36.0,55.0,HARD,0
1247,9617,2,30,37.0,56.0,MEDIUM,0
1247,9617,3,20,39.0,56.0,MEDIUM,0
1247,9617,2,43,40.0,56.0,MEDIUM,0
1247,9617,2,63,41.0,56.0,MEDIUM,0
1247,9617,3,31,52.0,55.0,SOFT,3
1248,9625,1,18,1.0,26.0,MEDIUM,1
1248,9625,1,24,1.0,43.0,HARD,1
1248,9625,1,44,1.0,28.0,MEDIUM,0
1248,9625,1,14,1.0,15.0,MEDIUM,1
1248,9625,1,20,1.0,30.0,MEDIUM,0
1248,9625,1,55,1.0,32.0,MEDIUM,0
1248,9625,1,4,1.0,30.0,MEDIUM,0
1248,9625,1,10,1.0,28.0,MEDIUM,0
1248,9625,1,23,,,MEDIUM,0
1248,9625,1,81,1.0,39.0,MEDIUM,0
1248,9625,1,30,1.0,39.0,HARD,0
1248,9625,1,11,1.0,20.0,HARD,0
1248,9625,1,31,1.0,48.0,HARD,0
1248,9625,1,77,1.0,49.0,HARD,1
1248,9625,1,1,1.0,26.0,MEDIUM,0
1248,9625,1,27,1.0,29.0,MEDIUM,0
1248,9625,1,16,1.0,31.0,MEDIUM,0
1248,9625,1,22,,,MEDIUM,0
1248,9625,1,43,1.0,47.0,HARD,0
1248,9625,1,63,1.0,31.0,MEDIUM,0
1248,9625,2,11,21.0,43.0,MEDIUM,0
1248,9625,2,1,27.0,71.0,HARD,0
1248,9625,2,18,27.0,70.0,HARD,1
1248,9625,2,44,29.0,71.0,HARD,0
1248,9625,2,10,29.0,70.0,HARD,0
1248,9625,2,27,30.0,70.0,HARD,0
1248,9625,2,4,31.0,71.0,HARD,0
1248,9625,2,20,31.0,71.0,HARD,0
1248,9625,2,16,32.0,69.0,HARD,0
1248,9625,2,63,32.0,71.0,HARD,0
1248,9625,2,55,33.0,71.0,HARD,0
1248,9625,2,81,40.0,71.0,HARD,0
1248,9625,2,30,40.0,65.0,MEDIUM,0
1248,9625,2,24,44.0,70.0,MEDIUM,1
1248,9625,3,11,44.0,68.0,MEDIUM,0
1248,9625,2,43,48.0,70.0,MEDIUM,0
1248,9625,2,31,49.0,70.0,MEDIUM,0
1248,9625,2,77,50.0,70.0,MEDIUM,0
1248,9625,3,30,66.0,70.0,SOFT,0
1248,9625,3,16,70.0,71.0,SOFT,0
1248,9625,4,11,69.0,70.0,SOFT,0
1249,9636,1,43,1.0,26.0,INTERMEDIATE,0
1249,9636,1,18,,,INTERMEDIATE,0
1249,9636,1,4,1.0,28.0,INTERMEDIATE,4
1249,9636,1,55,1.0,27.0,INTERMEDIATE,0
1249,9636,1,24,1.0,27.0,INTERMEDIATE,0
1249,9636,1,30,1.0,28.0,INTERMEDIATE,0
1249,9636,1,44,1.0,27.0,INTERMEDIATE,0
1249,9636,1,50,1.0,27.0,INTERMEDIATE,0
1249,9636,1,14,1.0,27.0,INTERMEDIATE,0
1249,9636,1,10,1.0,32.0,INTERMEDIATE,0
1249,9636,1,16,1.0,24.0,INTERMEDIATE,2
1249,9636,1,81,1.0,27.0,INTERMEDIATE,2
1249,9636,1,11,1.0,27.0,INTERMEDIATE,0
1249,9636,1,31,1.0,32.0,INTERMEDIATE,2
1249,9636,1,77,1.0,32.0,INTERMEDIATE,0
1249,9636,1,63,1.0,28.0,INTERMEDIATE,3
1249,9636,1,1,1.0,32.0,INTERMEDIATE,0
1249,9636,1,27,1.0,25.0,INTERMEDIATE,0
1249,9636,1,22,1.0,28.0,INTERMEDIATE,3
1249,9636,2,16,25.0,32.0,INTERMEDIATE,3
1249,9636,2,27,26.0,27.0,INTERMEDIATE,0
1249,9636,2,43,27.0,30.0,INTERMEDIATE,0
1249,9636,2,81,28.0,32.0,INTERMEDIATE,4
1249,9636,2,14,28.0,32.0,INTERMEDIATE,3
1249,9636,2,44,28.0,32.0,INTERMEDIATE,0
1249,9636,2,50,28.0,32.0,INTERMEDIATE,0
1249,9636,2,55,28.0,32.0,INTERMEDIATE,0
1249,9636,2,11,28.0,32.0,WET,5
1249,9636,2,24,28.0,28.0,INTERMEDIATE,0
1249,9636,2,4,29.0,32.0,INTERMEDIATE,4
1249,9636,2,63,29.0,32.0,INTERMEDIATE,3
1249,9636,2,22,29.0,32.0,WET,0
1249,9636,2,30,29.0,32.0,WET,0
1249,9636,3,24,29.0,31.0,WET,5
1249,9636,3,27,28.0,29.0,WET,0
1249,9636,3,43,31.0,31.0,INTERMEDIATE,0
1249,9636,4,27,30.0,30.0,INTERMEDIATE,0
1249,9636,4,24,32.0,32.0,INTERMEDIATE,0
1249,9636,2,31,33.0,69.0,INTERMEDIATE,2
1249,9636,2,1,33.0,69.0,INTERMEDIATE,0
1249,9636,2,10,33.0,69.0,INTERMEDIATE,0
1249,9636,3,4,33.0,69.0,INTERMEDIATE,4
1249,9636,3,63,33.0,69.0,INTERMEDIATE,3
1249,9636,3,22,33.0,69.0,INTERMEDIATE,3
1249,9636,3,16,33.0,69.0,INTERMEDIATE,3
1249,9636,3,81,33.0,69.0,INTERMEDIATE,0
1249,9636,3,14,33.0,69.0,INTERMEDIATE,0
1249,9636,3,30,33.0,69.0,INTERMEDIATE,3
1249,9636,2,77,33.0,69.0,INTERMEDIATE,0
1249,9636,3,44,33.0,69.0,INTERMEDIATE,0
1249,9636,3,11,33.0,69.0,INTERMEDIATE,0
1249,9636,3,55,33.0,38.0,INTERMEDIATE,0
1249,9636,3,50,33.0,69.0,INTERMEDIATE,0
1249,9636,5,24,33.0,69.0,INTERMEDIATE,0
1250,9644,1,77,1.0,17.0,HARD,0
1250,9644,1,63,1.0,12.0,MEDIUM,1
1250,9644,1,1,1.0,11.0,MEDIUM,0
1250,9644,1,27,1.0,14.0,MEDIUM,0
1250,9644,1,22,1.0,10.0,MEDIUM,0
1250,9644,1,23,1.0,9.0,MEDIUM,0
1250,9644,1,43,1.0,16.0,HARD,0
1250,9644,1,11,1.0,17.0,HARD,0
1250,9644,1,18,1.0,9.0,MEDIUM,1
1250,9644,1,4,1.0,9.0,MEDIUM,0
1250,9644,1,44,1.0,13.0,MEDIUM,0
1250,9644,1,24,1.0,11.0,MEDIUM,1
1250,9644,1,55,1.0,10.0,MEDIUM,0
1250,9644,1,30,1.0,11.0,MEDIUM,0
1250,9644,1,14,1.0,4.0,SOFT,0
1250,9644,1,20,1.0,17.0,MEDIUM,0
1250,9644,1,10,1.0,10.0,MEDIUM,0
1250,9644,1,16,1.0,9.0,MEDIUM,0
1250,9644,1,81,1.0,10.0,MEDIUM,0
1250,9644,1,31,1.0,11.0,MEDIUM,0
1250,9644,2,14,5.0,24.0,HARD,0
1250,9644,2,16,10.0,31.0,HARD,0
1250,9644,2,4,10.0,30.0,HARD,0
1250,9644,2,23,10.0,25.0,HARD,0
1250,9644,2,18,10.0,28.0,HARD,0
1250,9644,2,55,11.0,28.0,HARD,0
1250,9644,2,22,11.0,29.0,HARD,0
1250,9644,2,10,11.0,15.0,HARD,0
1250,9644,2,81,11.0,25.0,HARD,0
1250,9644,2,1,12.0,27.0,HARD,0
1250,9644,2,31,12.0,12.0,MEDIUM,0
1250,9644,2,24,12.0,34.0,HARD,0
1250,9644,2,30,12.0,38.0,HARD,1
1250,9644,2,63,13.0,32.0,HARD,1
1250,9644,3,31,13.0,45.0,HARD,0
1250,9644,2,44,14.0,27.0,HARD,1
1250,9644,2,27,15.0,33.0,HARD,0
1250,9644,2,43,17.0,26.0,MEDIUM,0
1250,9644,2,11,18.0,32.0,MEDIUM,0
1250,9644,2,77,18.0,35.0,MEDIUM,0
1250,9644,2,20,18.0,50.0,HARD,0
1250,9644,3,14,25.0,50.0,HARD,1
1250,9644,3,81,26.0,50.0,HARD,0
1250,9644,3,43,27.0,50.0,HARD,0
1250,9644,3,1,28.0,50.0,HARD,0
1250,9644,3,44,28.0,50.0,HARD,1
1250,9644,3,55,29.0,50.0,HARD,0
1250,9644,3,18,29.0,50.0,HARD,0
1250,9644,3,22,30.0,50.0,HARD,1
1250,9644,3,4,31.0,48.0,HARD,0
1250,9644,3,16,32.0,50.0,HARD,0
1250,9644,3,63,33.0,50.0,HARD,0
1250,9644,3,11,33.0,50.0,HARD,0
1250,9644,3,27,34.0,50.0,HARD,0
1250,9644,3,24,35.0,50.0,HARD,0
1250,9644,3,77,36.0,49.0,HARD,0
1250,9644,3,30,39.0,50.0,HARD,1
1250,9644,4,31,46.0,49.0,SOFT,0
1250,9644,4,4,49.0,50.0,SOFT,4
1251,9655,1,22,1.0,35.0,MEDIUM,0
1251,9655,1,30,1.0,35.0,MEDIUM,0
1251,9655,1,14,1.0,35.0,MEDIUM,0
1251,9655,1,44,1.0,34.0,MEDIUM,0
1251,9655,1,1,1.0,35.0,MEDIUM,0
1251,9655,1,77,1.0,24.0,MEDIUM,0
1251,9655,1,63,1.0,23.0,MEDIUM,1
1251,9655,1,10,1.0,35.0,MEDIUM,0
1251,9655,1,81,1.0,34.0,MEDIUM,0
1251,9655,1,23,1.0,35.0,MEDIUM,0
1251,9655,1,43,,,UNKNOWN,0
1251,9655,1,16,1.0,35.0,MEDIUM,1
1251,9655,1,27,1.0,1.0,HARD,0
1251,9655,1,18,1.0,1.0,MEDIUM,0
1251,9655,1,20,1.0,27.0,MEDIUM,0
1251,9655,1,11,1.0,35.0,MEDIUM,0
1251,9655,1,24,1.0,35.0,MEDIUM,0
1251,9655,1,55,1.0,34.0,MEDIUM,1
1251,9655,1,31,,,UNKNOWN,0
1251,9655,1,4,1.0,35.0,MEDIUM,0
1251,9655,2,18,2.0,7.0,HARD,0
1251,9655,2,27,2.0,31.0,HARD,0
1251,9655,3,18,8.0,8.0,HARD,0
1251,9655,2,63,24.0,35.0,HARD,0
1251,9655,2,77,25.0,35.0,HARD,0
1251,9655,2,20,28.0,36.0,HARD,0
1251,9655,3,27,32.0,36.0,MEDIUM,0
1251,9655,2,81,35.0,36.0,HARD,0
1251,9655,2,55,35.0,36.0,HARD,0
1251,9655,2,4,36.0,36.0,HARD,0
1251,9655,2,44,35.0,35.0,HARD,0
1251,9655,2,1,36.0,36.0,HARD,0
1251,9655,2,16,36.0,36.0,HARD,0
1251,9655,2,11,36.0,36.0,HARD,0
1251,9655,2,10,36.0,36.0,HARD,0
1251,9655,2,14,36.0,36.0,HARD,0
1251,9655,3,63,36.0,36.0,HARD,0
1251,9655,2,24,36.0,36.0,HARD,0
1251,9655,2,23,36.0,36.0,SOFT,0
1251,9655,2,22,36.0,36.0,HARD,0
1251,9655,2,30,36.0,36.0,HARD,0
1251,9655,3,44,36.0,36.0,HARD,0
1251,9655,3,1,37.0,37.0,HARD,1
1251,9655,3,4,37.0,37.0,HARD,0
1251,9655,3,77,36.0,36.0,MEDIUM,0
1251,9655,3,16,37.0,37.0,HARD,0
1251,9655,3,81,37.0,37.0,HARD,0
1251,9655,3,11,37.0,37.0,HARD,1
1251,9655,3,10,37.0,37.0,HARD,0
1251,9655,4,63,37.0,37.0,HARD,1
1251,9655,3,55,37.0,37.0,HARD,2
1251,9655,3,24,37.0,37.0,HARD,0
1251,9655,3,20,37.0,37.0,HARD,27
1251,9655,3,14,37.0,37.0,MEDIUM,6
1251,9655,3,22,37.0,37.0,HARD,1
1251,9655,3,23,37.0,37.0,SOFT,0
1251,9655,4,27,37.0,37.0,MEDIUM,5
1251,9655,3,30,37.0,37.0,HARD,1
1251,9655,4,1,38.0,57.0,HARD,0
1251,9655,4,44,37.0,47.0,HARD,0
1251,9655,4,77,37.0,57.0,MEDIUM,0
1251,9655,4,4,38.0,45.0,HARD,2
1251,9655,4,16,38.0,57.0,HARD,2
1251,9655,4,11,38.0,38.0,HARD,0
1251,9655,4,81,38.0,57.0,HARD,3
1251,9655,4,10,38.0,57.0,HARD,2
1251,9655,5,63,38.0,57.0,HARD,2
1251,9655,4,55,38.0,57.0,HARD,3
1251,9655,4,14,38.0,57.0,MEDIUM,7
1251,9655,4,24,38.0,57.0,HARD,0
1251,9655,4,20,38.0,57.0,HARD,28
1251,9655,4,22,38.0,40.0,HARD,2
1251,9655,4,23,38.0,55.0,SOFT,0
1251,9655,4,30,38.0,40.0,HARD,0
1251,9655,5,27,38.0,39.0,MEDIUM,6
1251,9655,5,22,41.0,57.0,SOFT,0
1251,9655,5,30,41.0,57.0,SOFT,0
1251,9655,5,4,46.0,57.0,HARD,0
1251,9655,5,44,48.0,57.0,HARD,13
1251,9655,5,23,56.0,56.0,SOFT,0
1251,9655,2,43,,,MEDIUM,0
1251,9655,2,31,,,MEDIUM,0
1252,9662,1,18,1.0,11.0,MEDIUM,1
1252,9662,1,4,1.0,26.0,MEDIUM,0
1252,9662,1,24,1.0,12.0,MEDIUM,0
1252,9662,1,44,1.0,34.0,HARD,0
1252,9662,1,14,1.0,13.0,MEDIUM,1
1252,9662,1,63,1.0,26.0,MEDIUM,1
1252,9662,1,20,1.0,12.0,MEDIUM,0
1252,9662,1,55,1.0,25.0,MEDIUM,0
1252,9662,1,10,1.0,14.0,MEDIUM,0
1252,9662,1,61,1.0,22.0,MEDIUM,0
1252,9662,1,81,1.0,4.0,MEDIUM,0
1252,9662,1,30,1.0,23.0,MEDIUM,0
1252,9662,1,16,1.0,20.0,MEDIUM,0
1252,9662,1,43,1.0,3.0,MEDIUM,0
1252,9662,1,11,,,MEDIUM,0
1252,9662,1,77,1.0,6.0,MEDIUM,0
1252,9662,1,1,1.0,29.0,MEDIUM,0
1252,9662,1,27,1.0,13.0,MEDIUM,0
1252,9662,1,22,1.0,22.0,MEDIUM,0
1252,9662,1,23,1.0,12.0,MEDIUM,0
1252,9662,2,43,4.0,26.0,HARD,0
1252,9662,2,81,5.0,32.0,HARD,0
1252,9662,2,77,7.0,30.0,HARD,0
1252,9662,2,18,12.0,32.0,HARD,1
1252,9662,2,20,13.0,29.0,HARD,0
1252,9662,2,23,13.0,57.0,HARD,0
1252,9662,2,24,13.0,39.0,HARD,0
1252,9662,2,27,14.0,58.0,HARD,0
1252,9662,2,14,14.0,37.0,HARD,1
1252,9662,2,10,15.0,58.0,HARD,0
1252,9662,2,16,21.0,58.0,HARD,0
1252,9662,2,61,23.0,57.0,HARD,0
1252,9662,2,22,23.0,57.0,HARD,0
1252,9662,2,30,24.0,24.0,HARD,0
1252,9662,3,30,25.0,29.0,HARD,1
1252,9662,2,55,26.0,58.0,HARD,0
1252,9662,2,4,27.0,58.0,HARD,0
1252,9662,2,63,27.0,58.0,HARD,0
1252,9662,2,1,30.0,58.0,HARD,0
1252,9662,3,20,30.0,30.0,HARD,0
1252,9662,4,30,30.0,55.0,HARD,6
1252,9662,4,20,31.0,55.0,SOFT,0
1252,9662,3,18,33.0,57.0,HARD,0
1252,9662,3,81,33.0,58.0,HARD,0
1252,9662,2,44,35.0,58.0,MEDIUM,1
1252,9662,3,14,38.0,58.0,HARD,1
1252,9662,3,24,40.0,57.0,HARD,0
1252,9662,5,20,56.0,57.0,SOFT,3
1254,9693,1,18,1.0,2.0,INTERMEDIATE,0
1254,9693,1,12,1.0,2.0,INTERMEDIATE,0
1254,9693,1,14,1.0,2.0,INTERMEDIATE,0
1254,9693,1,63,1.0,2.0,INTERMEDIATE,0
1254,9693,1,7,,,INTERMEDIATE,0
1254,9693,1,4,1.0,2.0,INTERMEDIATE,0
1254,9693,1,27,1.0,2.0,INTERMEDIATE,0
1254,9693,1,55,,,INTERMEDIATE,0
1254,9693,1,31,1.0,2.0,INTERMEDIATE,0
1254,9693,1,22,1.0,2.0,INTERMEDIATE,0
1254,9693,1,10,1.0,2.0,INTERMEDIATE,0
1254,9693,1,44,1.0,2.0,INTERMEDIATE,0
1254,9693,1,1,1.0,2.0,INTERMEDIATE,0
1254,9693,1,6,,,INTERMEDIATE,0
1254,9693,1,23,1.0,2.0,INTERMEDIATE,0
1254,9693,1,30,,,INTERMEDIATE,0
1254,9693,1,16,1.0,2.0,INTERMEDIATE,0
1254,9693,1,81,1.0,2.0,INTERMEDIATE,0
1254,9693,1,87,1.0,2.0,INTERMEDIATE,0
1254,9693,1,5,1.0,2.0,INTERMEDIATE,0
1254,9693,2,30,,,INTERMEDIATE,0
1254,9693,3,30,1.0,2.0,INTERMEDIATE,0
1254,9693,2,4,2.0,3.0,INTERMEDIATE,0
1254,9693,2,1,2.0,3.0,INTERMEDIATE,2
1254,9693,2,81,2.0,3.0,INTERMEDIATE,0
1254,9693,2,63,2.0,3.0,INTERMEDIATE,2
1254,9693,2,16,2.0,3.0,INTERMEDIATE,2
1254,9693,2,23,2.0,3.0,INTERMEDIATE,0
1254,9693,2,22,2.0,3.0,INTERMEDIATE,2
1254,9693,2,10,2.0,3.0,INTERMEDIATE,0
1254,9693,2,44,2.0,3.0,INTERMEDIATE,2
1254,9693,2,14,2.0,3.0,INTERMEDIATE,2
1254,9693,2,27,2.0,3.0,INTERMEDIATE,0
1254,9693,2,18,2.0,3.0,INTERMEDIATE,2
1254,9693,2,5,2.0,2.0,INTERMEDIATE,0
1254,9693,2,31,2.0,3.0,INTERMEDIATE,2
1254,9693,2,12,2.0,3.0,INTERMEDIATE,2
1254,9693,4,30,2.0,3.0,INTERMEDIATE,2
1254,9693,2,87,2.0,2.0,INTERMEDIATE,0
1254,9693,3,5,3.0,3.0,INTERMEDIATE,0
1254,9693,3,87,3.0,3.0,INTERMEDIATE,0
1254,9693,3,1,3.0,4.0,INTERMEDIATE,0
1254,9693,3,4,3.0,4.0,INTERMEDIATE,0
1254,9693,3,81,3.0,4.0,INTERMEDIATE,0
1254,9693,3,63,3.0,4.0,INTERMEDIATE,3
1254,9693,3,16,3.0,4.0,INTERMEDIATE,3
1254,9693,3,22,3.0,4.0,INTERMEDIATE,0
1254,9693,3,23,3.0,4.0,INTERMEDIATE,1
1254,9693,3,44,3.0,4.0,INTERMEDIATE,3
1254,9693,3,14,3.0,4.0,INTERMEDIATE,3
1254,9693,3,10,3.0,4.0,INTERMEDIATE,3
1254,9693,3,27,3.0,4.0,INTERMEDIATE,3
1254,9693,3,18,3.0,4.0,INTERMEDIATE,3
1254,9693,3,12,3.0,4.0,INTERMEDIATE,0
1254,9693,4,5,3.0,3.0,INTERMEDIATE,0
1254,9693,3,31,3.0,4.0,INTERMEDIATE,3
1254,9693,4,87,3.0,3.0,INTERMEDIATE,0
1254,9693,5,30,3.0,4.0,INTERMEDIATE,3
1254,9693,5,5,4.0,4.0,INTERMEDIATE,3
1254,9693,5,87,4.0,4.0,INTERMEDIATE,3
1254,9693,4,4,4.0,34.0,INTERMEDIATE,0
1254,9693,4,1,4.0,34.0,INTERMEDIATE,0
1254,9693,4,63,4.0,34.0,INTERMEDIATE,4
1254,9693,4,81,4.0,34.0,INTERMEDIATE,0
1254,9693,4,22,4.0,33.0,INTERMEDIATE,0
1254,9693,4,16,4.0,34.0,INTERMEDIATE,4
1254,9693,4,23,4.0,33.0,INTERMEDIATE,2
1254,9693,4,44,4.0,33.0,INTERMEDIATE,4
1254,9693,4,14,4.0,32.0,INTERMEDIATE,4
1254,9693,4,10,4.0,33.0,INTERMEDIATE,4
1254,9693,4,27,4.0,33.0,INTERMEDIATE,4
1254,9693,4,18,4.0,33.0,INTERMEDIATE,4
1254,9693,6,5,4.0,44.0,MEDIUM,4
1254,9693,4,12,4.0,33.0,INTERMEDIATE,4
1254,9693,6,30,4.0,33.0,INTERMEDIATE,0
1254,9693,4,31,4.0,39.0,INTERMEDIATE,0
1254,9693,6,87,4.0,44.0,MEDIUM,0
1254,9693,5,44,33.0,47.0,HARD,1
1254,9693,5,23,33.0,44.0,MEDIUM,0
1254,9693,5,22,33.0,47.0,MEDIUM,0
1254,9693,5,10,33.0,46.0,HARD,0
1254,9693,5,12,33.0,44.0,HARD,0
1254,9693,5,18,33.0,44.0,HARD,1
1254,9693,5,27,33.0,44.0,MEDIUM,0
1254,9693,5,4,34.0,44.0,HARD,1
1254,9693,5,81,34.0,44.0,HARD,1
1254,9693,7,30,33.0,46.0,MEDIUM,0
1254,9693,5,1,34.0,46.0,MEDIUM,0
1254,9693,5,63,34.0,44.0,HARD,0
1254,9693,5,16,34.0,47.0,HARD,1
1254,9693,5,31,39.0,46.0,MEDIUM,0
1254,9693,6,4,44.0,57.0,INTERMEDIATE,0
1254,9693,6,23,44.0,57.0,INTERMEDIATE,0
1254,9693,6,63,44.0,57.0,INTERMEDIATE,0
1254,9693,6,18,44.0,57.0,INTERMEDIATE,0
1254,9693,6,27,44.0,57.0,INTERMEDIATE,0
1254,9693,6,12,44.0,57.0,INTERMEDIATE,0
1254,9693,7,5,44.0,45.0,INTERMEDIATE,0
1254,9693,6,81,44.0,57.0,INTERMEDIATE,0
1254,9693,7,87,44.0,57.0,INTERMEDIATE,0
1254,9693,6,1,46.0,57.0,INTERMEDIATE,0
1254,9693,6,10,46.0,57.0,INTERMEDIATE,0
1254,9693,6,31,46.0,57.0,INTERMEDIATE,0
1254,9693,6,44,47.0,57.0,INTERMEDIATE,0
1254,9693,6,22,47.0,57.0,INTERMEDIATE,0
1254,9693,6,16,47.0,57.0,INTERMEDIATE,0
1255,9998,1,23,1.0,20.0,MEDIUM,0
1255,9998,1,14,1.0,4.0,MEDIUM,5
1255,9998,1,16,1.0,15.0,MEDIUM,0
1255,9998,1,27,1.0,20.0,MEDIUM,0
1255,9998,1,18,1.0,36.0,HARD,0
1255,9998,1,7,1.0,11.0,MEDIUM,0
1255,9998,1,44,1.0,13.0,MEDIUM,0
1255,9998,1,55,1.0,17.0,MEDIUM,0
1255,9998,1,22,1.0,11.0,MEDIUM,0
1255,9998,1,30,1.0,18.0,HARD,0
1255,9998,1,1,1.0,13.0,MEDIUM,0
1255,9998,1,6,1.0,12.0,MEDIUM,0
1255,9998,1,63,1.0,14.0,MEDIUM,0
1255,9998,1,10,1.0,10.0,MEDIUM,0
1255,9998,1,5,1.0,1.0,MEDIUM,0
1255,9998,1,12,1.0,12.0,MEDIUM,0
1255,9998,1,31,1.0,11.0,MEDIUM,0
1255,9998,1,81,1.0,14.0,MEDIUM,0
1255,9998,1,87,1.0,26.0,HARD,0
1255,9998,1,4,1.0,15.0,MEDIUM,0
1255,9998,2,5,2.0,26.0,HARD,0
1255,9998,2,10,11.0,56.0,HARD,0
1255,9998,2,22,12.0,35.0,HARD,0
1255,9998,2,31,12.0,56.0,HARD,0
1255,9998,2,7,12.0,56.0,HARD,0
1255,9998,2,6,13.0,33.0,HARD,0
1255,9998,2,12,13.0,56.0,HARD,0
1255,9998,2,44,14.0,37.0,HARD,0
1255,9998,2,1,14.0,56.0,HARD,0
1255,9998,2,81,15.0,56.0,HARD,0
1255,9998,2,63,15.0,56.0,HARD,0
1255,9998,2,4,16.0,56.0,HARD,0
1255,9998,2,16,16.0,56.0,HARD,0
1255,9998,2,55,18.0,56.0,HARD,0
1255,9998,2,30,19.0,30.0,MEDIUM,0
1255,9998,2,23,21.0,56.0,HARD,0
1255,9998,2,27,21.0,55.0,HARD,0
1255,9998,2,87,27.0,56.0,MEDIUM,0
1255,9998,3,5,27.0,55.0,HARD,0
1255,9998,3,30,31.0,56.0,HARD,0
1255,9998,3,6,34.0,56.0,HARD,0
1255,9998,3,22,36.0,46.0,HARD,0
1255,9998,2,18,37.0,56.0,MEDIUM,0
1255,9998,3,44,38.0,56.0,HARD,0
1255,9998,4,22,47.0,55.0,MEDIUM,6
1256,10006,1,12,1.0,31.0,MEDIUM,0
1256,10006,1,63,1.0,19.0,MEDIUM,0
1256,10006,1,7,1.0,15.0,SOFT,0
1256,10006,1,18,1.0,9.0,SOFT,0
1256,10006,1,14,1.0,24.0,MEDIUM,1
1256,10006,1,23,1.0,24.0,MEDIUM,0
1256,10006,1,4,1.0,21.0,MEDIUM,0
1256,10006,1,55,1.0,33.0,MEDIUM,0
1256,10006,1,44,1.0,30.0,HARD,0
1256,10006,1,10,1.0,24.0,MEDIUM,0
1256,10006,1,30,1.0,33.0,MEDIUM,0
1256,10006,1,81,1.0,20.0,MEDIUM,0
1256,10006,1,5,1.0,31.0,HARD,0
1256,10006,1,31,1.0,32.0,HARD,1
1256,10006,1,6,1.0,25.0,MEDIUM,0
1256,10006,1,1,1.0,21.0,MEDIUM,0
1256,10006,1,16,1.0,21.0,MEDIUM,0
1256,10006,1,87,1.0,23.0,MEDIUM,0
1256,10006,1,27,1.0,22.0,MEDIUM,0
1256,10006,1,22,1.0,23.0,MEDIUM,0
1256,10006,2,18,10.0,30.0,HARD,1
1256,10006,2,7,16.0,53.0,HARD,0
1256,10006,2,63,20.0,53.0,HARD,0
1256,10006,2,81,21.0,53.0,HARD,0
1256,10006,2,1,22.0,53.0,HARD,0
1256,10006,2,4,22.0,53.0,HARD,0
1256,10006,2,16,22.0,53.0,HARD,0
1256,10006,2,27,23.0,53.0,HARD,0
1256,10006,2,87,24.0,53.0,HARD,1
1256,10006,2,22,24.0,53.0,HARD,0
1256,10006,2,23,25.0,53.0,HARD,0
1256,10006,2,14,25.0,53.0,HARD,1
1256,10006,2,10,25.0,53.0,HARD,0
1256,10006,2,6,26.0,53.0,HARD,0
1256,10006,2,44,31.0,53.0,MEDIUM,0
1256,10006,3,18,31.0,52.0,MEDIUM,0
1256,10006,2,12,32.0,53.0,HARD,0
1256,10006,2,5,32.0,53.0,MEDIUM,0
1256,10006,2,31,33.0,53.0,MEDIUM,0
1256,10006,2,55,34.0,53.0,SOFT,0
1256,10006,2,30,34.0,53.0,SOFT,0
1257,10014,1,18,1.0,12.0,SOFT,0
1257,10014,1,4,1.0,10.0,SOFT,3
1257,10014,1,55,1.0,14.0,SOFT,3
1257,10014,1,44,1.0,17.0,MEDIUM,0
1257,10014,1,30,1.0,14.0,MEDIUM,0
1257,10014,1,5,1.0,13.0,MEDIUM,0
1257,10014,1,14,1.0,16.0,MEDIUM,0
1257,10014,1,10,1.0,10.0,SOFT,3
1257,10014,1,81,1.0,14.0,SOFT,3
1257,10014,1,16,1.0,17.0,MEDIUM,0
1257,10014,1,22,1.0,11.0,SOFT,3
1257,10014,1,87,1.0,14.0,SOFT,0
1257,10014,1,31,1.0,8.0,SOFT,0
1257,10014,1,6,1.0,6.0,SOFT,0
1257,10014,1,12,1.0,12.0,SOFT,3
1257,10014,1,63,1.0,13.0,SOFT,3
1257,10014,1,7,1.0,9.0,SOFT,0
1257,10014,1,27,1.0,5.0,SOFT,0
1257,10014,1,23,1.0,16.0,SOFT,0
1257,10014,1,1,1.0,10.0,SOFT,3
1257,10014,2,27,6.0,27.0,MEDIUM,0
1257,10014,2,6,7.0,28.0,MEDIUM,0
1257,10014,2,31,9.0,27.0,MEDIUM,0
1257,10014,2,7,10.0,28.0,MEDIUM,0
1257,10014,2,4,11.0,32.0,MEDIUM,0
1257,10014,2,1,11.0,26.0,HARD,0
1257,10014,2,10,11.0,28.0,MEDIUM,0
1257,10014,2,22,12.0,32.0,MEDIUM,0
1257,10014,2,12,13.0,27.0,MEDIUM,0
1257,10014,2,18,13.0,32.0,MEDIUM,0
1257,10014,2,63,14.0,32.0,MEDIUM,0
1257,10014,2,5,14.0,32.0,HARD,0
1257,10014,2,81,15.0,32.0,MEDIUM,0
1257,10014,2,55,15.0,32.0,MEDIUM,0
1257,10014,2,87,15.0,32.0,HARD,0
1257,10014,2,30,15.0,32.0,HARD,0
1257,10014,2,23,17.0,32.0,HARD,0
1257,10014,2,14,17.0,32.0,MEDIUM,0
1257,10014,2,16,18.0,32.0,MEDIUM,0
1257,10014,2,44,18.0,32.0,MEDIUM,0
1257,10014,3,1,27.0,57.0,MEDIUM,0
1257,10014,3,12,28.0,32.0,SOFT,3
1257,10014,3,31,28.0,57.0,HARD,0
1257,10014,3,27,28.0,57.0,MEDIUM,0
1257,10014,3,10,29.0,57.0,HARD,0
1257,10014,3,7,29.0,57.0,HARD,0
1257,10014,3,6,29.0,57.0,HARD,0
1257,10014,3,81,33.0,57.0,MEDIUM,0
1257,10014,3,63,33.0,57.0,SOFT,3
1257,10014,3,16,33.0,57.0,HARD,0
1257,10014,3,4,33.0,57.0,MEDIUM,0
1257,10014,3,44,33.0,57.0,HARD,0
1257,10014,3,55,33.0,44.0,HARD,0
1257,10014,3,22,33.0,57.0,SOFT,0
1257,10014,3,87,33.0,57.0,SOFT,0
1257,10014,4,12,33.0,57.0,SOFT,3
1257,10014,3,23,33.0,57.0,MEDIUM,0
1257,10014,3,14,33.0,57.0,HARD,0
1257,10014,3,30,33.0,57.0,SOFT,0
1257,10014,3,18,33.0,57.0,HARD,0
1257,10014,3,5,33.0,57.0,MEDIUM,0
1257,10014,4,55,45.0,45.0,SOFT,3
1258,10022,1,10,,,MEDIUM,0
1258,10022,1,7,1.0,1.0,MEDIUM,0
1258,10022,1,31,1.0,1.0,MEDIUM,0
1258,10022,1,5,1.0,1.0,MEDIUM,0
1258,10022,1,22,1.0,1.0,MEDIUM,0
1258,10022,1,87,1.0,18.0,MEDIUM,0
1258,10022,1,81,1.0,19.0,MEDIUM,0
1258,10022,1,12,1.0,19.0,MEDIUM,0
1258,10022,1,14,1.0,19.0,MEDIUM,1
1258,10022,1,63,1.0,20.0,MEDIUM,0
1258,10022,1,30,1.0,20.0,MEDIUM,0
1258,10022,1,1,1.0,21.0,MEDIUM,0
1258,10022,1,55,1.0,21.0,MEDIUM,0
1258,10022,1,23,1.0,22.0,MEDIUM,0
1258,10022,1,44,1.0,23.0,MEDIUM,0
1258,10022,1,16,1.0,29.0,MEDIUM,0
1258,10022,2,7,2.0,32.0,HARD,0
1258,10022,1,27,1.0,33.0,HARD,0
1258,10022,1,4,1.0,34.0,HARD,0
1258,10022,1,6,1.0,34.0,HARD,0
1258,10022,1,18,1.0,39.0,HARD,1
1258,10022,2,81,20.0,50.0,HARD,0
1258,10022,2,1,22.0,50.0,HARD,0
1258,10022,2,27,34.0,49.0,MEDIUM,0
1258,10022,2,18,40.0,49.0,MEDIUM,1
1258,10022,2,16,30.0,50.0,HARD,0
1258,10022,2,4,35.0,50.0,MEDIUM,0
1258,10022,3,7,33.0,49.0,HARD,0
1258,10022,2,5,2.0,49.0,HARD,0
1258,10022,2,63,21.0,50.0,HARD,0
1258,10022,2,12,20.0,50.0,HARD,0
1258,10022,2,44,24.0,50.0,HARD,0
1258,10022,2,55,22.0,50.0,HARD,0
1258,10022,2,23,23.0,50.0,HARD,0
1258,10022,2,6,35.0,50.0,MEDIUM,0
1258,10022,2,30,21.0,50.0,HARD,1
1258,10022,2,14,20.0,50.0,HARD,1
1258,10022,2,87,19.0,50.0,HARD,0
1258,10022,2,31,2.0,50.0,HARD,0
1259,10033,1,1,1.0,32.0,MEDIUM,24
1259,10033,1,12,1.0,32.0,MEDIUM,24
1259,10033,1,81,1.0,32.0,MEDIUM,24
1259,10033,1,63,1.0,32.0,HARD,24
1259,10033,1,23,1.0,32.0,MEDIUM,24
1259,10033,1,4,1.0,32.0,MEDIUM,24
1259,10033,1,55,1.0,32.0,MEDIUM,30
1259,10033,1,16,1.0,32.0,MEDIUM,24
1259,10033,1,22,1.0,32.0,MEDIUM,24
1259,10033,1,31,1.0,23.0,MEDIUM,23
1259,10033,1,6,1.0,23.0,MEDIUM,22
1259,10033,1,44,1.0,32.0,HARD,23
1259,10033,1,5,1.0,23.0,MEDIUM,19
1259,10033,1,27,1.0,36.0,HARD,23
1259,10033,1,18,1.0,23.0,MEDIUM,21
1259,10033,1,87,1.0,27.0,HARD,23
1259,10033,1,14,1.0,32.0,HARD,24
1259,10033,1,10,1.0,32.0,HARD,23
1259,10033,1,30,1.0,31.0,HARD,23
1259,10033,2,5,24.0,30.0,HARD,4
1259,10033,2,31,24.0,57.0,HARD,0
1259,10033,2,6,24.0,57.0,HARD,1
1259,10033,2,18,24.0,56.0,HARD,4
1259,10033,1,7,1.0,1.0,MEDIUM,0
1259,10033,2,63,33.0,57.0,MEDIUM,3
1259,10033,2,14,33.0,56.0,MEDIUM,5
1259,10033,2,10,33.0,57.0,MEDIUM,0
1259,10033,2,81,33.0,57.0,HARD,3
1259,10033,2,12,33.0,57.0,HARD,7
1259,10033,2,23,33.0,57.0,HARD,6
1259,10033,2,16,33.0,57.0,HARD,3
1259,10033,2,22,33.0,57.0,HARD,5
1259,10033,2,4,33.0,57.0,HARD,3
1259,10033,2,55,33.0,57.0,HARD,7
1259,10033,2,44,33.0,57.0,MEDIUM,4
1259,10033,2,30,32.0,36.0,MEDIUM,3
1259,10033,2,1,33.0,57.0,HARD,6
1259,10033,2,27,37.0,56.0,MEDIUM,0
1260,9987,1,31,1.0,1.0,MEDIUM,0
1260,9987,1,10,1.0,9.0,MEDIUM,0
1260,9987,1,16,1.0,10.0,MEDIUM,0
1260,9987,1,30,1.0,10.0,MEDIUM,0
1260,9987,1,63,1.0,11.0,MEDIUM,3
1260,9987,1,55,1.0,11.0,MEDIUM,0
1260,9987,1,14,1.0,12.0,MEDIUM,3
1260,9987,1,5,1.0,12.0,MEDIUM,0
1260,9987,1,81,1.0,13.0,MEDIUM,0
1260,9987,1,18,1.0,14.0,MEDIUM,3
1260,9987,1,43,1.0,22.0,MEDIUM,0
1260,9987,2,31,2.0,27.0,HARD,0
1260,9987,1,4,1.0,28.0,MEDIUM,0
1260,9987,1,1,1.0,29.0,MEDIUM,0
1260,9987,1,23,1.0,29.0,MEDIUM,0
1260,9987,1,6,1.0,29.0,MEDIUM,0
1260,9987,1,12,1.0,29.0,HARD,0
1260,9987,1,44,1.0,29.0,HARD,0
1260,9987,2,16,11.0,29.0,HARD,0
1260,9987,1,27,1.0,29.0,HARD,0
1260,9987,1,87,1.0,29.0,HARD,0
1260,9987,2,63,12.0,29.0,HARD,0
1260,9987,1,22,1.0,29.0,HARD,0
1260,9987,2,55,12.0,29.0,HARD,0
1260,9987,2,10,10.0,29.0,HARD,0
1260,9987,2,30,11.0,29.0,HARD,0
1260,9987,2,5,13.0,29.0,HARD,0
1260,9987,2,81,14.0,30.0,HARD,0
1260,9987,2,87,30.0,31.0,MEDIUM,0
1260,9987,2,12,30.0,44.0,MEDIUM,0
1260,9987,2,1,30.0,46.0,HARD,0
1260,9987,2,4,29.0,46.0,HARD,0
1260,9987,2,44,30.0,46.0,MEDIUM,0
1260,9987,2,6,30.0,46.0,HARD,0
1260,9987,2,14,13.0,46.0,HARD,1
1260,9987,2,18,15.0,46.0,HARD,1
1260,9987,2,43,23.0,46.0,HARD,0
1260,9987,3,5,30.0,46.0,HARD,0
1260,9987,2,23,30.0,47.0,HARD,0
1260,9987,3,1,47.0,63.0,HARD,0
1260,9987,3,4,47.0,63.0,HARD,1
1260,9987,3,81,31.0,63.0,HARD,0
1260,9987,3,44,47.0,63.0,HARD,0
1260,9987,3,23,48.0,63.0,HARD,0
1260,9987,3,16,30.0,63.0,HARD,0
1260,9987,3,63,30.0,63.0,HARD,0
1260,9987,3,55,30.0,63.0,HARD,0
1260,9987,3,6,47.0,63.0,HARD,0
1260,9987,2,22,30.0,63.0,MEDIUM,0
1260,9987,3,14,47.0,63.0,MEDIUM,4
1260,9987,2,27,30.0,63.0,MEDIUM,0
1260,9987,3,10,30.0,63.0,HARD,0
1260,9987,3,30,30.0,63.0,HARD,0
1260,9987,3,18,47.0,63.0,MEDIUM,6
1260,9987,3,43,47.0,63.0,HARD,0
1260,9987,3,87,32.0,63.0,HARD,0
1260,9987,4,5,47.0,63.0,MEDIUM,12
1261,9979,1,22,1.0,0.0,SOFT,0
1261,9979,1,10,1.0,0.0,MEDIUM,6
1261,9979,1,87,1.0,0.0,MEDIUM,0
1261,9979,1,5,1.0,0.0,MEDIUM,0
1261,9979,2,10,1.0,7.0,MEDIUM,0
1261,9979,1,27,1.0,11.0,MEDIUM,0
1261,9979,1,43,1.0,12.0,HARD,0
1261,9979,1,6,1.0,13.0,MEDIUM,0
1261,9979,1,14,1.0,15.0,HARD,1
1261,9979,1,31,1.0,15.0,MEDIUM,0
1261,9979,1,18,1.0,16.0,HARD,1
1261,9979,2,87,1.0,16.0,HARD,0
1261,9979,1,44,1.0,17.0,HARD,0
1261,9979,1,4,1.0,18.0,MEDIUM,0
1261,9979,2,6,14.0,18.0,SOFT,3
1261,9979,1,81,1.0,19.0,MEDIUM,0
1261,9979,1,16,1.0,21.0,MEDIUM,0
1261,9979,2,43,13.0,25.0,MEDIUM,7
1261,9979,2,5,1.0,25.0,HARD,0
1261,9979,1,1,1.0,27.0,HARD,0
1261,9979,2,31,16.0,27.0,MEDIUM,4
1261,9979,1,30,1.0,30.0,MEDIUM,6
1261,9979,1,23,1.0,31.0,MEDIUM,4
1261,9979,2,14,16.0,36.0,HARD,1
1261,9979,3,5,26.0,34.0,SOFT,0
1261,9979,2,23,32.0,39.0,MEDIUM,8
1261,9979,2,30,31.0,39.0,SOFT,3
1261,9979,2,27,12.0,43.0,HARD,0
1261,9979,2,81,20.0,47.0,HARD,0
1261,9979,2,16,22.0,48.0,HARD,0
1261,9979,1,55,1.0,47.0,HARD,0
1261,9979,2,4,19.0,49.0,HARD,0
1261,9979,2,55,48.0,52.0,MEDIUM,0
1261,9979,1,63,1.0,52.0,HARD,0
1261,9979,2,44,18.0,55.0,HARD,1
1261,9979,2,18,17.0,63.0,HARD,1
1261,9979,2,63,53.0,67.0,MEDIUM,53
1261,9979,1,12,1.0,68.0,HARD,0
1261,9979,2,12,69.0,70.0,MEDIUM,0
1261,9979,2,22,1.0,72.0,HARD,0
1261,9979,2,1,28.0,76.0,MEDIUM,0
1261,9979,3,4,50.0,78.0,HARD,0
1261,9979,3,16,49.0,78.0,MEDIUM,0
1261,9979,3,81,48.0,78.0,HARD,0
1261,9979,3,12,71.0,75.0,HARD,0
1261,9979,3,23,40.0,76.0,HARD,0
1261,9979,3,55,53.0,76.0,MEDIUM,8
1261,9979,3,1,77.0,78.0,SOFT,3
1261,9979,3,63,68.0,76.0,HARD,0
1261,9979,3,44,56.0,78.0,MEDIUM,0
1261,9979,3,87,17.0,76.0,MEDIUM,0
1261,9979,3,43,26.0,76.0,MEDIUM,0
1261,9979,3,6,19.0,77.0,HARD,1
1261,9979,3,31,28.0,77.0,HARD,0
1261,9979,3,30,40.0,77.0,HARD,1
1261,9979,4,5,35.0,76.0,MEDIUM,0
1261,9979,3,18,64.0,76.0,MEDIUM,1
1261,9979,3,27,44.0,76.0,SOFT,0
1261,9979,3,22,73.0,76.0,MEDIUM,0
1262,9971,1,23,1.0,6.0,SOFT,3
1262,9971,1,87,1.0,8.0,SOFT,0
1262,9971,1,22,1.0,8.0,MEDIUM,0
1262,9971,1,27,1.0,9.0,SOFT,0
1262,9971,1,55,1.0,9.0,SOFT,0
1262,9971,1,10,1.0,10.0,SOFT,2
1262,9971,1,1,1.0,13.0,SOFT,3
1262,9971,1,43,1.0,14.0,SOFT,0
1262,9971,1,14,1.0,15.0,SOFT,2
1262,9971,1,44,1.0,16.0,SOFT,3
1262,9971,1,16,1.0,17.0,SOFT,1
1262,9971,1,30,1.0,18.0,SOFT,0
1262,9971,1,6,1.0,19.0,SOFT,3
1262,9971,1,5,1.0,19.0,SOFT,3
1262,9971,1,63,1.0,20.0,SOFT,3
1262,9971,1,31,1.0,20.0,SOFT,0
1262,9971,1,4,1.0,21.0,SOFT,0
1262,9971,1,12,1.0,21.0,SOFT,3
1262,9971,1,81,1.0,22.0,SOFT,0
1262,9971,2,22,9.0,24.0,SOFT,0
1262,9971,2,23,7.0,26.0,SOFT,0
1262,9971,3,23,27.0,27.0,SOFT,20
1262,9971,2,1,14.0,29.0,SOFT,0
1262,9971,2,10,11.0,31.0,SOFT,3
1262,9971,2,55,10.0,34.0,SOFT,0
1262,9971,2,87,9.0,35.0,MEDIUM,0
1262,9971,2,16,18.0,40.0,MEDIUM,0
1262,9971,2,43,15.0,39.0,MEDIUM,0
1262,9971,2,63,21.0,41.0,MEDIUM,0
1262,9971,2,14,16.0,42.0,MEDIUM,1
1262,9971,2,31,21.0,43.0,MEDIUM,0
1262,9971,2,30,19.0,44.0,MEDIUM,0
1262,9971,3,22,25.0,44.0,SOFT,0
1262,9971,2,27,10.0,45.0,MEDIUM,0
1262,9971,2,44,17.0,46.0,MEDIUM,0
1262,9971,3,1,30.0,47.0,MEDIUM,0
1262,9971,2,4,22.0,48.0,MEDIUM,0
1262,9971,2,6,20.0,48.0,MEDIUM,0
1262,9971,2,81,23.0,49.0,MEDIUM,0
1262,9971,2,12,22.0,49.0,MEDIUM,0
1262,9971,2,5,20.0,49.0,MEDIUM,0
1262,9971,3,12,50.0,53.0,SOFT,3
1262,9971,3,81,50.0,55.0,SOFT,3
1262,9971,3,4,49.0,55.0,SOFT,3
1262,9971,4,1,48.0,55.0,SOFT,3
1262,9971,3,14,43.0,54.0,SOFT,3
1262,9971,3,87,36.0,54.0,MEDIUM,0
1262,9971,4,22,45.0,54.0,SOFT,0
1262,9971,3,16,41.0,55.0,MEDIUM,0
1262,9971,3,63,42.0,55.0,SOFT,0
1262,9971,3,44,47.0,55.0,SOFT,3
1262,9971,3,43,40.0,54.0,SOFT,0
1262,9971,3,6,49.0,55.0,SOFT,0
1262,9971,3,10,32.0,55.0,MEDIUM,0
1262,9971,3,55,35.0,55.0,MEDIUM,0
1262,9971,3,27,46.0,56.0,SOFT,0
1262,9971,4,81,56.0,66.0,SOFT,3
1262,9971,4,4,56.0,66.0,SOFT,3
1262,9971,4,16,56.0,66.0,SOFT,3
1262,9971,4,63,56.0,66.0,SOFT,0
1262,9971,5,1,56.0,66.0,HARD,0
1262,9971,4,27,57.0,66.0,SOFT,0
1262,9971,4,44,56.0,66.0,SOFT,3
1262,9971,4,6,56.0,66.0,SOFT,3
1262,9971,4,10,56.0,66.0,SOFT,3
1262,9971,4,14,55.0,66.0,SOFT,3
1262,9971,3,30,45.0,66.0,SOFT,0
1262,9971,3,5,50.0,66.0,SOFT,0
1262,9971,4,87,55.0,66.0,SOFT,6
1262,9971,5,22,55.0,66.0,SOFT,3
1262,9971,4,55,56.0,66.0,SOFT,0
1262,9971,4,43,55.0,66.0,SOFT,1
1262,9971,3,31,44.0,66.0,MEDIUM,0
1263,9963,1,1,1.0,11.0,MEDIUM,3
1263,9963,1,63,1.0,12.0,MEDIUM,3
1263,9963,1,6,1.0,12.0,MEDIUM,0
1263,9963,1,12,1.0,13.0,MEDIUM,6
1263,9963,1,43,1.0,13.0,MEDIUM,5
1263,9963,1,44,1.0,14.0,MEDIUM,0
1263,9963,1,14,1.0,14.0,MEDIUM,4
1263,9963,1,81,1.0,15.0,MEDIUM,0
1263,9963,1,87,1.0,17.0,MEDIUM,0
1263,9963,1,27,1.0,18.0,MEDIUM,0
1263,9963,1,23,1.0,22.0,MEDIUM,4
1263,9963,1,18,1.0,23.0,HARD,1
1263,9963,1,16,1.0,27.0,HARD,0
1263,9963,1,4,1.0,28.0,HARD,0
1263,9963,2,1,12.0,36.0,HARD,0
1263,9963,2,12,14.0,37.0,HARD,1
1263,9963,1,30,1.0,37.0,HARD,1
1263,9963,2,63,13.0,41.0,HARD,1
1263,9963,2,81,16.0,44.0,HARD,0
1263,9963,2,44,15.0,44.0,HARD,0
1263,9963,2,23,23.0,46.0,HARD,0
1263,9963,2,4,29.0,46.0,MEDIUM,0
1263,9963,1,5,1.0,48.0,HARD,0
1263,9963,2,14,15.0,49.0,HARD,1
1263,9963,2,18,24.0,50.0,HARD,1
1263,9963,2,16,28.0,52.0,HARD,0
1263,9963,1,10,1.0,52.0,HARD,0
1263,9963,2,30,38.0,53.0,MEDIUM,0
1263,9963,1,22,1.0,55.0,HARD,0
1263,9963,1,31,1.0,56.0,HARD,0
1263,9963,1,55,1.0,56.0,HARD,0
1263,9963,3,4,47.0,66.0,HARD,0
1263,9963,3,14,50.0,65.0,HARD,1
1263,9963,3,63,42.0,66.0,HARD,0
1263,9963,2,27,19.0,65.0,HARD,0
1263,9963,3,1,37.0,66.0,HARD,0
1263,9963,3,12,38.0,66.0,HARD,0
1263,9963,2,55,57.0,65.0,MEDIUM,0
1263,9963,2,31,57.0,65.0,MEDIUM,0
1263,9963,3,81,45.0,66.0,HARD,0
1263,9963,3,16,53.0,66.0,MEDIUM,0
1263,9963,2,87,18.0,65.0,HARD,0
1263,9963,2,22,56.0,65.0,MEDIUM,0
1263,9963,2,10,53.0,65.0,MEDIUM,0
1263,9963,2,43,14.0,65.0,HARD,0
1263,9963,2,5,49.0,65.0,MEDIUM,0
1263,9963,3,18,51.0,65.0,MEDIUM,0
1263,9963,2,6,13.0,65.0,HARD,1
1263,9963,3,44,45.0,66.0,HARD,0
1263,9963,3,27,66.0,66.0,HARD,47
1263,9963,4,14,66.0,66.0,HARD,17
1263,9963,4,1,67.0,67.0,HARD,0
1263,9963,4,63,67.0,67.0,HARD,25
1263,9963,4,12,67.0,67.0,HARD,29
1263,9963,4,81,67.0,67.0,SOFT,0
1263,9963,3,55,66.0,66.0,MEDIUM,9
1263,9963,3,31,66.0,66.0,MEDIUM,9
1263,9963,4,16,67.0,67.0,MEDIUM,14
1263,9963,3,22,66.0,66.0,MEDIUM,10
1263,9963,3,87,66.0,66.0,SOFT,0
1263,9963,3,5,66.0,66.0,MEDIUM,0
1263,9963,3,43,66.0,66.0,HARD,52
1263,9963,3,10,66.0,66.0,MEDIUM,13
1263,9963,3,6,66.0,66.0,SOFT,3
1263,9963,4,18,66.0,66.0,SOFT,0
1263,9963,4,44,67.0,67.0,HARD,22
1263,9963,4,27,67.0,67.0,HARD,0
1263,9963,5,14,67.0,67.0,HARD,18
1263,9963,5,1,68.0,68.0,HARD,0
1263,9963,4,31,67.0,67.0,MEDIUM,10
1263,9963,4,55,67.0,67.0,MEDIUM,10
1263,9963,5,12,68.0,68.0,HARD,30
1263,9963,5,63,68.0,68.0,HARD,26
1263,9963,5,16,68.0,68.0,MEDIUM,15
1263,9963,5,81,68.0,68.0,SOFT,0
1263,9963,4,87,67.0,67.0,SOFT,1
1263,9963,4,43,67.0,67.0,HARD,53
1263,9963,4,5,67.0,67.0,MEDIUM,0
1263,9963,4,22,67.0,67.0,MEDIUM,0
1263,9963,4,6,67.0,67.0,SOFT,0
1263,9963,4,10,67.0,67.0,MEDIUM,14
1263,9963,5,44,68.0,68.0,HARD,0
1263,9963,5,18,67.0,67.0,SOFT,1
1263,9963,5,27,68.0,68.0,HARD,0
1263,9963,6,14,68.0,68.0,HARD,19
1263,9963,6,63,69.0,70.0,HARD,27
1263,9963,6,1,69.0,70.0,HARD,32
1263,9963,6,12,69.0,70.0,HARD,31
1263,9963,5,31,68.0,69.0,MEDIUM,11
1263,9963,5,55,68.0,69.0,MEDIUM,0
1263,9963,6,81,69.0,70.0,SOFT,5
1263,9963,6,16,69.0,70.0,MEDIUM,16
1263,9963,5,87,68.0,69.0,SOFT,2
1263,9963,5,22,68.0,69.0,MEDIUM,12
1263,9963,5,43,68.0,69.0,HARD,54
1263,9963,5,5,68.0,69.0,MEDIUM,0
1263,9963,5,10,68.0,69.0,MEDIUM,15
1263,9963,5,6,68.0,69.0,SOFT,0
1263,9963,6,18,68.0,69.0,SOFT,2
1263,9963,6,44,69.0,70.0,HARD,24
1263,9963,7,14,69.0,70.0,HARD,20
1263,9963,6,27,69.0,70.0,HARD,0
1264,9955,1,12,1.0,1.0,MEDIUM,0
1264,9955,1,55,1.0,1.0,MEDIUM,0
1264,9955,1,1,1.0,1.0,MEDIUM,0
1264,9955,1,6,1.0,2.0,SOFT,0
1264,9955,1,87,1.0,11.0,SOFT,0
1264,9955,1,10,1.0,12.0,SOFT,3
1264,9955,1,27,1.0,12.0,SOFT,0
1264,9955,1,23,1.0,13.0,MEDIUM,0
1264,9955,1,43,1.0,13.0,SOFT,0
1264,9955,2,23,14.0,15.0,MEDIUM,0
1264,9955,1,63,1.0,18.0,MEDIUM,0
1264,9955,1,22,1.0,18.0,MEDIUM,0
1264,9955,1,31,1.0,19.0,MEDIUM,0
1264,9955,1,4,1.0,20.0,MEDIUM,0
1264,9955,1,5,1.0,21.0,MEDIUM,0
1264,9955,1,81,1.0,24.0,MEDIUM,0
1264,9955,1,16,1.0,25.0,MEDIUM,0
1264,9955,1,44,1.0,26.0,MEDIUM,0
1264,9955,1,18,1.0,26.0,MEDIUM,1
1264,9955,2,6,3.0,28.0,MEDIUM,0
1264,9955,2,22,19.0,30.0,HARD,0
1264,9955,1,30,1.0,32.0,MEDIUM,0
1264,9955,1,14,1.0,33.0,MEDIUM,1
1264,9955,2,10,13.0,38.0,HARD,0
1264,9955,2,87,12.0,39.0,HARD,0
1264,9955,2,43,14.0,39.0,MEDIUM,0
1264,9955,2,27,13.0,42.0,MEDIUM,0
1264,9955,2,63,19.0,45.0,MEDIUM,0
1264,9955,2,16,26.0,49.0,HARD,0
1264,9955,2,5,22.0,49.0,MEDIUM,0
1264,9955,2,44,27.0,50.0,HARD,0
1264,9955,2,31,20.0,50.0,HARD,0
1264,9955,2,4,21.0,52.0,HARD,0
1264,9955,2,81,25.0,53.0,HARD,0
1264,9955,2,18,27.0,53.0,HARD,1
1264,9955,3,22,31.0,60.0,MEDIUM,0
1264,9955,3,4,53.0,70.0,MEDIUM,0
1264,9955,2,14,34.0,69.0,HARD,1
1264,9955,3,5,50.0,69.0,HARD,0
1264,9955,3,81,54.0,70.0,MEDIUM,0
1264,9955,4,22,61.0,68.0,SOFT,0
1264,9955,3,27,43.0,69.0,MEDIUM,0
1264,9955,3,31,51.0,69.0,HARD,0
1264,9955,3,16,50.0,70.0,MEDIUM,0
1264,9955,3,87,40.0,69.0,MEDIUM,0
1264,9955,3,6,29.0,69.0,HARD,0
1264,9955,3,44,51.0,70.0,MEDIUM,0
1264,9955,3,10,39.0,69.0,MEDIUM,0
1264,9955,3,18,54.0,69.0,SOFT,0
1264,9955,3,43,40.0,69.0,HARD,0
1264,9955,3,63,46.0,70.0,HARD,0
1264,9955,2,30,33.0,70.0,HARD,0
1277,9947,1,30,1.0,1.0,INTERMEDIATE,0
1277,9947,1,43,1.0,1.0,HARD,0
1277,9947,1,12,1.0,2.0,INTERMEDIATE,0
1277,9947,1,5,1.0,3.0,MEDIUM,0
1277,9947,1,18,1.0,6.0,INTERMEDIATE,0
1277,9947,1,27,1.0,9.0,INTERMEDIATE,0
1277,9947,2,12,3.0,9.0,HARD,0
1277,9947,2,18,7.0,10.0,SOFT,0
1277,9947,1,63,1.0,10.0,HARD,0
1277,9947,1,16,1.0,10.0,MEDIUM,0
1277,9947,1,6,1.0,10.0,MEDIUM,0
1277,9947,1,87,1.0,10.0,HARD,0
1277,9947,1,81,1.0,11.0,INTERMEDIATE,0
1277,9947,1,4,1.0,11.0,INTERMEDIATE,0
1277,9947,1,1,1.0,11.0,INTERMEDIATE,0
1277,9947,1,44,1.0,11.0,INTERMEDIATE,0
1277,9947,1,10,1.0,11.0,INTERMEDIATE,0
1277,9947,1,14,1.0,11.0,INTERMEDIATE,0
1277,9947,1,55,1.0,11.0,INTERMEDIATE,0
1277,9947,1,22,1.0,11.0,INTERMEDIATE,0
1277,9947,1,23,1.0,12.0,INTERMEDIATE,0
1277,9947,2,6,11.0,17.0,INTERMEDIATE,0
1277,9947,1,31,1.0,18.0,INTERMEDIATE,0
1277,9947,3,12,10.0,20.0,INTERMEDIATE,0
1277,9947,4,12,21.0,23.0,INTERMEDIATE,0
1277,9947,2,14,12.0,37.0,INTERMEDIATE,0
1277,9947,2,63,11.0,38.0,INTERMEDIATE,0
1277,9947,2,44,12.0,41.0,INTERMEDIATE,0
1277,9947,3,18,11.0,41.0,INTERMEDIATE,0
1277,9947,2,1,12.0,41.0,INTERMEDIATE,0
1277,9947,2,10,12.0,41.0,INTERMEDIATE,0
1277,9947,2,55,12.0,41.0,INTERMEDIATE,0
1277,9947,2,87,11.0,41.0,INTERMEDIATE,0
1277,9947,2,22,12.0,41.0,INTERMEDIATE,0
1277,9947,2,27,10.0,42.0,INTERMEDIATE,0
1277,9947,2,16,11.0,42.0,INTERMEDIATE,0
1277,9947,2,23,13.0,42.0,INTERMEDIATE,0
1277,9947,2,31,19.0,42.0,INTERMEDIATE,0
1277,9947,2,81,12.0,43.0,INTERMEDIATE,0
1277,9947,2,4,12.0,44.0,INTERMEDIATE,0
1277,9947,3,4,45.0,52.0,MEDIUM,0
1277,9947,3,81,44.0,52.0,MEDIUM,0
1277,9947,3,22,42.0,51.0,MEDIUM,0
1277,9947,3,27,43.0,52.0,MEDIUM,0
1277,9947,3,44,42.0,52.0,SOFT,3
1277,9947,3,1,42.0,52.0,MEDIUM,0
1277,9947,3,10,42.0,52.0,MEDIUM,0
1277,9947,4,18,42.0,52.0,SOFT,0
1277,9947,3,23,43.0,52.0,MEDIUM,0
1277,9947,3,14,38.0,52.0,MEDIUM,1
1277,9947,3,63,39.0,52.0,HARD,0
1277,9947,3,87,42.0,52.0,MEDIUM,0
1277,9947,3,55,42.0,52.0,MEDIUM,0
1277,9947,3,31,43.0,52.0,MEDIUM,0
1277,9947,3,16,43.0,52.0,SOFT,3
1265,9939,1,44,1.0,1.0,INTERMEDIATE,0
1265,9939,1,14,1.0,1.0,INTERMEDIATE,0
1265,9939,1,4,1.0,1.0,INTERMEDIATE,0
1265,9939,1,55,1.0,1.0,INTERMEDIATE,0
1265,9939,1,30,1.0,1.0,INTERMEDIATE,0
1265,9939,1,10,1.0,1.0,INTERMEDIATE,0
1265,9939,1,81,1.0,1.0,INTERMEDIATE,0
1265,9939,1,5,1.0,1.0,INTERMEDIATE,0
1265,9939,1,31,1.0,1.0,INTERMEDIATE,0
1265,9939,1,6,1.0,1.0,INTERMEDIATE,0
1265,9939,1,1,1.0,1.0,INTERMEDIATE,0
1265,9939,1,27,1.0,1.0,INTERMEDIATE,0
1265,9939,1,16,1.0,1.0,INTERMEDIATE,0
1265,9939,1,22,1.0,1.0,INTERMEDIATE,0
1265,9939,1,23,1.0,1.0,INTERMEDIATE,0
1265,9939,1,63,1.0,1.0,INTERMEDIATE,0
1265,9939,1,12,1.0,1.0,INTERMEDIATE,0
1265,9939,1,18,1.0,1.0,INTERMEDIATE,0
1265,9939,1,43,1.0,1.0,INTERMEDIATE,0
1265,9939,1,87,1.0,1.0,INTERMEDIATE,0
1265,9939,2,1,2.0,12.0,MEDIUM,0
1265,9939,2,87,2.0,12.0,MEDIUM,0
1265,9939,2,4,2.0,13.0,HARD,0
1265,9939,2,5,2.0,12.0,MEDIUM,0
1265,9939,2,6,2.0,13.0,MEDIUM,0
1265,9939,2,10,2.0,11.0,MEDIUM,0
1265,9939,2,12,2.0,12.0,MEDIUM,0
1265,9939,2,14,2.0,11.0,MEDIUM,0
1265,9939,2,18,2.0,12.0,MEDIUM,0
1265,9939,2,22,2.0,13.0,MEDIUM,0
1265,9939,2,23,2.0,12.0,MEDIUM,0
1265,9939,2,27,2.0,11.0,MEDIUM,0
1265,9939,2,30,2.0,12.0,MEDIUM,0
1265,9939,2,31,2.0,13.0,MEDIUM,0
1265,9939,2,43,2.0,12.0,MEDIUM,0
1265,9939,2,55,2.0,12.0,MEDIUM,0
1265,9939,2,63,2.0,12.0,MEDIUM,0
1265,9939,2,81,2.0,12.0,MEDIUM,0
1265,9939,2,16,2.0,12.0,MEDIUM,0
1265,9939,2,44,2.0,11.0,MEDIUM,0
1265,9939,3,81,13.0,44.0,MEDIUM,0
1265,9939,3,4,14.0,44.0,HARD,0
1265,9939,3,6,14.0,43.0,HARD,3
1265,9939,3,16,13.0,44.0,MEDIUM,0
1265,9939,3,1,13.0,44.0,MEDIUM,0
1265,9939,3,63,13.0,44.0,MEDIUM,0
1265,9939,3,23,13.0,44.0,MEDIUM,0
1265,9939,3,44,12.0,44.0,MEDIUM,0
1265,9939,3,30,13.0,44.0,MEDIUM,0
1265,9939,3,5,13.0,44.0,MEDIUM,0
1265,9939,3,10,12.0,44.0,MEDIUM,0
1265,9939,3,87,13.0,44.0,MEDIUM,0
1265,9939,3,27,12.0,44.0,MEDIUM,0
1265,9939,3,22,14.0,44.0,MEDIUM,0
1265,9939,3,18,13.0,44.0,MEDIUM,0
1265,9939,3,31,14.0,44.0,MEDIUM,7
1265,9939,3,12,13.0,44.0,MEDIUM,0
1265,9939,3,14,12.0,44.0,MEDIUM,0
1265,9939,3,55,13.0,44.0,HARD,0
1265,9939,3,43,13.0,44.0,MEDIUM,0
1266,9928,1,27,1.0,5.0,SOFT,0
1266,9928,1,43,1.0,13.0,MEDIUM,0
1266,9928,1,31,1.0,14.0,MEDIUM,0
1266,9928,1,23,1.0,14.0,SOFT,0
1266,9928,1,55,1.0,15.0,SOFT,0
1266,9928,1,1,1.0,17.0,MEDIUM,0
1266,9928,1,81,1.0,18.0,MEDIUM,0
1266,9928,1,16,1.0,19.0,MEDIUM,0
1266,9928,1,63,1.0,19.0,MEDIUM,0
1266,9928,1,22,1.0,20.0,MEDIUM,0
1266,9928,1,12,1.0,21.0,MEDIUM,0
1266,9928,1,87,1.0,30.0,MEDIUM,0
1266,9928,1,4,1.0,31.0,MEDIUM,0
1266,9928,1,10,1.0,32.0,HARD,0
1266,9928,1,6,1.0,33.0,MEDIUM,0
1266,9928,2,43,14.0,35.0,HARD,0
1266,9928,1,18,1.0,36.0,MEDIUM,1
1266,9928,2,22,21.0,37.0,SOFT,0
1266,9928,2,23,15.0,38.0,MEDIUM,0
1266,9928,1,14,1.0,39.0,MEDIUM,1
1266,9928,2,16,20.0,40.0,HARD,0
1266,9928,1,5,1.0,40.0,MEDIUM,0
1266,9928,1,30,1.0,40.0,MEDIUM,0
1266,9928,2,27,6.0,41.0,MEDIUM,0
1266,9928,1,44,1.0,42.0,HARD,0
1266,9928,2,63,20.0,43.0,HARD,0
1266,9928,2,81,19.0,45.0,HARD,1
1266,9928,2,1,18.0,48.0,HARD,0
1266,9928,2,87,31.0,48.0,HARD,0
1266,9928,2,55,16.0,51.0,HARD,0
1266,9928,2,4,32.0,70.0,HARD,0
1266,9928,3,81,46.0,70.0,HARD,0
1266,9928,2,12,22.0,69.0,HARD,0
1266,9928,2,6,34.0,69.0,HARD,0
1266,9928,2,44,43.0,69.0,MEDIUM,0
1266,9928,3,63,44.0,70.0,HARD,0
1266,9928,3,27,42.0,69.0,MEDIUM,0
1266,9928,3,55,52.0,69.0,MEDIUM,0
1266,9928,3,16,41.0,70.0,HARD,0
1266,9928,3,23,39.0,69.0,HARD,0
1266,9928,2,31,15.0,69.0,HARD,0
1266,9928,2,10,33.0,69.0,MEDIUM,0
1266,9928,3,22,38.0,69.0,HARD,0
1266,9928,3,43,36.0,69.0,HARD,0
1266,9928,2,14,40.0,70.0,HARD,1
1266,9928,2,5,41.0,70.0,HARD,0
1266,9928,2,18,37.0,70.0,HARD,1
1266,9928,2,30,41.0,70.0,HARD,0
1266,9928,3,1,49.0,70.0,HARD,0
1267,9920,1,43,1.0,19.0,SOFT,0
1267,9920,1,14,1.0,18.0,MEDIUM,0
1267,9920,1,27,1.0,19.0,SOFT,0
1267,9920,1,18,1.0,8.0,MEDIUM,0
1267,9920,1,5,1.0,22.0,MEDIUM,0
1267,9920,1,30,1.0,23.0,MEDIUM,0
1267,9920,1,55,1.0,23.0,MEDIUM,0
1267,9920,1,6,1.0,23.0,MEDIUM,0
1267,9920,1,12,1.0,23.0,MEDIUM,0
1267,9920,1,23,1.0,23.0,MEDIUM,0
1267,9920,1,63,1.0,23.0,MEDIUM,0
1267,9920,1,10,1.0,23.0,MEDIUM,0
1267,9920,1,81,1.0,23.0,MEDIUM,0
1267,9920,1,87,1.0,53.0,HARD,0
1267,9920,1,4,1.0,23.0,MEDIUM,0
1267,9920,1,31,1.0,52.0,HARD,0
1267,9920,1,44,1.0,22.0,MEDIUM,0
1267,9920,1,16,1.0,22.0,MEDIUM,0
1267,9920,1,1,1.0,23.0,SOFT,0
1267,9920,1,22,1.0,19.0,SOFT,0
1267,9920,2,18,9.0,52.0,HARD,0
1267,9920,2,14,19.0,40.0,HARD,0
1267,9920,2,43,20.0,53.0,HARD,0
1267,9920,2,22,20.0,53.0,HARD,0
1267,9920,2,27,20.0,53.0,HARD,0
1267,9920,2,16,23.0,52.0,HARD,1
1267,9920,2,5,23.0,60.0,HARD,0
1267,9920,2,81,24.0,53.0,HARD,0
1267,9920,2,4,24.0,53.0,HARD,0
1267,9920,2,6,24.0,53.0,HARD,0
1267,9920,2,1,24.0,53.0,MEDIUM,0
1267,9920,2,63,24.0,53.0,HARD,0
1267,9920,2,30,24.0,27.0,HARD,0
1267,9920,2,55,24.0,27.0,HARD,0
1267,9920,2,12,24.0,51.0,HARD,0
1267,9920,2,23,24.0,53.0,HARD,0
1267,9920,2,10,24.0,72.0,HARD,0
1267,9920,3,30,28.0,52.0,SOFT,3
1267,9920,3,55,28.0,51.0,SOFT,3
1267,9920,3,14,41.0,72.0,HARD,0
1267,9920,3,12,52.0,53.0,SOFT,0
1267,9920,3,16,53.0,53.0,SOFT,3
1267,9920,3,18,53.0,72.0,HARD,0
1267,9920,4,55,52.0,65.0,SOFT,3
1267,9920,2,31,53.0,72.0,MEDIUM,0
1267,9920,3,81,54.0,72.0,HARD,0
1267,9920,3,4,54.0,64.0,HARD,1
1267,9920,3,1,54.0,72.0,SOFT,0
1267,9920,3,6,54.0,72.0,SOFT,2
1267,9920,3,23,54.0,72.0,SOFT,0
1267,9920,3,63,54.0,72.0,SOFT,3
1267,9920,4,30,53.0,72.0,SOFT,3
1267,9920,4,12,54.0,72.0,SOFT,0
1267,9920,3,22,54.0,72.0,SOFT,3
1267,9920,2,87,54.0,72.0,MEDIUM,0
1267,9920,3,43,54.0,65.0,MEDIUM,0
1267,9920,3,27,54.0,72.0,MEDIUM,0
1267,9920,3,5,61.0,72.0,SOFT,0
1267,9920,4,43,66.0,72.0,SOFT,0
1267,9920,5,55,66.0,72.0,SOFT,3
1268,9912,1,27,1.0,1.0,MEDIUM,0
1268,9912,1,30,1.0,9.0,SOFT,0
1268,9912,1,87,1.0,18.0,MEDIUM,0
1268,9912,1,22,1.0,19.0,MEDIUM,0
1268,9912,1,5,1.0,20.0,MEDIUM,0
1268,9912,1,14,1.0,20.0,MEDIUM,1
1268,9912,2,14,21.0,24.0,HARD,1
1268,9912,1,63,1.0,27.0,MEDIUM,0
1268,9912,1,12,1.0,28.0,MEDIUM,0
1268,9912,1,55,1.0,30.0,MEDIUM,0
1268,9912,1,6,1.0,32.0,HARD,1
1268,9912,1,16,1.0,33.0,MEDIUM,0
1268,9912,1,43,1.0,33.0,MEDIUM,0
1268,9912,1,1,1.0,37.0,MEDIUM,0
1268,9912,1,44,1.0,38.0,MEDIUM,0
1268,9912,1,23,1.0,41.0,HARD,0
1268,9912,1,81,1.0,45.0,MEDIUM,0
1268,9912,1,4,1.0,46.0,MEDIUM,0
1268,9912,1,18,1.0,49.0,HARD,1
1268,9912,1,10,1.0,49.0,HARD,0
1268,9912,1,31,1.0,51.0,HARD,0
1268,9912,2,1,38.0,53.0,HARD,0
1268,9912,2,31,52.0,52.0,SOFT,0
1268,9912,2,10,50.0,52.0,SOFT,0
1268,9912,2,43,34.0,52.0,HARD,0
1268,9912,2,18,50.0,52.0,SOFT,0
1268,9912,2,4,47.0,53.0,SOFT,2
1268,9912,2,81,46.0,53.0,SOFT,3
1268,9912,2,16,34.0,53.0,HARD,0
1268,9912,2,63,28.0,53.0,HARD,0
1268,9912,2,44,39.0,53.0,HARD,0
1268,9912,2,23,42.0,53.0,MEDIUM,0
1268,9912,2,12,29.0,53.0,HARD,0
1268,9912,2,5,21.0,53.0,HARD,0
1268,9912,2,6,33.0,53.0,MEDIUM,0
1268,9912,2,55,31.0,53.0,HARD,0
1268,9912,2,87,19.0,53.0,HARD,0
1268,9912,2,22,20.0,53.0,HARD,0
1268,9912,2,30,10.0,53.0,HARD,0
1269,9904,1,31,1.0,1.0,HARD,0
1269,9904,1,23,1.0,1.0,MEDIUM,0
1269,9904,2,31,2.0,2.0,MEDIUM,0
1269,9904,2,23,2.0,15.0,MEDIUM,0
1269,9904,1,43,1.0,16.0,MEDIUM,0
1269,9904,1,12,1.0,18.0,MEDIUM,5
1269,9904,1,16,1.0,19.0,MEDIUM,3
1269,9904,1,30,1.0,20.0,MEDIUM,6
1269,9904,1,14,1.0,21.0,MEDIUM,3
1269,9904,1,81,1.0,1.0,MEDIUM,0
1269,9904,1,5,1.0,26.0,HARD,0
1269,9904,1,55,1.0,27.0,MEDIUM,5
1269,9904,1,87,1.0,28.0,HARD,0
1269,9904,1,6,1.0,29.0,MEDIUM,4
1269,9904,1,10,1.0,35.0,HARD,0
1269,9904,1,44,1.0,36.0,HARD,0
1269,9904,1,27,1.0,36.0,HARD,0
1269,9904,1,4,1.0,37.0,MEDIUM,0
1269,9904,1,18,1.0,37.0,MEDIUM,3
1269,9904,1,22,1.0,38.0,HARD,0
1269,9904,1,63,1.0,39.0,HARD,0
1269,9904,1,1,1.0,40.0,HARD,0
1269,9904,2,1,41.0,51.0,MEDIUM,4
1269,9904,2,10,36.0,50.0,MEDIUM,0
1269,9904,2,43,17.0,50.0,HARD,0
1269,9904,2,63,40.0,51.0,MEDIUM,6
1269,9904,2,55,28.0,51.0,HARD,0
1269,9904,2,12,19.0,51.0,HARD,0
1269,9904,2,30,21.0,51.0,HARD,1
1269,9904,2,22,39.0,51.0,MEDIUM,6
1269,9904,2,4,38.0,51.0,HARD,0
1269,9904,2,44,37.0,51.0,MEDIUM,0
1269,9904,2,16,20.0,51.0,HARD,0
1269,9904,2,6,30.0,51.0,HARD,1
1269,9904,3,23,16.0,51.0,HARD,0
1269,9904,2,5,27.0,51.0,MEDIUM,0
1269,9904,2,87,29.0,51.0,MEDIUM,0
1269,9904,3,31,3.0,51.0,HARD,1
1269,9904,2,14,22.0,51.0,HARD,0
1269,9904,2,27,37.0,51.0,MEDIUM,0
1269,9904,2,18,38.0,51.0,HARD,0
1270,9896,1,5,1.0,13.0,MEDIUM,0
1270,9896,1,22,1.0,13.0,SOFT,0
1270,9896,1,43,1.0,14.0,SOFT,0
1270,9896,1,1,1.0,19.0,SOFT,3
1270,9896,1,6,1.0,20.0,SOFT,2
1270,9896,1,16,1.0,21.0,MEDIUM,0
1270,9896,1,87,1.0,23.0,MEDIUM,0
1270,9896,1,44,1.0,24.0,MEDIUM,0
1270,9896,1,10,1.0,24.0,MEDIUM,0
1270,9896,1,63,1.0,25.0,MEDIUM,0
1270,9896,1,12,1.0,25.0,MEDIUM,0
1270,9896,1,27,1.0,25.0,MEDIUM,0
1270,9896,1,4,1.0,26.0,MEDIUM,0
1270,9896,1,81,1.0,27.0,MEDIUM,0
1270,9896,1,14,1.0,27.0,SOFT,3
1270,9896,1,31,1.0,30.0,MEDIUM,0
1270,9896,1,18,1.0,38.0,SOFT,0
1270,9896,1,23,1.0,42.0,MEDIUM,0
1270,9896,2,27,26.0,44.0,HARD,0
1270,9896,2,44,25.0,46.0,HARD,0
1270,9896,1,30,1.0,48.0,MEDIUM,0
1270,9896,1,55,1.0,50.0,MEDIUM,0
1270,9896,2,10,25.0,51.0,HARD,0
1270,9896,2,63,26.0,62.0,HARD,0
1270,9896,2,1,20.0,62.0,HARD,0
1270,9896,2,4,27.0,62.0,HARD,0
1270,9896,2,81,28.0,62.0,HARD,0
1270,9896,2,55,51.0,61.0,SOFT,0
1270,9896,2,6,21.0,61.0,HARD,0
1270,9896,2,22,14.0,61.0,HARD,0
1270,9896,2,18,39.0,61.0,MEDIUM,1
1270,9896,2,23,43.0,61.0,SOFT,0
1270,9896,2,30,49.0,61.0,SOFT,0
1270,9896,2,12,26.0,62.0,HARD,0
1270,9896,2,43,15.0,61.0,MEDIUM,0
1270,9896,2,16,22.0,62.0,HARD,0
1270,9896,2,5,14.0,61.0,HARD,0
1270,9896,2,31,31.0,61.0,HARD,0
1270,9896,3,10,52.0,61.0,SOFT,0
1270,9896,3,27,45.0,61.0,SOFT,0
1270,9896,3,44,47.0,62.0,SOFT,3
1270,9896,2,14,28.0,62.0,MEDIUM,1
1270,9896,2,87,24.0,62.0,HARD,0
1271,9888,1,55,1.0,5.0,MEDIUM,0
1271,9888,1,23,1.0,7.0,HARD,0
1271,9888,1,5,1.0,14.0,SOFT,0
1271,9888,1,16,1.0,22.0,SOFT,3
1271,9888,1,31,1.0,24.0,HARD,0
1271,9888,1,10,1.0,27.0,MEDIUM,0
1271,9888,1,18,1.0,28.0,SOFT,0
1271,9888,1,6,1.0,28.0,HARD,0
1271,9888,1,22,1.0,29.0,MEDIUM,0
1271,9888,1,81,1.0,30.0,MEDIUM,0
1271,9888,1,87,1.0,30.0,MEDIUM,0
1271,9888,1,14,1.0,30.0,MEDIUM,1
1271,9888,1,30,1.0,30.0,MEDIUM,0
1271,9888,1,44,1.0,31.0,MEDIUM,0
1271,9888,1,12,1.0,31.0,MEDIUM,0
1271,9888,1,4,1.0,32.0,MEDIUM,0
1271,9888,1,43,1.0,32.0,MEDIUM,0
1271,9888,1,1,1.0,33.0,MEDIUM,0
1271,9888,1,63,1.0,33.0,MEDIUM,0
1271,9888,1,27,1.0,33.0,MEDIUM,0
1271,9888,2,23,8.0,36.0,MEDIUM,0
1271,9888,2,5,15.0,36.0,MEDIUM,0
1271,9888,2,1,34.0,56.0,SOFT,2
1271,9888,2,43,33.0,55.0,SOFT,2
1271,9888,3,5,37.0,55.0,SOFT,0
1271,9888,2,10,28.0,55.0,SOFT,2
1271,9888,2,4,33.0,56.0,SOFT,6
1271,9888,2,16,23.0,56.0,MEDIUM,0
1271,9888,2,44,32.0,56.0,SOFT,2
1271,9888,2,81,31.0,56.0,SOFT,3
1271,9888,2,63,34.0,56.0,SOFT,3
1271,9888,2,22,30.0,56.0,SOFT,0
1271,9888,2,27,34.0,56.0,SOFT,0
1271,9888,2,87,31.0,56.0,SOFT,3
1271,9888,2,14,31.0,56.0,SOFT,3
1271,9888,2,30,31.0,56.0,SOFT,0
1271,9888,2,18,29.0,56.0,MEDIUM,1
1271,9888,2,12,32.0,56.0,SOFT,3
1271,9888,3,23,37.0,56.0,SOFT,0
1271,9888,2,31,25.0,56.0,MEDIUM,0
1271,9888,2,6,29.0,56.0,SOFT,0
1272,9877,1,30,1.0,2.0,SOFT,0
1272,9877,2,30,3.0,5.0,HARD,0
1272,9877,1,55,1.0,17.0,MEDIUM,0
1272,9877,1,14,1.0,20.0,SOFT,0
1272,9877,1,12,1.0,22.0,SOFT,3
1272,9877,1,44,1.0,23.0,SOFT,3
1272,9877,1,87,1.0,24.0,SOFT,3
1272,9877,1,81,1.0,24.0,SOFT,3
1272,9877,1,63,1.0,25.0,SOFT,3
1272,9877,1,27,1.0,25.0,SOFT,0
1272,9877,1,18,1.0,26.0,SOFT,0
1272,9877,1,31,1.0,27.0,SOFT,0
1272,9877,1,16,1.0,31.0,SOFT,0
1272,9877,1,10,1.0,33.0,MEDIUM,0
1272,9877,1,4,1.0,34.0,SOFT,0
1272,9877,1,6,1.0,34.0,MEDIUM,0
1272,9877,2,14,21.0,34.0,MEDIUM,1
1272,9877,1,22,1.0,36.0,MEDIUM,0
1272,9877,1,1,1.0,37.0,MEDIUM,0
1272,9877,1,5,1.0,37.0,MEDIUM,0
1272,9877,1,23,1.0,41.0,HARD,0
1272,9877,2,18,27.0,43.0,MEDIUM,1
1272,9877,2,55,18.0,46.0,SOFT,0
1272,9877,2,12,23.0,47.0,MEDIUM,0
1272,9877,2,81,25.0,47.0,MEDIUM,0
1272,9877,2,44,24.0,47.0,MEDIUM,0
1272,9877,2,87,25.0,48.0,MEDIUM,0
1272,9877,2,63,26.0,48.0,MEDIUM,0
1272,9877,1,43,1.0,48.0,HARD,0
1272,9877,3,55,47.0,56.0,SOFT,3
1272,9877,4,55,57.0,67.0,SOFT,13
1272,9877,2,4,35.0,71.0,MEDIUM,0
1272,9877,2,23,42.0,70.0,SOFT,0
1272,9877,2,6,35.0,70.0,SOFT,3
1272,9877,3,18,44.0,70.0,SOFT,1
1272,9877,2,16,32.0,71.0,MEDIUM,0
1272,9877,2,1,38.0,71.0,SOFT,3
1272,9877,3,87,49.0,71.0,SOFT,3
1272,9877,3,81,48.0,71.0,SOFT,3
1272,9877,2,10,34.0,70.0,SOFT,0
1272,9877,2,43,49.0,70.0,SOFT,0
1272,9877,3,12,48.0,71.0,SOFT,3
1272,9877,3,63,49.0,71.0,SOFT,3
1272,9877,3,44,48.0,71.0,SOFT,3
1272,9877,2,31,28.0,71.0,MEDIUM,0
1272,9877,2,5,38.0,71.0,SOFT,0
1272,9877,2,22,37.0,71.0,SOFT,0
1273,9869,1,63,1.0,34.0,MEDIUM,4
1273,9869,1,22,1.0,2.0,HARD,0
1273,9869,1,55,1.0,17.0,SOFT,0
1273,9869,1,10,1.0,18.0,SOFT,3
1273,9869,1,1,1.0,7.0,HARD,0
1273,9869,1,43,1.0,29.0,MEDIUM,0
1273,9869,1,12,1.0,21.0,SOFT,3
1273,9869,1,27,1.0,36.0,MEDIUM,0
1273,9869,1,31,1.0,8.0,HARD,0
1273,9869,1,16,1.0,5.0,MEDIUM,0
1273,9869,1,87,1.0,17.0,SOFT,2
1273,9869,1,18,1.0,29.0,HARD,0
1273,9869,1,4,1.0,30.0,MEDIUM,0
1273,9869,1,44,1.0,2.0,SOFT,0
1273,9869,1,6,1.0,18.0,SOFT,3
1273,9869,1,30,1.0,19.0,SOFT,3
1273,9869,1,81,1.0,38.0,MEDIUM,0
1273,9869,1,23,1.0,35.0,MEDIUM,6
1273,9869,1,14,1.0,28.0,HARD,0
1273,9869,1,5,1.0,1.0,SOFT,0
1273,9869,2,22,3.0,24.0,MEDIUM,0
1273,9869,2,44,3.0,14.0,HARD,0
1273,9869,2,1,8.0,34.0,MEDIUM,0
1273,9869,2,31,9.0,47.0,MEDIUM,0
1273,9869,3,44,15.0,32.0,MEDIUM,0
1273,9869,2,87,18.0,42.0,MEDIUM,0
1273,9869,2,55,18.0,38.0,MEDIUM,0
1273,9869,2,6,19.0,37.0,MEDIUM,6
1273,9869,2,10,19.0,39.0,MEDIUM,0
1273,9869,2,30,20.0,71.0,MEDIUM,0
1273,9869,2,12,22.0,47.0,MEDIUM,0
1273,9869,3,22,25.0,47.0,MEDIUM,0
1273,9869,2,14,29.0,46.0,MEDIUM,6
1273,9869,2,18,30.0,54.0,MEDIUM,0
1273,9869,2,43,30.0,43.0,SOFT,0
1273,9869,2,4,31.0,50.0,SOFT,3
1273,9869,4,44,33.0,37.0,MEDIUM,0
1273,9869,2,63,35.0,48.0,SOFT,1
1273,9869,3,1,35.0,54.0,MEDIUM,0
1273,9869,2,23,36.0,55.0,SOFT,2
1273,9869,2,27,37.0,71.0,SOFT,0
1273,9869,3,6,38.0,71.0,MEDIUM,0
1273,9869,2,81,39.0,51.0,SOFT,2
1273,9869,3,55,39.0,71.0,MEDIUM,0
1273,9869,3,10,40.0,71.0,MEDIUM,6
1273,9869,3,87,43.0,71.0,MEDIUM,0
1273,9869,3,43,44.0,71.0,MEDIUM,0
1273,9869,3,14,47.0,71.0,MEDIUM,0
1273,9869,3,12,48.0,71.0,MEDIUM,5
1273,9869,3,31,48.0,71.0,MEDIUM,0
1273,9869,4,22,48.0,71.0,MEDIUM,0
1273,9869,3,63,49.0,71.0,MEDIUM,3
1273,9869,3,4,51.0,71.0,MEDIUM,9
1273,9869,3,81,52.0,71.0,MEDIUM,0
1273,9869,4,1,55.0,71.0,SOFT,0
1273,9869,3,18,55.0,71.0,MEDIUM,0
1273,9869,3,23,56.0,71.0,MEDIUM,0
1274,9858,1,5,1.0,1.0,HARD,0
1274,9858,1,31,1.0,27.0,MEDIUM,0
1274,9858,1,6,1.0,20.0,MEDIUM,0
1274,9858,1,12,1.0,2.0,SOFT,0
1274,9858,1,1,1.0,25.0,MEDIUM,0
1274,9858,1,27,1.0,30.0,HARD,0
1274,9858,1,22,1.0,1.0,MEDIUM,0
1274,9858,1,23,1.0,13.0,HARD,0
1274,9858,1,30,1.0,2.0,MEDIUM,0
1274,9858,1,43,1.0,25.0,HARD,0
1274,9858,1,63,1.0,17.0,MEDIUM,0
1274,9858,1,18,1.0,1.0,MEDIUM,0
1274,9858,1,4,1.0,22.0,MEDIUM,0
1274,9858,1,44,1.0,29.0,HARD,0
1274,9858,1,14,1.0,16.0,MEDIUM,0
1274,9858,1,55,1.0,22.0,MEDIUM,0
1274,9858,1,10,1.0,2.0,MEDIUM,0
1274,9858,1,16,1.0,24.0,MEDIUM,0
1274,9858,1,81,1.0,21.0,MEDIUM,0
1274,9858,1,87,1.0,17.0,MEDIUM,0
1274,9858,2,22,2.0,27.0,HARD,0
1274,9858,2,5,2.0,2.0,MEDIUM,0
1274,9858,2,12,3.0,50.0,HARD,0
1274,9858,2,10,3.0,50.0,HARD,0
1274,9858,2,30,3.0,28.0,HARD,0
1274,9858,2,23,14.0,14.0,MEDIUM,0
1274,9858,3,23,15.0,34.0,HARD,0
1274,9858,2,14,17.0,50.0,HARD,0
1274,9858,2,63,18.0,18.0,HARD,0
1274,9858,3,63,19.0,50.0,HARD,0
1274,9858,2,87,18.0,50.0,HARD,0
1274,9858,2,6,21.0,50.0,HARD,0
1274,9858,2,81,22.0,50.0,HARD,0
1274,9858,2,4,23.0,50.0,HARD,0
1274,9858,2,55,23.0,50.0,HARD,0
1274,9858,2,16,25.0,50.0,HARD,0
1274,9858,2,1,26.0,50.0,HARD,0
1274,9858,2,43,26.0,49.0,MEDIUM,0
1274,9858,2,31,28.0,50.0,HARD,0
1274,9858,3,22,28.0,50.0,MEDIUM,0
1274,9858,3,30,29.0,49.0,HARD,0
1274,9858,2,44,30.0,50.0,MEDIUM,0
1274,9858,2,27,31.0,50.0,MEDIUM,0
1274,9858,4,23,35.0,35.0,MEDIUM,1
1275,9850,1,5,1.0,7.0,MEDIUM,0
1275,9850,1,31,1.0,8.0,MEDIUM,0
1275,9850,1,6,1.0,7.0,MEDIUM,0
1275,9850,1,1,1.0,7.0,MEDIUM,0
1275,9850,1,16,1.0,7.0,MEDIUM,0
1275,9850,1,87,1.0,7.0,MEDIUM,0
1275,9850,1,22,1.0,7.0,MEDIUM,0
1275,9850,1,12,1.0,7.0,MEDIUM,0
1275,9850,1,63,1.0,7.0,MEDIUM,0
1275,9850,1,43,1.0,7.0,HARD,0
1275,9850,1,18,1.0,7.0,MEDIUM,0
1275,9850,1,27,1.0,6.0,SOFT,0
1275,9850,1,23,1.0,7.0,HARD,0
1275,9850,1,14,1.0,7.0,MEDIUM,0
1275,9850,1,4,1.0,25.0,MEDIUM,0
1275,9850,1,44,1.0,7.0,SOFT,0
1275,9850,1,10,1.0,7.0,MEDIUM,0
1275,9850,1,55,1.0,7.0,MEDIUM,0
1275,9850,1,30,1.0,7.0,MEDIUM,0
1275,9850,1,81,1.0,24.0,MEDIUM,0
1275,9850,2,1,8.0,32.0,MEDIUM,0
1275,9850,2,12,8.0,32.0,MEDIUM,0
1275,9850,2,55,8.0,32.0,MEDIUM,0
1275,9850,2,14,8.0,32.0,MEDIUM,0
1275,9850,2,63,8.0,32.0,MEDIUM,0
1275,9850,2,6,8.0,32.0,MEDIUM,0
1275,9850,2,16,8.0,32.0,MEDIUM,0
1275,9850,2,30,8.0,32.0,MEDIUM,0
1275,9850,2,87,8.0,32.0,MEDIUM,0
1275,9850,2,23,8.0,32.0,MEDIUM,0
1275,9850,2,5,8.0,32.0,MEDIUM,0
1275,9850,2,18,8.0,24.0,MEDIUM,0
1275,9850,2,22,8.0,32.0,MEDIUM,0
1275,9850,2,44,8.0,32.0,MEDIUM,0
1275,9850,2,43,8.0,32.0,MEDIUM,0
1275,9850,2,10,8.0,32.0,HARD,0
1275,9850,2,31,9.0,9.0,HARD,0
1275,9850,3,31,10.0,34.0,MEDIUM,0
1275,9850,2,81,25.0,42.0,MEDIUM,0
1275,9850,3,18,25.0,49.0,MEDIUM,0
1275,9850,2,4,26.0,44.0,MEDIUM,0
1275,9850,3,1,33.0,57.0,HARD,0
1275,9850,3,55,33.0,57.0,HARD,0
1275,9850,3,12,33.0,57.0,HARD,0
1275,9850,3,6,33.0,55.0,HARD,0
1275,9850,3,14,33.0,57.0,HARD,0
1275,9850,3,63,33.0,57.0,HARD,0
1275,9850,3,16,33.0,57.0,HARD,0
1275,9850,3,22,33.0,57.0,HARD,0
1275,9850,3,30,33.0,57.0,HARD,0
1275,9850,3,5,33.0,57.0,SOFT,0
1275,9850,3,44,33.0,57.0,MEDIUM,0
1275,9850,3,23,33.0,57.0,MEDIUM,0
1275,9850,3,43,33.0,56.0,MEDIUM,0
1275,9850,3,10,33.0,56.0,MEDIUM,0
1275,9850,3,87,33.0,40.0,HARD,0
1275,9850,4,31,35.0,56.0,HARD,1
1275,9850,4,87,41.0,41.0,HARD,8
1275,9850,3,81,43.0,57.0,HARD,0
1275,9850,3,4,45.0,57.0,HARD,0
1275,9850,4,18,50.0,55.0,SOFT,0
1276,9839,1,55,1.0,18.0,MEDIUM,0
1276,9839,1,10,1.0,13.0,MEDIUM,0
1276,9839,1,43,1.0,15.0,MEDIUM,0
1276,9839,1,12,1.0,32.0,HARD,0
1276,9839,1,63,1.0,14.0,MEDIUM,0
1276,9839,1,44,1.0,8.0,SOFT,0
1276,9839,1,6,1.0,14.0,MEDIUM,0
1276,9839,1,1,1.0,23.0,MEDIUM,0
1276,9839,1,81,1.0,41.0,HARD,0
1276,9839,1,23,1.0,8.0,SOFT,0
1276,9839,1,5,1.0,15.0,MEDIUM,0
1276,9839,1,30,1.0,21.0,MEDIUM,0
1276,9839,1,27,1.0,7.0,SOFT,0
1276,9839,1,14,1.0,16.0,MEDIUM,1
1276,9839,1,16,1.0,16.0,MEDIUM,0
1276,9839,1,31,1.0,19.0,MEDIUM,0
1276,9839,1,87,1.0,14.0,MEDIUM,0
1276,9839,1,18,1.0,42.0,HARD,1
1276,9839,1,22,1.0,32.0,HARD,0
1276,9839,1,4,1.0,16.0,MEDIUM,0
1276,9839,2,27,8.0,42.0,HARD,0
1276,9839,2,44,9.0,31.0,HARD,0
1276,9839,2,23,9.0,33.0,HARD,0
1276,9839,2,10,14.0,40.0,HARD,0
1276,9839,2,63,15.0,58.0,HARD,0
1276,9839,2,6,15.0,57.0,HARD,0
1276,9839,2,87,15.0,58.0,HARD,0
1276,9839,2,5,16.0,58.0,HARD,0
1276,9839,2,43,16.0,40.0,HARD,0
1276,9839,2,4,17.0,40.0,HARD,0
1276,9839,2,16,17.0,39.0,HARD,0
1276,9839,2,14,17.0,58.0,HARD,1
1276,9839,2,55,19.0,58.0,HARD,0
1276,9839,2,31,20.0,58.0,HARD,0
1276,9839,2,30,22.0,57.0,HARD,0
1276,9839,2,1,24.0,58.0,HARD,0
1276,9839,3,44,32.0,58.0,MEDIUM,0
1276,9839,2,22,33.0,58.0,MEDIUM,0
1276,9839,2,12,33.0,58.0,MEDIUM,0
1276,9839,3,23,34.0,58.0,MEDIUM,0
1276,9839,3,16,40.0,58.0,MEDIUM,3
1276,9839,3,4,41.0,58.0,HARD,0
1276,9839,3,10,41.0,57.0,MEDIUM,3
1276,9839,3,43,41.0,57.0,MEDIUM,0
1276,9839,2,81,42.0,58.0,MEDIUM,0
1276,9839,2,18,43.0,58.0,MEDIUM,0
1276,9839,3,27,43.0,58.0,MEDIUM,0
