date,session_key,wind_direction,meeting_key,wind_speed,rainfall,track_temperature,air_temperature,humidity,pressure
2023-03-05T14:01:47.286000+00:00,7953,176,1141,1.2,0,35.1,29.8,19.0,1016.5
2023-03-05T14:02:47.301000+00:00,7953,182,1141,1.2,0,35.0,29.7,19.0,1016.5
2023-03-05T14:03:47.300000+00:00,7953,156,1141,1.1,0,34.9,29.7,19.0,1016.5
2023-03-05T14:04:47.314000+00:00,7953,201,1141,0.8,0,34.9,29.6,19.0,1016.5
2023-03-05T14:05:47.297000+00:00,7953,219,1141,0.8,0,34.8,29.6,19.0,1016.5
2023-03-05T14:06:47.297000+00:00,7953,219,1141,0.8,0,34.7,29.6,19.0,1016.5
2023-03-05T14:07:47.295000+00:00,7953,196,1141,0.6,0,34.7,29.6,19.0,1016.5
2023-03-05T14:08:47.294000+00:00,7953,200,1141,0.6,0,34.6,29.6,18.0,1016.5
2023-03-05T14:09:47.309000+00:00,7953,180,1141,0.8,0,34.5,29.5,18.0,1016.5
2023-03-05T14:10:47.308000+00:00,7953,184,1141,1.2,0,34.4,29.5,18.0,1016.5
2023-03-05T14:11:47.322000+00:00,7953,199,1141,1.0,0,34.2,29.5,18.0,1016.5
2023-03-05T14:12:47.322000+00:00,7953,191,1141,1.2,0,34.1,29.5,18.0,1016.5
2023-03-05T14:13:47.320000+00:00,7953,173,1141,1.0,0,34.2,29.4,18.0,1016.5
2023-03-05T14:14:47.303000+00:00,7953,165,1141,1.0,0,34.1,29.4,18.0,1016.5
2023-03-05T14:15:47.333000+00:00,7953,170,1141,1.1,0,34.0,29.4,18.0,1016.5
2023-03-05T14:16:47.348000+00:00,7953,169,1141,1.0,0,34.0,29.4,18.0,1016.5
2023-03-05T14:17:47.347000+00:00,7953,180,1141,1.1,0,33.8,29.3,18.0,1016.5
2023-03-05T14:18:47.346000+00:00,7953,185,1141,1.2,0,33.8,29.3,18.0,1016.5
2023-03-05T14:19:47.345000+00:00,7953,172,1141,1.5,0,33.8,29.2,19.0,1016.5
2023-03-05T14:20:47.359000+00:00,7953,172,1141,0.8,0,33.6,29.1,21.0,1016.5
2023-03-05T14:21:47.374000+00:00,7953,181,1141,1.0,0,33.6,29.1,21.0,1016.5
2023-03-05T14:22:47.357000+00:00,7953,185,1141,1.6,0,33.5,29.1,22.0,1016.5
2023-03-05T14:23:47.372000+00:00,7953,180,1141,1.7,0,33.3,29.0,24.0,1016.5
2023-03-05T14:24:47.370000+00:00,7953,186,1141,2.2,0,33.2,29.0,25.0,1016.5
2023-03-05T14:25:47.371000+00:00,7953,187,1141,2.0,0,33.2,28.9,25.0,1016.5
2023-03-05T14:26:47.368000+00:00,7953,185,1141,2.0,0,32.9,28.9,25.0,1016.5
2023-03-05T14:27:47.367000+00:00,7953,187,1141,1.7,0,33.1,28.8,25.0,1016.5
2023-03-05T14:28:47.382000+00:00,7953,185,1141,1.7,0,33.1,28.8,26.0,1016.5
2023-03-05T14:29:47.396000+00:00,7953,180,1141,1.6,0,32.7,28.6,26.0,1016.5
2023-03-05T14:30:47.411000+00:00,7953,161,1141,1.2,0,32.7,28.6,26.0,1016.7
2023-03-05T14:31:47.425000+00:00,7953,182,1141,1.5,0,32.7,28.6,27.0,1016.5
2023-03-05T14:32:47.425000+00:00,7953,162,1141,2.0,0,32.7,28.5,27.0,1016.7
2023-03-05T14:33:47.423000+00:00,7953,181,1141,1.3,0,32.7,28.4,27.0,1016.5
2023-03-05T14:34:47.439000+00:00,7953,173,1141,1.7,0,32.3,28.4,28.0,1016.5
2023-03-05T14:35:47.421000+00:00,7953,184,1141,1.2,0,32.2,28.4,28.0,1016.7
2023-03-05T14:36:47.436000+00:00,7953,175,1141,1.1,0,32.2,28.4,28.0,1016.7
2023-03-05T14:37:47.434000+00:00,7953,180,1141,0.8,0,32.2,28.3,28.0,1016.5
2023-03-05T14:38:47.433000+00:00,7953,194,1141,0.6,0,32.1,28.3,28.0,1016.7
2023-03-05T14:39:47.448000+00:00,7953,162,1141,0.8,0,32.2,28.2,26.0,1016.7
2023-03-05T14:40:47.462000+00:00,7953,164,1141,0.8,0,32.2,28.2,25.0,1016.5
2023-03-05T14:41:47.477000+00:00,7953,172,1141,1.1,0,32.2,28.1,24.0,1016.7
2023-03-05T14:42:47.476000+00:00,7953,167,1141,0.8,0,32.2,28.0,23.0,1016.7
2023-03-05T14:43:47.475000+00:00,7953,165,1141,0.8,0,32.2,28.0,23.0,1016.7
2023-03-05T14:44:47.474000+00:00,7953,176,1141,0.6,0,32.1,28.0,22.0,1016.7
2023-03-05T14:45:47.488000+00:00,7953,179,1141,0.8,0,32.1,28.0,22.0,1016.7
2023-03-05T14:46:47.487000+00:00,7953,261,1141,0.6,0,32.1,28.0,21.0,1016.7
2023-03-05T14:47:47.502000+00:00,7953,202,1141,0.8,0,32.0,28.0,22.0,1016.5
2023-03-05T14:48:47.516000+00:00,7953,133,1141,0.8,0,31.9,27.9,21.0,1016.7
2023-03-05T14:49:47.515000+00:00,7953,207,1141,1.0,0,32.0,27.8,21.0,1016.7
2023-03-05T14:50:47.530000+00:00,7953,199,1141,0.6,0,31.7,27.7,22.0,1016.7
2023-03-05T14:51:47.544000+00:00,7953,177,1141,0.8,0,31.7,27.6,22.0,1016.7
2023-03-05T14:52:47.543000+00:00,7953,231,1141,0.6,0,31.6,27.6,22.0,1016.7
2023-03-05T14:53:47.558000+00:00,7953,217,1141,0.5,0,31.6,27.6,22.0,1016.7
2023-03-05T14:54:47.556000+00:00,7953,217,1141,0.4,0,31.6,27.6,22.0,1016.7
2023-03-05T14:55:47.555000+00:00,7953,0,1141,0.5,0,31.6,27.5,22.0,1016.7
2023-03-05T14:56:47.554000+00:00,7953,168,1141,0.3,0,31.6,27.5,22.0,1016.7
2023-03-05T14:57:47.553000+00:00,7953,178,1141,0.6,0,31.4,27.5,22.0,1016.7
2023-03-05T14:58:47.552000+00:00,7953,203,1141,0.4,0,31.4,27.5,22.0,1016.7
2023-03-05T14:59:47.582000+00:00,7953,196,1141,0.6,0,31.4,27.4,22.0,1016.7
2023-03-05T15:00:47.550000+00:00,7953,174,1141,0.5,0,31.3,27.4,22.0,1016.7
2023-03-05T15:01:47.549000+00:00,7953,205,1141,0.3,0,31.3,27.4,22.0,1016.7
2023-03-05T15:02:47.548000+00:00,7953,0,1141,0.6,0,31.3,27.3,22.0,1016.7
2023-03-05T15:03:47.578000+00:00,7953,226,1141,0.5,0,31.2,27.3,22.0,1016.7
2023-03-05T15:04:47.608000+00:00,7953,190,1141,0.6,0,31.2,27.3,22.0,1016.7
2023-03-05T15:05:47.607000+00:00,7953,208,1141,0.0,0,31.1,27.3,22.0,1016.7
2023-03-05T15:06:47.606000+00:00,7953,197,1141,0.6,0,31.1,27.3,22.0,1016.9
2023-03-05T15:07:47.605000+00:00,7953,170,1141,0.6,0,31.2,27.3,22.0,1016.7
2023-03-05T15:08:47.604000+00:00,7953,204,1141,0.4,0,31.2,27.3,22.0,1016.7
2023-03-05T15:09:47.603000+00:00,7953,236,1141,0.8,0,31.1,27.2,22.0,1016.9
2023-03-05T15:10:47.602000+00:00,7953,206,1141,1.0,0,31.0,27.2,22.0,1016.7
2023-03-05T15:11:47.600000+00:00,7953,225,1141,0.6,0,31.0,27.2,22.0,1016.9
2023-03-05T15:12:47.599000+00:00,7953,175,1141,0.6,0,31.0,27.1,22.0,1016.9
2023-03-05T15:13:47.630000+00:00,7953,210,1141,0.6,0,30.9,27.1,22.0,1016.9
2023-03-05T15:14:47.613000+00:00,7953,197,1141,0.6,0,30.9,27.1,21.0,1016.9
2023-03-05T15:15:47.612000+00:00,7953,173,1141,1.0,0,30.9,27.1,21.0,1016.9
2023-03-05T15:16:47.642000+00:00,7953,201,1141,0.6,0,30.9,27.1,21.0,1016.9
2023-03-05T15:17:47.657000+00:00,7953,193,1141,0.6,0,30.8,27.2,21.0,1016.9
2023-03-05T15:18:47.655000+00:00,7953,180,1141,0.8,0,30.8,27.1,21.0,1016.9
2023-03-05T15:19:47.670000+00:00,7953,195,1141,0.8,0,30.8,27.1,21.0,1016.9
2023-03-05T15:20:47.684000+00:00,7953,155,1141,0.6,0,30.6,27.2,21.0,1016.9
2023-03-05T15:21:47.715000+00:00,7953,179,1141,0.8,0,30.6,27.1,21.0,1016.9
2023-03-05T15:22:47.682000+00:00,7953,178,1141,1.2,0,30.6,27.1,21.0,1016.9
2023-03-05T15:23:47.681000+00:00,7953,161,1141,1.0,0,30.5,27.1,21.0,1017.0
2023-03-05T15:24:47.680000+00:00,7953,152,1141,0.8,0,30.5,27.1,21.0,1016.9
2023-03-05T15:25:47.679000+00:00,7953,171,1141,0.8,0,30.5,27.1,21.0,1016.9
2023-03-05T15:26:47.678000+00:00,7953,141,1141,0.8,0,30.5,27.1,21.0,1016.9
2023-03-05T15:27:47.677000+00:00,7953,187,1141,0.6,0,30.5,27.1,21.0,1016.9
2023-03-05T15:28:47.676000+00:00,7953,179,1141,0.6,0,30.5,27.0,21.0,1017.0
2023-03-05T15:29:47.675000+00:00,7953,178,1141,0.8,0,30.4,27.0,21.0,1017.0
2023-03-05T15:30:47.689000+00:00,7953,214,1141,0.6,0,30.3,27.0,20.0,1017.0
2023-03-05T15:31:47.704000+00:00,7953,208,1141,0.6,0,30.3,27.0,21.0,1017.0
2023-03-05T15:32:47.687000+00:00,7953,197,1141,0.6,0,30.3,27.0,21.0,1017.0
2023-03-05T15:33:47.686000+00:00,7953,212,1141,0.4,0,30.3,26.9,21.0,1017.0
2023-03-05T15:34:47.700000+00:00,7953,174,1141,0.6,0,30.3,26.9,20.0,1017.0
2023-03-05T15:35:47.684000+00:00,7953,240,1141,0.6,0,30.2,26.9,21.0,1017.0
2023-03-05T15:36:47.683000+00:00,7953,239,1141,0.4,0,30.2,26.9,21.0,1017.0
2023-03-05T15:37:47.682000+00:00,7953,182,1141,0.6,0,30.1,26.9,21.0,1017.0
2023-03-05T15:38:47.680000+00:00,7953,229,1141,0.5,0,30.1,26.8,21.0,1017.0
2023-03-05T15:39:47.679000+00:00,7953,183,1141,0.4,0,30.0,26.8,21.0,1017.0
2023-03-05T15:40:47.678000+00:00,7953,241,1141,0.5,0,30.0,26.7,21.0,1017.0
2023-03-05T15:41:47.693000+00:00,7953,217,1141,0.4,0,29.9,26.7,21.0,1017.0
2023-03-05T15:42:47.676000+00:00,7953,199,1141,0.8,0,29.9,26.7,21.0,1017.0
2023-03-05T15:43:47.691000+00:00,7953,183,1141,0.6,0,29.9,26.7,21.0,1017.0
2023-03-05T15:44:47.674000+00:00,7953,180,1141,0.6,0,29.9,26.7,21.0,1016.9
2023-03-05T15:45:47.689000+00:00,7953,195,1141,0.5,0,29.9,26.7,21.0,1017.0
2023-03-05T15:46:47.703000+00:00,7953,186,1141,0.6,0,29.9,26.7,21.0,1017.0
2023-03-05T15:47:47.702000+00:00,7953,175,1141,0.6,0,29.9,26.8,21.0,1017.0
2023-03-05T15:48:47.701000+00:00,7953,190,1141,0.5,0,29.9,26.8,21.0,1017.0
2023-03-05T15:49:47.715000+00:00,7953,199,1141,0.8,0,29.9,26.7,21.0,1017.0
2023-03-05T15:50:47.714000+00:00,7953,194,1141,0.6,0,29.9,26.7,21.0,1017.0
2023-03-05T15:51:47.744000+00:00,7953,193,1141,0.6,0,29.7,26.6,21.0,1017.0
2023-03-05T15:52:47.728000+00:00,7953,171,1141,0.6,0,29.8,26.7,21.0,1017.0
2023-03-05T15:53:47.742000+00:00,7953,228,1141,0.6,0,29.7,26.7,21.0,1017.0
2023-03-05T15:54:47.726000+00:00,7953,154,1141,0.6,0,29.6,26.7,21.0,1017.0
2023-03-05T15:55:47.740000+00:00,7953,204,1141,0.6,0,29.6,26.7,21.0,1017.0
2023-03-05T15:56:47.723000+00:00,7953,246,1141,0.6,0,29.6,26.7,21.0,1017.0
2023-03-05T15:57:47.754000+00:00,7953,212,1141,0.6,0,29.6,26.7,21.0,1017.0
2023-03-05T15:58:47.721000+00:00,7953,256,1141,0.5,0,29.6,26.7,21.0,1017.0
2023-03-05T15:59:47.751000+00:00,7953,189,1141,0.5,0,29.6,26.6,21.0,1017.0
2023-03-05T16:00:47.766000+00:00,7953,218,1141,0.4,0,29.6,26.6,21.0,1017.0
2023-03-05T16:01:47.781000+00:00,7953,192,1141,0.4,0,29.6,26.7,21.0,1017.0
2023-03-05T16:02:47.780000+00:00,7953,179,1141,0.5,0,29.6,26.6,21.0,1017.0
2023-03-05T16:03:47.778000+00:00,7953,0,1141,0.4,0,29.6,26.6,21.0,1017.0
2023-03-05T16:04:47.777000+00:00,7953,230,1141,0.4,0,29.5,26.6,21.0,1017.0
2023-03-05T16:05:47.792000+00:00,7953,168,1141,0.6,0,29.5,26.5,21.0,1017.2
2023-03-05T16:06:47.806000+00:00,7953,0,1141,0.0,0,29.5,26.5,21.0,1017.0
2023-03-05T16:07:47.806000+00:00,7953,222,1141,0.6,0,29.5,26.5,21.0,1017.0
2023-03-05T16:08:47.804000+00:00,7953,172,1141,0.4,0,29.5,26.5,21.0,1017.0
2023-03-05T16:09:47.803000+00:00,7953,0,1141,0.4,0,29.5,26.5,21.0,1017.0
2023-03-05T16:10:47.802000+00:00,7953,0,1141,0.0,0,29.4,26.5,21.0,1017.0
2023-03-05T16:11:47.801000+00:00,7953,0,1141,0.0,0,29.3,26.5,21.0,1017.2
2023-03-05T16:12:47.800000+00:00,7953,0,1141,0.0,0,29.4,26.5,21.0,1017.2
2023-03-05T16:13:47.799000+00:00,7953,184,1141,0.0,0,29.3,26.4,21.0,1017.2
2023-03-05T16:14:47.813000+00:00,7953,214,1141,0.8,0,29.3,26.4,21.0,1017.0
2023-03-05T16:15:47.812000+00:00,7953,0,1141,0.0,0,29.2,26.4,21.0,1017.0
2023-03-05T16:16:47.827000+00:00,7953,129,1141,0.3,0,29.2,26.4,21.0,1017.0
2023-03-05T16:17:47.810000+00:00,7953,0,1141,0.5,0,29.1,26.4,21.0,1017.0
2023-03-05T16:18:47.809000+00:00,7953,181,1141,0.6,0,29.1,26.4,21.0,1017.0
2023-03-05T16:19:47.808000+00:00,7953,183,1141,0.0,0,29.1,26.4,21.0,1017.2
2023-03-05T16:20:47.807000+00:00,7953,207,1141,0.3,0,29.0,26.4,21.0,1017.0
2023-03-05T16:21:47.806000+00:00,7953,297,1141,0.0,0,29.0,26.4,21.0,1017.2
2023-03-05T16:22:47.805000+00:00,7953,302,1141,0.3,0,29.0,26.4,21.0,1017.2
2023-03-05T16:23:47.804000+00:00,7953,336,1141,0.0,0,29.0,26.3,21.0,1017.2
2023-03-05T16:24:47.818000+00:00,7953,308,1141,0.6,0,29.0,26.4,21.0,1017.2
2023-03-05T16:25:47.833000+00:00,7953,0,1141,0.0,0,29.0,26.3,21.0,1017.2
2023-03-05T16:26:47.847000+00:00,7953,339,1141,0.0,0,29.0,26.3,21.0,1017.2
2023-03-05T16:27:47.862000+00:00,7953,246,1141,0.0,0,28.9,26.3,21.0,1017.2
2023-03-05T16:28:47.861000+00:00,7953,0,1141,0.3,0,28.9,26.3,21.0,1017.2
2023-03-05T16:29:47.891000+00:00,7953,0,1141,0.0,0,28.9,26.3,21.0,1017.4
2023-03-05T16:30:47.859000+00:00,7953,305,1141,0.0,0,28.8,26.3,21.0,1017.2
2023-03-05T16:31:47.857000+00:00,7953,38,1141,0.4,0,28.8,26.3,21.0,1017.2
2023-03-05T16:32:47.856000+00:00,7953,269,1141,0.3,0,28.8,26.2,21.0,1017.2
2023-03-05T16:33:47.871000+00:00,7953,0,1141,0.0,0,28.8,26.3,21.0,1017.4
2023-03-05T16:34:47.870000+00:00,7953,95,1141,0.5,0,28.8,26.2,21.0,1017.4
2023-03-05T16:35:47.884000+00:00,7953,268,1141,0.4,0,28.7,26.3,21.0,1017.4
2023-03-05T16:36:47.883000+00:00,7953,116,1141,0.6,0,28.7,26.3,21.0,1017.4
2023-03-05T16:37:47.898000+00:00,7953,242,1141,0.6,0,28.7,26.3,21.0,1017.4
2023-03-05T16:38:47.912000+00:00,7953,64,1141,0.0,0,28.7,26.3,21.0,1017.4
2023-03-05T16:39:47.911000+00:00,7953,0,1141,0.4,0,28.7,26.3,21.0,1017.5
2023-03-05T16:40:47.957000+00:00,7953,352,1141,0.5,0,28.7,26.3,21.0,1017.4
2023-03-05T16:41:47.909000+00:00,7953,215,1141,0.3,0,28.7,26.2,21.0,1017.5
2023-03-19T16:01:59.956000+00:00,7779,315,1142,2.7,0,34.0,26.0,62.0,1010.5
2023-03-19T16:02:59.955000+00:00,7779,305,1142,2.9,0,34.1,26.0,61.0,1010.5
2023-03-19T16:03:59.954000+00:00,7779,325,1142,2.7,0,34.2,26.0,61.0,1010.5
2023-03-19T16:04:59.953000+00:00,7779,325,1142,2.7,0,34.2,26.0,61.0,1010.5
2023-03-19T16:05:59.952000+00:00,7779,322,1142,2.7,0,34.3,26.0,60.0,1010.5
2023-03-19T16:06:59.951000+00:00,7779,334,1142,3.0,0,34.2,26.0,61.0,1010.5
2023-03-19T16:07:59.950000+00:00,7779,320,1142,3.4,0,34.0,26.0,61.0,1010.5
2023-03-19T16:08:59.948000+00:00,7779,325,1142,2.5,0,34.0,26.0,62.0,1010.7
2023-03-19T16:09:59.947000+00:00,7779,341,1142,2.7,0,34.0,26.0,62.0,1010.5
2023-03-19T16:10:59.946000+00:00,7779,318,1142,2.9,0,34.0,26.0,62.0,1010.5
2023-03-19T16:11:59.961000+00:00,7779,327,1142,3.2,0,34.0,26.0,62.0,1010.7
2023-03-19T16:12:59.960000+00:00,7779,330,1142,3.4,0,33.7,26.0,62.0,1010.7
2023-03-19T16:13:59.959000+00:00,7779,323,1142,2.5,0,33.7,26.0,61.0,1010.7
2023-03-19T16:14:59.958000+00:00,7779,315,1142,3.0,0,34.1,26.0,60.0,1010.7
2023-03-19T16:15:59.957000+00:00,7779,312,1142,3.5,0,33.9,26.0,61.0,1010.5
2023-03-19T16:16:59.955000+00:00,7779,324,1142,3.7,0,33.9,26.0,61.0,1010.5
2023-03-19T16:18:00.001000+00:00,7779,330,1142,3.2,0,33.9,26.0,61.0,1010.5
2023-03-19T16:18:59.953000+00:00,7779,324,1142,2.7,0,33.3,26.0,61.0,1010.5
2023-03-19T16:19:59.952000+00:00,7779,316,1142,3.2,0,33.4,26.0,61.0,1010.5
2023-03-19T16:20:59.982000+00:00,7779,335,1142,3.5,0,33.4,26.0,61.0,1010.5
2023-03-19T16:21:59.966000+00:00,7779,326,1142,3.5,0,33.3,26.0,61.0,1010.5
2023-03-19T16:22:59.949000+00:00,7779,331,1142,2.2,0,33.3,26.0,62.0,1010.5
2023-03-19T16:23:59.948000+00:00,7779,329,1142,3.0,0,33.3,26.0,62.0,1010.5
2023-03-19T16:24:59.947000+00:00,7779,330,1142,2.7,0,33.3,26.1,62.0,1010.5
2023-03-19T16:25:59.961000+00:00,7779,331,1142,2.7,0,33.3,26.2,61.0,1010.7
2023-03-19T16:26:59.960000+00:00,7779,339,1142,2.7,0,33.0,26.2,61.0,1010.5
2023-03-19T16:27:59.959000+00:00,7779,335,1142,2.9,0,33.0,26.3,59.0,1010.7
2023-03-19T16:28:59.958000+00:00,7779,329,1142,2.4,0,33.1,26.3,60.0,1010.7
2023-03-19T16:29:59.957000+00:00,7779,317,1142,2.0,0,33.1,26.4,59.0,1010.7
2023-03-19T16:30:59.956000+00:00,7779,308,1142,2.9,0,33.9,26.4,59.0,1010.7
2023-03-19T16:31:59.955000+00:00,7779,316,1142,2.5,0,33.9,26.4,58.0,1010.7
2023-03-19T16:32:59.954000+00:00,7779,317,1142,2.7,0,33.5,26.3,58.0,1010.7
2023-03-19T16:33:59.953000+00:00,7779,303,1142,2.5,0,33.1,26.3,58.0,1010.7
2023-03-19T16:34:59.951000+00:00,7779,293,1142,2.7,0,33.1,26.2,57.0,1010.7
2023-03-19T16:35:59.950000+00:00,7779,317,1142,2.5,0,32.9,26.1,58.0,1010.7
2023-03-19T16:36:59.965000+00:00,7779,314,1142,3.2,0,32.5,26.1,59.0,1010.7
2023-03-19T16:37:59.979000+00:00,7779,318,1142,2.9,0,32.4,26.1,58.0,1010.7
2023-03-19T16:39:00.010000+00:00,7779,291,1142,2.7,0,32.5,26.1,58.0,1010.9
2023-03-19T16:40:00.024000+00:00,7779,316,1142,2.2,0,32.5,26.0,58.0,1010.7
2023-03-19T16:41:00.039000+00:00,7779,330,1142,2.5,0,32.5,26.0,59.0,1010.9
2023-03-19T16:42:00.053000+00:00,7779,319,1142,2.7,0,32.5,26.0,58.0,1010.9
2023-03-19T16:43:00.052000+00:00,7779,299,1142,2.4,0,32.5,26.0,58.0,1010.7
2023-03-19T16:44:00.051000+00:00,7779,329,1142,2.9,0,32.1,26.0,58.0,1010.9
2023-03-19T16:45:00.081000+00:00,7779,338,1142,2.2,0,32.5,26.0,58.0,1010.9
2023-03-19T16:46:00.096000+00:00,7779,311,1142,2.5,0,32.0,26.0,59.0,1010.7
2023-03-19T16:47:00.079000+00:00,7779,324,1142,2.5,0,32.0,26.0,59.0,1010.9
2023-03-19T16:48:00.094000+00:00,7779,309,1142,2.0,0,31.9,26.0,59.0,1010.7
2023-03-19T16:49:00.108000+00:00,7779,312,1142,1.5,0,32.1,26.0,58.0,1010.9
2023-03-19T16:50:00.123000+00:00,7779,297,1142,1.5,0,32.1,26.0,57.0,1010.9
2023-03-19T16:51:00.122000+00:00,7779,342,1142,1.7,0,32.1,26.0,57.0,1011.0
2023-03-19T16:52:00.136000+00:00,7779,340,1142,1.1,0,32.1,26.0,57.0,1010.9
2023-03-19T16:53:00.135000+00:00,7779,351,1142,0.8,0,32.1,26.0,56.0,1010.9
2023-03-19T16:54:00.134000+00:00,7779,323,1142,1.2,0,31.9,25.9,56.0,1010.9
2023-03-19T16:55:00.148000+00:00,7779,325,1142,1.3,0,31.9,25.9,57.0,1011.0
2023-03-19T16:56:00.147000+00:00,7779,322,1142,1.7,0,31.9,25.9,56.0,1010.9
2023-03-19T16:57:00.146000+00:00,7779,319,1142,1.3,0,31.9,25.9,56.0,1010.9
2023-03-19T16:58:00.161000+00:00,7779,279,1142,0.8,0,31.8,25.9,55.0,1011.0
2023-03-19T16:59:00.175000+00:00,7779,338,1142,1.2,0,31.9,25.9,55.0,1011.0
2023-03-19T17:00:00.190000+00:00,7779,323,1142,1.5,0,32.0,25.9,55.0,1010.9
2023-03-19T17:01:00.173000+00:00,7779,308,1142,1.3,0,32.0,25.9,55.0,1010.9
2023-03-19T17:02:00.188000+00:00,7779,298,1142,1.8,0,32.2,25.9,55.0,1011.0
2023-03-19T17:03:00.202000+00:00,7779,318,1142,2.2,0,31.9,25.9,55.0,1010.9
2023-03-19T17:04:00.201000+00:00,7779,317,1142,1.8,0,31.6,25.9,56.0,1011.0
2023-03-19T17:05:00.216000+00:00,7779,335,1142,2.0,0,31.7,26.0,56.0,1011.0
2023-03-19T17:06:00.215000+00:00,7779,326,1142,1.7,0,31.7,26.0,55.0,1011.0
2023-03-19T17:07:00.214000+00:00,7779,0,1142,1.7,0,31.9,25.9,56.0,1011.0
2023-03-19T17:08:00.212000+00:00,7779,352,1142,1.1,0,32.2,26.0,55.0,1011.0
2023-03-19T17:09:00.211000+00:00,7779,291,1142,1.3,0,31.5,26.0,56.0,1011.0
2023-03-19T17:10:00.210000+00:00,7779,310,1142,1.6,0,31.5,26.1,55.0,1011.0
2023-03-19T17:11:00.209000+00:00,7779,292,1142,1.7,0,31.6,26.2,55.0,1011.0
2023-03-19T17:12:00.208000+00:00,7779,292,1142,1.7,0,31.6,26.3,55.0,1011.0
2023-03-19T17:13:00.207000+00:00,7779,289,1142,1.5,0,31.5,26.3,55.0,1011.0
2023-03-19T17:14:00.206000+00:00,7779,326,1142,1.3,0,31.6,26.4,55.0,1011.0
2023-03-19T17:15:00.205000+00:00,7779,284,1142,0.6,0,31.6,26.4,55.0,1011.0
2023-03-19T17:16:00.204000+00:00,7779,9,1142,1.2,0,31.7,26.4,55.0,1011.0
2023-03-19T17:17:00.218000+00:00,7779,311,1142,0.6,0,31.6,26.3,55.0,1011.0
2023-03-19T17:18:00.202000+00:00,7779,160,1142,1.2,0,31.6,26.4,56.0,1011.0
2023-03-19T17:19:00.216000+00:00,7779,305,1142,1.2,0,31.4,26.4,55.0,1011.0
2023-03-19T17:20:00.215000+00:00,7779,305,1142,1.2,0,31.4,26.4,55.0,1011.0
2023-03-19T17:21:00.214000+00:00,7779,274,1142,1.1,0,31.3,26.3,56.0,1011.0
2023-03-19T17:22:00.213000+00:00,7779,311,1142,1.1,0,31.7,26.3,56.0,1011.0
2023-03-19T17:23:00.212000+00:00,7779,286,1142,1.2,0,31.4,26.3,56.0,1011.0
2023-03-19T17:24:00.211000+00:00,7779,108,1142,1.0,0,31.4,26.3,56.0,1011.2
2023-03-19T17:25:00.210000+00:00,7779,288,1142,0.8,0,31.4,26.3,56.0,1011.0
2023-03-19T17:26:00.208000+00:00,7779,308,1142,0.8,0,31.4,26.3,56.0,1011.2
2023-03-19T17:27:00.207000+00:00,7779,133,1142,0.8,0,31.3,26.3,56.0,1011.0
2023-03-19T17:28:00.206000+00:00,7779,313,1142,0.8,0,31.5,26.2,56.0,1011.0
2023-03-19T17:29:00.205000+00:00,7779,294,1142,1.7,0,31.4,26.2,56.0,1011.0
2023-03-19T17:30:00.220000+00:00,7779,292,1142,1.6,0,31.5,26.2,56.0,1011.0
2023-03-19T17:31:00.250000+00:00,7779,296,1142,1.2,0,31.5,26.3,56.0,1011.0
2023-03-19T17:32:00.249000+00:00,7779,327,1142,1.3,0,31.5,26.2,57.0,1011.0
2023-03-19T17:33:00.263000+00:00,7779,309,1142,0.8,0,31.3,26.2,57.0,1011.2
2023-03-19T17:34:00.278000+00:00,7779,332,1142,2.0,0,31.2,26.1,58.0,1011.2
2023-03-19T17:35:00.277000+00:00,7779,310,1142,1.0,0,31.2,26.1,58.0,1011.0
2023-03-19T17:36:00.291000+00:00,7779,311,1142,1.2,0,31.1,26.1,58.0,1011.0
2023-03-19T17:37:00.290000+00:00,7779,345,1142,1.7,0,31.0,26.0,58.0,1011.0
2023-03-19T17:38:00.289000+00:00,7779,308,1142,1.2,0,31.1,26.0,58.0,1011.0
2023-03-19T17:39:00.304000+00:00,7779,59,1142,1.5,0,31.1,26.0,58.0,1011.0
2023-03-19T17:40:00.318000+00:00,7779,300,1142,1.5,0,31.1,26.0,58.0,1011.0
2023-03-19T17:41:00.317000+00:00,7779,293,1142,1.3,0,30.9,26.0,57.0,1011.0
2023-03-19T17:42:00.332000+00:00,7779,318,1142,0.8,0,31.0,26.0,57.0,1011.0
2023-03-19T17:43:00.331000+00:00,7779,295,1142,1.8,0,31.0,26.0,57.0,1011.0
2023-03-19T17:44:00.330000+00:00,7779,307,1142,1.3,0,31.0,26.1,57.0,1011.2
2023-03-19T17:45:00.344000+00:00,7779,294,1142,1.3,0,31.0,26.1,56.0,1011.0
2023-03-19T17:46:00.343000+00:00,7779,271,1142,1.3,0,31.0,26.1,55.0,1011.0
2023-03-19T17:47:00.342000+00:00,7779,317,1142,2.2,0,31.0,26.1,55.0,1011.0
2023-03-19T17:48:00.356000+00:00,7779,0,1142,2.0,0,31.0,26.2,55.0,1011.0
2023-03-19T17:49:00.355000+00:00,7779,135,1142,1.2,0,30.9,26.2,55.0,1011.0
2023-03-19T17:50:00.370000+00:00,7779,309,1142,1.0,0,31.0,26.2,55.0,1011.0
2023-03-19T17:51:00.384000+00:00,7779,289,1142,1.0,0,30.8,26.2,55.0,1011.0
2023-03-19T17:52:00.383000+00:00,7779,85,1142,1.2,0,31.1,26.3,55.0,1011.0
2023-03-19T17:53:00.398000+00:00,7779,276,1142,1.7,0,31.1,26.3,55.0,1011.0
2023-03-19T17:54:00.397000+00:00,7779,116,1142,0.8,0,30.9,26.3,55.0,1011.0
2023-03-19T17:55:00.396000+00:00,7779,66,1142,1.1,0,30.6,26.3,55.0,1011.0
2023-03-19T17:56:00.395000+00:00,7779,231,1142,0.8,0,30.9,26.3,55.0,1011.0
2023-03-19T17:57:00.394000+00:00,7779,283,1142,1.0,0,30.5,26.3,55.0,1010.9
2023-03-19T17:58:00.424000+00:00,7779,337,1142,0.6,0,30.5,26.3,55.0,1011.0
2023-03-19T17:59:00.423000+00:00,7779,334,1142,1.1,0,30.7,26.3,55.0,1011.2
2023-03-19T18:00:00.453000+00:00,7779,83,1142,1.1,0,30.7,26.3,56.0,1011.0
2023-03-19T18:01:00.452000+00:00,7779,264,1142,0.8,0,30.8,26.2,56.0,1011.2
2023-03-19T18:02:00.451000+00:00,7779,278,1142,1.3,0,30.4,26.3,57.0,1011.2
2023-03-19T18:03:00.465000+00:00,7779,320,1142,1.6,0,30.3,26.2,58.0,1011.2
2023-03-19T18:04:00.464000+00:00,7779,272,1142,1.1,0,30.3,26.2,58.0,1011.2
2023-03-19T18:05:00.463000+00:00,7779,320,1142,1.2,0,30.3,26.1,58.0,1011.2
2023-03-19T18:06:00.462000+00:00,7779,340,1142,1.7,0,30.7,26.1,58.0,1011.2
2023-03-19T18:07:00.461000+00:00,7779,262,1142,0.8,0,30.7,26.0,58.0,1011.4
2023-03-19T18:08:00.460000+00:00,7779,324,1142,1.7,0,30.3,26.0,59.0,1011.0
2023-03-19T18:09:00.459000+00:00,7779,291,1142,2.0,0,30.2,26.0,59.0,1011.2
2023-03-19T18:10:00.458000+00:00,7779,346,1142,1.1,0,30.2,26.0,59.0,1011.2
2023-03-19T18:11:00.456000+00:00,7779,40,1142,1.7,0,30.1,26.0,59.0,1011.2
2023-03-19T18:12:00.455000+00:00,7779,83,1142,1.2,0,30.3,26.0,59.0,1011.2
2023-03-19T18:13:00.471000+00:00,7779,281,1142,1.1,0,30.5,26.0,59.0,1011.2
2023-03-19T18:14:00.469000+00:00,7779,301,1142,2.2,0,30.5,25.9,59.0,1011.2
2023-03-19T18:15:00.468000+00:00,7779,18,1142,2.5,0,30.5,25.9,59.0,1011.2
2023-03-19T18:16:00.467000+00:00,7779,153,1142,1.1,0,30.3,26.0,59.0,1011.2
2023-03-19T18:17:00.466000+00:00,7779,0,1142,0.6,0,30.3,26.0,59.0,1011.4
2023-03-19T18:18:00.465000+00:00,7779,30,1142,1.2,0,30.3,26.0,59.0,1011.2
2023-03-19T18:19:00.463000+00:00,7779,269,1142,1.3,0,30.3,26.0,59.0,1011.2
2023-03-19T18:20:00.462000+00:00,7779,27,1142,1.2,0,30.2,26.0,60.0,1011.2
2023-03-19T18:21:00.461000+00:00,7779,24,1142,0.4,0,30.2,26.0,59.0,1011.2
2023-03-19T18:22:00.460000+00:00,7779,47,1142,1.6,0,30.3,26.0,59.0,1011.2
2023-03-19T18:23:00.459000+00:00,7779,322,1142,1.7,0,30.1,26.0,59.0,1011.2
2023-03-19T18:24:00.458000+00:00,7779,58,1142,1.2,0,30.0,26.0,59.0,1011.2
2023-03-19T18:25:00.457000+00:00,7779,8,1142,1.1,0,30.0,25.9,60.0,1011.2
2023-03-19T18:26:00.456000+00:00,7779,276,1142,1.1,0,30.3,25.9,60.0,1011.4
2023-03-19T18:27:00.455000+00:00,7779,46,1142,2.0,0,29.9,25.8,60.0,1011.4
2023-03-19T18:28:00.454000+00:00,7779,290,1142,1.1,0,30.0,25.8,60.0,1011.2
2023-03-19T18:29:00.468000+00:00,7779,315,1142,0.8,0,30.1,25.8,60.0,1011.2
2023-04-02T04:01:37.633000+00:00,7787,0,1143,1.6,0,35.0,17.1,53.0,1018.5
2023-04-02T04:02:37.633000+00:00,7787,0,1143,0.8,0,35.1,17.2,52.0,1018.7
2023-04-02T04:03:37.632000+00:00,7787,168,1143,0.6,0,35.1,17.2,52.0,1018.7
2023-04-02T04:04:37.647000+00:00,7787,8,1143,0.8,0,35.1,17.3,51.0,1018.7
2023-04-02T04:05:37.646000+00:00,7787,200,1143,0.8,0,34.8,17.3,51.0,1018.7
2023-04-02T04:06:37.645000+00:00,7787,300,1143,0.6,0,34.9,17.3,51.0,1018.7
2023-04-02T04:07:37.629000+00:00,7787,286,1143,0.8,0,34.8,17.3,51.0,1018.5
2023-04-02T04:08:37.644000+00:00,7787,213,1143,1.0,0,34.5,17.3,51.0,1018.5
2023-04-02T04:09:37.643000+00:00,7787,284,1143,1.5,0,34.5,17.2,52.0,1018.5
2023-04-02T04:10:37.643000+00:00,7787,152,1143,1.1,0,34.6,17.2,51.0,1018.5
2023-04-02T04:11:37.642000+00:00,7787,155,1143,0.8,0,34.7,17.3,52.0,1018.5
2023-04-02T04:12:37.641000+00:00,7787,351,1143,1.0,0,34.6,17.1,53.0,1018.5
2023-04-02T04:13:37.641000+00:00,7787,0,1143,1.1,0,34.9,17.1,50.0,1018.5
2023-04-02T04:14:37.655000+00:00,7787,146,1143,0.5,0,34.6,17.1,51.0,1018.5
2023-04-02T04:15:37.639000+00:00,7787,165,1143,1.3,0,34.5,17.2,51.0,1018.7
2023-04-02T04:16:37.638000+00:00,7787,195,1143,2.0,0,34.8,17.3,51.0,1018.5
2023-04-02T04:17:37.653000+00:00,7787,176,1143,1.2,0,34.8,17.2,52.0,1018.5
2023-04-02T04:18:37.637000+00:00,7787,263,1143,1.2,0,34.5,17.2,52.0,1018.5
2023-04-02T04:19:37.636000+00:00,7787,64,1143,1.2,0,34.5,17.2,53.0,1018.5
2023-04-02T04:20:37.636000+00:00,7787,178,1143,1.1,0,34.8,17.2,53.0,1018.5
2023-04-02T04:21:37.635000+00:00,7787,151,1143,1.1,0,34.8,17.2,51.0,1018.5
2023-04-02T04:22:37.650000+00:00,7787,274,1143,1.3,0,34.8,17.1,52.0,1018.5
2023-04-02T04:23:37.634000+00:00,7787,0,1143,0.8,0,34.5,17.0,53.0,1018.5
2023-04-02T04:24:37.633000+00:00,7787,120,1143,1.0,0,34.5,17.2,53.0,1018.5
2023-04-02T04:25:37.632000+00:00,7787,67,1143,0.6,0,34.8,17.6,50.0,1018.5
2023-04-02T04:26:37.647000+00:00,7787,199,1143,0.6,0,35.2,17.7,50.0,1018.5
2023-04-02T04:27:37.631000+00:00,7787,54,1143,0.4,0,34.7,17.5,51.0,1018.5
2023-04-02T04:28:37.646000+00:00,7787,99,1143,1.0,0,34.1,17.5,51.0,1018.5
2023-04-02T04:29:37.645000+00:00,7787,0,1143,1.1,0,34.1,17.5,51.0,1018.5
2023-04-02T04:30:37.644000+00:00,7787,249,1143,1.0,0,34.5,17.6,51.0,1018.5
2023-04-02T04:31:37.644000+00:00,7787,185,1143,0.8,0,34.5,17.5,51.0,1018.5
2023-04-02T04:32:37.643000+00:00,7787,95,1143,0.8,0,34.2,17.5,52.0,1018.7
2023-04-02T04:33:37.642000+00:00,7787,262,1143,1.2,0,34.2,17.2,52.0,1018.5
2023-04-02T04:34:37.641000+00:00,7787,63,1143,1.1,0,34.6,17.2,54.0,1018.5
2023-04-02T04:35:37.641000+00:00,7787,147,1143,1.0,0,34.7,17.2,52.0,1018.5
2023-04-02T04:36:37.640000+00:00,7787,158,1143,0.8,0,34.6,17.3,52.0,1018.5
2023-04-02T04:37:37.639000+00:00,7787,141,1143,0.6,0,26.6,17.4,51.0,1018.5
2023-04-02T04:38:37.639000+00:00,7787,2,1143,0.8,0,23.7,17.4,50.0,1018.5
2023-04-02T04:39:37.638000+00:00,7787,282,1143,0.6,0,22.1,17.4,50.0,1018.5
2023-04-02T04:40:37.637000+00:00,7787,171,1143,1.0,0,19.2,17.5,50.0,1018.5
2023-04-02T04:41:37.637000+00:00,7787,82,1143,1.0,0,21.6,17.5,52.0,1018.5
2023-04-02T04:42:37.636000+00:00,7787,188,1143,0.6,0,23.6,17.5,52.0,1018.5
2023-04-02T04:43:37.635000+00:00,7787,185,1143,1.0,0,21.1,17.5,52.0,1018.5
2023-04-02T04:44:37.634000+00:00,7787,70,1143,0.6,0,21.0,17.5,53.0,1018.5
2023-04-02T04:45:37.634000+00:00,7787,256,1143,1.2,0,23.0,17.5,54.0,1018.5
2023-04-02T04:46:37.633000+00:00,7787,200,1143,1.5,0,25.0,17.6,53.0,1018.5
2023-04-02T04:47:37.632000+00:00,7787,139,1143,0.5,0,25.0,17.5,53.0,1018.5
2023-04-02T04:48:37.647000+00:00,7787,163,1143,1.3,0,25.5,17.5,51.0,1018.5
2023-04-02T04:49:37.631000+00:00,7787,151,1143,1.2,0,23.9,17.5,51.0,1018.5
2023-04-02T04:50:37.646000+00:00,7787,168,1143,0.6,0,21.7,17.4,53.0,1018.5
2023-04-02T04:51:37.645000+00:00,7787,0,1143,1.2,0,24.7,17.5,52.0,1018.5
2023-04-02T04:52:37.645000+00:00,7787,200,1143,0.6,0,25.9,17.5,52.0,1018.5
2023-04-02T04:53:37.644000+00:00,7787,80,1143,1.2,0,35.4,17.5,53.0,1018.5
2023-04-02T04:54:37.643000+00:00,7787,121,1143,0.6,0,35.4,17.5,52.0,1018.5
2023-04-02T04:55:37.642000+00:00,7787,55,1143,0.6,0,34.7,17.5,52.0,1018.5
2023-04-02T04:56:37.642000+00:00,7787,351,1143,1.0,0,34.6,17.5,51.0,1018.5
2023-04-02T04:57:37.641000+00:00,7787,175,1143,0.8,0,34.7,17.4,52.0,1018.5
2023-04-02T04:58:37.640000+00:00,7787,329,1143,1.2,0,34.8,17.4,51.0,1018.5
2023-04-02T04:59:37.640000+00:00,7787,189,1143,1.2,0,34.7,17.3,52.0,1018.5
2023-04-02T05:00:37.639000+00:00,7787,0,1143,0.8,0,34.5,17.3,53.0,1018.5
2023-04-02T05:01:37.654000+00:00,7787,155,1143,0.8,0,34.5,17.4,53.0,1018.5
2023-04-02T05:02:37.638000+00:00,7787,165,1143,0.8,0,34.5,17.4,53.0,1018.5
2023-04-02T05:03:37.637000+00:00,7787,149,1143,1.0,0,34.6,17.4,52.0,1018.5
2023-04-02T05:04:37.636000+00:00,7787,0,1143,1.2,0,34.4,17.4,52.0,1018.5
2023-04-02T05:05:37.635000+00:00,7787,127,1143,0.6,0,34.2,17.5,53.0,1018.5
2023-04-02T05:06:37.635000+00:00,7787,186,1143,0.5,0,34.1,17.6,53.0,1018.5
2023-04-02T05:07:37.634000+00:00,7787,138,1143,1.2,0,34.2,17.6,53.0,1018.7
2023-04-02T05:08:37.633000+00:00,7787,29,1143,1.5,0,34.3,17.6,52.0,1018.5
2023-04-02T05:09:37.633000+00:00,7787,0,1143,0.8,0,34.4,17.8,52.0,1018.5
2023-04-02T05:10:37.632000+00:00,7787,264,1143,0.8,0,34.3,17.8,52.0,1018.5
2023-04-02T05:11:37.631000+00:00,7787,163,1143,1.2,0,34.0,17.8,52.0,1018.5
2023-04-02T05:12:37.631000+00:00,7787,157,1143,1.0,0,33.7,17.7,52.0,1018.5
2023-04-02T05:13:37.645000+00:00,7787,140,1143,1.1,0,33.7,17.8,51.0,1018.5
2023-04-02T05:14:37.645000+00:00,7787,155,1143,1.8,0,33.7,17.8,51.0,1018.5
2023-04-02T05:15:37.644000+00:00,7787,156,1143,1.7,0,33.7,17.8,52.0,1018.5
2023-04-02T05:16:37.643000+00:00,7787,105,1143,1.3,0,33.2,17.7,53.0,1018.5
2023-04-02T05:17:37.643000+00:00,7787,157,1143,0.8,0,33.4,17.6,52.0,1018.5
2023-04-02T05:18:37.642000+00:00,7787,135,1143,1.6,0,33.2,17.5,50.0,1018.5
2023-04-02T05:19:37.657000+00:00,7787,156,1143,0.8,0,33.2,17.6,50.0,1018.5
2023-04-02T05:20:37.641000+00:00,7787,170,1143,0.6,0,33.3,17.7,51.0,1018.5
2023-04-02T05:21:37.624000+00:00,7787,0,1143,0.8,0,33.5,17.6,51.0,1018.5
2023-04-02T05:22:37.639000+00:00,7787,183,1143,0.8,0,33.6,17.6,51.0,1018.5
2023-04-02T05:23:37.639000+00:00,7787,155,1143,0.8,0,33.5,17.7,51.0,1018.5
2023-04-02T05:24:37.685000+00:00,7787,0,1143,0.8,0,33.6,17.8,52.0,1018.5
2023-04-02T05:25:37.637000+00:00,7787,234,1143,1.3,0,33.3,17.9,52.0,1018.5
2023-04-02T05:26:37.637000+00:00,7787,204,1143,1.0,0,33.0,17.8,52.0,1018.5
2023-04-02T05:27:37.636000+00:00,7787,201,1143,1.1,0,33.0,17.8,52.0,1018.5
2023-04-02T05:28:37.651000+00:00,7787,0,1143,0.8,0,33.0,17.9,52.0,1018.5
2023-04-02T05:29:37.634000+00:00,7787,153,1143,0.6,0,33.0,17.9,53.0,1018.5
2023-04-02T05:30:37.649000+00:00,7787,222,1143,1.1,0,33.3,17.9,53.0,1018.5
2023-04-02T05:31:37.649000+00:00,7787,0,1143,0.6,0,33.3,17.9,52.0,1018.4
2023-04-02T05:32:37.648000+00:00,7787,268,1143,1.6,0,33.1,17.8,52.0,1018.4
2023-04-02T05:33:37.678000+00:00,7787,266,1143,1.5,0,32.9,17.6,51.0,1018.4
2023-04-02T05:34:37.647000+00:00,7787,222,1143,0.8,0,32.8,17.6,52.0,1018.5
2023-04-02T05:35:37.630000+00:00,7787,283,1143,0.6,0,32.7,17.7,52.0,1018.5
2023-04-02T05:36:37.645000+00:00,7787,247,1143,0.6,0,32.8,17.9,52.0,1018.4
2023-04-02T05:37:37.644000+00:00,7787,161,1143,1.2,0,32.9,18.0,52.0,1018.4
2023-04-02T05:38:37.691000+00:00,7787,165,1143,0.6,0,33.1,18.0,52.0,1018.4
2023-04-02T05:39:37.643000+00:00,7787,74,1143,0.6,0,33.0,18.0,51.0,1018.5
2023-04-02T05:40:37.642000+00:00,7787,141,1143,0.8,0,33.0,18.0,51.0,1018.4
2023-04-02T05:41:37.642000+00:00,7787,140,1143,1.2,0,32.9,18.0,52.0,1018.4
2023-04-02T05:42:37.657000+00:00,7787,163,1143,2.0,0,32.8,18.0,51.0,1018.4
2023-04-02T05:43:37.656000+00:00,7787,128,1143,1.2,0,32.8,18.0,50.0,1018.5
2023-04-02T05:44:37.671000+00:00,7787,155,1143,1.0,0,32.5,18.1,51.0,1018.2
2023-04-02T05:45:37.639000+00:00,7787,346,1143,1.1,0,32.5,18.0,51.0,1018.4
2023-04-02T05:46:37.669000+00:00,7787,80,1143,0.8,0,32.2,18.1,51.0,1018.5
2023-04-02T05:47:37.653000+00:00,7787,142,1143,0.8,0,32.1,17.9,50.0,1018.4
2023-04-02T05:48:37.684000+00:00,7787,0,1143,1.1,0,32.2,17.9,51.0,1018.4
2023-04-02T05:49:37.730000+00:00,7787,134,1143,1.7,0,32.3,18.0,51.0,1018.4
2023-04-02T05:50:37.682000+00:00,7787,343,1143,1.5,0,32.0,17.9,51.0,1018.5
2023-04-02T05:51:37.697000+00:00,7787,126,1143,1.8,0,32.0,17.9,51.0,1018.4
2023-04-02T05:52:37.681000+00:00,7787,251,1143,1.3,0,31.7,17.9,51.0,1018.4
2023-04-02T05:53:37.696000+00:00,7787,147,1143,0.8,0,31.7,17.8,54.0,1018.2
2023-04-02T05:54:37.711000+00:00,7787,321,1143,1.6,0,31.7,17.9,54.0,1018.2
2023-04-02T05:55:37.694000+00:00,7787,120,1143,1.7,0,31.7,17.8,53.0,1018.2
2023-04-02T05:56:37.709000+00:00,7787,141,1143,0.6,0,31.7,17.8,53.0,1018.2
2023-04-02T05:57:37.709000+00:00,7787,164,1143,1.5,0,31.7,17.7,55.0,1018.2
2023-04-02T05:58:37.708000+00:00,7787,130,1143,1.7,0,31.4,17.8,53.0,1018.2
2023-04-02T05:59:37.723000+00:00,7787,148,1143,2.2,0,31.6,17.7,53.0,1018.2
2023-04-02T06:00:37.738000+00:00,7787,148,1143,1.0,0,31.4,17.7,52.0,1018.2
2023-04-02T06:01:37.753000+00:00,7787,133,1143,1.6,0,31.4,17.8,54.0,1018.2
2023-04-02T06:02:37.768000+00:00,7787,323,1143,1.3,0,31.4,17.8,54.0,1018.4
2023-04-02T06:03:37.767000+00:00,7787,147,1143,0.6,0,31.1,17.7,54.0,1018.2
2023-04-02T06:04:37.766000+00:00,7787,156,1143,0.8,0,31.1,17.7,54.0,1018.2
2023-04-02T06:05:37.766000+00:00,7787,343,1143,1.3,0,31.0,17.8,54.0,1018.2
2023-04-02T06:06:37.781000+00:00,7787,152,1143,1.2,0,31.0,17.8,54.0,1018.2
2023-04-02T06:07:37.764000+00:00,7787,91,1143,0.6,0,30.9,17.9,54.0,1018.4
2023-04-02T06:08:37.779000+00:00,7787,139,1143,1.0,0,31.0,17.9,54.0,1018.2
2023-04-02T06:09:37.763000+00:00,7787,0,1143,1.0,0,30.8,17.9,53.0,1018.2
2023-04-02T06:10:37.778000+00:00,7787,144,1143,0.6,0,30.7,18.0,53.0,1018.2
2023-04-02T06:11:37.761000+00:00,7787,326,1143,0.8,0,30.7,17.9,54.0,1018.0
2023-04-02T06:12:37.761000+00:00,7787,94,1143,1.6,0,30.6,17.9,54.0,1018.2
2023-04-02T06:13:37.760000+00:00,7787,118,1143,1.3,0,30.6,17.9,55.0,1018.2
2023-04-02T06:14:37.775000+00:00,7787,135,1143,1.3,0,30.4,17.8,55.0,1018.2
2023-04-02T06:15:37.759000+00:00,7787,155,1143,0.8,0,30.2,17.8,55.0,1018.4
2023-04-02T06:16:37.758000+00:00,7787,0,1143,0.8,0,30.2,17.9,55.0,1018.2
2023-04-02T06:17:37.773000+00:00,7787,0,1143,1.1,0,30.2,17.9,55.0,1018.2
2023-04-02T06:18:37.772000+00:00,7787,144,1143,1.0,0,30.1,17.8,55.0,1018.2
2023-04-02T06:19:37.772000+00:00,7787,128,1143,2.2,0,30.1,17.7,56.0,1018.4
2023-04-02T06:20:37.771000+00:00,7787,0,1143,1.5,0,29.9,17.6,56.0,1018.2
2023-04-02T06:21:37.770000+00:00,7787,146,1143,1.0,0,29.9,17.6,56.0,1018.2
2023-04-02T06:22:37.785000+00:00,7787,0,1143,0.6,0,29.9,17.6,57.0,1018.2
2023-04-02T06:23:37.800000+00:00,7787,156,1143,0.8,0,29.7,17.6,57.0,1018.2
2023-04-02T06:24:37.815000+00:00,7787,0,1143,1.7,0,29.6,17.6,57.0,1018.2
2023-04-02T06:25:37.846000+00:00,7787,136,1143,1.2,0,29.6,17.6,57.0,1018.2
2023-04-02T06:26:37.829000+00:00,7787,0,1143,1.1,0,29.2,17.5,57.0,1018.2
2023-04-02T06:27:37.829000+00:00,7787,90,1143,1.2,0,29.3,17.5,58.0,1018.4
2023-04-02T06:28:37.828000+00:00,7787,140,1143,0.8,0,29.4,17.5,58.0,1018.4
2023-04-02T06:29:37.827000+00:00,7787,151,1143,1.7,0,29.2,17.5,57.0,1018.2
2023-04-02T06:30:37.889000+00:00,7787,126,1143,0.8,0,29.2,17.5,57.0,1018.2
2023-04-02T06:31:37.841000+00:00,7787,133,1143,1.2,0,29.2,17.5,57.0,1018.2
2023-04-02T06:32:37.856000+00:00,7787,160,1143,0.8,0,29.2,17.5,57.0,1018.2
2023-04-02T06:33:37.856000+00:00,7787,106,1143,0.6,0,29.1,17.5,56.0,1018.2
2023-04-02T06:34:37.871000+00:00,7787,147,1143,0.8,0,29.0,17.5,56.0,1018.2
2023-04-02T06:35:37.917000+00:00,7787,61,1143,1.3,0,28.9,17.5,56.0,1018.2
2023-04-02T06:36:37.869000+00:00,7787,0,1143,0.6,0,28.7,17.5,56.0,1018.2
2023-04-02T06:37:37.853000+00:00,7787,113,1143,1.0,0,28.9,17.5,55.0,1018.2
2023-04-02T06:38:37.868000+00:00,7787,145,1143,0.4,0,28.9,17.5,55.0,1018.2
2023-04-02T06:39:37.867000+00:00,7787,154,1143,1.6,0,28.9,17.5,55.0,1018.2
2023-04-02T06:40:37.867000+00:00,7787,130,1143,1.5,0,28.4,17.5,56.0,1018.2
2023-04-02T06:41:37.882000+00:00,7787,158,1143,1.5,0,28.4,17.5,56.0,1018.2
2023-04-02T06:42:37.896000+00:00,7787,123,1143,1.6,0,28.1,17.4,57.0,1018.2
2023-04-02T06:43:37.896000+00:00,7787,166,1143,1.6,0,28.1,17.4,57.0,1018.2
2023-04-02T06:44:37.942000+00:00,7787,140,1143,0.6,0,28.0,17.3,57.0,1018.2
2023-04-02T06:45:37.894000+00:00,7787,129,1143,0.8,0,28.0,17.2,56.0,1018.2
2023-04-02T06:46:37.894000+00:00,7787,156,1143,0.8,0,28.0,17.3,56.0,1018.2
2023-04-02T06:47:37.893000+00:00,7787,174,1143,1.1,0,28.0,17.3,56.0,1018.2
2023-04-02T06:48:37.892000+00:00,7787,111,1143,1.8,0,27.7,17.3,56.0,1018.2
2023-04-02T06:49:37.892000+00:00,7787,171,1143,1.3,0,27.4,17.2,58.0,1018.2
2023-04-02T06:50:52.782000+00:00,7787,96,1143,1.2,0,27.4,17.2,58.0,1018.2
2023-04-02T06:51:37.890000+00:00,7787,85,1143,1.2,0,27.4,17.3,58.0,1018.4
2023-04-02T06:52:37.890000+00:00,7787,122,1143,1.2,0,27.5,17.3,58.0,1018.2
2023-04-02T06:53:37.889000+00:00,7787,151,1143,1.0,0,27.5,17.3,57.0,1018.2
2023-04-02T06:54:37.888000+00:00,7787,141,1143,1.2,0,27.5,17.2,58.0,1018.2
2023-04-02T06:55:37.903000+00:00,7787,12,1143,1.0,0,27.4,17.3,58.0,1018.2
2023-04-02T06:56:37.887000+00:00,7787,0,1143,1.6,0,27.2,17.2,58.0,1018.2
2023-04-02T06:57:37.902000+00:00,7787,12,1143,1.1,0,27.1,17.3,59.0,1018.4
2023-04-02T06:58:37.901000+00:00,7787,138,1143,1.2,0,27.2,17.2,58.0,1018.4
2023-04-02T06:59:38.494000+00:00,7787,57,1143,1.1,0,27.2,17.2,58.0,1018.2
2023-04-02T07:00:37.884000+00:00,7787,158,1143,1.8,0,27.0,17.2,58.0,1018.2
2023-04-02T07:01:37.899000+00:00,7787,130,1143,0.4,0,27.0,17.1,58.0,1018.2
2023-04-02T07:02:37.914000+00:00,7787,144,1143,0.8,0,27.1,17.2,57.0,1018.2
2023-04-02T07:03:37.898000+00:00,7787,155,1143,0.8,0,27.1,17.2,57.0,1018.2
2023-04-02T07:04:37.897000+00:00,7787,128,1143,0.6,0,27.0,17.2,57.0,1018.2
2023-04-02T07:05:37.896000+00:00,7787,142,1143,1.0,0,26.7,17.2,57.0,1018.2
2023-04-02T07:06:37.896000+00:00,7787,165,1143,0.8,0,26.8,17.2,56.0,1018.2
2023-04-02T07:07:37.895000+00:00,7787,141,1143,1.7,0,26.8,17.2,56.0,1018.2
2023-04-02T07:08:37.894000+00:00,7787,131,1143,0.8,0,26.3,17.1,57.0,1018.2
2023-04-02T07:09:37.894000+00:00,7787,134,1143,0.8,0,26.3,17.2,57.0,1018.2
2023-04-02T07:10:37.893000+00:00,7787,13,1143,1.2,0,26.3,17.1,57.0,1018.2
2023-04-02T07:11:37.892000+00:00,7787,149,1143,0.6,0,26.2,17.1,56.0,1018.2
2023-04-02T07:12:37.892000+00:00,7787,108,1143,0.8,0,26.2,17.1,57.0,1018.2
2023-04-02T07:13:37.891000+00:00,7787,175,1143,0.6,0,26.1,17.1,57.0,1018.2
2023-04-02T07:14:37.890000+00:00,7787,155,1143,0.8,0,25.8,17.0,57.0,1018.2
2023-04-02T07:15:37.890000+00:00,7787,143,1143,1.1,0,25.7,17.0,57.0,1018.4
2023-04-02T07:16:37.889000+00:00,7787,108,1143,1.2,0,25.5,16.9,57.0,1018.2
2023-04-02T07:17:37.888000+00:00,7787,129,1143,0.8,0,25.4,17.0,58.0,1018.2
2023-04-02T07:18:37.888000+00:00,7787,0,1143,0.8,0,25.3,17.0,59.0,1018.2
2023-04-02T07:19:37.887000+00:00,7787,148,1143,1.6,0,25.2,16.9,59.0,1018.2
2023-04-02T07:20:37.886000+00:00,7787,134,1143,1.5,0,25.2,16.9,57.0,1018.2
2023-04-02T07:21:37.885000+00:00,7787,135,1143,1.2,0,25.1,16.9,58.0,1018.2
2023-04-02T07:22:37.916000+00:00,7787,129,1143,1.2,0,25.1,16.8,59.0,1018.2
2023-04-02T07:23:37.900000+00:00,7787,90,1143,1.0,0,25.0,16.9,60.0,1018.2
2023-04-02T07:24:37.915000+00:00,7787,49,1143,1.8,0,24.9,16.9,59.0,1018.4
2023-04-02T07:25:37.930000+00:00,7787,150,1143,1.7,0,24.7,16.9,60.0,1018.4
2023-04-02T07:26:37.929000+00:00,7787,121,1143,1.8,0,24.5,16.9,60.0,1018.2
2023-04-02T07:27:37.944000+00:00,7787,107,1143,1.5,0,24.5,16.8,61.0,1018.2
2023-04-02T07:28:37.943000+00:00,7787,107,1143,1.5,0,24.5,16.8,60.0,1018.2
2023-04-02T07:29:37.942000+00:00,7787,107,1143,1.5,0,24.4,16.9,60.0,1018.2
2023-04-02T07:30:37.957000+00:00,7787,107,1143,1.5,0,24.4,16.9,61.0,1018.2
2023-04-02T07:31:37.957000+00:00,7787,107,1143,5.0,0,24.3,16.9,60.0,1018.2
2023-04-02T07:32:37.956000+00:00,7787,107,1143,5.0,0,24.3,16.9,60.0,1018.2
2023-04-02T07:33:37.971000+00:00,7787,92,1143,1.7,0,24.3,16.9,59.0,1018.2
2023-04-02T07:34:37.986000+00:00,7787,81,1143,1.1,0,24.2,16.9,58.0,1018.2
2023-04-02T07:35:37.985000+00:00,7787,115,1143,1.5,0,24.0,16.9,58.0,1018.4
2023-04-02T07:36:38+00:00,7787,145,1143,2.0,0,24.0,16.9,58.0,1018.2
2023-04-02T07:37:38.015000+00:00,7787,137,1143,1.6,0,23.9,16.9,59.0,1018.4
2023-04-02T07:38:37.999000+00:00,7787,143,1143,1.7,0,23.8,16.9,58.0,1018.4
2023-04-02T07:39:38.014000+00:00,7787,128,1143,1.2,0,24.0,16.9,57.0,1018.4
2023-04-02T07:40:38.013000+00:00,7787,165,1143,1.2,0,23.8,16.9,57.0,1018.4
2023-04-02T07:41:38.028000+00:00,7787,169,1143,1.5,0,23.7,16.9,59.0,1018.4
2023-04-02T07:42:38.058000+00:00,7787,169,1143,2.5,0,23.7,16.9,57.0,1018.4
2023-04-30T10:01:11.577000+00:00,9070,15,1207,1.6,0,42.5,23.9,52.0,1009.5
2023-04-30T10:02:11.576000+00:00,9070,50,1207,1.0,0,42.5,23.9,53.0,1009.5
2023-04-30T10:03:11.575000+00:00,9070,59,1207,1.0,0,42.5,24.0,52.0,1009.5
2023-04-30T10:04:11.589000+00:00,9070,54,1207,0.6,0,42.5,23.9,51.0,1009.5
2023-04-30T10:05:11.604000+00:00,9070,30,1207,1.5,0,42.7,24.0,50.0,1009.4
2023-04-30T10:06:11.603000+00:00,9070,0,1207,1.1,0,42.6,24.0,50.0,1009.5
2023-04-30T10:07:11.602000+00:00,9070,255,1207,0.6,0,42.6,24.1,50.0,1009.5
2023-04-30T10:08:11.600000+00:00,9070,187,1207,0.8,0,42.6,24.1,51.0,1009.5
2023-04-30T10:09:11.599000+00:00,9070,162,1207,1.7,0,42.9,24.0,50.0,1009.5
2023-04-30T10:10:11.614000+00:00,9070,162,1207,1.7,0,42.9,24.0,50.0,1009.5
2023-04-30T10:11:11.597000+00:00,9070,115,1207,1.1,0,43.3,24.2,50.0,1009.4
2023-04-30T10:12:11.643000+00:00,9070,41,1207,0.8,0,43.7,24.3,50.0,1009.4
2023-04-30T10:13:11.626000+00:00,9070,41,1207,0.8,0,43.7,24.3,50.0,1009.4
2023-04-30T10:14:11.641000+00:00,9070,93,1207,1.0,0,43.7,24.3,50.0,1009.2
2023-04-30T10:15:11.655000+00:00,9070,197,1207,1.7,0,44.0,24.4,50.0,1009.4
2023-04-30T10:16:11.654000+00:00,9070,186,1207,1.8,0,43.6,24.5,49.0,1009.4
2023-04-30T10:17:11.653000+00:00,9070,112,1207,1.7,0,43.5,24.5,49.0,1009.4
2023-04-30T10:18:11.652000+00:00,9070,178,1207,0.6,0,43.2,24.6,51.0,1009.2
2023-04-30T10:19:11.651000+00:00,9070,353,1207,0.8,0,43.2,24.5,51.0,1009.2
2023-04-30T10:20:11.666000+00:00,9070,4,1207,1.5,0,43.8,24.3,50.0,1009.2
2023-04-30T10:21:11.664000+00:00,9070,41,1207,1.2,0,44.0,24.2,51.0,1009.2
2023-04-30T10:22:11.663000+00:00,9070,0,1207,0.8,0,43.2,24.3,50.0,1009.2
2023-04-30T10:23:11.678000+00:00,9070,62,1207,1.1,0,44.2,24.4,48.0,1009.2
2023-04-30T10:24:11.677000+00:00,9070,28,1207,1.2,0,44.2,24.4,48.0,1009.2
2023-04-30T10:25:11.691000+00:00,9070,49,1207,1.1,0,43.7,24.4,49.0,1009.4
2023-04-30T10:26:11.690000+00:00,9070,42,1207,1.0,0,41.3,24.4,50.0,1009.2
2023-04-30T10:27:11.689000+00:00,9070,149,1207,0.8,0,41.8,24.5,50.0,1009.2
2023-04-30T10:28:11.688000+00:00,9070,213,1207,1.2,0,43.5,24.5,49.0,1009.2
2023-04-30T10:29:11.687000+00:00,9070,195,1207,1.1,0,43.8,24.5,49.0,1009.2
2023-04-30T10:30:11.686000+00:00,9070,324,1207,1.1,0,43.2,24.5,50.0,1009.0
2023-04-30T10:31:11.700000+00:00,9070,33,1207,1.2,0,42.7,24.5,50.0,1009.2
2023-04-30T10:32:11.684000+00:00,9070,61,1207,1.1,0,42.2,24.5,50.0,1009.2
2023-04-30T10:33:11.714000+00:00,9070,50,1207,1.7,0,41.1,24.5,51.0,1009.0
2023-04-30T10:34:11.682000+00:00,9070,1,1207,1.5,0,40.4,24.5,52.0,1009.0
2023-04-30T10:35:11.680000+00:00,9070,0,1207,0.8,0,41.0,24.5,53.0,1009.0
2023-04-30T10:36:11.679000+00:00,9070,48,1207,0.6,0,41.1,24.4,52.0,1009.0
2023-04-30T10:37:11.678000+00:00,9070,304,1207,0.8,0,41.1,24.4,51.0,1009.0
2023-04-30T10:38:11.677000+00:00,9070,19,1207,0.8,0,43.2,24.4,50.0,1008.7
2023-04-30T10:39:11.707000+00:00,9070,348,1207,1.1,0,43.8,24.5,48.0,1009.0
2023-04-30T10:40:11.691000+00:00,9070,349,1207,1.6,0,41.8,24.5,50.0,1009.0
2023-04-30T10:41:11.690000+00:00,9070,38,1207,1.7,0,41.0,24.5,52.0,1009.0
2023-04-30T10:42:11.704000+00:00,9070,74,1207,1.7,0,41.0,24.3,53.0,1008.9
2023-04-30T10:43:11.687000+00:00,9070,24,1207,1.3,0,42.1,24.3,52.0,1008.9
2023-04-30T10:44:11.686000+00:00,9070,74,1207,0.0,0,43.7,24.4,51.0,1008.7
2023-04-30T10:45:11.685000+00:00,9070,67,1207,0.8,0,43.9,24.4,51.0,1008.7
2023-04-30T10:46:11.684000+00:00,9070,79,1207,0.8,0,43.9,24.4,49.0,1008.7
2023-04-30T10:47:11.683000+00:00,9070,121,1207,1.5,0,44.8,24.5,48.0,1008.7
2023-04-30T10:48:11.682000+00:00,9070,216,1207,1.0,0,44.8,24.6,48.0,1008.7
2023-04-30T10:49:11.681000+00:00,9070,65,1207,0.6,0,44.1,24.6,48.0,1008.7
2023-04-30T10:50:11.680000+00:00,9070,116,1207,1.3,0,43.7,24.7,48.0,1008.7
2023-04-30T10:51:11.679000+00:00,9070,341,1207,0.6,0,43.3,24.7,49.0,1008.7
2023-04-30T10:52:11.678000+00:00,9070,40,1207,1.3,0,42.8,24.6,49.0,1008.7
2023-04-30T10:53:11.692000+00:00,9070,19,1207,1.3,0,42.7,24.7,50.0,1008.7
2023-04-30T10:54:11.691000+00:00,9070,80,1207,1.2,0,41.5,24.6,51.0,1008.7
2023-04-30T10:55:11.784000+00:00,9070,43,1207,1.7,0,41.7,24.5,52.0,1008.7
2023-04-30T10:56:11.783000+00:00,9070,86,1207,1.5,0,41.9,24.4,52.0,1008.9
2023-04-30T10:57:11.797000+00:00,9070,76,1207,1.1,0,42.2,24.4,51.0,1008.9
2023-04-30T10:58:11.796000+00:00,9070,196,1207,1.1,0,42.2,24.4,50.0,1008.7
2023-04-30T10:59:11.795000+00:00,9070,340,1207,0.6,0,42.7,24.5,50.0,1008.7
2023-04-30T11:00:11.810000+00:00,9070,175,1207,0.6,0,42.7,24.6,50.0,1008.7
2023-04-30T11:01:11.808000+00:00,9070,193,1207,1.0,0,43.2,24.6,50.0,1008.7
2023-04-30T11:02:11.823000+00:00,9070,193,1207,2.0,0,43.8,24.6,50.0,1008.7
2023-04-30T11:03:11.822000+00:00,9070,245,1207,1.7,0,43.4,24.7,49.0,1008.9
2023-04-30T11:04:11.805000+00:00,9070,50,1207,0.8,0,43.4,24.9,49.0,1008.7
2023-04-30T11:05:11.804000+00:00,9070,195,1207,1.0,0,43.3,25.1,49.0,1008.7
2023-04-30T11:06:11.803000+00:00,9070,174,1207,2.2,0,43.3,25.0,50.0,1008.7
2023-04-30T11:07:11.818000+00:00,9070,222,1207,1.2,0,42.9,25.0,49.0,1008.7
2023-04-30T11:08:11.832000+00:00,9070,160,1207,1.3,0,43.1,25.0,49.0,1008.7
2023-04-30T11:09:11.815000+00:00,9070,16,1207,0.4,0,43.1,25.0,49.0,1008.7
2023-04-30T11:10:11.814000+00:00,9070,9,1207,1.0,0,43.1,24.9,49.0,1008.7
2023-04-30T11:11:11.829000+00:00,9070,233,1207,1.1,0,43.0,24.9,50.0,1008.7
2023-04-30T11:12:11.812000+00:00,9070,138,1207,0.8,0,43.2,25.0,50.0,1008.5
2023-04-30T11:13:11.811000+00:00,9070,275,1207,1.0,0,43.3,25.0,49.0,1008.5
2023-04-30T11:14:11.810000+00:00,9070,154,1207,0.6,0,43.3,24.8,49.0,1008.5
2023-04-30T11:15:11.809000+00:00,9070,21,1207,0.6,0,42.3,24.8,49.0,1008.5
2023-04-30T11:16:11.808000+00:00,9070,64,1207,1.5,0,41.6,24.8,50.0,1008.5
2023-04-30T11:17:11.807000+00:00,9070,0,1207,0.8,0,41.7,24.8,51.0,1008.5
2023-04-30T11:18:11.806000+00:00,9070,106,1207,0.8,0,41.7,25.0,50.0,1008.4
2023-04-30T11:19:11.805000+00:00,9070,295,1207,0.6,0,42.0,25.0,50.0,1008.5
2023-04-30T11:20:11.819000+00:00,9070,74,1207,0.8,0,42.2,25.0,49.0,1008.4
2023-04-30T11:21:11.865000+00:00,9070,148,1207,0.8,0,42.4,25.0,50.0,1008.2
2023-04-30T11:22:11.817000+00:00,9070,56,1207,0.8,0,42.7,25.2,48.0,1008.2
2023-04-30T11:23:11.816000+00:00,9070,23,1207,0.8,0,42.6,25.2,49.0,1008.2
2023-04-30T11:24:11.815000+00:00,9070,74,1207,1.1,0,41.0,25.1,50.0,1008.2
2023-04-30T11:25:11.814000+00:00,9070,26,1207,1.2,0,40.9,25.0,50.0,1008.2
2023-04-30T11:26:11.844000+00:00,9070,260,1207,1.3,0,41.0,24.8,51.0,1008.2
2023-04-30T11:27:11.843000+00:00,9070,343,1207,1.2,0,41.0,24.8,51.0,1008.2
2023-04-30T11:28:11.842000+00:00,9070,343,1207,1.2,0,41.0,24.8,51.0,1008.2
2023-04-30T11:29:11.856000+00:00,9070,226,1207,1.2,0,41.0,24.9,50.0,1008.0
2023-04-30T11:30:11.871000+00:00,9070,234,1207,1.0,0,41.7,25.0,50.0,1008.0
2023-04-30T11:31:11.870000+00:00,9070,64,1207,0.8,0,42.5,25.1,49.0,1008.0
2023-04-30T11:32:11.884000+00:00,9070,52,1207,1.8,0,42.8,25.1,49.0,1008.0
2023-04-30T11:33:11.883000+00:00,9070,34,1207,2.0,0,43.0,25.1,49.0,1008.0
2023-04-30T11:34:11.913000+00:00,9070,48,1207,0.5,0,43.0,25.0,48.0,1008.0
2023-04-30T11:35:11.912000+00:00,9070,47,1207,1.2,0,42.5,25.0,48.0,1008.0
2023-04-30T11:36:11.911000+00:00,9070,182,1207,1.2,0,42.5,25.1,48.0,1008.0
2023-04-30T11:37:11.910000+00:00,9070,65,1207,1.0,0,42.6,25.1,48.0,1008.0
2023-04-30T11:38:11.909000+00:00,9070,218,1207,1.0,0,42.6,25.1,48.0,1008.0
2023-04-30T11:39:11.908000+00:00,9070,290,1207,1.3,0,42.0,25.1,48.0,1008.0
2023-04-30T11:40:11.922000+00:00,9070,263,1207,1.3,0,41.9,25.2,48.0,1008.2
2023-04-30T11:41:11.921000+00:00,9070,0,1207,1.0,0,41.2,25.2,48.0,1008.2
2023-04-30T11:42:11.936000+00:00,9070,36,1207,0.6,0,41.0,25.3,48.0,1008.2
2023-04-30T11:43:11.935000+00:00,9070,48,1207,0.6,0,41.0,25.4,47.0,1008.2
2023-04-30T11:44:11.934000+00:00,9070,343,1207,1.0,0,40.8,25.4,48.0,1008.2
2023-04-30T11:45:11.933000+00:00,9070,0,1207,1.0,0,40.8,25.4,48.0,1008.2
2023-04-30T11:46:11.947000+00:00,9070,83,1207,0.0,0,41.4,25.4,47.0,1008.2
2023-04-30T11:47:11.930000+00:00,9070,16,1207,1.2,0,40.6,25.5,48.0,1008.4
2023-04-30T11:48:11.929000+00:00,9070,301,1207,0.8,0,40.3,25.4,48.0,1008.2
2023-04-30T11:49:11.944000+00:00,9070,95,1207,1.2,0,40.4,25.3,48.0,1008.2
2023-04-30T11:50:11.943000+00:00,9070,56,1207,1.3,0,40.9,25.3,48.0,1008.4
2023-04-30T11:51:11.942000+00:00,9070,66,1207,1.2,0,40.9,25.3,47.0,1008.2
2023-04-30T11:52:11.941000+00:00,9070,28,1207,0.6,0,40.5,25.4,48.0,1008.4
2023-04-30T11:53:11.940000+00:00,9070,62,1207,1.6,0,40.5,25.5,48.0,1008.2
2023-04-30T11:54:11.938000+00:00,9070,102,1207,1.2,0,40.5,25.6,48.0,1008.2
2023-04-30T11:55:11.937000+00:00,9070,0,1207,0.8,0,40.5,25.5,48.0,1008.4
2023-04-30T11:56:11.936000+00:00,9070,31,1207,0.5,0,40.5,25.5,47.0,1008.2
2023-04-30T11:57:11.935000+00:00,9070,62,1207,1.8,0,41.3,25.6,46.0,1008.2
2023-04-30T11:58:11.965000+00:00,9070,349,1207,1.3,0,41.0,25.6,47.0,1008.2
2023-04-30T11:59:11.949000+00:00,9070,0,1207,1.2,0,40.9,25.6,48.0,1008.2
2023-04-30T12:00:11.963000+00:00,9070,176,1207,0.8,0,40.7,25.5,47.0,1008.2
2023-04-30T12:01:11.946000+00:00,9070,75,1207,1.2,0,40.9,25.5,47.0,1008.2
2023-04-30T12:02:11.961000+00:00,9070,232,1207,0.8,0,40.7,25.5,48.0,1008.2
2023-04-30T12:03:11.991000+00:00,9070,15,1207,0.6,0,40.7,25.4,47.0,1008.2
2023-04-30T12:04:11.990000+00:00,9070,316,1207,1.1,0,40.3,25.4,47.0,1008.2
2023-04-30T12:05:11.989000+00:00,9070,147,1207,0.6,0,40.1,25.5,47.0,1008.2
2023-04-30T12:06:11.988000+00:00,9070,73,1207,1.0,0,40.1,25.5,47.0,1008.2
2023-04-30T12:07:12.002000+00:00,9070,91,1207,1.0,0,39.8,25.5,47.0,1008.2
2023-04-30T12:08:12.033000+00:00,9070,0,1207,1.0,0,39.4,25.4,48.0,1008.2
2023-04-30T12:09:12.032000+00:00,9070,93,1207,0.6,0,39.4,25.4,47.0,1008.2
2023-04-30T12:10:12.030000+00:00,9070,0,1207,0.8,0,39.4,25.5,48.0,1008.2
2023-04-30T12:11:12.045000+00:00,9070,288,1207,1.2,0,38.9,25.4,48.0,1008.2
2023-04-30T12:12:12.075000+00:00,9070,295,1207,0.8,0,39.1,25.4,48.0,1008.2
2023-04-30T12:13:12.058000+00:00,9070,30,1207,1.0,0,38.8,25.4,48.0,1008.2
2023-04-30T12:14:12.057000+00:00,9070,56,1207,1.3,0,38.8,25.3,48.0,1008.4
2023-04-30T12:15:12.072000+00:00,9070,190,1207,1.0,0,38.8,25.3,48.0,1008.2
2023-04-30T12:16:12.071000+00:00,9070,78,1207,0.8,0,39.1,25.3,47.0,1008.4
2023-04-30T12:17:12.070000+00:00,9070,46,1207,1.5,0,38.9,25.5,47.0,1008.4
2023-04-30T12:18:12.069000+00:00,9070,79,1207,0.8,0,38.0,25.5,48.0,1008.4
2023-04-30T12:19:12.068000+00:00,9070,46,1207,0.5,0,37.6,25.4,48.0,1008.4
2023-04-30T12:20:12.066000+00:00,9070,113,1207,0.8,0,38.0,25.4,48.0,1008.2
2023-04-30T12:21:12.066000+00:00,9070,158,1207,0.8,0,38.0,25.2,48.0,1008.4
2023-04-30T12:22:12.080000+00:00,9070,0,1207,1.0,0,37.7,25.2,48.0,1008.4
2023-04-30T12:23:12.063000+00:00,9070,235,1207,0.8,0,37.5,25.3,48.0,1008.5
2023-04-30T12:24:12.062000+00:00,9070,201,1207,1.1,0,37.5,25.3,48.0,1008.5
2023-04-30T12:25:12.061000+00:00,9070,123,1207,1.0,0,37.3,25.3,47.0,1008.5
2023-04-30T12:26:12.076000+00:00,9070,148,1207,0.8,0,37.1,25.3,47.0,1008.5
2023-04-30T12:27:12.075000+00:00,9070,0,1207,1.1,0,37.0,25.2,48.0,1008.5
2023-04-30T12:28:12.058000+00:00,9070,204,1207,1.0,0,36.5,25.1,48.0,1008.5
2023-04-30T12:29:12.072000+00:00,9070,194,1207,1.2,0,36.5,25.0,49.0,1008.5
2023-04-30T12:30:12.071000+00:00,9070,221,1207,2.0,0,36.2,25.0,49.0,1008.7
2023-04-30T12:31:12.070000+00:00,9070,217,1207,1.6,0,35.8,24.9,50.0,1008.7
2023-04-30T12:32:12.069000+00:00,9070,191,1207,1.6,0,35.8,24.8,50.0,1008.7
2023-04-30T12:33:12.068000+00:00,9070,210,1207,1.1,0,35.6,24.8,50.0,1008.9
2023-04-30T12:34:12.067000+00:00,9070,150,1207,1.2,0,35.6,24.8,50.0,1008.7
2023-04-30T12:35:12.050000+00:00,9070,190,1207,1.3,0,35.1,24.8,51.0,1008.9
2023-04-30T12:36:12.065000+00:00,9070,223,1207,1.7,0,35.1,24.7,51.0,1009.0
2023-04-30T12:37:12.064000+00:00,9070,201,1207,1.7,0,35.1,24.7,51.0,1009.0
2023-04-30T12:38:12.063000+00:00,9070,219,1207,0.8,0,34.8,24.6,51.0,1009.0
2023-04-30T12:39:12.171000+00:00,9070,191,1207,2.0,0,34.8,24.6,51.0,1009.2
2023-04-30T12:40:12.061000+00:00,9070,24,1207,0.6,0,34.5,24.6,51.0,1009.2
2023-05-07T18:31:25.241000+00:00,9078,134,1208,4.0,0,36.5,27.2,60.0,1019.0
2023-05-07T18:32:25.240000+00:00,9078,146,1208,3.9,0,47.5,27.3,60.0,1019.0
2023-05-07T18:33:25.239000+00:00,9078,103,1208,4.0,0,49.7,27.4,58.0,1019.0
2023-05-07T18:34:25.239000+00:00,9078,123,1208,3.7,0,49.3,27.4,58.0,1019.0
2023-05-07T18:35:25.238000+00:00,9078,142,1208,4.4,0,50.7,27.4,57.0,1019.0
2023-05-07T18:36:25.237000+00:00,9078,131,1208,4.4,0,51.0,27.6,57.0,1019.0
2023-05-07T18:37:25.237000+00:00,9078,99,1208,4.9,0,51.0,27.7,58.0,1018.9
2023-05-07T18:38:25.236000+00:00,9078,108,1208,3.2,0,46.9,27.7,58.0,1018.9
2023-05-07T18:39:25.282000+00:00,9078,83,1208,3.0,0,46.9,27.8,57.0,1019.0
2023-05-07T18:40:25.234000+00:00,9078,119,1208,3.5,0,47.4,27.8,57.0,1018.7
2023-05-07T18:41:25.218000+00:00,9078,101,1208,3.0,0,52.5,27.7,58.0,1018.7
2023-05-07T18:42:25.233000+00:00,9078,136,1208,2.4,0,52.5,27.8,58.0,1018.7
2023-05-07T18:43:25.232000+00:00,9078,132,1208,3.7,0,51.4,27.8,57.0,1018.7
2023-05-07T18:44:25.247000+00:00,9078,131,1208,3.0,0,43.2,27.8,58.0,1018.7
2023-05-07T18:45:25.231000+00:00,9078,133,1208,4.0,0,41.0,27.7,57.0,1018.7
2023-05-07T18:46:25.246000+00:00,9078,113,1208,4.9,0,37.4,27.6,58.0,1018.7
2023-05-07T18:47:25.230000+00:00,9078,146,1208,4.5,0,36.4,27.4,58.0,1018.7
2023-05-07T18:48:25.229000+00:00,9078,137,1208,3.2,0,34.9,27.3,58.0,1018.9
2023-05-07T18:49:25.228000+00:00,9078,146,1208,4.6,0,34.8,27.2,57.0,1018.7
2023-05-07T18:50:25.228000+00:00,9078,131,1208,4.5,0,35.5,27.1,58.0,1018.7
2023-05-07T18:51:25.227000+00:00,9078,129,1208,3.4,0,36.3,27.0,59.0,1018.7
2023-05-07T18:52:25.242000+00:00,9078,143,1208,4.5,0,36.3,27.1,59.0,1018.7
2023-05-07T18:53:25.241000+00:00,9078,147,1208,5.5,0,36.4,27.2,59.0,1018.7
2023-05-07T18:54:25.241000+00:00,9078,141,1208,5.4,0,35.7,27.0,59.0,1018.7
2023-05-07T18:55:25.240000+00:00,9078,137,1208,4.5,0,36.1,26.8,61.0,1018.7
2023-05-07T18:56:25.239000+00:00,9078,142,1208,3.5,0,35.9,26.9,60.0,1018.7
2023-05-07T18:57:25.239000+00:00,9078,108,1208,4.1,0,35.9,26.9,61.0,1018.7
2023-05-07T18:58:25.253000+00:00,9078,136,1208,3.4,0,36.1,26.9,61.0,1018.7
2023-05-07T18:59:25.300000+00:00,9078,125,1208,3.5,0,35.5,26.9,60.0,1018.7
2023-05-07T19:00:25.252000+00:00,9078,111,1208,3.7,0,36.2,27.0,60.0,1018.7
2023-05-07T19:01:25.267000+00:00,9078,128,1208,3.0,0,35.1,27.0,60.0,1018.7
2023-05-07T19:02:25.282000+00:00,9078,136,1208,3.5,0,35.6,27.0,60.0,1018.7
2023-05-07T19:03:25.297000+00:00,9078,129,1208,3.9,0,35.6,27.0,60.0,1018.7
2023-05-07T19:04:25.312000+00:00,9078,116,1208,4.5,0,35.9,26.9,60.0,1018.7
2023-05-07T19:05:25.327000+00:00,9078,132,1208,4.6,0,35.2,26.9,60.0,1018.7
2023-05-07T19:06:25.326000+00:00,9078,127,1208,3.9,0,35.2,26.8,60.0,1018.7
2023-05-07T19:07:25.325000+00:00,9078,112,1208,3.7,0,36.0,26.7,60.0,1018.7
2023-05-07T19:08:25.340000+00:00,9078,130,1208,3.2,0,36.5,26.7,61.0,1018.7
2023-05-07T19:09:25.340000+00:00,9078,139,1208,3.2,0,35.1,26.7,61.0,1018.7
2023-05-07T19:10:25.323000+00:00,9078,111,1208,4.1,0,35.1,26.7,60.0,1018.7
2023-05-07T19:11:25.338000+00:00,9078,140,1208,3.4,0,35.2,26.7,60.0,1018.7
2023-05-07T19:12:25.322000+00:00,9078,126,1208,3.5,0,36.3,26.6,60.0,1018.7
2023-05-07T19:13:25.353000+00:00,9078,142,1208,2.2,0,36.3,26.7,60.0,1018.7
2023-05-07T19:14:25.368000+00:00,9078,94,1208,3.0,0,37.7,26.8,60.0,1018.5
2023-05-07T19:15:25.398000+00:00,9078,124,1208,2.5,0,39.8,26.9,61.0,1018.7
2023-05-07T19:16:25.366000+00:00,9078,144,1208,4.0,0,41.1,26.9,60.0,1018.7
2023-05-07T19:17:25.365000+00:00,9078,134,1208,4.3,0,39.6,27.0,61.0,1018.7
2023-05-07T19:18:25.365000+00:00,9078,123,1208,4.8,0,39.9,27.0,61.0,1018.5
2023-05-07T19:19:25.364000+00:00,9078,141,1208,4.8,0,41.4,27.1,60.0,1018.5
2023-05-07T19:20:25.363000+00:00,9078,142,1208,7.6,0,42.5,27.2,60.0,1018.5
2023-05-07T19:21:25.363000+00:00,9078,136,1208,3.7,0,44.1,27.1,62.0,1018.7
2023-05-07T19:22:25.362000+00:00,9078,132,1208,5.5,0,44.1,27.1,61.0,1018.7
2023-05-07T19:23:25.361000+00:00,9078,154,1208,4.0,0,40.8,27.1,61.0,1018.7
2023-05-07T19:24:25.361000+00:00,9078,123,1208,4.0,0,38.2,27.1,61.0,1018.7
2023-05-07T19:25:25.360000+00:00,9078,141,1208,4.0,0,36.2,27.1,61.0,1018.5
2023-05-07T19:26:25.359000+00:00,9078,106,1208,4.0,0,35.2,27.0,61.0,1018.7
2023-05-07T19:27:25.359000+00:00,9078,136,1208,3.2,0,35.2,26.9,61.0,1018.7
2023-05-07T19:28:25.358000+00:00,9078,142,1208,4.8,0,34.9,26.9,60.0,1018.5
2023-05-07T19:29:25.357000+00:00,9078,131,1208,5.8,0,34.3,26.8,60.0,1018.7
2023-05-07T19:30:25.357000+00:00,9078,123,1208,3.5,0,34.2,26.7,62.0,1018.5
2023-05-07T19:31:25.372000+00:00,9078,140,1208,4.4,0,34.2,26.8,61.0,1018.5
2023-05-07T19:32:25.387000+00:00,9078,138,1208,4.9,0,34.3,26.7,60.0,1018.7
2023-05-07T19:33:25.355000+00:00,9078,146,1208,6.9,0,33.8,26.6,61.0,1018.5
2023-05-07T19:34:25.370000+00:00,9078,147,1208,4.0,0,33.8,26.6,61.0,1018.5
2023-05-07T19:35:25.369000+00:00,9078,139,1208,3.5,0,33.7,26.6,62.0,1018.5
2023-05-07T19:36:25.368000+00:00,9078,124,1208,3.7,0,33.7,26.6,61.0,1018.5
2023-05-07T19:37:25.368000+00:00,9078,128,1208,4.1,0,33.9,26.7,60.0,1018.5
2023-05-07T19:38:25.367000+00:00,9078,136,1208,5.0,0,33.9,26.7,60.0,1018.4
2023-05-07T19:39:25.366000+00:00,9078,158,1208,4.8,0,33.9,26.9,59.0,1018.5
2023-05-07T19:40:25.350000+00:00,9078,130,1208,4.5,0,34.5,26.9,60.0,1018.5
2023-05-07T19:41:25.365000+00:00,9078,128,1208,5.5,0,35.2,26.9,60.0,1018.5
2023-05-07T19:42:25.364000+00:00,9078,122,1208,3.7,0,35.2,27.0,59.0,1018.5
2023-05-07T19:43:25.363000+00:00,9078,147,1208,3.2,0,35.5,27.2,60.0,1018.5
2023-05-07T19:44:25.363000+00:00,9078,128,1208,2.2,0,35.6,27.3,59.0,1018.5
2023-05-07T19:45:25.378000+00:00,9078,134,1208,4.0,0,35.8,27.3,59.0,1018.5
2023-05-07T19:46:25.361000+00:00,9078,129,1208,3.7,0,37.4,27.5,57.0,1018.5
2023-05-07T19:47:25.361000+00:00,9078,132,1208,3.0,0,37.6,27.5,57.0,1018.4
2023-05-07T19:48:25.360000+00:00,9078,107,1208,3.0,0,37.9,27.7,55.0,1018.2
2023-05-07T19:49:25.359000+00:00,9078,155,1208,4.4,0,37.9,27.6,57.0,1018.4
2023-05-07T19:50:25.359000+00:00,9078,137,1208,3.7,0,36.5,27.6,58.0,1018.4
2023-05-07T19:51:25.358000+00:00,9078,134,1208,3.7,0,35.5,27.6,59.0,1018.4
2023-05-07T19:52:25.357000+00:00,9078,137,1208,4.5,0,35.5,27.5,59.0,1018.4
2023-05-07T19:53:25.372000+00:00,9078,130,1208,4.6,0,35.0,27.3,60.0,1018.4
2023-05-07T19:54:25.356000+00:00,9078,139,1208,2.9,0,34.5,27.1,60.0,1018.4
2023-05-07T19:55:25.371000+00:00,9078,132,1208,3.5,0,34.5,27.2,60.0,1018.5
2023-05-07T19:56:25.370000+00:00,9078,138,1208,4.6,0,34.4,27.3,60.0,1018.2
2023-05-07T19:57:25.370000+00:00,9078,139,1208,5.1,0,34.4,27.2,60.0,1018.4
2023-05-07T19:58:25.384000+00:00,9078,144,1208,5.4,0,33.7,27.1,61.0,1018.2
2023-05-07T19:59:25.368000+00:00,9078,127,1208,3.7,0,33.7,27.1,61.0,1018.4
2023-05-07T20:00:25.368000+00:00,9078,120,1208,4.4,0,34.3,27.2,61.0,1018.2
2023-05-07T20:01:25.367000+00:00,9078,137,1208,3.0,0,34.8,27.2,60.0,1018.4
2023-05-07T20:02:25.366000+00:00,9078,147,1208,4.8,0,35.0,27.2,60.0,1018.2
2023-05-07T20:03:25.365000+00:00,9078,151,1208,3.9,0,34.8,27.1,61.0,1018.4
2023-05-07T20:04:25.365000+00:00,9078,139,1208,3.4,0,34.4,27.1,61.0,1018.2
2023-05-07T20:05:25.364000+00:00,9078,113,1208,3.0,0,34.3,27.1,60.0,1018.2
2023-05-07T20:06:25.363000+00:00,9078,125,1208,4.4,0,34.5,27.0,60.0,1018.2
2023-05-07T20:07:25.363000+00:00,9078,113,1208,5.5,0,35.0,27.1,61.0,1018.2
2023-05-07T20:08:25.378000+00:00,9078,136,1208,4.1,0,36.0,27.2,60.0,1018.4
2023-05-07T20:09:25.361000+00:00,9078,117,1208,4.3,0,36.5,27.2,60.0,1018.2
2023-05-07T20:10:25.361000+00:00,9078,142,1208,5.4,0,36.6,27.2,60.0,1018.2
2023-05-07T20:11:25.360000+00:00,9078,280,1208,3.0,0,37.0,27.3,60.0,1018.2
2023-05-07T20:12:25.359000+00:00,9078,141,1208,2.4,0,37.1,27.4,61.0,1018.2
2023-05-07T20:13:25.390000+00:00,9078,145,1208,3.0,0,37.2,27.5,61.0,1018.0
2023-05-07T20:14:25.374000+00:00,9078,114,1208,3.0,0,38.0,27.5,61.0,1018.2
2023-05-07T20:15:25.358000+00:00,9078,129,1208,3.7,0,38.0,27.6,60.0,1018.2
2023-05-07T20:16:25.357000+00:00,9078,109,1208,3.5,0,38.5,27.7,59.0,1018.2
2023-05-07T20:17:25.356000+00:00,9078,142,1208,4.3,0,38.5,27.6,58.0,1018.2
2023-05-07T20:18:25.371000+00:00,9078,152,1208,4.4,0,37.2,27.5,58.0,1018.2
2023-05-07T20:19:25.355000+00:00,9078,145,1208,3.2,0,36.3,27.5,59.0,1018.2
2023-05-07T20:20:25.370000+00:00,9078,145,1208,3.7,0,35.9,27.4,59.0,1018.2
2023-05-07T20:21:25.369000+00:00,9078,160,1208,4.5,0,36.0,27.5,59.0,1018.2
2023-05-07T20:22:25.368000+00:00,9078,133,1208,4.0,0,35.8,27.5,59.0,1018.2
2023-05-07T20:23:25.368000+00:00,9078,144,1208,3.5,0,35.5,27.4,59.0,1018.2
2023-05-07T20:24:25.367000+00:00,9078,139,1208,4.1,0,35.2,27.3,58.0,1018.2
2023-05-07T20:25:25.397000+00:00,9078,144,1208,4.6,0,34.9,27.3,58.0,1018.0
2023-05-07T20:26:25.366000+00:00,9078,145,1208,4.5,0,34.4,27.2,59.0,1018.2
2023-05-07T20:27:25.365000+00:00,9078,128,1208,3.7,0,34.3,27.0,60.0,1018.0
2023-05-07T20:28:25.364000+00:00,9078,142,1208,3.7,0,34.6,26.9,59.0,1018.0
2023-05-07T20:29:25.363000+00:00,9078,133,1208,4.3,0,34.8,26.9,58.0,1018.0
2023-05-07T20:30:25.363000+00:00,9078,135,1208,3.7,0,34.6,27.0,59.0,1018.0
2023-05-07T20:31:25.378000+00:00,9078,125,1208,3.5,0,34.6,27.0,60.0,1018.0
2023-05-07T20:32:25.361000+00:00,9078,135,1208,4.6,0,35.3,27.0,58.0,1018.0
2023-05-07T20:33:25.376000+00:00,9078,148,1208,4.3,0,35.5,26.9,59.0,1018.0
2023-05-07T20:34:25.360000+00:00,9078,131,1208,4.5,0,35.2,26.8,59.0,1018.0
2023-05-07T20:35:25.359000+00:00,9078,148,1208,4.0,0,34.5,26.9,59.0,1018.0
2023-05-07T20:36:25.359000+00:00,9078,154,1208,4.8,0,34.5,26.9,60.0,1018.0
2023-05-07T20:37:25.358000+00:00,9078,144,1208,2.7,0,34.1,26.9,60.0,1018.0
2023-05-07T20:38:25.373000+00:00,9078,148,1208,4.4,0,33.6,26.8,60.0,1017.9
2023-05-07T20:39:25.357000+00:00,9078,143,1208,4.0,0,33.3,26.7,60.0,1018.0
2023-05-07T20:40:25.356000+00:00,9078,159,1208,4.6,0,33.5,26.7,60.0,1018.0
2023-05-07T20:41:25.355000+00:00,9078,158,1208,4.3,0,33.3,26.7,60.0,1018.0
2023-05-07T20:42:25.370000+00:00,9078,150,1208,4.9,0,32.9,26.8,61.0,1018.0
2023-05-07T20:43:25.370000+00:00,9078,142,1208,3.2,0,33.0,26.8,61.0,1018.0
2023-05-07T20:44:25.369000+00:00,9078,142,1208,4.4,0,35.1,27.0,60.0,1017.9
2023-05-07T20:45:25.384000+00:00,9078,140,1208,4.4,0,35.1,27.1,59.0,1017.9
2023-05-07T20:46:25.368000+00:00,9078,126,1208,5.9,0,34.8,27.3,58.0,1017.9
2023-05-07T20:47:25.383000+00:00,9078,128,1208,4.4,0,34.2,27.1,58.0,1018.0
2023-05-07T20:48:25.366000+00:00,9078,143,1208,5.0,0,33.4,27.0,58.0,1018.0
2023-05-07T20:49:25.366000+00:00,9078,122,1208,3.7,0,33.3,27.0,59.0,1018.0
2023-05-07T20:50:25.365000+00:00,9078,138,1208,2.7,0,33.8,27.0,59.0,1018.0
2023-05-07T20:51:25.364000+00:00,9078,136,1208,4.0,0,33.8,27.1,58.0,1018.0
2023-05-07T20:52:25.364000+00:00,9078,135,1208,3.2,0,33.4,27.1,59.0,1017.9
2023-05-07T20:53:25.363000+00:00,9078,142,1208,5.0,0,33.4,27.0,59.0,1017.9
2023-05-07T20:54:25.362000+00:00,9078,120,1208,3.9,0,33.3,27.0,58.0,1017.7
2023-05-07T20:55:25.362000+00:00,9078,118,1208,3.5,0,33.1,26.9,59.0,1017.9
2023-05-07T20:56:25.361000+00:00,9078,127,1208,3.5,0,32.9,26.9,58.0,1017.9
2023-05-07T20:57:25.360000+00:00,9078,136,1208,4.0,0,32.9,26.9,58.0,1017.9
2023-05-07T20:58:25.360000+00:00,9078,126,1208,4.5,0,32.9,27.0,59.0,1017.7
2023-05-07T20:59:25.359000+00:00,9078,141,1208,3.7,0,32.8,27.0,59.0,1017.9
2023-05-07T21:00:25.374000+00:00,9078,154,1208,3.7,0,32.8,27.1,59.0,1017.7
2023-05-07T21:01:25.373000+00:00,9078,136,1208,3.0,0,33.1,27.1,60.0,1017.9
2023-05-07T21:02:25.357000+00:00,9078,127,1208,3.4,0,33.1,27.1,59.0,1017.7
2023-05-07T21:03:25.372000+00:00,9078,143,1208,3.0,0,33.6,27.1,58.0,1017.9
2023-05-07T21:04:25.371000+00:00,9078,354,1208,1.7,0,33.9,27.2,58.0,1017.7
2023-05-07T21:05:25.371000+00:00,9078,113,1208,1.3,0,34.1,27.1,57.0,1017.7
2023-05-28T12:01:43.398000+00:00,9094,149,1210,1.0,0,47.4,25.8,39.0,1013.7
2023-05-28T12:02:43.397000+00:00,9094,158,1210,1.0,0,48.2,25.8,40.0,1013.7
2023-05-28T12:03:43.395000+00:00,9094,137,1210,1.0,0,48.2,25.8,41.0,1013.7
2023-05-28T12:04:43.394000+00:00,9094,0,1210,0.8,0,48.3,25.8,41.0,1013.7
2023-05-28T12:05:43.409000+00:00,9094,0,1210,0.5,0,48.3,25.8,41.0,1013.7
2023-05-28T12:06:43.408000+00:00,9094,288,1210,0.0,0,47.4,25.8,41.0,1013.7
2023-05-28T12:07:43.422000+00:00,9094,334,1210,0.6,0,47.2,25.9,41.0,1013.5
2023-05-28T12:08:43.406000+00:00,9094,151,1210,0.6,0,48.3,26.0,40.0,1013.7
2023-05-28T12:09:43.405000+00:00,9094,324,1210,1.0,0,48.3,26.0,39.0,1013.7
2023-05-28T12:10:43.404000+00:00,9094,216,1210,0.6,0,47.2,26.0,40.0,1013.5
2023-05-28T12:11:43.403000+00:00,9094,277,1210,0.4,0,47.0,26.0,41.0,1013.5
2023-05-28T12:12:43.417000+00:00,9094,0,1210,0.5,0,47.3,26.0,40.0,1013.7
2023-05-28T12:13:43.432000+00:00,9094,296,1210,0.5,0,47.3,25.9,41.0,1013.5
2023-05-28T12:14:43.446000+00:00,9094,128,1210,0.8,0,47.0,25.9,41.0,1013.7
2023-05-28T12:15:43.445000+00:00,9094,341,1210,0.8,0,47.0,25.9,41.0,1013.5
2023-05-28T12:16:43.444000+00:00,9094,245,1210,0.6,0,47.5,25.9,42.0,1013.5
2023-05-28T12:17:43.443000+00:00,9094,332,1210,0.5,0,47.6,25.8,42.0,1013.5
2023-05-28T12:18:43.473000+00:00,9094,167,1210,0.6,0,47.3,25.9,41.0,1013.4
2023-05-28T12:19:43.472000+00:00,9094,0,1210,0.4,0,47.8,26.1,41.0,1013.5
2023-05-28T12:20:43.487000+00:00,9094,349,1210,0.6,0,47.9,26.0,41.0,1013.5
2023-05-28T12:21:43.486000+00:00,9094,328,1210,0.5,0,48.2,25.9,41.0,1013.4
2023-05-28T12:22:43.485000+00:00,9094,303,1210,1.0,0,47.9,25.8,41.0,1013.5
2023-05-28T12:23:43.484000+00:00,9094,69,1210,0.8,0,47.6,25.6,41.0,1013.4
2023-05-28T12:24:43.483000+00:00,9094,321,1210,1.5,0,47.5,25.6,41.0,1013.4
2023-05-28T12:25:43.482000+00:00,9094,35,1210,0.6,0,47.5,25.6,42.0,1013.5
2023-05-28T12:26:43.527000+00:00,9094,122,1210,0.8,0,47.5,25.7,43.0,1013.4
2023-05-28T12:27:43.495000+00:00,9094,123,1210,0.8,0,47.8,25.9,41.0,1013.5
2023-05-28T12:28:43.494000+00:00,9094,81,1210,0.8,0,48.0,26.0,41.0,1013.5
2023-05-28T12:29:43.509000+00:00,9094,150,1210,0.6,0,48.2,26.2,41.0,1013.5
2023-05-28T12:30:43.523000+00:00,9094,29,1210,1.2,0,47.7,26.3,42.0,1013.5
2023-05-28T12:31:43.554000+00:00,9094,100,1210,0.8,0,47.5,26.1,43.0,1013.4
2023-05-28T12:32:43.552000+00:00,9094,301,1210,0.4,0,47.5,26.0,43.0,1013.5
2023-05-28T12:33:43.567000+00:00,9094,302,1210,1.1,0,47.8,26.0,42.0,1013.4
2023-05-28T12:34:43.566000+00:00,9094,301,1210,1.0,0,47.6,26.1,42.0,1013.5
2023-05-28T12:35:43.565000+00:00,9094,63,1210,0.8,0,47.5,26.1,41.0,1013.4
2023-05-28T12:36:43.595000+00:00,9094,305,1210,0.6,0,47.0,26.0,42.0,1013.4
2023-05-28T12:37:43.578000+00:00,9094,11,1210,1.1,0,47.0,26.0,41.0,1013.5
2023-05-28T12:38:43.577000+00:00,9094,291,1210,0.6,0,46.7,26.0,42.0,1013.4
2023-05-28T12:39:43.576000+00:00,9094,82,1210,1.2,0,46.5,26.0,42.0,1013.5
2023-05-28T12:40:43.591000+00:00,9094,12,1210,0.8,0,46.5,26.0,43.0,1013.4
2023-05-28T12:41:43.621000+00:00,9094,143,1210,0.6,0,46.6,25.9,42.0,1013.5
2023-05-28T12:42:43.604000+00:00,9094,132,1210,0.6,0,46.9,25.9,42.0,1013.5
2023-05-28T12:43:43.603000+00:00,9094,167,1210,1.5,0,46.3,26.0,42.0,1013.5
2023-05-28T12:44:43.618000+00:00,9094,119,1210,0.6,0,46.2,25.8,43.0,1013.5
2023-05-28T12:45:43.616000+00:00,9094,270,1210,0.6,0,45.7,25.7,43.0,1013.5
2023-05-28T12:46:43.615000+00:00,9094,152,1210,0.6,0,45.7,25.6,43.0,1013.5
2023-05-28T12:47:43.630000+00:00,9094,138,1210,0.8,0,45.5,25.5,42.0,1013.5
2023-05-28T12:48:43.629000+00:00,9094,0,1210,1.2,0,45.5,25.3,43.0,1013.5
2023-05-28T12:49:43.628000+00:00,9094,134,1210,0.8,0,45.4,25.3,43.0,1013.5
2023-05-28T12:50:43.642000+00:00,9094,291,1210,0.5,0,44.8,25.2,43.0,1013.5
2023-05-28T12:51:43.641000+00:00,9094,51,1210,0.6,0,44.7,25.2,44.0,1013.5
2023-05-28T12:52:43.656000+00:00,9094,154,1210,1.2,0,44.5,25.2,44.0,1013.5
2023-05-28T12:53:43.655000+00:00,9094,0,1210,1.2,0,44.3,25.3,44.0,1013.5
2023-05-28T12:54:43.654000+00:00,9094,154,1210,1.2,0,44.3,25.3,44.0,1013.4
2023-05-28T12:55:43.668000+00:00,9094,0,1210,0.8,0,44.0,25.4,44.0,1013.5
2023-05-28T12:56:43.667000+00:00,9094,133,1210,0.3,0,43.7,25.3,45.0,1013.5
2023-05-28T12:57:43.698000+00:00,9094,0,1210,1.0,0,43.3,25.3,44.0,1013.5
2023-05-28T12:58:43.696000+00:00,9094,296,1210,0.8,0,43.0,25.3,45.0,1013.4
2023-05-28T12:59:43.695000+00:00,9094,298,1210,1.0,0,43.0,25.3,44.0,1013.4
2023-05-28T13:00:43.694000+00:00,9094,125,1210,0.8,0,42.9,25.3,44.0,1013.4
2023-05-28T13:01:43.693000+00:00,9094,155,1210,0.5,0,42.3,25.2,44.0,1013.4
2023-05-28T13:02:43.693000+00:00,9094,94,1210,0.4,0,42.3,25.1,44.0,1013.5
2023-05-28T13:03:43.691000+00:00,9094,153,1210,0.8,0,43.1,25.2,44.0,1013.4
2023-05-28T13:04:43.690000+00:00,9094,48,1210,1.0,0,43.1,25.2,44.0,1013.4
2023-05-28T13:05:43.705000+00:00,9094,66,1210,0.8,0,42.8,25.2,45.0,1013.5
2023-05-28T13:06:43.688000+00:00,9094,18,1210,1.0,0,42.8,25.3,45.0,1013.4
2023-05-28T13:07:43.687000+00:00,9094,115,1210,1.0,0,42.8,25.4,45.0,1013.5
2023-05-28T13:08:43.686000+00:00,9094,161,1210,1.3,0,42.4,25.5,44.0,1013.5
2023-05-28T13:09:43.685000+00:00,9094,132,1210,1.0,0,42.4,25.4,44.0,1013.5
2023-05-28T13:10:43.699000+00:00,9094,76,1210,0.8,0,41.6,25.4,44.0,1013.5
2023-05-28T13:11:43.698000+00:00,9094,50,1210,0.6,0,41.4,25.4,44.0,1013.5
2023-05-28T13:12:43.697000+00:00,9094,359,1210,0.8,0,40.9,25.4,44.0,1013.5
2023-05-28T13:13:43.696000+00:00,9094,147,1210,1.2,0,41.0,25.4,44.0,1013.5
2023-05-28T13:14:43.695000+00:00,9094,140,1210,1.2,0,41.2,25.5,43.0,1013.5
2023-05-28T13:15:43.694000+00:00,9094,137,1210,2.2,0,40.9,25.5,42.0,1013.5
2023-05-28T13:16:43.693000+00:00,9094,142,1210,1.2,0,40.2,25.4,43.0,1013.5
2023-05-28T13:17:43.676000+00:00,9094,1,1210,0.6,0,40.0,25.3,44.0,1013.5
2023-05-28T13:18:43.691000+00:00,9094,0,1210,1.7,0,40.0,25.3,44.0,1013.5
2023-05-28T13:19:43.690000+00:00,9094,136,1210,0.6,0,40.1,25.4,43.0,1013.5
2023-05-28T13:20:43.689000+00:00,9094,146,1210,1.2,0,40.1,25.4,43.0,1013.5
2023-05-28T13:21:43.688000+00:00,9094,148,1210,0.8,0,39.9,25.3,43.0,1013.5
2023-05-28T13:22:43.718000+00:00,9094,134,1210,1.6,0,39.9,25.3,44.0,1013.7
2023-05-28T13:23:43.686000+00:00,9094,129,1210,0.8,0,39.5,25.3,44.0,1013.5
2023-05-28T13:24:43.700000+00:00,9094,168,1210,0.8,0,39.5,25.3,44.0,1013.5
2023-05-28T13:25:43.699000+00:00,9094,145,1210,0.8,0,39.8,25.2,44.0,1013.5
2023-05-28T13:26:43.698000+00:00,9094,104,1210,1.5,0,39.8,25.3,43.0,1013.5
2023-05-28T13:27:43.713000+00:00,9094,132,1210,0.6,0,39.9,25.3,42.0,1013.5
2023-05-28T13:28:43.727000+00:00,9094,142,1210,1.2,0,39.9,25.3,42.0,1013.5
2023-05-28T13:29:43.742000+00:00,9094,91,1210,2.0,0,39.7,25.3,43.0,1013.5
2023-05-28T13:30:43.756000+00:00,9094,154,1210,1.3,0,39.2,25.4,43.0,1013.5
2023-05-28T13:31:43.755000+00:00,9094,125,1210,1.6,0,39.1,25.4,43.0,1013.5
2023-05-28T13:32:43.770000+00:00,9094,151,1210,1.2,0,39.1,25.3,43.0,1013.4
2023-05-28T13:33:43.784000+00:00,9094,141,1210,1.1,0,39.0,25.4,42.0,1013.4
2023-05-28T13:34:43.799000+00:00,9094,140,1210,1.5,0,39.0,25.4,42.0,1013.2
2023-05-28T13:35:43.813000+00:00,9094,152,1210,1.8,0,38.8,25.4,42.0,1013.4
2023-05-28T13:36:43.828000+00:00,9094,132,1210,1.2,0,38.6,25.3,42.0,1013.2
2023-05-28T13:37:43.827000+00:00,9094,131,1210,0.6,0,38.8,25.3,42.0,1013.2
2023-05-28T13:38:43.826000+00:00,9094,158,1210,1.2,0,39.1,25.4,42.0,1013.4
2023-05-28T13:39:43.825000+00:00,9094,134,1210,1.0,0,39.1,25.4,41.0,1013.2
2023-05-28T13:40:43.824000+00:00,9094,166,1210,0.8,0,38.9,25.4,41.0,1013.2
2023-05-28T13:41:43.823000+00:00,9094,81,1210,1.1,0,38.8,25.5,41.0,1013.2
2023-05-28T13:42:43.822000+00:00,9094,168,1210,0.8,0,38.6,25.6,41.0,1013.4
2023-05-28T13:43:43.820000+00:00,9094,110,1210,1.0,0,38.4,25.6,40.0,1013.4
2023-05-28T13:44:43.819000+00:00,9094,137,1210,1.0,0,38.4,25.6,40.0,1013.5
2023-05-28T13:45:43.818000+00:00,9094,156,1210,1.0,0,38.4,25.6,40.0,1013.4
2023-05-28T13:46:43.833000+00:00,9094,147,1210,1.2,0,38.4,25.5,41.0,1013.5
2023-05-28T13:47:43.832000+00:00,9094,92,1210,1.0,0,37.9,25.5,41.0,1013.4
2023-05-28T13:48:43.846000+00:00,9094,174,1210,1.1,0,37.9,25.5,41.0,1013.4
2023-05-28T13:49:43.845000+00:00,9094,154,1210,1.6,0,37.9,25.4,41.0,1013.4
2023-05-28T13:50:43.860000+00:00,9094,145,1210,1.1,0,37.6,25.3,41.0,1013.4
2023-05-28T13:51:43.890000+00:00,9094,140,1210,1.3,0,37.5,25.3,41.0,1013.2
2023-05-28T13:52:43.873000+00:00,9094,67,1210,0.6,0,36.8,25.3,41.0,1013.4
2023-05-28T13:53:43.888000+00:00,9094,158,1210,1.2,0,36.8,25.3,41.0,1013.4
2023-05-28T13:54:43.902000+00:00,9094,143,1210,1.0,0,36.7,25.3,41.0,1013.2
2023-05-28T13:55:43.917000+00:00,9094,152,1210,1.2,0,36.8,25.3,41.0,1013.4
2023-05-28T13:56:43.916000+00:00,9094,139,1210,1.2,0,36.5,25.3,42.0,1013.2
2023-05-28T13:57:43.930000+00:00,9094,109,1210,1.2,0,36.5,25.3,41.0,1013.2
2023-05-28T13:58:43.945000+00:00,9094,151,1210,0.8,0,36.4,25.2,42.0,1013.4
2023-05-28T13:59:43.944000+00:00,9094,155,1210,1.1,0,36.3,25.2,42.0,1013.4
2023-05-28T14:00:43.943000+00:00,9094,0,1210,0.0,0,36.3,25.2,42.0,1013.4
2023-05-28T14:01:43.957000+00:00,9094,153,1210,0.8,0,36.1,25.1,43.0,1013.4
2023-05-28T14:02:43.956000+00:00,9094,131,1210,0.8,0,36.1,25.0,43.0,1013.2
2023-05-28T14:03:43.955000+00:00,9094,70,1210,0.8,0,36.0,25.0,43.0,1013.4
2023-05-28T14:04:43.939000+00:00,9094,145,1210,1.0,0,36.0,25.1,42.0,1013.4
2023-05-28T14:05:43.953000+00:00,9094,128,1210,2.0,0,35.9,25.0,42.0,1013.2
2023-05-28T14:06:43.952000+00:00,9094,163,1210,1.0,0,35.8,25.0,42.0,1013.2
2023-05-28T14:07:43.951000+00:00,9094,158,1210,0.6,0,35.8,25.0,43.0,1013.4
2023-05-28T14:08:43.950000+00:00,9094,130,1210,1.1,0,35.7,25.0,43.0,1013.2
2023-05-28T14:09:43.949000+00:00,9094,0,1210,0.4,0,35.7,25.0,43.0,1013.4
2023-05-28T14:10:43.948000+00:00,9094,97,1210,0.5,0,35.3,25.0,42.0,1013.2
2023-05-28T14:11:43.947000+00:00,9094,172,1210,1.2,0,35.2,24.9,42.0,1013.2
2023-05-28T14:12:43.946000+00:00,9094,75,1210,0.6,1,35.1,24.8,42.0,1013.2
2023-05-28T14:13:43.944000+00:00,9094,133,1210,0.8,1,34.9,24.7,42.0,1013.2
2023-05-28T14:14:43.943000+00:00,9094,0,1210,0.8,1,34.7,24.7,43.0,1013.2
2023-05-28T14:15:43.958000+00:00,9094,217,1210,0.5,1,34.5,24.6,43.0,1013.2
2023-05-28T14:16:43.941000+00:00,9094,201,1210,0.8,1,34.0,24.6,44.0,1013.2
2023-05-28T14:17:43.940000+00:00,9094,104,1210,0.6,1,33.9,24.5,45.0,1013.2
2023-05-28T14:18:43.955000+00:00,9094,276,1210,0.5,1,32.8,24.3,48.0,1013.2
2023-05-28T14:19:43.954000+00:00,9094,147,1210,0.6,1,31.7,24.0,49.0,1013.2
2023-05-28T14:20:44.015000+00:00,9094,0,1210,1.2,1,31.3,24.0,51.0,1013.2
2023-05-28T14:21:43.952000+00:00,9094,127,1210,0.6,1,30.1,24.0,52.0,1013.2
2023-05-28T14:22:43.950000+00:00,9094,150,1210,0.8,1,29.7,24.0,50.0,1013.2
2023-05-28T14:23:43.949000+00:00,9094,189,1210,1.2,1,29.6,23.9,51.0,1013.2
2023-05-28T14:24:43.948000+00:00,9094,142,1210,0.6,1,29.5,23.8,47.0,1013.2
2023-05-28T14:25:44.041000+00:00,9094,154,1210,1.3,1,29.2,23.6,58.0,1013.2
2023-05-28T14:26:43.946000+00:00,9094,147,1210,1.0,1,28.7,23.5,58.0,1013.2
2023-05-28T14:27:43.945000+00:00,9094,132,1210,1.3,1,28.4,23.5,62.0,1013.2
2023-05-28T14:28:43.944000+00:00,9094,146,1210,1.8,1,28.2,23.3,62.0,1013.2
2023-05-28T14:29:43.943000+00:00,9094,145,1210,1.7,1,27.7,23.1,65.0,1013.2
2023-05-28T14:30:43.957000+00:00,9094,146,1210,1.7,1,27.7,23.0,65.0,1013.2
2023-05-28T14:31:43.956000+00:00,9094,141,1210,1.6,1,27.2,23.0,66.0,1013.2
2023-05-28T14:32:43.955000+00:00,9094,134,1210,1.6,1,27.4,23.1,67.0,1013.2
2023-05-28T14:33:43.954000+00:00,9094,146,1210,1.6,1,27.4,23.1,66.0,1013.2
2023-05-28T14:34:43.969000+00:00,9094,142,1210,1.7,1,27.3,23.2,66.0,1013.2
2023-05-28T14:35:43.968000+00:00,9094,152,1210,1.7,1,27.4,23.1,65.0,1013.2
2023-05-28T14:36:43.951000+00:00,9094,136,1210,1.7,1,27.6,23.1,65.0,1013.2
2023-05-28T14:37:43.966000+00:00,9094,143,1210,1.7,1,27.7,23.3,64.0,1013.2
2023-05-28T14:38:43.949000+00:00,9094,138,1210,2.0,0,27.8,23.3,63.0,1013.2
2023-05-28T14:39:43.979000+00:00,9094,151,1210,1.6,0,28.1,23.4,62.0,1013.2
2023-05-28T14:40:43.947000+00:00,9094,140,1210,1.7,0,28.2,23.5,63.0,1013.2
2023-05-28T14:41:43.946000+00:00,9094,148,1210,1.7,0,28.7,23.5,62.0,1013.0
2023-05-28T14:42:43.944000+00:00,9094,137,1210,2.0,0,29.0,23.6,59.0,1013.0
2023-05-28T14:43:43.975000+00:00,9094,136,1210,2.0,0,29.2,23.6,58.0,1013.0
2023-05-28T14:44:43.989000+00:00,9094,139,1210,1.3,0,29.6,23.7,57.0,1013.0
2023-05-28T14:45:43.988000+00:00,9094,138,1210,1.3,0,30.0,23.8,57.0,1013.0
2023-05-28T14:46:43.987000+00:00,9094,125,1210,1.1,0,30.0,23.8,57.0,1013.0
2023-05-28T14:47:44.002000+00:00,9094,146,1210,1.5,0,30.3,23.8,56.0,1013.0
2023-05-28T14:48:44.016000+00:00,9094,138,1210,1.5,0,30.4,23.9,57.0,1013.0
2023-05-28T14:49:44.031000+00:00,9094,136,1210,1.7,0,30.7,23.9,57.0,1012.9
2023-05-28T14:50:44.045000+00:00,9094,144,1210,1.3,0,30.7,24.0,59.0,1012.9
2023-05-28T14:51:44.044000+00:00,9094,135,1210,1.5,0,30.7,23.9,58.0,1012.9
2023-05-28T14:52:44.059000+00:00,9094,134,1210,1.3,0,30.7,23.9,56.0,1012.9
2023-05-28T14:53:44.073000+00:00,9094,131,1210,1.1,0,30.7,23.9,54.0,1013.0
2023-05-28T14:54:44.072000+00:00,9094,115,1210,0.6,0,30.5,23.9,55.0,1012.7
2023-05-28T14:55:44.071000+00:00,9094,135,1210,0.5,0,30.6,23.9,56.0,1012.7
2023-05-28T14:56:44.086000+00:00,9094,123,1210,0.8,0,30.6,23.9,55.0,1012.7
2023-06-04T12:01:27.692000+00:00,9102,238,1211,2.2,0,38.5,23.5,59.0,1000.9
2023-06-04T12:02:27.691000+00:00,9102,212,1211,2.2,0,38.7,23.5,59.0,1000.9
2023-06-04T12:03:27.690000+00:00,9102,222,1211,1.7,0,39.4,23.5,58.0,1000.9
2023-06-04T12:04:27.688000+00:00,9102,230,1211,1.6,0,39.8,23.7,58.0,1000.9
2023-06-04T12:05:27.703000+00:00,9102,214,1211,1.2,0,39.9,23.8,57.0,1001.0
2023-06-04T12:06:27.702000+00:00,9102,218,1211,1.2,0,40.5,23.9,57.0,1000.9
2023-06-04T12:07:27.701000+00:00,9102,221,1211,1.7,0,40.6,24.2,55.0,1000.7
2023-06-04T12:08:27.700000+00:00,9102,257,1211,1.8,0,40.8,24.2,56.0,1000.9
2023-06-04T12:09:27.699000+00:00,9102,211,1211,1.5,0,41.1,24.0,56.0,1000.7
2023-06-04T12:10:27.698000+00:00,9102,168,1211,2.4,0,41.1,24.0,56.0,1000.7
2023-06-04T12:11:27.697000+00:00,9102,233,1211,1.7,0,41.1,24.0,56.0,1000.7
2023-06-04T12:12:27.711000+00:00,9102,229,1211,2.2,0,41.1,23.8,56.0,1000.7
2023-06-04T12:13:27.694000+00:00,9102,225,1211,2.0,0,41.2,24.0,54.0,1000.7
2023-06-04T12:14:27.693000+00:00,9102,211,1211,1.6,0,41.3,24.1,55.0,1000.7
2023-06-04T12:15:27.723000+00:00,9102,224,1211,1.7,0,42.0,24.4,55.0,1000.7
2023-06-04T12:16:27.738000+00:00,9102,229,1211,2.9,0,42.3,24.5,54.0,1000.7
2023-06-04T12:17:27.706000+00:00,9102,194,1211,1.3,0,41.0,24.7,55.0,1000.7
2023-06-04T12:18:27.705000+00:00,9102,199,1211,2.0,0,40.8,24.6,56.0,1000.7
2023-06-04T12:19:27.704000+00:00,9102,178,1211,1.2,0,40.5,24.6,56.0,1000.7
2023-06-04T12:20:27.703000+00:00,9102,221,1211,1.5,0,40.7,24.5,56.0,1000.7
2023-06-04T12:21:27.717000+00:00,9102,229,1211,2.2,0,41.6,24.3,57.0,1000.7
2023-06-04T12:22:27.700000+00:00,9102,231,1211,3.4,0,40.9,24.2,57.0,1000.7
2023-06-04T12:23:27.699000+00:00,9102,231,1211,3.0,0,40.9,24.1,59.0,1000.7
2023-06-04T12:24:27.714000+00:00,9102,226,1211,3.0,0,40.4,24.1,60.0,1000.7
2023-06-04T12:25:27.713000+00:00,9102,227,1211,3.5,0,40.7,24.2,60.0,1000.5
2023-06-04T12:26:27.712000+00:00,9102,227,1211,2.0,0,40.7,24.1,61.0,1000.7
2023-06-04T12:27:27.711000+00:00,9102,207,1211,2.5,0,40.8,24.0,61.0,1000.7
2023-06-04T12:28:27.710000+00:00,9102,155,1211,1.8,0,41.3,23.9,60.0,1000.5
2023-06-04T12:29:27.708000+00:00,9102,233,1211,2.2,0,41.4,24.0,60.0,1000.5
2023-06-04T12:30:27.707000+00:00,9102,196,1211,2.0,0,42.2,24.2,60.0,1000.5
2023-06-04T12:31:27.706000+00:00,9102,232,1211,1.8,0,42.2,24.1,59.0,1000.7
2023-06-04T12:32:27.705000+00:00,9102,119,1211,1.8,0,42.1,24.1,59.0,1000.7
2023-06-04T12:33:27.720000+00:00,9102,279,1211,1.6,0,41.6,24.2,60.0,1000.5
2023-06-04T12:34:27.719000+00:00,9102,288,1211,1.6,0,41.7,24.1,59.0,1000.7
2023-06-04T12:35:27.718000+00:00,9102,85,1211,1.7,0,42.1,24.0,60.0,1000.7
2023-06-04T12:36:27.717000+00:00,9102,276,1211,1.3,0,42.1,24.0,60.0,1000.7
2023-06-04T12:37:27.715000+00:00,9102,100,1211,1.7,0,42.1,23.8,60.0,1000.7
2023-06-04T12:38:27.714000+00:00,9102,260,1211,1.2,0,42.1,23.6,60.0,1000.7
2023-06-04T12:39:27.729000+00:00,9102,106,1211,2.9,0,42.5,23.7,60.0,1000.9
2023-06-04T12:40:27.712000+00:00,9102,59,1211,2.2,0,41.8,23.6,61.0,1001.0
2023-06-04T12:41:27.711000+00:00,9102,64,1211,1.6,0,39.1,23.5,62.0,1001.0
2023-06-04T12:42:27.726000+00:00,9102,244,1211,1.5,0,39.1,23.3,63.0,1001.0
2023-06-04T12:43:27.709000+00:00,9102,236,1211,0.6,0,39.2,23.3,62.0,1001.2
2023-06-04T12:44:27.724000+00:00,9102,215,1211,1.3,0,39.0,23.3,62.0,1001.2
2023-06-04T12:45:27.723000+00:00,9102,238,1211,1.2,0,38.2,23.1,62.0,1000.9
2023-06-04T12:46:27.721000+00:00,9102,227,1211,1.3,0,37.1,22.9,62.0,1001.0
2023-06-04T12:47:27.720000+00:00,9102,206,1211,1.5,0,37.0,22.8,63.0,1001.2
2023-06-04T12:48:27.719000+00:00,9102,241,1211,1.7,0,36.6,22.8,62.0,1001.0
2023-06-04T12:49:27.718000+00:00,9102,247,1211,1.6,0,36.5,22.9,63.0,1001.0
2023-06-04T12:50:27.717000+00:00,9102,202,1211,1.3,0,36.0,22.9,63.0,1001.0
2023-06-04T12:51:27.732000+00:00,9102,250,1211,1.2,0,35.8,22.8,64.0,1001.0
2023-06-04T12:52:27.731000+00:00,9102,211,1211,1.2,0,35.8,22.8,64.0,1001.0
2023-06-04T12:53:27.729000+00:00,9102,196,1211,0.8,0,35.2,22.8,64.0,1001.2
2023-06-04T12:54:27.728000+00:00,9102,0,1211,0.8,0,35.3,22.7,63.0,1001.0
2023-06-04T12:55:27.743000+00:00,9102,247,1211,0.8,0,35.1,22.7,63.0,1001.2
2023-06-04T12:56:27.760000+00:00,9102,248,1211,1.2,0,35.0,22.7,64.0,1001.2
2023-06-04T12:57:27.741000+00:00,9102,222,1211,1.0,0,34.7,22.8,63.0,1001.2
2023-06-04T12:58:27.724000+00:00,9102,245,1211,1.7,0,34.6,22.8,62.0,1001.2
2023-06-04T12:59:27.723000+00:00,9102,266,1211,1.2,0,34.6,22.8,63.0,1001.2
2023-06-04T13:00:27.722000+00:00,9102,275,1211,0.8,0,34.0,22.7,64.0,1001.2
2023-06-04T13:01:27.721000+00:00,9102,0,1211,1.2,0,33.8,22.6,64.0,1001.0
2023-06-04T13:02:27.720000+00:00,9102,236,1211,0.6,0,33.7,22.6,64.0,1001.0
2023-06-04T13:03:27.750000+00:00,9102,294,1211,1.6,0,33.4,22.5,64.0,1001.0
2023-06-04T13:04:27.749000+00:00,9102,101,1211,0.6,0,33.4,22.6,64.0,1001.0
2023-06-04T13:05:27.748000+00:00,9102,14,1211,1.1,0,33.3,22.5,63.0,1001.0
2023-06-04T13:06:27.747000+00:00,9102,52,1211,2.0,0,33.0,22.4,64.0,1001.0
2023-06-04T13:07:27.761000+00:00,9102,273,1211,1.1,0,32.7,22.5,64.0,1001.0
2023-06-04T13:08:27.745000+00:00,9102,63,1211,2.4,0,32.6,22.4,64.0,1001.0
2023-06-04T13:09:27.743000+00:00,9102,13,1211,1.6,0,32.6,22.4,64.0,1001.0
2023-06-04T13:10:27.758000+00:00,9102,0,1211,1.6,0,33.0,22.4,63.0,1001.2
2023-06-04T13:11:27.773000+00:00,9102,49,1211,1.6,0,32.5,22.4,63.0,1001.0
2023-06-04T13:12:27.772000+00:00,9102,81,1211,2.0,0,32.2,22.3,64.0,1001.0
2023-06-04T13:13:27.770000+00:00,9102,55,1211,1.5,0,32.2,22.3,65.0,1001.0
2023-06-04T13:14:27.769000+00:00,9102,267,1211,1.8,0,31.6,22.2,64.0,1001.0
2023-06-04T13:15:27.768000+00:00,9102,16,1211,2.2,0,31.8,22.2,64.0,1001.0
2023-06-04T13:16:27.767000+00:00,9102,88,1211,2.4,0,31.9,22.1,65.0,1001.0
2023-06-04T13:17:27.766000+00:00,9102,82,1211,2.2,0,31.8,22.0,64.0,1001.0
2023-06-04T13:18:27.765000+00:00,9102,80,1211,2.5,0,31.5,22.0,63.0,1001.2
2023-06-04T13:19:27.764000+00:00,9102,84,1211,2.2,0,31.5,22.1,64.0,1001.2
2023-06-04T13:20:27.763000+00:00,9102,66,1211,2.7,0,31.7,22.1,65.0,1001.2
2023-06-04T13:21:27.762000+00:00,9102,86,1211,2.7,0,31.7,22.0,64.0,1001.2
2023-06-04T13:22:27.776000+00:00,9102,50,1211,2.2,0,31.9,22.1,64.0,1001.2
2023-06-04T13:23:27.775000+00:00,9102,67,1211,2.0,0,31.2,22.1,65.0,1001.2
2023-06-04T13:24:27.774000+00:00,9102,67,1211,2.0,0,31.2,22.1,64.0,1001.2
2023-06-04T13:25:27.773000+00:00,9102,46,1211,2.0,0,31.3,22.1,64.0,1001.2
2023-06-04T13:26:27.772000+00:00,9102,71,1211,1.7,0,31.0,22.1,64.0,1001.2
2023-06-04T13:27:27.771000+00:00,9102,83,1211,2.7,0,30.9,22.1,65.0,1001.2
2023-06-04T13:28:27.770000+00:00,9102,100,1211,2.4,0,31.2,22.1,64.0,1001.2
2023-06-04T13:29:27.784000+00:00,9102,95,1211,1.6,0,31.5,22.0,63.0,1001.2
2023-06-04T13:30:27.783000+00:00,9102,79,1211,1.7,0,31.4,22.1,63.0,1001.2
2023-06-04T13:31:27.782000+00:00,9102,90,1211,2.2,0,31.2,22.1,64.0,1001.2
2023-06-04T13:32:27.797000+00:00,9102,95,1211,3.2,0,31.1,22.0,64.0,1001.4
2023-06-04T13:33:27.780000+00:00,9102,76,1211,1.7,0,30.7,22.0,64.0,1001.5
2023-06-04T13:34:27.795000+00:00,9102,87,1211,2.2,0,30.9,22.0,65.0,1001.2
2023-06-04T13:35:27.778000+00:00,9102,61,1211,2.2,0,30.9,22.0,64.0,1001.4
2023-06-04T13:36:27.777000+00:00,9102,61,1211,2.7,0,31.0,22.0,64.0,1001.2
2023-06-04T13:37:27.776000+00:00,9102,84,1211,3.2,0,30.9,22.0,65.0,1001.2
2023-06-04T13:38:27.790000+00:00,9102,49,1211,2.0,0,30.3,21.9,65.0,1001.2
2023-06-04T13:39:27.789000+00:00,9102,68,1211,1.6,0,30.4,22.0,66.0,1001.2
2023-06-04T13:40:27.788000+00:00,9102,91,1211,2.0,0,30.4,22.1,66.0,1001.2
2023-06-04T13:41:27.803000+00:00,9102,112,1211,1.6,0,30.5,22.1,65.0,1001.2
2023-06-04T13:42:27.817000+00:00,9102,53,1211,3.0,0,30.5,22.1,66.0,1001.2
2023-06-04T13:43:27.801000+00:00,9102,74,1211,2.2,0,30.1,22.2,66.0,1001.2
2023-06-04T13:44:27.800000+00:00,9102,43,1211,2.0,0,30.5,22.1,66.0,1001.0
2023-06-04T13:45:27.798000+00:00,9102,88,1211,2.2,0,30.5,22.1,66.0,1001.2
2023-06-04T13:46:27.797000+00:00,9102,70,1211,2.2,0,30.5,22.1,66.0,1001.0
2023-06-04T13:47:27.796000+00:00,9102,60,1211,2.2,0,30.6,22.1,65.0,1001.0
2023-06-04T13:48:27.795000+00:00,9102,60,1211,1.8,0,30.2,22.0,65.0,1001.2
2023-06-04T13:49:27.794000+00:00,9102,68,1211,1.7,0,30.2,22.1,66.0,1001.0
2023-06-04T13:50:27.793000+00:00,9102,69,1211,2.0,0,30.3,22.1,65.0,1001.2
2023-06-04T13:51:27.808000+00:00,9102,36,1211,1.5,0,30.4,22.0,65.0,1001.2
2023-06-04T13:52:27.807000+00:00,9102,246,1211,1.2,0,30.4,22.1,65.0,1001.2
2023-06-04T13:53:27.805000+00:00,9102,340,1211,1.2,0,30.1,22.1,65.0,1001.2
2023-06-04T13:54:27.804000+00:00,9102,42,1211,0.8,0,30.1,22.1,66.0,1001.2
2023-06-04T13:55:27.803000+00:00,9102,42,1211,2.0,0,29.9,22.2,66.0,1001.2
2023-06-04T13:56:27.802000+00:00,9102,66,1211,2.5,0,29.9,22.1,66.0,1001.2
2023-06-04T13:57:27.801000+00:00,9102,71,1211,1.6,0,29.9,22.1,66.0,1001.2
2023-06-04T13:58:27.800000+00:00,9102,58,1211,2.9,0,29.9,22.1,66.0,1001.2
2023-06-04T13:59:27.799000+00:00,9102,70,1211,1.7,0,29.9,22.1,65.0,1001.4
2023-06-04T14:00:27.798000+00:00,9102,47,1211,2.7,0,29.9,22.1,65.0,1001.4
2023-06-04T14:01:27.812000+00:00,9102,62,1211,2.0,0,29.9,22.1,65.0,1001.4
2023-06-04T14:02:27.811000+00:00,9102,55,1211,1.7,0,29.8,22.1,65.0,1001.5
2023-06-04T14:03:27.810000+00:00,9102,20,1211,2.2,0,29.6,22.1,66.0,1001.5
2023-06-04T14:04:27.809000+00:00,9102,327,1211,2.4,0,29.8,22.1,66.0,1001.5
2023-06-04T14:05:27.808000+00:00,9102,49,1211,1.2,0,29.1,22.0,66.0,1001.5
2023-06-04T14:06:27.807000+00:00,9102,113,1211,2.9,0,29.1,22.0,65.0,1001.5
2023-06-04T14:07:27.806000+00:00,9102,56,1211,1.2,0,29.3,22.1,65.0,1001.5
2023-06-04T14:08:27.805000+00:00,9102,44,1211,1.8,0,29.7,22.1,64.0,1001.5
2023-06-04T14:09:27.804000+00:00,9102,58,1211,2.4,0,29.5,22.0,64.0,1001.5
2023-06-04T14:10:27.818000+00:00,9102,62,1211,1.2,0,29.5,22.0,64.0,1001.5
2023-06-04T14:11:27.817000+00:00,9102,327,1211,2.2,0,28.7,22.0,65.0,1001.5
2023-06-04T14:12:27.816000+00:00,9102,100,1211,1.8,0,28.7,22.2,65.0,1001.5
2023-06-04T14:13:27.815000+00:00,9102,51,1211,1.7,0,28.6,22.0,66.0,1001.5
2023-06-04T14:14:27.830000+00:00,9102,44,1211,3.0,0,28.4,21.9,67.0,1001.5
2023-06-04T14:15:27.829000+00:00,9102,71,1211,1.7,0,28.3,21.9,67.0,1001.5
2023-06-04T14:16:27.812000+00:00,9102,49,1211,2.5,0,28.4,21.9,67.0,1001.5
2023-06-04T14:17:27.811000+00:00,9102,80,1211,2.2,0,28.4,21.9,67.0,1001.5
2023-06-04T14:18:27.810000+00:00,9102,41,1211,1.7,0,28.2,21.9,67.0,1001.4
2023-06-04T14:19:27.809000+00:00,9102,56,1211,1.8,0,28.1,21.9,66.0,1001.5
2023-06-04T14:20:27.823000+00:00,9102,346,1211,2.2,0,28.2,21.9,66.0,1001.4
2023-06-04T14:21:27.822000+00:00,9102,27,1211,1.2,0,28.2,21.8,66.0,1001.5
2023-06-04T14:22:27.821000+00:00,9102,36,1211,1.7,0,28.2,21.8,67.0,1001.4
2023-06-04T14:23:27.820000+00:00,9102,17,1211,1.7,0,27.9,21.7,67.0,1001.4
2023-06-04T14:24:27.819000+00:00,9102,49,1211,2.5,0,27.7,21.6,67.0,1001.4
2023-06-04T14:25:27.818000+00:00,9102,52,1211,1.1,0,27.3,21.6,68.0,1001.4
2023-06-04T14:26:27.817000+00:00,9102,72,1211,2.5,0,27.3,21.5,68.0,1001.4
2023-06-04T14:27:27.816000+00:00,9102,65,1211,1.7,0,27.2,21.5,68.0,1001.4
2023-06-04T14:28:27.830000+00:00,9102,46,1211,1.5,0,26.8,21.5,69.0,1001.2
2023-06-04T14:29:27.814000+00:00,9102,55,1211,2.2,0,27.1,21.5,69.0,1001.4
2023-06-04T14:30:27.828000+00:00,9102,77,1211,1.7,0,27.4,21.5,68.0,1001.2
2023-06-04T14:31:27.827000+00:00,9102,43,1211,2.2,0,27.5,21.5,68.0,1001.2
2023-06-04T14:32:27.826000+00:00,9102,55,1211,2.0,0,27.5,21.5,68.0,1001.2
2023-06-04T14:33:27.840000+00:00,9102,45,1211,2.4,0,27.4,21.5,68.0,1001.0
2023-06-04T14:34:27.839000+00:00,9102,62,1211,2.5,0,27.3,21.5,68.0,1001.2
2023-06-18T17:01:59.471000+00:00,9110,285,1212,1.8,0,27.1,17.1,69.0,1011.9
2023-06-18T17:02:59.470000+00:00,9110,299,1212,1.2,0,27.0,17.1,69.0,1011.7
2023-06-18T17:03:59.484000+00:00,9110,278,1212,1.3,0,27.1,17.1,69.0,1011.9
2023-06-18T17:04:59.483000+00:00,9110,310,1212,1.7,0,27.3,17.1,69.0,1011.7
2023-06-18T17:05:59.482000+00:00,9110,294,1212,1.0,0,27.4,17.2,69.0,1011.9
2023-06-18T17:06:59.496000+00:00,9110,298,1212,1.0,0,27.4,17.3,68.0,1011.9
2023-06-18T17:07:59.495000+00:00,9110,321,1212,2.2,0,27.5,17.3,68.0,1011.7
2023-06-18T17:08:59.510000+00:00,9110,309,1212,2.7,0,27.5,17.4,68.0,1011.7
2023-06-18T17:09:59.509000+00:00,9110,309,1212,2.7,0,27.5,17.3,68.0,1011.7
2023-06-18T17:10:59.492000+00:00,9110,331,1212,1.7,0,28.0,17.3,67.0,1011.7
2023-06-18T17:11:59.507000+00:00,9110,296,1212,2.0,0,28.4,17.2,66.0,1011.7
2023-06-18T17:12:59.506000+00:00,9110,291,1212,2.5,0,28.1,17.2,67.0,1011.7
2023-06-18T17:13:59.505000+00:00,9110,287,1212,2.9,0,28.2,17.0,68.0,1011.9
2023-06-18T17:14:59.504000+00:00,9110,287,1212,2.9,0,28.2,17.2,68.0,1011.9
2023-06-18T17:15:59.503000+00:00,9110,287,1212,2.9,0,28.2,17.2,68.0,1011.9
2023-06-18T17:16:59.501000+00:00,9110,315,1212,2.5,0,28.0,17.3,67.0,1011.7
2023-06-18T17:17:59.501000+00:00,9110,276,1212,2.2,0,27.9,17.3,67.0,1011.9
2023-06-18T17:18:59.515000+00:00,9110,276,1212,2.2,0,27.9,17.4,67.0,1011.9
2023-06-18T17:19:59.529000+00:00,9110,315,1212,1.7,0,28.0,17.4,68.0,1011.7
2023-06-18T17:20:59.544000+00:00,9110,318,1212,2.0,0,27.9,17.3,67.0,1011.7
2023-06-18T17:21:59.559000+00:00,9110,318,1212,2.0,0,27.9,17.4,67.0,1011.7
2023-06-18T17:22:59.558000+00:00,9110,308,1212,3.5,0,27.8,17.4,67.0,1011.5
2023-06-18T17:23:59.572000+00:00,9110,256,1212,1.0,0,27.8,17.4,68.0,1011.7
2023-06-18T17:24:59.571000+00:00,9110,305,1212,0.8,0,27.9,17.5,67.0,1011.7
2023-06-18T17:25:59.570000+00:00,9110,311,1212,3.0,0,28.1,17.5,66.0,1011.5
2023-06-18T17:26:59.585000+00:00,9110,245,1212,2.0,0,28.3,17.5,67.0,1011.5
2023-06-18T17:27:59.584000+00:00,9110,301,1212,1.7,0,28.4,17.5,67.0,1011.5
2023-06-18T17:28:59.614000+00:00,9110,297,1212,1.7,0,28.5,17.6,68.0,1011.5
2023-06-18T17:29:59.597000+00:00,9110,238,1212,1.3,0,28.5,17.7,68.0,1011.5
2023-06-18T17:30:59.612000+00:00,9110,305,1212,1.2,0,28.5,17.7,67.0,1011.4
2023-06-18T17:31:59.626000+00:00,9110,255,1212,2.0,0,30.2,17.7,66.0,1011.5
2023-06-18T17:32:59.641000+00:00,9110,255,1212,2.0,0,30.2,17.6,66.0,1011.5
2023-06-18T17:33:59.640000+00:00,9110,204,1212,1.2,0,32.1,17.7,66.0,1011.5
2023-06-18T17:34:59.639000+00:00,9110,317,1212,1.8,0,32.1,17.8,64.0,1011.5
2023-06-18T17:35:59.637000+00:00,9110,314,1212,2.4,0,32.1,17.8,65.0,1011.4
2023-06-18T17:36:59.636000+00:00,9110,318,1212,1.7,0,31.3,17.8,65.0,1011.4
2023-06-18T17:37:59.635000+00:00,9110,305,1212,2.5,0,31.0,17.8,66.0,1011.4
2023-06-18T17:38:59.650000+00:00,9110,311,1212,2.9,0,31.5,17.7,66.0,1011.5
2023-06-18T17:39:59.649000+00:00,9110,294,1212,2.4,0,31.8,17.7,66.0,1011.5
2023-06-18T17:40:59.648000+00:00,9110,226,1212,2.2,0,32.1,17.8,66.0,1011.5
2023-06-18T17:41:59.647000+00:00,9110,314,1212,1.2,0,32.5,17.9,67.0,1011.5
2023-06-18T17:42:59.646000+00:00,9110,232,1212,1.0,0,32.5,18.0,66.0,1011.5
2023-06-18T17:43:59.644000+00:00,9110,293,1212,0.8,0,32.7,17.9,66.0,1011.4
2023-06-18T17:44:59.643000+00:00,9110,333,1212,1.6,0,32.8,18.1,66.0,1011.4
2023-06-18T17:45:59.658000+00:00,9110,315,1212,1.6,0,33.1,18.1,65.0,1011.4
2023-06-18T17:46:59.657000+00:00,9110,299,1212,1.7,0,33.2,18.3,65.0,1011.4
2023-06-18T17:47:59.640000+00:00,9110,285,1212,2.7,0,33.3,18.4,65.0,1011.4
2023-06-18T17:48:59.639000+00:00,9110,316,1212,2.7,0,33.4,18.4,64.0,1011.4
2023-06-18T17:49:59.654000+00:00,9110,289,1212,2.2,0,33.3,18.4,66.0,1011.4
2023-06-18T17:50:59.653000+00:00,9110,221,1212,0.6,0,32.6,18.5,66.0,1011.5
2023-06-18T17:51:59.667000+00:00,9110,315,1212,0.8,0,32.6,18.4,67.0,1011.5
2023-06-18T17:52:59.650000+00:00,9110,292,1212,2.4,0,32.3,18.4,66.0,1011.4
2023-06-18T17:53:59.649000+00:00,9110,290,1212,2.2,0,32.5,18.3,65.0,1011.5
2023-06-18T17:54:59.648000+00:00,9110,290,1212,2.2,0,32.5,18.2,65.0,1011.5
2023-06-18T17:55:59.647000+00:00,9110,305,1212,2.0,0,32.5,18.1,66.0,1011.5
2023-06-18T17:56:59.662000+00:00,9110,307,1212,1.7,0,32.0,18.1,66.0,1011.5
2023-06-18T17:57:59.661000+00:00,9110,323,1212,2.7,0,32.9,18.1,65.0,1011.5
2023-06-18T17:58:59.660000+00:00,9110,297,1212,2.5,0,32.9,18.2,65.0,1011.5
2023-06-18T17:59:59.659000+00:00,9110,336,1212,2.4,0,31.7,18.2,65.0,1011.5
2023-06-18T18:00:59.658000+00:00,9110,336,1212,2.4,0,31.7,18.3,65.0,1011.5
2023-06-18T18:01:59.657000+00:00,9110,308,1212,2.0,0,33.2,18.3,65.0,1011.5
2023-06-18T18:02:59.655000+00:00,9110,301,1212,2.2,0,33.1,18.4,64.0,1011.4
2023-06-18T18:03:59.654000+00:00,9110,314,1212,2.0,0,32.2,18.3,64.0,1011.5
2023-06-18T18:04:59.685000+00:00,9110,297,1212,1.7,0,32.5,18.3,64.0,1011.4
2023-06-18T18:05:59.684000+00:00,9110,304,1212,2.0,0,32.5,18.5,63.0,1011.5
2023-06-18T18:06:59.682000+00:00,9110,304,1212,2.0,0,32.5,18.5,63.0,1011.5
2023-06-18T18:07:59.681000+00:00,9110,317,1212,1.7,0,31.4,18.4,64.0,1011.4
2023-06-18T18:08:59.712000+00:00,9110,347,1212,2.0,0,31.1,18.5,65.0,1011.4
2023-06-18T18:09:59.726000+00:00,9110,334,1212,2.0,0,30.8,18.5,62.0,1011.4
2023-06-18T18:10:59.741000+00:00,9110,359,1212,1.8,0,30.8,18.5,62.0,1011.5
2023-06-18T18:11:59.740000+00:00,9110,342,1212,1.5,0,30.8,18.5,62.0,1011.4
2023-06-18T18:12:59.754000+00:00,9110,345,1212,1.2,0,30.8,18.6,62.0,1011.4
2023-06-18T18:13:59.769000+00:00,9110,327,1212,1.8,0,31.1,18.6,63.0,1011.4
2023-06-18T18:14:59.783000+00:00,9110,315,1212,1.7,0,31.6,18.7,61.0,1011.4
2023-06-18T18:15:59.782000+00:00,9110,296,1212,1.3,0,31.9,18.7,61.0,1011.4
2023-06-18T18:16:59.781000+00:00,9110,337,1212,1.5,0,30.9,18.7,62.0,1011.4
2023-06-18T18:17:59.796000+00:00,9110,352,1212,1.2,0,31.6,18.7,62.0,1011.4
2023-06-18T18:18:59.810000+00:00,9110,346,1212,1.5,0,32.8,18.8,63.0,1011.4
2023-06-18T18:19:59.825000+00:00,9110,318,1212,2.5,0,32.9,18.9,61.0,1011.4
2023-06-18T18:20:59.824000+00:00,9110,330,1212,2.0,0,33.0,19.0,61.0,1011.4
2023-06-18T18:21:59.838000+00:00,9110,351,1212,1.8,0,34.1,19.0,61.0,1011.4
2023-06-18T18:22:59.837000+00:00,9110,352,1212,1.2,0,34.3,19.0,60.0,1011.4
2023-06-18T18:23:59.836000+00:00,9110,339,1212,1.5,0,34.0,19.2,60.0,1011.2
2023-06-18T18:24:59.835000+00:00,9110,333,1212,1.7,0,34.0,19.3,60.0,1011.2
2023-06-18T18:25:59.834000+00:00,9110,337,1212,1.2,0,34.2,19.4,60.0,1011.2
2023-06-18T18:26:59.849000+00:00,9110,352,1212,1.5,0,34.1,19.4,61.0,1011.4
2023-06-18T18:27:59.863000+00:00,9110,310,1212,1.7,0,33.8,19.4,61.0,1011.4
2023-06-18T18:28:59.862000+00:00,9110,342,1212,1.7,0,33.1,19.4,60.0,1011.2
2023-06-18T18:29:59.861000+00:00,9110,330,1212,1.5,0,33.0,19.4,61.0,1011.4
2023-06-18T18:30:59.876000+00:00,9110,322,1212,1.3,0,32.3,19.3,61.0,1011.4
2023-06-18T18:31:59.890000+00:00,9110,319,1212,1.8,0,31.3,19.2,62.0,1011.4
2023-06-18T18:32:59.889000+00:00,9110,319,1212,2.7,0,31.3,19.0,62.0,1011.4
2023-06-18T18:33:59.919000+00:00,9110,319,1212,2.7,0,31.3,18.9,62.0,1011.4
2023-06-18T18:34:59.918000+00:00,9110,319,1212,2.7,0,31.3,18.9,62.0,1011.4
2023-06-18T18:35:59.917000+00:00,9110,304,1212,3.0,0,30.8,18.7,64.0,1011.4
2023-06-18T18:36:59.963000+00:00,9110,292,1212,2.2,0,30.8,18.8,64.0,1011.4
2023-06-18T18:37:59.915000+00:00,9110,329,1212,1.8,0,30.5,18.8,64.0,1011.4
2023-06-18T18:38:59.930000+00:00,9110,282,1212,1.5,0,30.5,18.9,64.0,1011.4
2023-06-18T18:39:59.929000+00:00,9110,282,1212,1.5,0,30.5,18.8,64.0,1011.4
2023-06-18T18:40:59.943000+00:00,9110,343,1212,1.0,0,31.6,18.9,64.0,1011.4
2023-06-18T18:41:59.958000+00:00,9110,320,1212,1.7,0,31.2,19.0,62.0,1011.4
2023-06-18T18:43:00.004000+00:00,9110,320,1212,1.7,0,31.2,19.0,62.0,1011.4
2023-06-18T18:43:59.971000+00:00,9110,305,1212,2.4,0,30.4,19.1,61.0,1011.4
2023-06-18T18:44:59.970000+00:00,9110,317,1212,2.0,0,29.8,19.1,62.0,1011.2
2023-06-18T18:45:59.969000+00:00,9110,306,1212,1.6,0,29.5,19.1,63.0,1011.2
2023-06-18T18:46:59.984000+00:00,9110,322,1212,1.7,0,29.5,19.1,63.0,1011.2
2023-06-18T18:48:00.014000+00:00,9110,332,1212,1.6,0,30.5,19.1,64.0,1011.4
2023-06-18T18:49:00.028000+00:00,9110,331,1212,1.7,0,30.5,19.0,63.0,1011.4
2023-06-18T18:50:00.043000+00:00,9110,349,1212,1.5,0,30.7,19.1,64.0,1011.4
2023-06-18T18:51:00.042000+00:00,9110,326,1212,2.2,0,31.3,19.1,62.0,1011.4
2023-06-18T18:52:00.057000+00:00,9110,329,1212,2.5,0,32.3,19.4,61.0,1011.2
2023-06-18T18:53:00.055000+00:00,9110,329,1212,2.5,0,32.3,19.5,61.0,1011.2
2023-06-18T18:54:00.070000+00:00,9110,329,1212,2.5,0,32.3,19.4,61.0,1011.2
2023-06-18T18:55:00.069000+00:00,9110,329,1212,2.5,0,32.3,19.4,61.0,1011.2
2023-06-18T18:56:00.052000+00:00,9110,324,1212,1.8,0,32.3,19.3,62.0,1011.5
2023-06-18T18:57:00.067000+00:00,9110,314,1212,2.4,0,31.6,19.3,62.0,1011.5
2023-06-18T18:58:00.066000+00:00,9110,314,1212,2.4,0,31.6,19.3,62.0,1011.5
2023-06-18T18:59:00.065000+00:00,9110,314,1212,2.4,0,31.6,19.4,62.0,1011.5
2023-06-18T19:00:00.064000+00:00,9110,324,1212,1.3,0,31.3,19.3,62.0,1011.5
2023-06-18T19:01:00.063000+00:00,9110,314,1212,1.8,0,31.7,19.3,61.0,1011.4
2023-06-18T19:02:00.062000+00:00,9110,324,1212,1.5,0,31.8,19.4,60.0,1011.4
2023-06-18T19:03:00.061000+00:00,9110,308,1212,1.8,0,31.4,19.3,61.0,1011.5
2023-06-18T19:04:00.059000+00:00,9110,319,1212,2.5,0,30.9,19.1,61.0,1011.4
2023-06-18T19:05:00.074000+00:00,9110,358,1212,1.5,0,30.8,19.1,62.0,1011.5
2023-06-18T19:06:00.073000+00:00,9110,347,1212,2.2,0,30.7,19.1,64.0,1011.4
2023-06-18T19:07:00.056000+00:00,9110,358,1212,1.8,0,30.7,19.1,64.0,1011.5
2023-06-18T19:08:00.071000+00:00,9110,348,1212,2.0,0,30.8,19.2,63.0,1011.5
2023-06-18T19:09:00.070000+00:00,9110,327,1212,2.0,0,30.7,19.1,61.0,1011.5
2023-06-18T19:10:00.069000+00:00,9110,332,1212,2.2,0,30.4,19.1,61.0,1011.5
2023-06-18T19:11:00.068000+00:00,9110,313,1212,1.8,0,30.2,19.2,62.0,1011.5
2023-06-18T19:12:00.067000+00:00,9110,331,1212,2.7,0,29.9,19.1,62.0,1011.5
2023-06-18T19:13:00.066000+00:00,9110,307,1212,3.0,0,29.5,19.1,62.0,1011.7
2023-06-18T19:14:00.065000+00:00,9110,289,1212,2.0,0,29.3,19.1,63.0,1011.7
2023-06-18T19:15:00.064000+00:00,9110,316,1212,1.8,0,29.1,19.1,63.0,1011.7
2023-06-18T19:16:00.062000+00:00,9110,339,1212,1.6,0,29.1,19.0,64.0,1011.7
2023-06-18T19:17:00.093000+00:00,9110,325,1212,1.2,0,29.1,19.0,64.0,1011.7
2023-06-18T19:18:00.092000+00:00,9110,317,1212,1.5,0,29.1,19.0,63.0,1011.7
2023-06-18T19:19:00.091000+00:00,9110,343,1212,1.2,0,29.2,19.0,64.0,1011.7
2023-06-18T19:20:00.090000+00:00,9110,312,1212,1.7,0,29.2,19.1,63.0,1011.7
2023-06-18T19:21:00.104000+00:00,9110,301,1212,2.7,0,29.3,19.0,63.0,1011.7
2023-06-18T19:22:00.103000+00:00,9110,325,1212,2.0,0,29.3,19.0,64.0,1011.7
2023-06-18T19:23:00.118000+00:00,9110,336,1212,2.0,0,29.3,19.0,63.0,1011.7
2023-06-18T19:24:00.117000+00:00,9110,336,1212,2.0,0,29.3,19.0,63.0,1011.7
2023-06-18T19:25:00.116000+00:00,9110,324,1212,2.2,0,29.2,19.1,63.0,1011.7
2023-06-18T19:26:00.114000+00:00,9110,313,1212,2.4,0,29.2,19.1,63.0,1011.7
2023-06-18T19:27:00.129000+00:00,9110,331,1212,2.4,0,29.1,19.1,63.0,1011.7
2023-06-18T19:28:00.128000+00:00,9110,337,1212,1.8,0,29.1,19.1,63.0,1011.7
2023-06-18T19:29:00.143000+00:00,9110,345,1212,1.7,0,29.7,19.2,63.0,1011.7
2023-06-18T19:30:00.141000+00:00,9110,343,1212,1.8,0,29.8,19.3,62.0,1011.9
2023-06-18T19:31:00.156000+00:00,9110,345,1212,2.0,0,29.7,19.3,61.0,1011.9
2023-06-18T19:32:00.171000+00:00,9110,342,1212,2.0,0,29.5,19.3,62.0,1012.0
2023-06-18T19:33:00.185000+00:00,9110,357,1212,1.5,0,29.4,19.3,61.0,1012.0
2023-06-18T19:34:00.184000+00:00,9110,351,1212,1.6,0,29.3,19.2,61.0,1012.0
2023-06-18T19:35:00.199000+00:00,9110,333,1212,1.6,0,29.3,19.3,62.0,1012.0
2023-06-18T19:36:00.198000+00:00,9110,309,1212,2.7,0,29.4,19.2,63.0,1012.0
2023-06-18T19:37:00.197000+00:00,9110,347,1212,3.0,0,29.4,19.1,61.0,1012.0
2023-06-18T19:38:00.211000+00:00,9110,347,1212,3.0,0,29.4,19.1,61.0,1012.0
2023-06-18T19:39:00.241000+00:00,9110,336,1212,1.7,0,28.8,19.0,63.0,1012.0
2023-06-18T19:40:00.209000+00:00,9110,304,1212,2.0,0,28.8,19.1,63.0,1012.2
2023-06-18T19:41:00.208000+00:00,9110,300,1212,2.4,0,28.8,19.0,63.0,1012.2
2023-06-18T19:42:00.207000+00:00,9110,304,1212,2.5,0,28.6,19.0,63.0,1012.0
2023-06-18T19:43:00.190000+00:00,9110,340,1212,2.0,0,28.6,18.9,63.0,1012.2
2023-07-02T12:01:10.088000+00:00,9118,90,1213,1.0,0,31.2,21.7,56.0,934.2
2023-07-02T12:02:10.087000+00:00,9118,110,1213,1.2,0,31.1,21.6,55.0,934.2
2023-07-02T12:03:10.086000+00:00,9118,171,1213,1.2,0,31.0,21.6,55.0,934.2
2023-07-02T12:04:10.085000+00:00,9118,9,1213,0.6,0,30.8,21.6,55.0,934.2
2023-07-02T12:05:10.225000+00:00,9118,69,1213,0.8,0,30.6,21.5,55.0,934.2
2023-07-02T12:06:10.083000+00:00,9118,83,1213,0.6,0,30.9,21.6,55.0,934.2
2023-07-02T12:07:10.082000+00:00,9118,100,1213,1.1,0,30.9,21.5,55.0,934.2
2023-07-02T12:08:10.081000+00:00,9118,99,1213,1.2,0,30.7,21.5,56.0,934.2
2023-07-02T12:09:10.095000+00:00,9118,62,1213,1.8,0,30.5,21.5,54.0,934.2
2023-07-02T12:10:10.094000+00:00,9118,83,1213,0.8,0,30.7,21.6,54.0,934.2
2023-07-02T12:11:10.093000+00:00,9118,143,1213,1.0,0,30.8,21.6,54.0,934.2
2023-07-02T12:12:10.092000+00:00,9118,56,1213,0.8,0,31.2,21.6,54.0,934.2
2023-07-02T12:13:10.201000+00:00,9118,68,1213,0.8,0,31.2,21.7,53.0,934.2
2023-07-02T12:14:10.106000+00:00,9118,68,1213,1.2,0,31.2,21.8,54.0,934.2
2023-07-02T12:15:10.120000+00:00,9118,70,1213,1.1,0,31.2,21.9,51.0,934.0
2023-07-02T12:16:10.135000+00:00,9118,59,1213,2.2,0,31.2,21.9,51.0,934.2
2023-07-02T12:17:10.134000+00:00,9118,77,1213,1.8,0,31.4,21.9,50.0,934.0
2023-07-02T12:18:10.149000+00:00,9118,69,1213,1.5,0,31.3,21.9,51.0,934.0
2023-07-02T12:19:10.147000+00:00,9118,60,1213,2.2,0,31.0,21.8,52.0,934.0
2023-07-02T12:20:10.146000+00:00,9118,49,1213,1.6,1,31.0,21.7,53.0,934.0
2023-07-02T12:21:10.145000+00:00,9118,80,1213,1.3,1,30.7,21.8,53.0,934.0
2023-07-02T12:22:10.144000+00:00,9118,102,1213,1.5,0,30.8,21.7,53.0,934.2
2023-07-02T12:23:10.159000+00:00,9118,67,1213,1.0,0,31.1,21.9,53.0,934.0
2023-07-02T12:24:10.158000+00:00,9118,67,1213,1.7,0,31.7,21.9,53.0,934.0
2023-07-02T12:25:10.157000+00:00,9118,73,1213,1.8,0,32.0,21.9,53.0,934.0
2023-07-02T12:26:10.156000+00:00,9118,67,1213,1.2,0,32.0,22.0,53.0,934.0
2023-07-02T12:27:10.186000+00:00,9118,68,1213,1.7,0,32.5,22.0,51.0,934.0
2023-07-02T12:28:10.185000+00:00,9118,87,1213,1.7,0,32.0,22.1,52.0,934.0
2023-07-02T12:29:10.184000+00:00,9118,52,1213,0.6,0,32.3,22.2,51.0,934.0
2023-07-02T12:30:10.183000+00:00,9118,66,1213,0.8,0,33.3,22.2,51.0,934.2
2023-07-02T12:31:10.182000+00:00,9118,96,1213,1.6,0,33.3,22.1,52.0,934.0
2023-07-02T12:32:10.181000+00:00,9118,64,1213,1.0,0,32.7,22.2,51.0,934.0
2023-07-02T12:33:10.180000+00:00,9118,65,1213,2.0,0,32.7,22.2,51.0,934.0
2023-07-02T12:34:10.179000+00:00,9118,51,1213,0.8,0,32.7,22.2,52.0,934.0
2023-07-02T12:35:10.177000+00:00,9118,0,1213,0.6,0,33.2,22.3,52.0,934.2
2023-07-02T12:36:10.176000+00:00,9118,64,1213,0.5,0,33.2,22.3,51.0,934.0
2023-07-02T12:37:10.175000+00:00,9118,24,1213,0.6,0,33.2,22.2,51.0,934.0
2023-07-02T12:38:10.190000+00:00,9118,0,1213,0.6,0,32.4,22.1,50.0,934.0
2023-07-02T12:39:10.189000+00:00,9118,0,1213,0.0,0,32.4,22.1,51.0,934.0
2023-07-02T12:40:10.188000+00:00,9118,51,1213,0.0,0,32.6,22.2,51.0,934.0
2023-07-02T12:41:10.187000+00:00,9118,291,1213,0.6,0,33.3,22.2,51.0,934.0
2023-07-02T12:42:10.188000+00:00,9118,341,1213,0.8,0,33.8,22.2,50.0,934.0
2023-07-02T12:43:10.185000+00:00,9118,357,1213,0.5,0,33.6,22.3,49.0,934.0
2023-07-02T12:44:10.184000+00:00,9118,329,1213,0.6,0,33.5,22.3,50.0,934.0
2023-07-02T12:45:10.198000+00:00,9118,209,1213,0.4,0,32.8,22.3,50.0,934.0
2023-07-02T12:46:10.197000+00:00,9118,237,1213,0.4,0,32.7,22.3,50.0,934.0
2023-07-02T12:47:10.212000+00:00,9118,234,1213,0.6,0,32.2,22.3,50.0,934.0
2023-07-02T12:48:10.226000+00:00,9118,264,1213,1.2,0,32.2,22.3,51.0,934.0
2023-07-02T12:49:10.241000+00:00,9118,267,1213,1.3,1,32.3,22.3,50.0,934.0
2023-07-02T12:50:10.240000+00:00,9118,259,1213,1.3,0,32.5,22.3,50.0,934.0
2023-07-02T12:51:10.254000+00:00,9118,255,1213,1.6,0,32.2,22.2,51.0,934.0
2023-07-02T12:52:10.253000+00:00,9118,249,1213,1.8,0,32.1,22.1,51.0,934.0
2023-07-02T12:53:10.252000+00:00,9118,264,1213,1.8,0,32.1,22.1,51.0,934.0
2023-07-02T12:54:10.267000+00:00,9118,247,1213,1.1,0,32.1,22.2,51.0,934.0
2023-07-02T12:55:10.297000+00:00,9118,254,1213,2.0,0,32.3,22.3,51.0,934.0
2023-07-02T12:56:10.311000+00:00,9118,253,1213,2.0,0,32.2,22.3,50.0,934.0
2023-07-02T12:57:10.310000+00:00,9118,242,1213,1.8,0,31.8,22.3,50.0,934.0
2023-07-02T12:58:10.325000+00:00,9118,241,1213,2.0,0,31.7,22.2,51.0,934.0
2023-07-02T12:59:10.324000+00:00,9118,218,1213,2.2,0,31.7,22.1,52.0,933.9
2023-07-02T13:00:10.323000+00:00,9118,246,1213,1.0,0,31.9,22.1,51.0,934.0
2023-07-02T13:01:10.322000+00:00,9118,269,1213,0.8,0,32.0,22.1,51.0,933.9
2023-07-02T13:02:10.321000+00:00,9118,263,1213,0.5,0,32.1,22.1,51.0,934.0
2023-07-02T13:03:10.319000+00:00,9118,246,1213,1.2,0,32.0,22.1,51.0,934.0
2023-07-02T13:04:10.350000+00:00,9118,232,1213,1.2,0,32.1,22.2,51.0,933.9
2023-07-02T13:05:10.349000+00:00,9118,240,1213,1.1,0,32.1,22.3,50.0,934.0
2023-07-02T13:06:10.347000+00:00,9118,154,1213,1.2,0,32.9,22.4,51.0,934.0
2023-07-02T13:07:10.346000+00:00,9118,323,1213,0.6,0,33.0,22.5,51.0,934.0
2023-07-02T13:08:10.345000+00:00,9118,0,1213,0.5,0,33.3,22.6,49.0,934.0
2023-07-02T13:09:10.360000+00:00,9118,0,1213,0.0,0,34.3,22.7,49.0,934.0
2023-07-02T13:10:10.609000+00:00,9118,216,1213,1.1,0,34.3,22.8,49.0,934.0
2023-07-02T13:11:10.373000+00:00,9118,80,1213,1.0,0,33.8,22.9,50.0,934.0
2023-07-02T13:12:10.607000+00:00,9118,103,1213,0.8,0,33.6,23.0,51.0,934.0
2023-07-02T13:13:10.372000+00:00,9118,0,1213,1.1,0,33.4,23.0,50.0,934.0
2023-07-02T13:14:10.620000+00:00,9118,53,1213,1.3,0,33.6,23.2,50.0,933.9
2023-07-02T13:15:10.385000+00:00,9118,71,1213,1.2,0,33.6,23.2,49.0,933.9
2023-07-02T13:16:10.399000+00:00,9118,112,1213,0.8,0,34.0,23.2,49.0,934.0
2023-07-02T13:17:10.398000+00:00,9118,0,1213,1.3,0,34.1,23.2,49.0,933.9
2023-07-02T13:18:10.413000+00:00,9118,81,1213,0.8,0,34.1,23.2,49.0,934.0
2023-07-02T13:19:10.584000+00:00,9118,86,1213,1.2,0,34.2,23.2,49.0,933.9
2023-07-02T13:20:10.426000+00:00,9118,161,1213,0.8,0,34.5,23.1,48.0,934.0
2023-07-02T13:21:10.425000+00:00,9118,161,1213,0.8,0,34.5,23.2,48.0,934.0
2023-07-02T13:22:10.424000+00:00,9118,50,1213,1.1,0,34.4,23.2,49.0,934.0
2023-07-02T13:23:10.423000+00:00,9118,284,1213,0.6,0,34.1,23.0,49.0,934.0
2023-07-02T13:24:10.438000+00:00,9118,285,1213,0.4,0,34.0,22.9,49.0,934.0
2023-07-02T13:25:10.468000+00:00,9118,330,1213,0.8,0,32.9,22.9,49.0,934.0
2023-07-02T13:26:10.467000+00:00,9118,69,1213,0.8,0,32.6,22.8,50.0,934.0
2023-07-02T13:27:10.513000+00:00,9118,95,1213,0.8,0,32.7,22.8,51.0,934.0
2023-07-02T13:28:10.480000+00:00,9118,73,1213,0.8,0,32.4,22.8,51.0,934.0
2023-07-02T13:29:10.479000+00:00,9118,145,1213,1.2,0,32.8,22.7,51.0,934.0
2023-07-02T13:30:10.509000+00:00,9118,325,1213,1.0,0,32.8,22.8,51.0,934.0
2023-07-02T13:31:10.508000+00:00,9118,93,1213,0.8,0,32.5,22.8,52.0,934.0
2023-07-02T13:32:10.523000+00:00,9118,86,1213,1.0,0,32.6,22.7,51.0,934.0
2023-07-02T13:33:10.537000+00:00,9118,118,1213,1.2,0,32.6,22.7,52.0,934.0
2023-07-02T13:34:10.552000+00:00,9118,3,1213,1.5,0,32.5,22.7,51.0,934.0
2023-07-02T13:35:10.566000+00:00,9118,0,1213,0.8,0,32.5,22.7,51.0,934.0
2023-07-02T13:36:10.565000+00:00,9118,64,1213,0.5,0,32.5,22.7,50.0,934.0
2023-07-02T13:37:10.564000+00:00,9118,47,1213,0.8,0,32.2,22.6,51.0,934.0
2023-07-02T13:38:10.563000+00:00,9118,85,1213,1.2,0,32.1,22.6,51.0,934.0
2023-07-02T13:39:10.562000+00:00,9118,29,1213,1.2,0,31.5,22.6,51.0,934.0
2023-07-02T13:40:10.577000+00:00,9118,112,1213,1.2,0,31.9,22.6,52.0,934.0
2023-07-02T13:41:10.560000+00:00,9118,113,1213,1.6,0,32.2,22.7,52.0,934.0
2023-07-02T13:42:10.575000+00:00,9118,94,1213,1.1,0,32.2,22.7,53.0,934.0
2023-07-02T13:43:10.574000+00:00,9118,129,1213,1.2,0,32.1,22.7,52.0,934.2
2023-07-02T13:44:10.572000+00:00,9118,94,1213,1.2,0,31.9,22.6,53.0,934.0
2023-07-02T13:45:10.587000+00:00,9118,80,1213,1.0,0,31.8,22.5,53.0,934.0
2023-07-02T13:46:10.586000+00:00,9118,167,1213,1.7,0,31.7,22.5,53.0,934.0
2023-07-02T13:47:10.601000+00:00,9118,167,1213,1.7,0,31.7,22.5,53.0,934.0
2023-07-02T13:48:10.599000+00:00,9118,72,1213,1.3,0,31.5,22.5,52.0,934.0
2023-07-02T13:49:10.598000+00:00,9118,9,1213,1.1,0,31.4,22.5,53.0,934.0
2023-07-02T13:50:10.597000+00:00,9118,56,1213,1.2,0,31.4,22.5,53.0,934.0
2023-07-02T13:51:10.596000+00:00,9118,176,1213,1.5,0,31.3,22.5,53.0,934.0
2023-07-02T13:52:10.595000+00:00,9118,203,1213,1.0,0,31.4,22.5,53.0,934.0
2023-07-02T13:53:10.610000+00:00,9118,137,1213,0.8,0,31.3,22.5,53.0,934.0
2023-07-02T13:54:10.609000+00:00,9118,262,1213,1.5,0,31.2,22.5,53.0,934.0
2023-07-02T13:55:10.639000+00:00,9118,1,1213,0.6,0,31.0,22.3,54.0,934.0
2023-07-02T13:56:10.638000+00:00,9118,321,1213,1.2,0,31.0,22.2,55.0,934.0
2023-07-02T13:57:10.652000+00:00,9118,57,1213,0.8,0,30.7,22.3,55.0,934.0
2023-07-02T13:58:10.651000+00:00,9118,235,1213,0.6,0,30.7,22.3,56.0,933.9
2023-07-02T13:59:10.666000+00:00,9118,353,1213,1.2,0,30.6,22.4,56.0,934.0
2023-07-02T14:00:10.665000+00:00,9118,307,1213,1.1,0,31.0,22.4,55.0,934.0
2023-07-02T14:01:10.679000+00:00,9118,42,1213,0.6,0,31.5,22.3,55.0,934.0
2023-07-02T14:02:10.678000+00:00,9118,82,1213,1.2,0,31.6,22.4,55.0,934.0
2023-07-02T14:03:10.661000+00:00,9118,93,1213,1.6,0,31.7,22.5,54.0,934.0
2023-07-02T14:04:10.676000+00:00,9118,95,1213,1.2,0,31.5,22.5,55.0,934.0
2023-07-02T14:05:10.659000+00:00,9118,133,1213,1.7,0,31.5,22.5,54.0,934.0
2023-07-02T14:06:10.674000+00:00,9118,97,1213,1.5,0,31.5,22.5,55.0,934.0
2023-07-02T14:07:10.673000+00:00,9118,134,1213,2.0,0,31.1,22.6,55.0,934.0
2023-07-02T14:08:10.703000+00:00,9118,92,1213,1.5,0,31.1,22.5,55.0,934.0
2023-07-02T14:09:10.702000+00:00,9118,78,1213,1.6,0,31.1,22.6,55.0,934.0
2023-07-02T14:10:10.732000+00:00,9118,37,1213,1.1,0,31.1,22.5,55.0,934.0
2023-07-02T14:11:10.700000+00:00,9118,104,1213,1.6,0,31.1,22.5,55.0,934.0
2023-07-02T14:12:10.699000+00:00,9118,159,1213,1.0,0,31.1,22.5,54.0,934.0
2023-07-02T14:13:10.713000+00:00,9118,93,1213,1.7,0,31.2,22.5,54.0,933.9
2023-07-02T14:14:10.712000+00:00,9118,69,1213,1.0,0,31.5,22.6,54.0,934.0
2023-07-02T14:15:10.711000+00:00,9118,126,1213,1.3,0,31.6,22.7,53.0,934.0
2023-07-02T14:16:10.726000+00:00,9118,10,1213,1.3,0,31.8,22.7,53.0,933.9
2023-07-02T14:17:10.865000+00:00,9118,96,1213,1.1,0,31.8,22.7,54.0,934.0
2023-07-02T14:18:10.739000+00:00,9118,322,1213,1.7,0,31.8,22.8,53.0,934.0
2023-07-02T14:19:10.754000+00:00,9118,92,1213,0.6,0,32.1,22.8,53.0,934.0
2023-07-02T14:20:10.768000+00:00,9118,30,1213,1.1,0,32.1,22.8,53.0,934.0
2023-07-02T14:21:10.767000+00:00,9118,109,1213,0.6,0,32.0,22.8,52.0,934.0
2023-07-02T14:22:10.782000+00:00,9118,0,1213,0.6,0,32.0,22.8,52.0,934.0
2023-07-02T14:23:10.796000+00:00,9118,55,1213,0.6,0,31.4,22.9,52.0,934.0
2023-07-02T14:24:10.795000+00:00,9118,40,1213,0.6,0,31.4,22.8,53.0,934.0
2023-07-02T14:25:10.794000+00:00,9118,59,1213,0.8,0,31.3,22.8,53.0,934.0
2023-07-02T14:26:10.809000+00:00,9118,27,1213,0.8,0,31.5,22.7,53.0,934.0
2023-07-02T14:27:10.807000+00:00,9118,155,1213,0.6,0,31.1,22.7,52.0,934.0
2023-07-02T14:28:10.822000+00:00,9118,318,1213,0.8,0,31.5,22.7,52.0,934.0
2023-07-02T14:29:10.915000+00:00,9118,118,1213,0.4,0,31.0,22.6,53.0,934.0
2023-07-02T14:30:10.836000+00:00,9118,5,1213,1.2,0,31.1,22.6,53.0,933.9
2023-07-02T14:31:10.866000+00:00,9118,5,1213,1.2,0,31.1,22.6,53.0,933.9
2023-07-02T14:32:10.865000+00:00,9118,5,1213,1.2,0,31.1,22.6,53.0,933.9
2023-07-02T14:33:10.879000+00:00,9118,5,1213,1.2,0,31.1,22.6,53.0,933.9
2023-07-09T13:01:13.379000+00:00,9126,233,1214,2.7,0,36.2,22.1,51.0,1001.4
2023-07-09T13:02:13.393000+00:00,9126,224,1214,2.2,0,36.7,22.3,50.0,1001.4
2023-07-09T13:03:13.377000+00:00,9126,194,1214,3.0,0,35.4,22.4,50.0,1001.4
2023-07-09T13:04:13.391000+00:00,9126,176,1214,4.3,0,35.3,22.3,50.0,1001.4
2023-07-09T13:05:13.390000+00:00,9126,200,1214,4.9,0,35.5,22.1,52.0,1001.2
2023-07-09T13:06:13.389000+00:00,9126,188,1214,5.4,0,36.1,22.2,52.0,1001.4
2023-07-09T13:07:13.388000+00:00,9126,183,1214,4.9,0,36.1,22.3,51.0,1001.5
2023-07-09T13:08:13.387000+00:00,9126,193,1214,5.0,0,36.3,22.3,52.0,1001.4
2023-07-09T13:09:13.386000+00:00,9126,208,1214,4.1,0,36.5,22.2,52.0,1001.4
2023-07-09T13:10:13.400000+00:00,9126,189,1214,3.5,0,36.7,22.1,52.0,1001.4
2023-07-09T13:11:13.384000+00:00,9126,198,1214,3.0,0,36.2,22.2,51.0,1001.4
2023-07-09T13:12:13.383000+00:00,9126,204,1214,3.4,0,34.3,22.1,53.0,1001.4
2023-07-09T13:13:13.397000+00:00,9126,195,1214,2.5,0,33.9,22.0,53.0,1001.2
2023-07-09T13:14:13.396000+00:00,9126,231,1214,2.4,0,33.9,22.0,54.0,1001.2
2023-07-09T13:15:13.395000+00:00,9126,197,1214,3.2,0,35.0,22.0,52.0,1001.4
2023-07-09T13:16:13.394000+00:00,9126,217,1214,3.4,0,35.3,21.9,52.0,1001.4
2023-07-09T13:17:13.393000+00:00,9126,199,1214,4.0,0,35.3,22.0,52.0,1001.4
2023-07-09T13:18:13.392000+00:00,9126,210,1214,4.4,0,36.4,22.1,50.0,1001.4
2023-07-09T13:19:13.391000+00:00,9126,198,1214,4.1,0,36.5,22.3,50.0,1001.5
2023-07-09T13:20:13.390000+00:00,9126,187,1214,4.3,0,36.7,22.3,50.0,1001.4
2023-07-09T13:21:13.389000+00:00,9126,187,1214,4.3,0,38.2,22.3,51.0,1001.4
2023-07-09T13:22:13.403000+00:00,9126,189,1214,3.4,0,38.2,22.3,52.0,1001.4
2023-07-09T13:23:13.402000+00:00,9126,206,1214,3.0,0,37.7,22.2,52.0,1001.2
2023-07-09T13:24:13.401000+00:00,9126,235,1214,3.4,0,35.8,22.2,51.0,1001.2
2023-07-09T13:25:13.400000+00:00,9126,231,1214,3.0,0,34.0,22.2,50.0,1001.2
2023-07-09T13:26:13.399000+00:00,9126,223,1214,4.0,0,34.0,22.3,49.0,1001.4
2023-07-09T13:27:13.445000+00:00,9126,212,1214,4.0,0,34.0,22.4,50.0,1001.2
2023-07-09T13:28:13.444000+00:00,9126,188,1214,3.7,0,34.0,22.4,51.0,1001.2
2023-07-09T13:29:13.458000+00:00,9126,218,1214,3.0,0,32.8,22.5,50.0,1001.0
2023-07-09T13:30:13.457000+00:00,9126,217,1214,3.4,0,33.0,22.5,49.0,1001.2
2023-07-09T13:31:13.472000+00:00,9126,220,1214,4.0,0,32.8,22.5,49.0,1001.0
2023-07-09T13:32:13.502000+00:00,9126,215,1214,3.5,0,32.1,22.4,51.0,1001.0
2023-07-09T13:33:13.501000+00:00,9126,231,1214,3.2,0,30.4,22.4,50.0,1001.2
2023-07-09T13:34:13.484000+00:00,9126,189,1214,4.5,0,31.0,22.3,50.0,1001.2
2023-07-09T13:35:13.499000+00:00,9126,195,1214,3.7,0,31.0,22.0,50.0,1001.2
2023-07-09T13:36:13.498000+00:00,9126,183,1214,4.0,0,29.3,21.9,51.0,1001.2
2023-07-09T13:37:13.512000+00:00,9126,199,1214,2.9,0,29.3,21.9,52.0,1001.2
2023-07-09T13:38:13.527000+00:00,9126,208,1214,4.0,0,29.4,21.9,52.0,1001.2
2023-07-09T13:39:13.526000+00:00,9126,225,1214,4.3,0,29.6,21.8,52.0,1001.0
2023-07-09T13:40:13.525000+00:00,9126,206,1214,3.5,0,30.6,21.9,51.0,1001.2
2023-07-09T13:41:13.523000+00:00,9126,190,1214,3.5,0,31.0,22.0,50.0,1001.2
2023-07-09T13:42:13.522000+00:00,9126,196,1214,4.0,0,32.1,22.0,51.0,1001.2
2023-07-09T13:43:13.537000+00:00,9126,193,1214,4.3,0,32.1,22.1,51.0,1001.0
2023-07-09T13:44:13.536000+00:00,9126,194,1214,4.6,0,30.3,22.2,51.0,1001.0
2023-07-09T13:45:13.535000+00:00,9126,192,1214,5.5,0,29.8,22.3,51.0,1001.2
2023-07-09T13:46:13.534000+00:00,9126,201,1214,4.5,0,29.5,22.2,51.0,1001.2
2023-07-09T13:47:13.533000+00:00,9126,204,1214,3.5,0,29.6,22.1,52.0,1001.2
2023-07-09T13:48:13.547000+00:00,9126,200,1214,3.2,0,29.5,22.0,52.0,1001.2
2023-07-09T13:49:13.530000+00:00,9126,203,1214,3.0,0,29.5,22.0,52.0,1001.2
2023-07-09T13:50:13.529000+00:00,9126,194,1214,4.5,0,29.8,22.0,51.0,1001.2
2023-07-09T13:51:13.528000+00:00,9126,212,1214,3.7,0,29.2,21.9,52.0,1001.2
2023-07-09T13:52:13.543000+00:00,9126,197,1214,5.1,0,28.5,21.8,53.0,1001.2
2023-07-09T13:53:13.542000+00:00,9126,203,1214,4.3,0,28.3,21.8,53.0,1001.2
2023-07-09T13:54:13.541000+00:00,9126,208,1214,3.5,0,28.1,21.7,54.0,1001.2
2023-07-09T13:55:13.540000+00:00,9126,211,1214,3.0,0,28.6,21.6,54.0,1001.2
2023-07-09T13:56:13.539000+00:00,9126,236,1214,3.0,0,28.5,21.6,54.0,1001.2
2023-07-09T13:57:13.538000+00:00,9126,207,1214,3.7,0,28.2,21.6,54.0,1001.2
2023-07-09T13:58:13.536000+00:00,9126,181,1214,3.7,0,28.0,21.6,53.0,1001.2
2023-07-09T13:59:13.535000+00:00,9126,190,1214,4.0,0,27.9,21.6,54.0,1001.2
2023-07-09T14:00:13.534000+00:00,9126,181,1214,3.2,0,27.9,21.5,54.0,1001.2
2023-07-09T14:01:13.534000+00:00,9126,195,1214,3.7,0,27.7,21.5,54.0,1001.2
2023-07-09T14:02:13.560000+00:00,9126,193,1214,3.4,0,27.9,21.5,55.0,1001.2
2023-07-09T14:03:13.547000+00:00,9126,236,1214,3.7,0,29.6,21.4,54.0,1001.2
2023-07-09T14:04:13.546000+00:00,9126,237,1214,3.2,0,29.6,21.4,55.0,1001.2
2023-07-09T14:05:13.545000+00:00,9126,191,1214,3.2,0,29.5,21.4,55.0,1001.4
2023-07-09T14:06:13.544000+00:00,9126,196,1214,2.7,0,29.6,21.5,54.0,1001.2
2023-07-09T14:07:13.542000+00:00,9126,238,1214,3.4,0,29.4,21.5,54.0,1001.2
2023-07-09T14:08:13.541000+00:00,9126,188,1214,3.2,0,29.4,21.4,55.0,1001.2
2023-07-09T14:09:13.540000+00:00,9126,201,1214,3.0,0,29.3,21.4,55.0,1001.2
2023-07-09T14:10:13.539000+00:00,9126,221,1214,3.4,0,29.3,21.4,55.0,1001.2
2023-07-09T14:11:13.538000+00:00,9126,193,1214,3.2,0,29.4,21.5,55.0,1001.4
2023-07-09T14:12:13.537000+00:00,9126,183,1214,3.4,0,29.5,21.4,55.0,1001.2
2023-07-09T14:13:13.552000+00:00,9126,198,1214,4.0,0,29.3,21.4,54.0,1001.2
2023-07-09T14:14:13.551000+00:00,9126,190,1214,4.0,0,29.2,21.4,55.0,1001.2
2023-07-09T14:15:13.550000+00:00,9126,201,1214,3.5,0,29.1,21.5,55.0,1001.4
2023-07-09T14:16:13.548000+00:00,9126,185,1214,3.4,0,29.1,21.4,55.0,1001.2
2023-07-09T14:17:13.547000+00:00,9126,201,1214,3.5,0,29.1,21.3,55.0,1001.2
2023-07-09T14:18:13.546000+00:00,9126,202,1214,3.7,0,29.2,21.3,55.0,1001.2
2023-07-09T14:19:13.545000+00:00,9126,203,1214,3.2,0,29.2,21.4,55.0,1001.2
2023-07-09T14:20:13.544000+00:00,9126,175,1214,3.0,0,29.1,21.3,55.0,1001.2
2023-07-09T14:21:13.559000+00:00,9126,187,1214,4.5,0,29.1,21.3,55.0,1001.2
2023-07-09T14:22:13.605000+00:00,9126,189,1214,4.3,0,28.9,21.4,56.0,1001.2
2023-07-09T14:23:13.572000+00:00,9126,205,1214,4.5,0,28.8,21.4,57.0,1001.5
2023-07-09T14:24:13.556000+00:00,9126,191,1214,3.7,0,28.7,21.4,58.0,1001.5
2023-07-09T14:25:13.554000+00:00,9126,229,1214,4.5,0,27.8,21.1,60.0,1001.5
2023-07-09T14:26:13.553000+00:00,9126,255,1214,2.5,0,27.7,20.9,61.0,1001.5
2023-07-09T14:27:13.552000+00:00,9126,212,1214,1.8,0,27.7,20.7,63.0,1001.5
2023-07-09T14:28:13.567000+00:00,9126,241,1214,1.8,0,27.8,20.5,63.0,1001.5
2023-07-09T14:29:13.566000+00:00,9126,222,1214,2.2,0,27.9,20.1,63.0,1001.4
2023-07-09T14:30:13.565000+00:00,9126,223,1214,2.0,0,28.3,20.1,64.0,1001.2
2023-07-09T14:31:13.564000+00:00,9126,229,1214,2.4,0,28.3,20.1,64.0,1001.5
2023-07-09T14:32:13.563000+00:00,9126,239,1214,3.4,0,28.9,20.1,64.0,1001.4
2023-07-09T14:33:13.562000+00:00,9126,201,1214,3.2,0,29.1,20.2,64.0,1001.4
2023-07-09T14:34:13.560000+00:00,9126,217,1214,2.7,0,29.3,20.3,64.0,1001.2
2023-07-09T14:35:13.559000+00:00,9126,206,1214,2.0,0,29.4,20.2,64.0,1001.4
2023-07-09T14:36:13.558000+00:00,9126,206,1214,2.2,0,29.6,20.2,64.0,1001.4
2023-07-09T14:37:13.557000+00:00,9126,222,1214,1.7,0,29.6,20.0,64.0,1001.2
2023-07-09T14:38:13.556000+00:00,9126,204,1214,2.5,0,29.6,20.2,64.0,1001.4
2023-07-09T14:39:13.555000+00:00,9126,214,1214,0.8,0,29.6,20.2,63.0,1001.4
2023-07-09T14:40:13.570000+00:00,9126,202,1214,1.3,0,29.7,20.4,63.0,1001.4
2023-07-09T14:41:13.569000+00:00,9126,145,1214,1.7,0,30.9,20.4,62.0,1001.4
2023-07-09T14:42:13.556000+00:00,9126,240,1214,1.1,0,31.4,20.5,62.0,1001.4
2023-07-09T14:43:13.555000+00:00,9126,220,1214,2.0,0,31.7,20.5,63.0,1001.4
2023-07-09T14:44:13.569000+00:00,9126,225,1214,2.4,0,32.4,20.6,61.0,1001.4
2023-07-09T14:45:13.568000+00:00,9126,209,1214,1.2,0,32.4,20.8,62.0,1001.4
2023-07-09T14:46:13.567000+00:00,9126,192,1214,2.2,0,32.8,20.8,62.0,1001.4
2023-07-09T14:47:13.597000+00:00,9126,175,1214,2.5,0,33.3,20.9,61.0,1001.4
2023-07-09T14:48:13.565000+00:00,9126,212,1214,1.6,0,33.3,21.0,61.0,1001.4
2023-07-09T14:49:13.595000+00:00,9126,195,1214,1.8,0,32.7,21.0,61.0,1001.4
2023-07-09T14:50:13.563000+00:00,9126,207,1214,3.0,0,32.4,21.1,62.0,1001.2
2023-07-09T14:51:13.562000+00:00,9126,235,1214,2.2,0,31.4,21.0,62.0,1001.4
2023-07-09T14:52:13.576000+00:00,9126,197,1214,2.5,0,31.4,21.0,62.0,1001.2
2023-07-09T14:53:13.591000+00:00,9126,179,1214,1.3,0,30.6,21.0,63.0,1001.2
2023-07-09T14:54:13.606000+00:00,9126,226,1214,1.2,0,30.6,21.0,63.0,1001.2
2023-07-09T14:55:13.605000+00:00,9126,201,1214,1.7,0,30.5,21.0,63.0,1001.2
2023-07-09T14:56:13.635000+00:00,9126,246,1214,1.3,0,30.5,20.9,63.0,1001.2
2023-07-09T14:57:13.634000+00:00,9126,190,1214,1.8,0,30.3,20.9,62.0,1001.2
2023-07-09T14:58:13.648000+00:00,9126,238,1214,1.1,0,30.1,20.9,63.0,1001.2
2023-07-09T14:59:13.663000+00:00,9126,247,1214,1.7,0,30.1,21.0,62.0,1001.2
2023-07-09T15:00:13.662000+00:00,9126,236,1214,1.3,0,30.1,21.0,63.0,1001.2
2023-07-09T15:01:13.661000+00:00,9126,217,1214,1.5,0,29.8,20.8,63.0,1001.2
2023-07-09T15:02:13.675000+00:00,9126,256,1214,2.0,0,29.7,20.9,63.0,1001.2
2023-07-09T15:03:13.674000+00:00,9126,246,1214,0.8,0,29.7,20.9,63.0,1001.2
2023-07-09T15:04:13.689000+00:00,9126,218,1214,1.2,0,29.4,20.9,63.0,1001.0
2023-07-09T15:05:13.672000+00:00,9126,199,1214,1.8,0,29.4,20.9,63.0,1001.2
2023-07-09T15:06:13.671000+00:00,9126,188,1214,0.8,0,29.7,20.9,63.0,1001.0
2023-07-09T15:07:13.670000+00:00,9126,173,1214,1.1,0,29.5,20.9,64.0,1001.0
2023-07-09T15:08:13.669000+00:00,9126,201,1214,1.2,0,29.3,21.0,64.0,1001.2
2023-07-09T15:09:13.668000+00:00,9126,218,1214,1.1,0,29.5,21.0,63.0,1001.0
2023-07-09T15:10:13.667000+00:00,9126,230,1214,1.5,0,29.7,21.0,63.0,1001.0
2023-07-09T15:11:13.681000+00:00,9126,192,1214,2.4,0,29.7,21.1,62.0,1001.0
2023-07-09T15:12:13.680000+00:00,9126,192,1214,1.0,0,29.9,21.2,61.0,1001.0
2023-07-09T15:13:13.695000+00:00,9126,200,1214,1.7,0,29.9,21.3,62.0,1001.0
2023-07-09T15:14:13.709000+00:00,9126,177,1214,1.7,0,30.7,21.4,61.0,1001.0
2023-07-09T15:15:13.708000+00:00,9126,220,1214,2.0,0,31.1,21.4,57.0,1001.0
2023-07-09T15:16:13.723000+00:00,9126,215,1214,2.2,0,30.9,21.4,58.0,1001.0
2023-07-09T15:17:13.737000+00:00,9126,212,1214,2.0,0,30.4,21.4,57.0,1001.0
2023-07-09T15:18:13.752000+00:00,9126,186,1214,3.0,0,30.3,21.4,57.0,1001.0
2023-07-09T15:19:13.766000+00:00,9126,199,1214,2.7,0,30.1,21.4,58.0,1001.0
2023-07-09T15:20:13.750000+00:00,9126,192,1214,2.4,0,30.0,21.4,59.0,1001.0
2023-07-09T15:21:13.764000+00:00,9126,229,1214,2.4,0,30.0,21.5,58.0,1001.0
2023-07-09T15:22:13.748000+00:00,9126,184,1214,3.2,0,29.9,21.5,57.0,1001.0
2023-07-09T15:23:13.762000+00:00,9126,188,1214,3.4,0,29.6,21.5,54.0,1001.0
2023-07-09T15:24:13.792000+00:00,9126,200,1214,4.3,0,29.6,21.6,54.0,1000.9
2023-07-09T15:25:13.807000+00:00,9126,182,1214,4.0,0,29.7,21.6,54.0,1001.0
2023-07-09T15:26:13.806000+00:00,9126,203,1214,3.7,0,30.2,21.7,54.0,1001.0
2023-07-09T15:27:13.805000+00:00,9126,188,1214,3.5,0,30.2,21.8,53.0,1001.0
2023-07-09T15:28:13.804000+00:00,9126,193,1214,4.8,0,29.8,21.8,52.0,1001.0
2023-07-09T15:29:13.834000+00:00,9126,187,1214,3.4,0,29.6,21.8,53.0,1001.0
2023-07-09T15:30:13.802000+00:00,9126,208,1214,3.0,0,29.4,21.8,53.0,1000.9
2023-07-09T15:31:13.800000+00:00,9126,192,1214,4.1,0,29.3,21.8,53.0,1001.0
2023-07-23T12:01:53.448000+00:00,9133,287,1215,1.8,0,50.9,28.0,34.0,989.0
2023-07-23T12:02:53.463000+00:00,9133,195,1215,1.2,0,50.9,28.1,32.0,989.0
2023-07-23T12:03:53.462000+00:00,9133,334,1215,0.8,0,51.0,28.0,33.0,989.0
2023-07-23T12:04:53.461000+00:00,9133,300,1215,2.5,0,51.4,28.1,32.0,989.0
2023-07-23T12:05:53.475000+00:00,9133,318,1215,2.5,0,51.4,28.1,32.0,989.0
2023-07-23T12:06:53.490000+00:00,9133,98,1215,1.8,0,50.7,28.0,33.0,989.0
2023-07-23T12:07:53.489000+00:00,9133,265,1215,1.1,0,50.5,27.9,34.0,989.0
2023-07-23T12:08:53.503000+00:00,9133,281,1215,2.4,0,49.2,27.9,33.0,989.0
2023-07-23T12:09:53.502000+00:00,9133,190,1215,2.0,0,49.2,27.9,34.0,989.0
2023-07-23T12:10:53.501000+00:00,9133,116,1215,1.1,0,49.2,27.8,35.0,989.0
2023-07-23T12:11:53.531000+00:00,9133,152,1215,0.6,0,49.2,27.7,34.0,988.9
2023-07-23T12:12:53.530000+00:00,9133,264,1215,1.2,0,51.3,27.7,34.0,989.0
2023-07-23T12:13:53.529000+00:00,9133,306,1215,2.5,0,51.3,27.7,33.0,989.0
2023-07-23T12:14:53.528000+00:00,9133,353,1215,1.2,0,50.5,27.8,33.0,989.0
2023-07-23T12:15:53.527000+00:00,9133,35,1215,1.2,0,50.3,28.0,33.0,989.0
2023-07-23T12:16:53.526000+00:00,9133,156,1215,1.0,0,50.5,28.1,33.0,988.9
2023-07-23T12:17:53.525000+00:00,9133,144,1215,1.7,0,50.7,28.1,33.0,989.0
2023-07-23T12:18:53.524000+00:00,9133,169,1215,0.8,0,50.7,28.0,33.0,988.9
2023-07-23T12:19:53.538000+00:00,9133,211,1215,0.8,0,50.7,28.2,32.0,989.0
2023-07-23T12:20:53.522000+00:00,9133,2,1215,1.5,0,50.5,28.2,33.0,989.0
2023-07-23T12:21:53.521000+00:00,9133,114,1215,1.1,0,50.3,28.0,32.0,989.0
2023-07-23T12:22:53.535000+00:00,9133,158,1215,1.5,0,50.1,28.0,32.0,988.9
2023-07-23T12:23:53.534000+00:00,9133,59,1215,0.8,0,50.0,28.0,34.0,988.7
2023-07-23T12:24:53.533000+00:00,9133,110,1215,1.1,0,50.1,28.0,33.0,988.9
2023-07-23T12:25:53.548000+00:00,9133,59,1215,1.2,0,50.0,28.1,34.0,988.9
2023-07-23T12:26:53.531000+00:00,9133,212,1215,1.7,0,50.0,28.1,33.0,988.9
2023-07-23T12:27:53.530000+00:00,9133,75,1215,1.6,0,50.0,28.2,32.0,988.9
2023-07-23T12:28:53.529000+00:00,9133,188,1215,2.0,0,48.6,28.3,32.0,988.9
2023-07-23T12:29:53.528000+00:00,9133,225,1215,1.6,0,49.1,28.3,33.0,988.9
2023-07-23T12:30:53.542000+00:00,9133,257,1215,1.7,0,49.2,28.3,34.0,988.7
2023-07-23T12:31:53.541000+00:00,9133,60,1215,1.3,0,49.9,28.3,34.0,988.7
2023-07-23T12:32:53.571000+00:00,9133,138,1215,1.1,0,49.7,28.3,33.0,988.7
2023-07-23T12:33:53.586000+00:00,9133,193,1215,1.0,0,49.7,28.2,34.0,988.7
2023-07-23T12:34:53.585000+00:00,9133,285,1215,1.0,0,49.5,28.2,34.0,988.7
2023-07-23T12:35:53.584000+00:00,9133,182,1215,0.8,0,49.5,28.1,34.0,988.7
2023-07-23T12:36:53.583000+00:00,9133,190,1215,1.3,0,48.4,28.3,33.0,988.7
2023-07-23T12:37:53.597000+00:00,9133,219,1215,1.6,0,48.3,28.3,34.0,988.7
2023-07-23T12:38:53.627000+00:00,9133,90,1215,2.0,0,49.1,28.3,33.0,988.9
2023-07-23T12:39:53.642000+00:00,9133,203,1215,1.1,0,49.1,28.3,34.0,988.9
2023-07-23T12:40:53.641000+00:00,9133,158,1215,1.5,0,49.2,28.4,34.0,988.7
2023-07-23T12:41:53.640000+00:00,9133,197,1215,1.7,0,49.2,28.4,34.0,988.9
2023-07-23T12:42:53.639000+00:00,9133,145,1215,1.0,0,48.7,28.3,34.0,988.7
2023-07-23T12:43:53.638000+00:00,9133,141,1215,0.8,0,48.7,28.2,34.0,988.7
2023-07-23T12:44:53.637000+00:00,9133,81,1215,0.8,0,47.7,28.2,34.0,988.7
2023-07-23T12:45:53.651000+00:00,9133,320,1215,0.8,0,47.9,28.2,34.0,988.7
2023-07-23T12:46:53.650000+00:00,9133,114,1215,1.2,0,48.6,28.1,34.0,988.7
2023-07-23T12:47:53.649000+00:00,9133,56,1215,0.8,0,49.0,28.1,34.0,988.7
2023-07-23T12:48:53.648000+00:00,9133,158,1215,0.8,0,49.0,28.3,34.0,988.7
2023-07-23T12:49:53.663000+00:00,9133,113,1215,1.8,0,49.0,28.3,34.0,988.7
2023-07-23T12:50:53.677000+00:00,9133,113,1215,2.2,0,48.4,28.4,34.0,988.7
2023-07-23T12:51:53.676000+00:00,9133,83,1215,1.7,0,48.4,28.5,33.0,988.5
2023-07-23T12:52:53.675000+00:00,9133,329,1215,1.5,0,47.7,28.5,33.0,988.7
2023-07-23T12:53:53.674000+00:00,9133,125,1215,1.7,0,47.2,28.5,34.0,988.7
2023-07-23T12:54:53.673000+00:00,9133,131,1215,2.0,0,46.6,28.5,34.0,988.5
2023-07-23T12:55:53.672000+00:00,9133,262,1215,1.2,0,49.6,28.5,34.0,988.7
2023-07-23T12:56:53.671000+00:00,9133,74,1215,1.5,0,49.6,28.6,34.0,988.5
2023-07-23T12:57:53.670000+00:00,9133,48,1215,1.3,0,49.6,28.6,34.0,988.5
2023-07-23T12:58:53.684000+00:00,9133,61,1215,1.2,0,49.4,28.6,33.0,988.7
2023-07-23T12:59:53.683000+00:00,9133,5,1215,0.8,0,49.8,28.5,34.0,988.5
2023-07-23T13:00:53.682000+00:00,9133,240,1215,0.8,0,50.1,28.5,34.0,988.5
2023-07-23T13:01:53.681000+00:00,9133,329,1215,1.1,0,50.3,28.5,33.0,988.7
2023-07-23T13:02:53.680000+00:00,9133,216,1215,1.5,0,50.3,28.5,32.0,988.7
2023-07-23T13:03:53.679000+00:00,9133,0,1215,1.1,0,50.1,28.7,33.0,988.5
2023-07-23T13:04:53.678000+00:00,9133,201,1215,0.8,0,49.5,28.8,34.0,988.5
2023-07-23T13:05:53.677000+00:00,9133,110,1215,0.6,0,49.9,28.8,34.0,988.5
2023-07-23T13:06:53.675000+00:00,9133,36,1215,1.8,0,50.1,28.8,33.0,988.5
2023-07-23T13:07:53.674000+00:00,9133,134,1215,1.5,0,50.1,28.8,33.0,988.5
2023-07-23T13:08:53.673000+00:00,9133,117,1215,2.7,0,49.2,28.8,34.0,988.5
2023-07-23T13:09:53.688000+00:00,9133,314,1215,1.1,0,49.6,28.9,34.0,988.5
2023-07-23T13:10:53.687000+00:00,9133,236,1215,1.6,0,50.1,29.0,32.0,988.5
2023-07-23T13:11:53.686000+00:00,9133,269,1215,2.5,0,49.6,29.1,33.0,988.4
2023-07-23T13:12:53.685000+00:00,9133,225,1215,1.3,0,49.2,29.1,33.0,988.4
2023-07-23T13:13:53.699000+00:00,9133,111,1215,2.2,0,49.2,29.1,34.0,988.4
2023-07-23T13:14:53.683000+00:00,9133,170,1215,2.0,0,49.2,29.0,33.0,988.5
2023-07-23T13:15:53.681000+00:00,9133,58,1215,1.7,0,49.9,29.0,32.0,988.5
2023-07-23T13:16:53.680000+00:00,9133,224,1215,1.1,0,49.5,29.0,32.0,988.5
2023-07-23T13:17:53.711000+00:00,9133,136,1215,1.7,0,49.5,28.9,32.0,988.5
2023-07-23T13:18:53.694000+00:00,9133,155,1215,1.2,0,49.6,29.0,32.0,988.4
2023-07-23T13:19:53.708000+00:00,9133,183,1215,1.5,0,49.6,29.0,31.0,988.5
2023-07-23T13:20:53.723000+00:00,9133,107,1215,1.7,0,49.3,29.1,31.0,988.4
2023-07-23T13:21:53.739000+00:00,9133,68,1215,0.6,0,49.3,29.1,31.0,988.2
2023-07-23T13:22:53.736000+00:00,9133,103,1215,1.5,0,49.0,29.0,32.0,988.2
2023-07-23T13:23:53.735000+00:00,9133,298,1215,1.2,0,49.1,29.0,31.0,988.2
2023-07-23T13:24:53.734000+00:00,9133,194,1215,1.5,0,50.1,29.1,32.0,988.2
2023-07-23T13:25:53.733000+00:00,9133,128,1215,1.8,0,50.0,29.1,33.0,988.2
2023-07-23T13:26:53.732000+00:00,9133,252,1215,1.2,0,49.9,29.3,32.0,988.4
2023-07-23T13:27:53.731000+00:00,9133,322,1215,2.5,0,48.6,29.4,33.0,988.4
2023-07-23T13:28:53.761000+00:00,9133,268,1215,1.2,0,48.6,29.4,32.0,988.4
2023-07-23T13:29:53.760000+00:00,9133,342,1215,1.1,0,48.5,29.3,32.0,988.2
2023-07-23T13:30:53.775000+00:00,9133,135,1215,1.1,0,48.9,29.3,32.0,988.2
2023-07-23T13:31:53.789000+00:00,9133,129,1215,0.8,0,49.2,29.2,32.0,988.2
2023-07-23T13:32:53.788000+00:00,9133,203,1215,1.2,0,49.3,29.0,33.0,988.5
2023-07-23T13:33:53.787000+00:00,9133,329,1215,2.2,0,48.6,28.9,33.0,988.2
2023-07-23T13:34:53.802000+00:00,9133,340,1215,1.6,0,49.3,29.0,33.0,988.4
2023-07-23T13:35:53.832000+00:00,9133,340,1215,1.6,0,49.3,28.9,33.0,988.4
2023-07-23T13:36:53.815000+00:00,9133,302,1215,1.5,0,49.3,28.9,32.0,988.4
2023-07-23T13:37:53.830000+00:00,9133,38,1215,2.0,0,48.8,29.0,33.0,988.2
2023-07-23T13:38:53.829000+00:00,9133,314,1215,0.6,0,48.3,29.0,33.0,988.2
2023-07-23T13:39:53.828000+00:00,9133,241,1215,1.1,0,48.2,29.0,33.0,988.2
2023-07-23T13:40:53.827000+00:00,9133,186,1215,1.2,0,48.6,29.0,33.0,988.4
2023-07-23T13:41:53.826000+00:00,9133,316,1215,1.2,0,48.5,29.0,32.0,988.2
2023-07-23T13:42:53.824000+00:00,9133,347,1215,1.6,0,48.1,29.1,33.0,988.2
2023-07-23T13:43:53.830000+00:00,9133,153,1215,1.1,0,48.5,29.1,33.0,988.2
2023-07-23T13:44:53.829000+00:00,9133,67,1215,1.7,0,48.5,29.1,33.0,988.2
2023-07-23T13:45:53.828000+00:00,9133,114,1215,1.2,0,48.6,29.3,33.0,988.2
2023-07-23T13:46:53.826000+00:00,9133,111,1215,2.2,0,48.5,29.3,33.0,988.2
2023-07-23T13:47:53.825000+00:00,9133,241,1215,2.5,0,48.2,29.3,34.0,988.2
2023-07-23T13:48:53.840000+00:00,9133,236,1215,1.6,0,48.2,29.3,33.0,988.2
2023-07-23T13:49:53.839000+00:00,9133,293,1215,2.2,0,48.5,29.3,32.0,988.2
2023-07-23T13:50:53.822000+00:00,9133,340,1215,1.5,0,48.5,29.2,32.0,988.2
2023-07-23T13:51:53.837000+00:00,9133,134,1215,1.7,0,48.5,29.3,32.0,988.2
2023-07-23T13:52:53.836000+00:00,9133,111,1215,1.8,0,48.5,29.3,33.0,988.2
2023-07-23T13:53:53.835000+00:00,9133,108,1215,2.4,0,48.1,29.2,32.0,988.2
2023-07-23T13:54:53.834000+00:00,9133,129,1215,1.7,0,47.7,29.2,32.0,988.2
2023-07-23T13:55:53.832000+00:00,9133,124,1215,1.5,0,47.5,29.3,32.0,988.2
2023-07-23T13:56:53.831000+00:00,9133,107,1215,1.8,0,47.4,29.3,32.0,988.2
2023-07-23T13:57:53.830000+00:00,9133,0,1215,1.2,0,47.4,29.3,32.0,988.2
2023-07-23T13:58:53.845000+00:00,9133,170,1215,0.8,0,47.4,29.2,32.0,988.2
2023-07-23T13:59:53.828000+00:00,9133,219,1215,1.3,0,47.4,29.2,33.0,988.0
2023-07-23T14:00:53.843000+00:00,9133,193,1215,0.6,0,47.4,29.3,33.0,988.2
2023-07-23T14:01:53.842000+00:00,9133,137,1215,0.8,0,47.5,29.3,33.0,988.2
2023-07-23T14:02:53.856000+00:00,9133,91,1215,2.0,0,48.1,29.3,33.0,988.0
2023-07-23T14:03:53.855000+00:00,9133,92,1215,2.0,0,48.1,29.2,32.0,988.0
2023-07-23T14:04:53.870000+00:00,9133,101,1215,1.7,0,48.1,29.1,32.0,988.0
2023-07-23T14:05:53.884000+00:00,9133,351,1215,1.7,0,48.0,29.0,32.0,988.0
2023-07-23T14:06:53.883000+00:00,9133,106,1215,1.8,0,48.0,29.0,32.0,988.0
2023-07-23T14:07:53.898000+00:00,9133,232,1215,1.3,0,47.9,29.1,32.0,988.0
2023-07-23T14:08:53.897000+00:00,9133,214,1215,0.8,0,47.6,29.1,33.0,988.2
2023-07-23T14:09:53.911000+00:00,9133,39,1215,1.7,0,47.6,29.2,32.0,988.0
2023-07-23T14:10:53.926000+00:00,9133,72,1215,1.3,0,47.1,29.2,32.0,988.0
2023-07-23T14:11:53.925000+00:00,9133,179,1215,2.2,0,47.1,29.2,33.0,988.0
2023-07-23T14:12:53.939000+00:00,9133,146,1215,1.1,0,47.0,29.1,32.0,988.0
2023-07-23T14:13:53.938000+00:00,9133,134,1215,1.2,0,47.0,29.0,33.0,988.0
2023-07-23T14:14:53.937000+00:00,9133,17,1215,1.7,0,46.9,29.0,33.0,988.0
2023-07-23T14:15:53.952000+00:00,9133,135,1215,1.0,0,47.5,29.1,33.0,988.0
2023-07-23T14:16:53.951000+00:00,9133,130,1215,2.4,0,47.2,29.2,32.0,987.9
2023-07-23T14:17:53.950000+00:00,9133,149,1215,2.2,0,47.5,29.3,32.0,988.0
2023-07-23T14:18:53.980000+00:00,9133,81,1215,1.7,0,47.5,29.4,31.0,988.0
2023-07-23T14:19:53.963000+00:00,9133,55,1215,2.0,0,46.8,29.4,32.0,988.0
2023-07-23T14:20:53.978000+00:00,9133,145,1215,1.3,0,46.8,29.3,32.0,988.0
2023-07-23T14:21:53.977000+00:00,9133,109,1215,1.7,0,46.8,29.3,32.0,988.0
2023-07-23T14:22:53.976000+00:00,9133,277,1215,1.1,0,46.6,29.2,32.0,987.9
2023-07-23T14:23:53.975000+00:00,9133,324,1215,1.5,0,46.7,29.4,32.0,988.0
2023-07-23T14:24:53.973000+00:00,9133,3,1215,2.5,0,47.1,29.4,32.0,987.9
2023-07-23T14:25:53.972000+00:00,9133,99,1215,1.1,0,47.1,29.5,32.0,988.0
2023-07-23T14:26:53.971000+00:00,9133,106,1215,1.2,0,46.3,29.5,32.0,987.9
2023-07-23T14:27:53.970000+00:00,9133,121,1215,1.3,0,46.4,29.5,33.0,987.9
2023-07-23T14:28:53.985000+00:00,9133,293,1215,1.6,0,46.5,29.6,33.0,987.9
2023-07-23T14:29:53.984000+00:00,9133,240,1215,1.3,0,46.4,29.5,32.0,987.9
2023-07-23T14:30:53.983000+00:00,9133,307,1215,2.0,0,46.2,29.5,32.0,987.9
2023-07-23T14:31:53.982000+00:00,9133,335,1215,1.2,0,46.1,29.5,32.0,988.0
2023-07-23T14:32:53.981000+00:00,9133,181,1215,1.1,0,46.1,29.5,32.0,987.9
2023-07-23T14:33:53.980000+00:00,9133,105,1215,1.5,0,46.1,29.4,33.0,987.9
2023-07-23T14:34:53.978000+00:00,9133,282,1215,1.1,0,46.0,29.3,33.0,988.0
2023-07-23T14:35:53.977000+00:00,9133,16,1215,1.7,0,45.9,29.3,32.0,988.0
2023-07-23T14:36:53.992000+00:00,9133,108,1215,1.1,0,45.8,29.4,33.0,987.9
2023-07-23T14:37:53.975000+00:00,9133,345,1215,1.7,0,45.6,29.3,32.0,988.0
2023-07-23T14:38:53.990000+00:00,9133,0,1215,0.4,0,46.0,29.3,32.0,988.0
2023-07-23T14:39:54.020000+00:00,9133,336,1215,1.2,0,45.7,29.4,32.0,987.7
2023-07-23T14:40:53.988000+00:00,9133,154,1215,1.2,0,45.7,29.4,32.0,987.9
2023-07-23T14:41:53.987000+00:00,9133,248,1215,1.2,0,45.5,29.4,32.0,987.7
2023-07-23T14:42:54.001000+00:00,9133,0,1215,1.6,0,45.5,29.4,33.0,987.7
2023-07-23T14:43:54.016000+00:00,9133,253,1215,1.0,0,45.7,29.3,32.0,987.7
2023-07-23T14:44:54.015000+00:00,9133,253,1215,1.0,0,45.7,29.3,32.0,987.7
2023-07-30T12:01:24.702000+00:00,9141,83,1216,2.5,0,26.3,17.0,66.0,966.5
2023-07-30T12:02:24.670000+00:00,9141,269,1216,1.3,0,26.5,17.0,65.0,966.5
2023-07-30T12:03:24.685000+00:00,9141,81,1216,1.2,0,26.6,17.0,66.0,966.5
2023-07-30T12:04:24.685000+00:00,9141,92,1216,0.6,0,26.6,17.0,66.0,966.5
2023-07-30T12:05:24.684000+00:00,9141,215,1216,1.2,0,27.1,17.0,65.0,966.4
2023-07-30T12:06:24.668000+00:00,9141,133,1216,1.5,0,27.0,17.1,65.0,966.4
2023-07-30T12:07:24.682000+00:00,9141,108,1216,2.0,0,27.0,17.1,65.0,966.4
2023-07-30T12:08:24.682000+00:00,9141,158,1216,1.8,0,27.3,17.1,64.0,966.4
2023-07-30T12:09:24.697000+00:00,9141,1,1216,1.3,0,27.1,17.1,64.0,966.5
2023-07-30T12:10:24.696000+00:00,9141,127,1216,0.8,0,27.1,17.2,63.0,966.5
2023-07-30T12:11:24.711000+00:00,9141,86,1216,1.7,0,27.2,17.2,63.0,966.5
2023-07-30T12:12:24.742000+00:00,9141,111,1216,1.1,0,27.9,17.3,62.0,966.5
2023-07-30T12:13:24.725000+00:00,9141,100,1216,1.0,0,28.0,17.3,63.0,966.5
2023-07-30T12:14:24.756000+00:00,9141,42,1216,2.5,0,28.0,17.4,63.0,966.5
2023-07-30T12:15:24.740000+00:00,9141,146,1216,2.2,0,27.5,17.4,63.0,966.5
2023-07-30T12:16:24.770000+00:00,9141,135,1216,2.0,0,27.4,17.5,63.0,966.5
2023-07-30T12:17:24.769000+00:00,9141,71,1216,1.8,0,27.4,17.4,63.0,966.5
2023-07-30T12:18:24.769000+00:00,9141,149,1216,1.1,0,27.8,17.7,62.0,966.4
2023-07-30T12:19:24.768000+00:00,9141,228,1216,2.0,0,27.8,17.7,61.0,966.5
2023-07-30T12:20:24.768000+00:00,9141,187,1216,1.7,0,27.8,17.8,62.0,966.5
2023-07-30T12:21:24.767000+00:00,9141,264,1216,0.8,0,27.6,17.8,62.0,966.5
2023-07-30T12:22:24.766000+00:00,9141,0,1216,0.8,0,27.7,17.6,62.0,966.5
2023-07-30T12:23:24.765000+00:00,9141,193,1216,0.5,0,28.0,17.6,63.0,966.5
2023-07-30T12:24:24.781000+00:00,9141,110,1216,0.8,0,28.2,17.5,63.0,966.5
2023-07-30T12:25:24.764000+00:00,9141,134,1216,1.6,0,28.3,17.5,63.0,966.5
2023-07-30T12:26:24.779000+00:00,9141,159,1216,1.8,0,28.2,17.5,62.0,966.5
2023-07-30T12:27:24.794000+00:00,9141,14,1216,2.0,0,27.7,17.5,62.0,966.5
2023-07-30T12:28:24.762000+00:00,9141,107,1216,0.4,0,27.5,17.5,62.0,966.5
2023-07-30T12:29:24.761000+00:00,9141,35,1216,0.8,0,27.4,17.4,63.0,966.5
2023-07-30T12:30:24.776000+00:00,9141,136,1216,1.7,0,27.7,17.4,62.0,966.5
2023-07-30T12:31:24.776000+00:00,9141,89,1216,2.0,0,28.0,17.5,63.0,966.7
2023-07-30T12:32:24.759000+00:00,9141,136,1216,1.1,0,28.2,17.6,63.0,966.5
2023-07-30T12:33:24.790000+00:00,9141,110,1216,2.0,0,28.2,17.7,62.0,966.5
2023-07-30T12:34:24.758000+00:00,9141,123,1216,2.4,0,28.1,17.7,62.0,966.5
2023-07-30T12:35:24.757000+00:00,9141,115,1216,1.7,0,27.7,17.7,63.0,966.5
2023-07-30T12:36:24.788000+00:00,9141,330,1216,1.2,0,27.4,17.7,62.0,966.5
2023-07-30T12:37:24.772000+00:00,9141,83,1216,0.6,0,27.2,17.7,63.0,966.5
2023-07-30T12:38:24.771000+00:00,9141,133,1216,1.1,0,27.1,17.7,63.0,966.5
2023-07-30T12:39:24.770000+00:00,9141,48,1216,1.2,0,27.1,17.7,63.0,966.5
2023-07-30T12:40:24.770000+00:00,9141,94,1216,1.5,0,26.6,17.7,62.0,966.5
2023-07-30T12:41:24.785000+00:00,9141,94,1216,1.0,0,26.6,17.7,62.0,966.7
2023-07-30T12:42:24.768000+00:00,9141,0,1216,1.2,1,26.7,17.7,62.0,966.7
2023-07-30T12:43:24.783000+00:00,9141,127,1216,0.8,0,26.7,17.7,62.0,966.5
2023-07-30T12:44:24.783000+00:00,9141,139,1216,1.6,0,26.5,17.5,62.0,966.7
2023-07-30T12:45:24.782000+00:00,9141,135,1216,1.5,0,26.5,17.5,63.0,966.7
2023-07-30T12:46:24.781000+00:00,9141,131,1216,0.8,0,26.6,17.5,63.0,966.7
2023-07-30T12:47:24.812000+00:00,9141,200,1216,2.7,0,26.6,17.5,63.0,966.7
2023-07-30T12:48:24.780000+00:00,9141,338,1216,1.7,0,27.2,17.6,62.0,966.7
2023-07-30T12:49:24.779000+00:00,9141,161,1216,0.8,0,27.5,17.6,63.0,966.7
2023-07-30T12:50:24.794000+00:00,9141,79,1216,0.8,0,28.4,17.7,63.0,966.5
2023-07-30T12:51:24.794000+00:00,9141,106,1216,1.7,0,28.5,17.8,62.0,966.7
2023-07-30T12:52:24.777000+00:00,9141,108,1216,1.0,0,28.4,17.9,63.0,966.7
2023-07-30T12:53:24.777000+00:00,9141,118,1216,1.5,0,28.6,17.9,62.0,966.5
2023-07-30T12:54:24.792000+00:00,9141,157,1216,1.8,0,28.6,17.9,62.0,966.5
2023-07-30T12:55:24.822000+00:00,9141,149,1216,2.0,0,28.3,18.0,61.0,966.5
2023-07-30T12:56:24.868000+00:00,9141,111,1216,2.5,0,27.9,18.0,62.0,966.5
2023-07-30T12:57:24.836000+00:00,9141,209,1216,1.7,0,27.9,18.0,62.0,966.5
2023-07-30T12:58:24.836000+00:00,9141,38,1216,1.2,0,27.7,18.1,61.0,966.5
2023-07-30T12:59:24.835000+00:00,9141,109,1216,1.1,0,27.4,18.0,61.0,966.5
2023-07-30T13:00:24.834000+00:00,9141,204,1216,0.8,0,27.0,18.0,61.0,966.5
2023-07-30T13:01:24.849000+00:00,9141,131,1216,0.8,0,27.0,18.0,61.0,966.7
2023-07-30T13:02:24.833000+00:00,9141,147,1216,1.7,0,27.4,18.0,63.0,966.5
2023-07-30T13:03:24.832000+00:00,9141,141,1216,4.5,0,29.7,18.1,59.0,966.5
2023-07-30T13:04:24.832000+00:00,9141,165,1216,3.0,0,29.2,18.0,58.0,966.7
2023-07-30T13:05:24.831000+00:00,9141,150,1216,2.7,0,28.6,18.0,59.0,966.7
2023-07-30T13:06:24.846000+00:00,9141,132,1216,2.9,0,28.7,18.0,60.0,966.7
2023-07-30T13:07:24.861000+00:00,9141,23,1216,0.8,0,29.0,18.0,58.0,966.7
2023-07-30T13:08:24.876000+00:00,9141,103,1216,2.4,0,29.4,18.1,58.0,966.5
2023-07-30T13:09:24.891000+00:00,9141,306,1216,2.0,0,30.1,18.1,58.0,966.5
2023-07-30T13:10:24.906000+00:00,9141,235,1216,1.7,0,30.1,18.1,57.0,966.5
2023-07-30T13:11:24.905000+00:00,9141,126,1216,2.0,0,30.4,18.1,57.0,966.5
2023-07-30T13:12:24.905000+00:00,9141,132,1216,1.2,0,30.6,18.1,57.0,966.5
2023-07-30T13:13:24.920000+00:00,9141,95,1216,1.5,0,31.4,18.1,57.0,966.5
2023-07-30T13:14:24.919000+00:00,9141,13,1216,1.8,0,31.5,18.1,57.0,966.5
2023-07-30T13:15:24.918000+00:00,9141,110,1216,0.8,0,31.5,18.1,57.0,966.5
2023-07-30T13:16:24.933000+00:00,9141,104,1216,1.8,0,30.7,18.1,58.0,966.5
2023-07-30T13:17:24.917000+00:00,9141,112,1216,1.2,0,30.6,18.1,58.0,966.5
2023-07-30T13:18:24.916000+00:00,9141,136,1216,2.7,0,30.2,18.1,57.0,966.5
2023-07-30T13:19:24.916000+00:00,9141,311,1216,2.2,0,30.1,18.1,57.0,966.7
2023-07-30T13:20:24.915000+00:00,9141,283,1216,3.0,0,29.6,18.2,57.0,966.5
2023-07-30T13:21:24.930000+00:00,9141,168,1216,1.7,0,29.6,18.2,58.0,966.7
2023-07-30T13:22:24.929000+00:00,9141,67,1216,1.8,0,29.8,18.2,59.0,966.7
2023-07-30T13:23:24.944000+00:00,9141,266,1216,1.2,0,29.9,18.3,58.0,966.7
2023-07-30T13:24:24.959000+00:00,9141,128,1216,1.2,0,29.5,18.1,60.0,966.7
2023-07-30T13:25:24.974000+00:00,9141,159,1216,2.5,0,29.2,18.2,60.0,966.7
2023-07-30T13:26:25.005000+00:00,9141,349,1216,1.7,0,29.1,18.0,60.0,966.7
2023-07-30T13:27:24.973000+00:00,9141,21,1216,1.1,0,28.8,18.1,60.0,966.7
2023-07-30T13:28:24.972000+00:00,9141,305,1216,1.0,0,28.4,18.0,60.0,966.9
2023-07-30T13:29:25.003000+00:00,9141,61,1216,0.8,0,28.4,17.9,61.0,966.7
2023-07-30T13:30:25.002000+00:00,9141,93,1216,2.7,0,28.3,18.0,61.0,966.7
2023-07-30T13:31:25.001000+00:00,9141,111,1216,1.5,0,28.3,18.0,61.0,966.7
2023-07-30T13:32:25.001000+00:00,9141,55,1216,1.0,0,28.3,18.2,61.0,966.7
2023-07-30T13:33:25.016000+00:00,9141,113,1216,1.2,0,28.8,18.3,61.0,966.7
2023-07-30T13:34:25.046000+00:00,9141,133,1216,2.4,0,28.8,18.2,61.0,966.7
2023-07-30T13:35:25.030000+00:00,9141,39,1216,2.9,0,28.7,18.3,61.0,966.7
2023-07-30T13:36:25.029000+00:00,9141,144,1216,1.0,0,28.3,18.2,61.0,966.7
2023-07-30T13:37:25.029000+00:00,9141,144,1216,3.0,0,28.2,18.1,61.0,966.7
2023-07-30T13:38:25.044000+00:00,9141,134,1216,0.8,0,27.9,18.0,61.0,966.7
2023-07-30T13:39:25.043000+00:00,9141,144,1216,1.2,0,27.8,17.9,62.0,966.7
2023-07-30T13:40:25.073000+00:00,9141,37,1216,0.3,1,27.5,17.9,62.0,966.7
2023-07-30T13:41:25.073000+00:00,9141,117,1216,1.0,1,27.4,17.7,63.0,966.7
2023-07-30T13:42:25.056000+00:00,9141,55,1216,1.5,1,27.2,17.7,63.0,966.7
2023-07-30T13:43:25.056000+00:00,9141,111,1216,1.5,1,27.2,17.6,63.0,966.9
2023-07-30T13:44:25.149000+00:00,9141,123,1216,1.5,1,26.0,17.5,65.0,966.9
2023-07-30T13:45:25.070000+00:00,9141,179,1216,1.7,1,25.6,17.4,65.0,967.0
2023-07-30T13:46:25.069000+00:00,9141,336,1216,1.3,1,25.3,17.3,65.0,966.9
2023-07-30T13:47:25.069000+00:00,9141,84,1216,1.7,1,25.1,17.1,66.0,967.0
2023-07-30T13:48:25.068000+00:00,9141,140,1216,2.2,1,25.0,17.1,67.0,966.9
2023-07-30T13:49:25.067000+00:00,9141,128,1216,1.7,1,25.0,17.0,68.0,966.9
2023-07-30T13:50:25.067000+00:00,9141,96,1216,1.5,0,25.0,17.0,68.0,966.9
2023-07-30T13:51:25.066000+00:00,9141,103,1216,1.1,0,25.0,16.9,69.0,966.9
2023-07-30T13:52:25.081000+00:00,9141,71,1216,1.7,0,25.6,16.8,69.0,966.9
2023-07-30T13:53:25.065000+00:00,9141,107,1216,1.0,0,25.9,16.9,67.0,966.9
2023-07-30T13:54:25.064000+00:00,9141,211,1216,1.0,0,26.1,16.9,69.0,966.7
2023-07-30T13:55:25.095000+00:00,9141,106,1216,0.8,0,26.9,17.0,69.0,966.7
2023-07-30T13:56:25.078000+00:00,9141,51,1216,1.7,0,27.9,17.1,68.0,966.7
2023-07-30T13:57:25.062000+00:00,9141,78,1216,1.6,0,27.9,17.3,66.0,966.7
2023-07-30T13:58:25.077000+00:00,9141,94,1216,1.0,0,29.3,17.4,66.0,966.7
2023-07-30T13:59:25.092000+00:00,9141,171,1216,1.8,0,29.5,17.6,66.0,966.7
2023-07-30T14:00:25.076000+00:00,9141,146,1216,1.1,0,30.3,17.6,66.0,966.7
2023-07-30T14:01:25.075000+00:00,9141,164,1216,1.6,0,30.6,17.7,65.0,966.7
2023-07-30T14:02:25.075000+00:00,9141,178,1216,1.7,0,31.0,18.0,63.0,966.7
2023-07-30T14:03:25.074000+00:00,9141,135,1216,2.4,0,31.0,18.1,62.0,966.7
2023-07-30T14:04:25.104000+00:00,9141,122,1216,2.7,0,31.1,18.3,61.0,966.7
2023-07-30T14:05:25.088000+00:00,9141,355,1216,2.0,0,31.0,18.4,61.0,966.7
2023-07-30T14:06:25.103000+00:00,9141,68,1216,1.3,0,30.0,18.5,62.0,966.7
2023-07-30T14:07:25.087000+00:00,9141,37,1216,1.3,0,29.7,18.5,61.0,966.7
2023-07-30T14:08:25.071000+00:00,9141,65,1216,0.6,0,29.3,18.4,61.0,966.7
2023-07-30T14:09:25.086000+00:00,9141,79,1216,0.8,0,29.3,18.4,60.0,966.9
2023-07-30T14:10:25.085000+00:00,9141,77,1216,1.0,0,30.1,18.5,60.0,966.7
2023-07-30T14:11:25.100000+00:00,9141,43,1216,1.7,0,30.7,18.8,59.0,966.7
2023-07-30T14:12:25.099000+00:00,9141,106,1216,1.3,0,30.7,18.8,59.0,966.7
2023-07-30T14:13:25.099000+00:00,9141,25,1216,1.2,0,30.0,18.9,59.0,966.7
2023-07-30T14:14:25.113000+00:00,9141,141,1216,1.7,0,29.1,18.8,60.0,966.7
2023-07-30T14:15:25.097000+00:00,9141,203,1216,2.0,0,29.1,18.8,60.0,966.7
2023-07-30T14:16:25.159000+00:00,9141,223,1216,2.5,0,28.8,18.7,62.0,966.5
2023-07-30T14:17:25.127000+00:00,9141,94,1216,1.7,0,28.8,18.8,62.0,966.5
2023-07-30T14:18:25.126000+00:00,9141,111,1216,1.6,0,28.8,18.8,61.0,966.7
2023-07-30T14:19:25.141000+00:00,9141,149,1216,1.5,0,29.0,18.9,62.0,966.7
2023-07-30T14:20:25.125000+00:00,9141,108,1216,1.2,0,29.9,19.0,61.0,966.7
2023-07-30T14:21:25.140000+00:00,9141,89,1216,1.5,0,30.0,19.0,60.0,966.7
2023-07-30T14:22:25.139000+00:00,9141,155,1216,1.5,0,29.7,19.1,59.0,966.5
2023-07-30T14:23:25.123000+00:00,9141,119,1216,2.2,0,29.3,19.2,59.0,966.7
2023-07-30T14:24:25.138000+00:00,9141,110,1216,1.2,0,28.9,19.1,60.0,966.7
2023-07-30T14:25:25.137000+00:00,9141,156,1216,1.2,0,28.4,18.8,61.0,966.7
2023-07-30T14:26:25.137000+00:00,9141,186,1216,3.2,0,28.4,18.9,61.0,966.7
2023-07-30T14:27:25.136000+00:00,9141,133,1216,2.0,0,28.3,18.7,61.0,966.7
2023-07-30T14:28:25.135000+00:00,9141,104,1216,3.5,0,28.0,18.7,61.0,966.7
2023-07-30T14:29:25.135000+00:00,9141,191,1216,3.5,0,27.9,18.5,59.0,966.7
2023-07-30T14:30:25.134000+00:00,9141,0,1216,2.0,0,27.7,18.5,61.0,966.7
2023-08-27T12:01:46.711000+00:00,9149,196,1217,2.7,0,25.5,17.4,68.0,1007.4
2023-08-27T12:02:46.710000+00:00,9149,193,1217,3.2,0,25.5,17.4,67.0,1007.5
2023-08-27T12:03:46.709000+00:00,9149,177,1217,3.4,0,25.5,17.4,66.0,1007.4
2023-08-27T12:04:46.708000+00:00,9149,184,1217,2.4,0,25.6,17.5,67.0,1007.4
2023-08-27T12:05:46.722000+00:00,9149,186,1217,2.9,0,25.6,17.5,67.0,1007.5
2023-08-27T12:06:46.737000+00:00,9149,186,1217,2.7,0,25.7,17.5,66.0,1007.5
2023-08-27T12:07:46.720000+00:00,9149,197,1217,3.0,0,25.9,17.6,66.0,1007.5
2023-08-27T12:08:46.719000+00:00,9149,177,1217,2.9,0,25.9,17.5,66.0,1007.4
2023-08-27T12:09:46.718000+00:00,9149,220,1217,3.5,0,26.1,17.6,67.0,1007.5
2023-08-27T12:10:46.717000+00:00,9149,202,1217,3.2,0,26.3,17.7,67.0,1007.4
2023-08-27T12:11:46.731000+00:00,9149,199,1217,3.0,0,26.3,17.7,66.0,1007.5
2023-08-27T12:12:46.730000+00:00,9149,207,1217,3.0,0,26.3,17.8,66.0,1007.5
2023-08-27T12:13:46.729000+00:00,9149,191,1217,4.5,0,26.3,17.8,67.0,1007.5
2023-08-27T12:14:46.713000+00:00,9149,196,1217,4.0,0,26.5,17.8,66.0,1007.5
2023-08-27T12:15:46.727000+00:00,9149,201,1217,3.7,0,26.6,17.8,67.0,1007.4
2023-08-27T12:16:46.726000+00:00,9149,186,1217,3.0,0,26.5,17.9,67.0,1007.5
2023-08-27T12:17:46.725000+00:00,9149,195,1217,3.7,0,26.5,17.9,68.0,1007.5
2023-08-27T12:18:46.724000+00:00,9149,187,1217,4.6,0,26.6,17.9,67.0,1007.4
2023-08-27T12:19:46.723000+00:00,9149,198,1217,4.1,0,26.9,17.9,68.0,1007.5
2023-08-27T12:20:46.722000+00:00,9149,199,1217,4.1,0,27.1,17.8,69.0,1007.4
2023-08-27T12:21:46.736000+00:00,9149,195,1217,3.5,0,27.1,17.8,68.0,1007.4
2023-08-27T12:22:46.735000+00:00,9149,198,1217,3.7,0,27.7,17.7,66.0,1007.5
2023-08-27T12:23:46.750000+00:00,9149,176,1217,4.3,0,27.7,17.7,67.0,1007.4
2023-08-27T12:24:46.749000+00:00,9149,205,1217,2.5,0,26.9,17.6,68.0,1007.5
2023-08-27T12:25:46.748000+00:00,9149,204,1217,4.3,0,26.9,17.6,68.0,1007.5
2023-08-27T12:26:46.747000+00:00,9149,207,1217,3.2,0,26.9,17.6,68.0,1007.4
2023-08-27T12:27:46.746000+00:00,9149,197,1217,4.1,0,27.9,17.6,68.0,1007.5
2023-08-27T12:28:46.745000+00:00,9149,210,1217,3.4,0,27.9,17.6,69.0,1007.5
2023-08-27T12:29:46.744000+00:00,9149,191,1217,3.7,0,27.0,17.6,69.0,1007.4
2023-08-27T12:30:46.742000+00:00,9149,188,1217,3.2,0,26.7,17.5,69.0,1007.5
2023-08-27T12:31:46.757000+00:00,9149,186,1217,2.9,0,26.5,17.5,69.0,1007.4
2023-08-27T12:32:46.756000+00:00,9149,173,1217,2.9,0,26.7,17.6,70.0,1007.5
2023-08-27T12:33:46.786000+00:00,9149,194,1217,3.0,0,27.0,17.7,69.0,1007.5
2023-08-27T12:34:46.754000+00:00,9149,197,1217,3.4,0,28.6,17.9,66.0,1007.5
2023-08-27T12:35:46.784000+00:00,9149,191,1217,3.2,0,28.8,18.0,64.0,1007.5
2023-08-27T12:36:46.799000+00:00,9149,175,1217,3.2,0,28.8,18.1,64.0,1007.5
2023-08-27T12:37:46.813000+00:00,9149,199,1217,3.2,0,28.9,18.2,62.0,1007.5
2023-08-27T12:38:46.828000+00:00,9149,197,1217,4.1,0,29.3,18.3,60.0,1007.5
2023-08-27T12:39:46.842000+00:00,9149,188,1217,3.9,0,29.3,18.2,62.0,1007.5
2023-08-27T12:40:46.841000+00:00,9149,165,1217,3.9,0,29.3,18.2,62.0,1007.4
2023-08-27T12:41:46.856000+00:00,9149,187,1217,3.5,0,29.6,18.3,63.0,1007.5
2023-08-27T12:42:46.855000+00:00,9149,177,1217,3.9,0,29.9,18.3,61.0,1007.5
2023-08-27T12:43:46.854000+00:00,9149,186,1217,3.4,0,30.2,18.4,62.0,1007.5
2023-08-27T12:44:46.868000+00:00,9149,173,1217,3.7,0,30.2,18.4,63.0,1007.4
2023-08-27T12:45:46.867000+00:00,9149,187,1217,4.0,0,30.1,18.3,64.0,1007.5
2023-08-27T12:46:46.866000+00:00,9149,156,1217,3.9,0,29.4,18.4,65.0,1007.4
2023-08-27T12:47:46.865000+00:00,9149,147,1217,3.0,0,28.3,18.3,67.0,1007.4
2023-08-27T12:48:46.864000+00:00,9149,134,1217,2.4,0,27.7,18.2,68.0,1007.5
2023-08-27T12:49:46.863000+00:00,9149,140,1217,2.0,0,27.5,17.9,68.0,1007.2
2023-08-27T12:50:46.862000+00:00,9149,33,1217,2.5,0,27.1,17.6,65.0,1007.5
2023-08-27T12:51:46.876000+00:00,9149,154,1217,1.2,0,26.9,17.2,66.0,1007.5
2023-08-27T12:52:46.875000+00:00,9149,224,1217,1.2,0,26.8,17.0,65.0,1007.5
2023-08-27T12:53:46.859000+00:00,9149,135,1217,1.5,0,26.9,16.9,65.0,1007.5
2023-08-27T12:54:46.873000+00:00,9149,132,1217,2.0,0,26.9,16.9,66.0,1007.5
2023-08-27T12:55:46.872000+00:00,9149,118,1217,1.5,0,28.6,17.1,67.0,1007.5
2023-08-27T12:56:46.887000+00:00,9149,134,1217,1.7,0,28.9,17.2,67.0,1007.7
2023-08-27T12:57:46.870000+00:00,9149,165,1217,1.1,0,29.6,17.5,67.0,1007.7
2023-08-27T12:58:46.869000+00:00,9149,147,1217,1.8,0,29.6,17.6,68.0,1007.7
2023-08-27T12:59:46.868000+00:00,9149,126,1217,1.7,0,29.7,17.7,66.0,1007.5
2023-08-27T13:00:46.867000+00:00,9149,147,1217,1.3,0,30.8,17.8,66.0,1007.7
2023-08-27T13:01:46.866000+00:00,9149,110,1217,1.2,0,30.8,17.8,66.0,1007.7
2023-08-27T13:02:46.880000+00:00,9149,136,1217,1.7,0,29.7,17.6,66.0,1007.7
2023-08-27T13:03:46.879000+00:00,9149,135,1217,1.8,0,29.5,17.6,67.0,1007.7
2023-08-27T13:04:46.878000+00:00,9149,157,1217,1.7,1,28.6,17.5,67.0,1007.7
2023-08-27T13:05:46.877000+00:00,9149,152,1217,2.2,1,28.5,17.4,68.0,1007.7
2023-08-27T13:06:46.892000+00:00,9149,158,1217,1.2,1,27.3,17.2,69.0,1007.9
2023-08-27T13:07:46.906000+00:00,9149,160,1217,1.8,1,26.2,16.9,70.0,1007.7
2023-08-27T13:08:46.983000+00:00,9149,187,1217,1.3,1,26.2,16.7,70.0,1007.7
2023-08-27T13:09:46.935000+00:00,9149,150,1217,1.7,1,24.8,16.4,68.0,1007.7
2023-08-27T13:10:46.934000+00:00,9149,152,1217,1.8,1,24.6,16.2,67.0,1007.7
2023-08-27T13:11:46.933000+00:00,9149,177,1217,2.0,0,24.6,16.2,69.0,1007.7
2023-08-27T13:12:46.963000+00:00,9149,175,1217,2.0,0,24.3,16.3,68.0,1007.7
2023-08-27T13:13:46.978000+00:00,9149,143,1217,1.8,0,24.2,16.4,70.0,1007.7
2023-08-27T13:14:46.977000+00:00,9149,130,1217,1.8,0,24.1,16.5,71.0,1007.7
2023-08-27T13:15:47.007000+00:00,9149,169,1217,1.7,0,24.1,16.5,73.0,1007.5
2023-08-27T13:16:46.975000+00:00,9149,159,1217,1.8,0,24.1,16.5,71.0,1007.5
2023-08-27T13:17:47.005000+00:00,9149,186,1217,2.0,0,24.1,16.5,70.0,1007.5
2023-08-27T13:18:47.004000+00:00,9149,155,1217,2.2,0,24.2,16.5,69.0,1007.5
2023-08-27T13:19:47.003000+00:00,9149,148,1217,2.5,0,24.2,16.5,69.0,1007.5
2023-08-27T13:20:47.033000+00:00,9149,149,1217,1.7,0,24.3,16.5,67.0,1007.5
2023-08-27T13:21:47.016000+00:00,9149,183,1217,1.7,1,24.6,16.5,66.0,1007.5
2023-08-27T13:22:47.031000+00:00,9149,157,1217,1.8,1,24.6,16.5,66.0,1007.5
2023-08-27T13:23:47.014000+00:00,9149,154,1217,2.4,1,24.7,16.5,66.0,1007.5
2023-08-27T13:24:47.029000+00:00,9149,126,1217,2.5,1,24.8,16.6,66.0,1007.5
2023-08-27T13:25:47.059000+00:00,9149,139,1217,2.4,1,25.5,16.8,67.0,1007.5
2023-08-27T13:26:47.042000+00:00,9149,172,1217,2.5,1,25.9,16.8,68.0,1007.5
2023-08-27T13:27:47.041000+00:00,9149,159,1217,2.5,1,26.1,16.9,67.0,1007.5
2023-08-27T13:28:47.056000+00:00,9149,166,1217,2.5,1,26.3,17.0,68.0,1007.5
2023-08-27T13:29:47.055000+00:00,9149,162,1217,2.2,0,26.9,17.1,67.0,1007.7
2023-08-27T13:30:47.054000+00:00,9149,164,1217,2.0,0,27.5,17.1,65.0,1007.5
2023-08-27T13:31:47.052000+00:00,9149,150,1217,2.4,0,28.0,17.1,65.0,1007.7
2023-08-27T13:32:47.067000+00:00,9149,169,1217,2.4,0,28.2,17.1,65.0,1007.7
2023-08-27T13:33:47.082000+00:00,9149,158,1217,2.7,0,28.7,17.1,65.0,1007.7
2023-08-27T13:34:47.096000+00:00,9149,162,1217,2.5,0,29.0,17.2,65.0,1007.7
2023-08-27T13:35:47.111000+00:00,9149,162,1217,2.2,0,29.2,17.4,65.0,1007.7
2023-08-27T13:36:47.125000+00:00,9149,157,1217,2.5,0,29.5,17.4,64.0,1007.7
2023-08-27T13:37:47.109000+00:00,9149,190,1217,2.7,0,29.5,17.4,64.0,1007.7
2023-08-27T13:38:47.123000+00:00,9149,158,1217,2.9,1,29.7,17.3,63.0,1007.7
2023-08-27T13:39:47.122000+00:00,9149,179,1217,3.2,0,29.7,17.3,63.0,1007.7
2023-08-27T13:40:47.152000+00:00,9149,154,1217,3.2,0,29.7,17.3,64.0,1007.7
2023-08-27T13:41:47.167000+00:00,9149,181,1217,3.2,0,29.7,17.3,64.0,1007.9
2023-08-27T13:42:47.166000+00:00,9149,158,1217,2.5,0,29.4,17.3,64.0,1007.7
2023-08-27T13:43:47.180000+00:00,9149,138,1217,3.0,0,29.2,17.3,63.0,1007.5
2023-08-27T13:44:47.195000+00:00,9149,163,1217,2.7,0,28.5,17.2,63.0,1007.7
2023-08-27T13:45:47.194000+00:00,9149,160,1217,2.4,0,28.4,17.1,62.0,1007.5
2023-08-27T13:46:47.193000+00:00,9149,166,1217,2.7,0,27.7,17.1,64.0,1007.7
2023-08-27T13:47:47.192000+00:00,9149,158,1217,2.5,0,27.4,17.1,63.0,1007.7
2023-08-27T13:48:47.191000+00:00,9149,145,1217,2.9,0,27.1,17.0,63.0,1007.7
2023-08-27T13:49:47.189000+00:00,9149,162,1217,2.7,0,26.8,17.0,64.0,1007.7
2023-08-27T13:50:47.204000+00:00,9149,170,1217,2.5,0,26.8,16.9,65.0,1007.7
2023-08-27T13:51:47.187000+00:00,9149,165,1217,2.5,0,26.3,16.8,65.0,1007.7
2023-08-27T13:52:47.202000+00:00,9149,151,1217,2.5,0,26.1,16.8,65.0,1007.7
2023-08-27T13:53:47.201000+00:00,9149,166,1217,3.7,0,25.9,16.8,66.0,1007.7
2023-08-27T13:54:47.200000+00:00,9149,159,1217,2.5,0,25.6,16.8,66.0,1007.7
2023-08-27T13:55:47.199000+00:00,9149,179,1217,2.2,0,25.5,16.9,66.0,1007.7
2023-08-27T13:56:47.198000+00:00,9149,179,1217,2.5,0,25.4,16.9,66.0,1007.7
2023-08-27T13:57:47.197000+00:00,9149,179,1217,3.0,0,25.3,16.9,66.0,1007.7
2023-08-27T13:58:47.196000+00:00,9149,157,1217,2.7,0,25.2,16.9,68.0,1007.9
2023-08-27T13:59:47.210000+00:00,9149,167,1217,2.7,0,24.9,16.8,68.0,1007.7
2023-08-27T14:00:47.209000+00:00,9149,159,1217,2.4,0,24.9,16.9,68.0,1007.7
2023-08-27T14:01:47.208000+00:00,9149,172,1217,2.9,0,25.0,16.9,68.0,1007.7
2023-08-27T14:02:47.207000+00:00,9149,170,1217,3.0,0,24.9,16.9,69.0,1007.7
2023-08-27T14:03:47.206000+00:00,9149,196,1217,2.7,0,24.9,17.0,69.0,1007.9
2023-08-27T14:04:47.205000+00:00,9149,194,1217,2.7,0,25.1,17.1,69.0,1007.7
2023-08-27T14:05:47.204000+00:00,9149,160,1217,3.2,0,25.1,17.3,68.0,1007.7
2023-08-27T14:06:47.203000+00:00,9149,184,1217,2.9,0,26.4,17.3,68.0,1007.7
2023-08-27T14:07:47.217000+00:00,9149,151,1217,2.7,0,26.9,17.5,67.0,1007.7
2023-08-27T14:08:47.232000+00:00,9149,192,1217,2.7,0,28.0,17.6,67.0,1007.7
2023-08-27T14:09:47.231000+00:00,9149,179,1217,3.2,0,28.2,17.7,67.0,1007.9
2023-08-27T14:10:47.370000+00:00,9149,191,1217,3.5,0,28.4,17.8,68.0,1007.9
2023-08-27T14:11:47.244000+00:00,9149,196,1217,3.2,0,27.9,17.7,70.0,1008.0
2023-08-27T14:12:47.259000+00:00,9149,199,1217,3.2,0,27.2,17.7,69.0,1007.9
2023-08-27T14:13:47.258000+00:00,9149,193,1217,3.2,0,26.9,17.6,69.0,1008.0
2023-08-27T14:14:47.272000+00:00,9149,200,1217,3.7,0,26.4,17.5,70.0,1008.0
2023-08-27T14:15:47.271000+00:00,9149,177,1217,3.5,0,26.1,17.4,70.0,1008.0
2023-08-27T14:16:47.270000+00:00,9149,197,1217,2.7,0,25.7,17.3,72.0,1008.0
2023-08-27T14:17:47.285000+00:00,9149,192,1217,2.9,0,25.7,17.3,72.0,1007.9
2023-08-27T14:18:47.299000+00:00,9149,189,1217,3.2,0,25.6,17.3,71.0,1008.0
2023-08-27T14:19:47.314000+00:00,9149,191,1217,2.5,0,25.6,17.2,71.0,1008.0
2023-08-27T14:20:47.297000+00:00,9149,195,1217,2.7,0,25.4,17.2,71.0,1008.0
2023-08-27T14:21:47.296000+00:00,9149,170,1217,3.7,0,25.2,17.1,70.0,1008.0
2023-08-27T14:22:47.295000+00:00,9149,180,1217,3.0,0,25.0,17.1,70.0,1008.0
2023-08-27T14:23:47.294000+00:00,9149,190,1217,3.7,0,25.0,17.1,69.0,1008.0
2023-08-27T14:24:47.324000+00:00,9149,192,1217,3.5,0,24.8,17.1,68.0,1008.0
2023-08-27T14:25:47.292000+00:00,9149,157,1217,3.0,0,24.8,17.1,68.0,1008.0
2023-08-27T14:26:47.306000+00:00,9149,162,1217,2.7,0,24.8,17.1,69.0,1008.0
2023-08-27T14:27:47.290000+00:00,9149,161,1217,3.2,0,24.7,17.1,69.0,1008.0
2023-08-27T14:28:47.288000+00:00,9149,163,1217,2.5,1,24.6,17.1,71.0,1008.0
2023-08-27T14:29:47.287000+00:00,9149,155,1217,2.2,1,24.3,17.1,73.0,1008.0
2023-08-27T14:30:47.302000+00:00,9149,156,1217,2.5,1,24.1,17.1,75.0,1008.0
2023-08-27T14:31:47.301000+00:00,9149,156,1217,3.0,1,22.8,17.0,76.0,1008.2
2023-08-27T14:32:47.300000+00:00,9149,205,1217,1.8,1,21.8,16.6,78.0,1008.2
2023-08-27T14:33:47.299000+00:00,9149,158,1217,2.5,1,21.8,16.3,80.0,1008.4
2023-08-27T14:34:47.298000+00:00,9149,159,1217,3.2,1,19.5,15.9,83.0,1008.4
2023-08-27T14:35:47.297000+00:00,9149,175,1217,3.0,1,19.5,15.7,83.0,1008.4
2023-08-27T14:36:47.296000+00:00,9149,182,1217,3.7,1,19.7,15.4,84.0,1008.4
2023-08-27T14:37:47.310000+00:00,9149,183,1217,3.2,1,19.8,15.2,83.0,1008.2
2023-08-27T14:38:47.293000+00:00,9149,189,1217,3.7,1,19.9,15.0,83.0,1008.5
2023-08-27T14:39:47.308000+00:00,9149,183,1217,3.5,1,20.0,14.9,81.0,1008.5
2023-08-27T14:40:47.307000+00:00,9149,174,1217,3.5,1,20.0,14.8,82.0,1008.4
2023-08-27T14:41:47.321000+00:00,9149,228,1217,3.2,1,19.9,14.9,83.0,1008.5
2023-08-27T14:42:47.305000+00:00,9149,228,1217,3.2,1,19.9,14.9,83.0,1008.5
2023-08-27T14:43:47.304000+00:00,9149,228,1217,3.2,1,19.9,14.9,83.0,1008.5
2023-08-27T14:44:47.303000+00:00,9149,228,1217,3.2,1,19.9,14.9,83.0,1008.5
2023-08-27T14:45:47.317000+00:00,9149,228,1217,3.2,1,19.9,14.9,83.0,1008.5
2023-08-27T14:46:47.316000+00:00,9149,169,1217,3.7,1,19.9,14.9,84.0,1008.2
2023-08-27T14:47:47.346000+00:00,9149,174,1217,4.4,1,19.7,14.9,84.0,1008.2
2023-08-27T14:48:47.345000+00:00,9149,164,1217,4.0,1,19.7,14.8,83.0,1008.2
2023-08-27T14:49:47.360000+00:00,9149,171,1217,3.7,1,19.6,14.7,83.0,1008.2
2023-08-27T14:50:47.359000+00:00,9149,161,1217,3.0,1,19.5,14.6,84.0,1008.4
2023-08-27T14:51:47.405000+00:00,9149,182,1217,2.5,1,19.6,14.6,84.0,1008.4
2023-08-27T14:52:47.357000+00:00,9149,172,1217,2.5,1,19.7,14.7,84.0,1008.5
2023-08-27T14:53:47.356000+00:00,9149,181,1217,2.9,1,19.7,14.8,85.0,1008.4
2023-08-27T14:54:47.339000+00:00,9149,168,1217,2.9,1,20.4,14.9,85.0,1008.4
2023-08-27T14:55:47.353000+00:00,9149,186,1217,2.7,0,20.8,14.9,84.0,1008.5
2023-08-27T14:56:47.368000+00:00,9149,170,1217,3.4,0,21.0,15.0,83.0,1008.4
2023-08-27T14:57:47.383000+00:00,9149,188,1217,3.2,0,20.9,14.9,83.0,1008.4
2023-08-27T14:58:47.397000+00:00,9149,183,1217,3.2,0,20.8,14.9,82.0,1008.4
2023-08-27T14:59:47.396000+00:00,9149,195,1217,3.7,0,20.6,14.9,82.0,1008.4
2023-08-27T15:00:47.411000+00:00,9149,166,1217,3.0,0,20.6,15.1,82.0,1008.2
2023-08-27T15:01:47.410000+00:00,9149,168,1217,2.9,0,20.6,15.2,81.0,1008.2
2023-08-27T15:02:47.440000+00:00,9149,180,1217,2.7,0,20.6,15.3,81.0,1008.4
2023-08-27T15:03:47.439000+00:00,9149,189,1217,3.0,0,20.8,15.4,80.0,1008.4
2023-08-27T15:04:47.438000+00:00,9149,183,1217,2.7,0,20.8,15.5,79.0,1008.2
2023-08-27T15:05:47.436000+00:00,9149,180,1217,2.0,0,20.7,15.6,79.0,1008.2
2023-08-27T15:06:47.435000+00:00,9149,173,1217,2.2,0,20.7,15.7,79.0,1008.2
2023-08-27T15:07:47.434000+00:00,9149,167,1217,2.2,0,20.7,15.8,78.0,1008.2
2023-08-27T15:08:47.449000+00:00,9149,170,1217,2.5,0,20.7,15.8,77.0,1008.2
2023-08-27T15:09:47.463000+00:00,9149,181,1217,2.7,0,20.7,15.8,76.0,1008.2
2023-08-27T15:10:47.494000+00:00,9149,160,1217,2.7,0,20.5,15.9,76.0,1008.2
2023-08-27T15:11:47.493000+00:00,9149,163,1217,2.5,0,20.2,15.9,77.0,1008.2
2023-08-27T15:12:47.492000+00:00,9149,150,1217,3.0,0,20.1,15.9,76.0,1008.2
2023-08-27T15:13:47.490000+00:00,9149,210,1217,2.5,0,20.0,15.9,78.0,1008.2
2023-08-27T15:14:47.505000+00:00,9149,159,1217,2.0,0,19.9,15.9,79.0,1008.2
2023-08-27T15:15:47.504000+00:00,9149,169,1217,3.5,0,19.9,16.0,80.0,1008.2
2023-08-27T15:16:47.534000+00:00,9149,175,1217,3.0,0,19.9,16.1,81.0,1008.2
2023-08-27T15:17:47.533000+00:00,9149,171,1217,2.9,0,19.9,16.0,80.0,1008.2
2023-08-27T15:18:47.516000+00:00,9149,169,1217,3.0,0,19.7,15.9,80.0,1008.2
2023-08-27T15:19:47.531000+00:00,9149,162,1217,3.5,0,19.6,15.9,77.0,1008.2
2023-08-27T15:20:47.545000+00:00,9149,163,1217,2.7,0,19.4,15.8,77.0,1008.2
2023-08-27T15:21:47.544000+00:00,9149,188,1217,2.7,0,19.3,15.8,79.0,1008.2
2023-08-27T15:22:47.559000+00:00,9149,159,1217,2.7,1,19.1,15.8,79.0,1008.2
2023-08-27T15:23:47.542000+00:00,9149,134,1217,3.2,1,19.0,15.8,79.0,1008.4
2023-08-27T15:24:47.557000+00:00,9149,204,1217,2.5,0,19.0,15.7,79.0,1008.2
2023-08-27T15:25:47.556000+00:00,9149,176,1217,3.0,1,19.0,15.7,79.0,1008.2
2023-08-27T15:26:47.555000+00:00,9149,161,1217,3.0,1,19.1,15.8,77.0,1008.2
2023-08-27T15:27:47.554000+00:00,9149,163,1217,2.7,1,19.1,15.8,77.0,1008.2
2023-08-27T15:28:47.553000+00:00,9149,192,1217,3.2,0,18.9,15.7,74.0,1008.4
2023-08-27T15:29:47.536000+00:00,9149,164,1217,2.9,0,18.9,15.6,73.0,1008.2
2023-09-03T12:01:37.059000+00:00,9157,302,1218,1.8,0,43.2,28.5,45.0,1001.0
2023-09-03T12:02:37.058000+00:00,9157,287,1218,2.0,0,43.3,28.6,45.0,1001.2
2023-09-03T12:03:37.058000+00:00,9157,269,1218,0.6,0,43.3,28.5,45.0,1001.0
2023-09-03T12:04:37.057000+00:00,9157,154,1218,0.8,0,43.3,28.5,45.0,1001.0
2023-09-03T12:05:37.056000+00:00,9157,274,1218,0.8,0,42.8,28.4,46.0,1001.0
2023-09-03T12:06:37.056000+00:00,9157,285,1218,1.0,0,42.8,28.4,45.0,1001.0
2023-09-03T12:07:37.055000+00:00,9157,237,1218,1.0,0,42.8,28.5,45.0,1001.0
2023-09-03T12:08:37.054000+00:00,9157,240,1218,1.2,0,42.7,28.5,46.0,1001.0
2023-09-03T12:09:37.054000+00:00,9157,201,1218,1.1,0,43.2,28.4,45.0,1001.0
2023-09-03T12:10:37.053000+00:00,9157,186,1218,1.2,0,43.2,28.4,45.0,1001.0
2023-09-03T12:11:37.068000+00:00,9157,95,1218,0.4,0,43.2,28.4,45.0,1001.0
2023-09-03T12:12:37.052000+00:00,9157,215,1218,1.0,0,42.8,28.5,45.0,1001.0
2023-09-03T12:13:37.066000+00:00,9157,193,1218,1.1,0,43.0,28.5,45.0,1001.0
2023-09-03T12:14:37.066000+00:00,9157,254,1218,1.1,0,42.7,28.5,46.0,1001.2
2023-09-03T12:15:37.050000+00:00,9157,296,1218,0.8,0,42.8,28.6,46.0,1001.0
2023-09-03T12:16:37.064000+00:00,9157,316,1218,1.2,0,43.0,28.6,46.0,1001.0
2023-09-03T12:17:37.064000+00:00,9157,238,1218,0.6,0,43.0,28.7,46.0,1001.0
2023-09-03T12:18:37.063000+00:00,9157,267,1218,1.1,0,42.3,28.8,46.0,1001.2
2023-09-03T12:19:37.062000+00:00,9157,130,1218,1.3,0,42.3,28.8,46.0,1001.2
2023-09-03T12:20:37.062000+00:00,9157,130,1218,2.0,0,42.4,28.9,45.0,1001.0
2023-09-03T12:21:37.061000+00:00,9157,0,1218,1.5,0,42.6,28.6,46.0,1001.0
2023-09-03T12:22:37.060000+00:00,9157,214,1218,0.5,0,42.6,28.8,46.0,1001.2
2023-09-03T12:23:37.060000+00:00,9157,0,1218,0.6,0,43.2,28.8,45.0,1001.0
2023-09-03T12:24:37.075000+00:00,9157,222,1218,0.6,0,42.6,28.7,45.0,1001.0
2023-09-03T12:25:37.090000+00:00,9157,259,1218,0.6,0,42.4,28.8,44.0,1001.0
2023-09-03T12:26:37.089000+00:00,9157,189,1218,1.1,0,42.2,28.7,45.0,1001.0
2023-09-03T12:27:37.104000+00:00,9157,85,1218,1.0,0,42.1,28.8,44.0,1001.0
2023-09-03T12:28:37.119000+00:00,9157,274,1218,1.3,0,42.3,28.8,44.0,1001.0
2023-09-03T12:29:37.118000+00:00,9157,294,1218,1.2,0,42.3,28.8,44.0,1001.0
2023-09-03T12:30:37.118000+00:00,9157,230,1218,0.8,0,42.9,28.7,44.0,1001.0
2023-09-03T12:31:37.117000+00:00,9157,282,1218,1.8,0,42.8,28.7,44.0,1001.0
2023-09-03T12:32:37.132000+00:00,9157,277,1218,1.2,0,42.8,28.6,45.0,1000.9
2023-09-03T12:33:37.147000+00:00,9157,240,1218,1.2,0,42.7,28.6,45.0,1000.9
2023-09-03T12:34:37.146000+00:00,9157,0,1218,1.0,0,43.0,28.7,45.0,1000.9
2023-09-03T12:35:37.161000+00:00,9157,44,1218,0.5,0,43.0,28.8,44.0,1000.9
2023-09-03T12:36:37.176000+00:00,9157,134,1218,1.1,0,43.4,28.8,44.0,1000.9
2023-09-03T12:37:37.175000+00:00,9157,275,1218,1.2,0,43.3,28.7,44.0,1000.9
2023-09-03T12:38:37.190000+00:00,9157,322,1218,1.7,0,43.2,28.7,44.0,1000.9
2023-09-03T12:39:37.190000+00:00,9157,233,1218,1.2,0,42.7,28.6,45.0,1000.9
2023-09-03T12:40:37.205000+00:00,9157,0,1218,0.6,0,42.6,28.6,45.0,1000.9
2023-09-03T12:41:37.204000+00:00,9157,0,1218,0.0,0,42.6,28.6,44.0,1000.7
2023-09-03T12:42:37.203000+00:00,9157,293,1218,0.0,0,42.7,28.8,44.0,1000.7
2023-09-03T12:43:37.203000+00:00,9157,339,1218,0.6,0,42.8,28.7,44.0,1000.7
2023-09-03T12:44:37.218000+00:00,9157,13,1218,1.1,0,42.8,28.8,43.0,1000.7
2023-09-03T12:45:37.201000+00:00,9157,7,1218,0.8,0,42.8,28.8,43.0,1000.9
2023-09-03T12:46:37.201000+00:00,9157,0,1218,0.8,0,42.8,28.9,43.0,1000.7
2023-09-03T12:47:37.200000+00:00,9157,140,1218,1.0,0,42.8,28.8,44.0,1000.7
2023-09-03T12:48:37.199000+00:00,9157,195,1218,0.6,0,42.8,28.9,45.0,1000.7
2023-09-03T12:49:37.214000+00:00,9157,254,1218,0.6,0,43.4,28.9,44.0,1000.9
2023-09-03T12:50:37.214000+00:00,9157,133,1218,0.8,0,43.4,29.0,43.0,1000.9
2023-09-03T12:51:37.213000+00:00,9157,301,1218,1.0,0,43.0,29.0,42.0,1000.9
2023-09-03T12:52:37.212000+00:00,9157,233,1218,0.8,0,42.7,28.9,43.0,1000.7
2023-09-03T12:53:37.212000+00:00,9157,285,1218,0.6,0,42.7,28.8,44.0,1000.7
2023-09-03T12:54:37.211000+00:00,9157,16,1218,0.6,0,42.2,28.9,43.0,1000.7
2023-09-03T12:55:37.210000+00:00,9157,47,1218,1.7,0,42.9,29.0,42.0,1000.7
2023-09-03T12:56:37.210000+00:00,9157,207,1218,0.8,0,42.9,28.9,42.0,1000.7
2023-09-03T12:57:37.209000+00:00,9157,294,1218,0.5,0,43.0,28.9,43.0,1000.7
2023-09-03T12:58:37.208000+00:00,9157,328,1218,0.5,0,43.1,29.0,43.0,1000.7
2023-09-03T12:59:37.208000+00:00,9157,8,1218,1.2,0,43.0,29.0,42.0,1000.7
2023-09-03T13:00:37.207000+00:00,9157,196,1218,1.6,0,42.7,29.1,41.0,1000.7
2023-09-03T13:01:37.222000+00:00,9157,346,1218,0.6,0,42.7,29.1,42.0,1000.7
2023-09-03T13:02:37.221000+00:00,9157,3,1218,0.8,0,43.4,29.1,42.0,1000.5
2023-09-03T13:03:37.220000+00:00,9157,28,1218,1.7,0,43.4,29.0,41.0,1000.7
2023-09-03T13:04:37.220000+00:00,9157,78,1218,0.4,0,43.1,28.9,42.0,1000.7
2023-09-03T13:05:37.219000+00:00,9157,188,1218,0.4,0,43.4,29.0,41.0,1000.5
2023-09-03T13:06:37.218000+00:00,9157,46,1218,0.5,0,43.8,29.1,42.0,1000.5
2023-09-03T13:07:37.218000+00:00,9157,251,1218,0.4,0,43.4,29.2,41.0,1000.5
2023-09-03T13:08:37.217000+00:00,9157,5,1218,0.8,0,43.5,29.3,41.0,1000.5
2023-09-03T13:09:37.216000+00:00,9157,15,1218,1.2,0,43.5,29.4,41.0,1000.5
2023-09-03T13:10:37.231000+00:00,9157,177,1218,1.5,0,43.6,29.3,41.0,1000.5
2023-09-03T13:11:37.215000+00:00,9157,209,1218,0.4,0,43.3,29.3,42.0,1000.5
2023-09-03T13:12:37.230000+00:00,9157,226,1218,0.6,0,43.0,29.4,43.0,1000.5
2023-09-03T13:13:37.245000+00:00,9157,139,1218,0.8,0,43.0,29.3,44.0,1000.5
2023-09-03T13:14:37.260000+00:00,9157,286,1218,0.5,0,43.4,29.3,44.0,1000.5
2023-09-03T13:15:37.259000+00:00,9157,285,1218,0.6,0,43.6,29.3,43.0,1000.5
2023-09-03T13:16:37.259000+00:00,9157,210,1218,0.6,0,43.6,29.3,44.0,1000.5
2023-09-03T13:17:37.274000+00:00,9157,238,1218,1.1,0,43.4,29.2,44.0,1000.5
2023-09-03T13:18:37.273000+00:00,9157,249,1218,1.1,0,43.6,29.3,42.0,1000.5
2023-09-03T13:19:37.272000+00:00,9157,223,1218,0.8,0,43.0,29.3,42.0,1000.5
2023-09-03T13:20:37.319000+00:00,9157,17,1218,0.4,0,42.7,29.2,42.0,1000.5
2023-09-03T13:21:37.287000+00:00,9157,271,1218,0.4,0,42.7,29.3,42.0,1000.5
2023-09-03T13:22:37.286000+00:00,9157,332,1218,0.6,0,42.8,29.3,41.0,1000.5
2023-09-03T13:23:37.301000+00:00,9157,341,1218,1.3,0,42.5,29.2,41.0,1000.4
2023-09-03T13:24:37.316000+00:00,9157,4,1218,1.5,0,42.5,29.2,41.0,1000.4
2023-09-03T13:25:37.315000+00:00,9157,189,1218,1.0,0,43.1,29.2,40.0,1000.5
2023-09-03T13:26:37.346000+00:00,9157,36,1218,0.6,0,43.2,29.3,39.0,1000.4
2023-09-03T13:27:37.361000+00:00,9157,23,1218,1.3,0,43.2,29.4,39.0,1000.4
2023-09-03T13:28:37.360000+00:00,9157,204,1218,0.8,0,43.1,29.5,40.0,1000.4
2023-09-03T13:29:37.359000+00:00,9157,250,1218,1.2,0,43.1,29.5,41.0,1000.4
2023-09-03T13:30:37.359000+00:00,9157,145,1218,1.6,0,43.3,29.5,42.0,1000.4
2023-09-03T13:31:37.358000+00:00,9157,164,1218,1.7,0,43.4,29.7,41.0,1000.2
2023-09-03T13:32:37.373000+00:00,9157,160,1218,1.8,0,43.6,29.6,42.0,1000.4
2023-09-03T13:33:37.357000+00:00,9157,0,1218,2.4,0,43.6,29.7,42.0,1000.2
2023-09-03T13:34:37.356000+00:00,9157,162,1218,1.0,0,43.6,29.7,43.0,1000.5
2023-09-03T13:35:37.355000+00:00,9157,178,1218,0.6,0,44.1,29.8,41.0,1000.4
2023-09-03T13:36:37.355000+00:00,9157,168,1218,2.2,0,43.9,29.8,41.0,1000.4
2023-09-03T13:37:37.370000+00:00,9157,162,1218,2.2,0,43.9,29.9,41.0,1000.2
2023-09-03T13:38:37.353000+00:00,9157,181,1218,1.8,0,43.9,29.9,41.0,1000.4
2023-09-03T13:39:37.368000+00:00,9157,8,1218,1.7,0,43.3,29.9,42.0,1000.4
2023-09-03T13:40:37.368000+00:00,9157,172,1218,1.2,0,43.1,29.8,41.0,1000.5
2023-09-03T13:41:37.383000+00:00,9157,199,1218,1.2,0,43.7,29.9,41.0,1000.4
2023-09-03T13:42:37.366000+00:00,9157,205,1218,1.5,0,43.7,30.1,40.0,1000.4
2023-09-03T13:43:37.366000+00:00,9157,258,1218,2.0,0,43.7,30.0,42.0,1000.4
2023-09-03T13:44:37.381000+00:00,9157,156,1218,0.8,0,43.5,30.0,42.0,1000.4
2023-09-03T13:45:37.364000+00:00,9157,178,1218,1.7,0,43.9,30.0,40.0,1000.4
2023-09-03T13:46:37.364000+00:00,9157,0,1218,1.7,0,43.7,29.9,41.0,1000.4
2023-09-03T13:47:37.363000+00:00,9157,268,1218,1.5,0,43.5,29.8,39.0,1000.4
2023-09-03T13:48:37.378000+00:00,9157,216,1218,1.3,0,43.5,29.7,40.0,1000.4
2023-09-03T13:49:37.377000+00:00,9157,158,1218,1.2,0,43.6,29.8,40.0,1000.4
2023-09-03T13:50:37.377000+00:00,9157,201,1218,0.8,0,44.3,29.9,40.0,1000.4
2023-09-03T13:51:37.360000+00:00,9157,180,1218,1.6,0,44.4,30.0,39.0,1000.4
2023-09-03T13:52:37.375000+00:00,9157,82,1218,1.2,0,44.3,30.0,39.0,1000.2
2023-09-03T13:53:37.390000+00:00,9157,145,1218,1.3,0,44.0,30.0,39.0,1000.2
2023-09-03T13:54:37.374000+00:00,9157,134,1218,1.7,0,43.7,30.0,40.0,1000.2
2023-09-03T13:55:37.373000+00:00,9157,178,1218,1.3,0,43.7,29.9,41.0,1000.2
2023-09-03T13:56:37.388000+00:00,9157,210,1218,1.5,0,43.6,29.9,41.0,1000.2
2023-09-03T13:57:37.372000+00:00,9157,179,1218,2.0,0,43.5,29.9,41.0,1000.2
2023-09-03T13:58:37.371000+00:00,9157,177,1218,1.7,0,43.5,29.9,41.0,1000.4
2023-09-03T13:59:37.386000+00:00,9157,156,1218,1.6,0,43.6,29.8,40.0,1000.2
2023-09-03T14:00:37.370000+00:00,9157,153,1218,1.7,0,43.4,29.9,39.0,1000.2
2023-09-03T14:01:37.385000+00:00,9157,228,1218,1.0,0,43.4,29.9,40.0,1000.2
2023-09-03T14:02:37.384000+00:00,9157,174,1218,1.2,0,43.0,29.9,41.0,1000.2
2023-09-03T14:03:37.384000+00:00,9157,112,1218,0.8,0,43.3,29.9,41.0,1000.2
2023-09-03T14:04:37.399000+00:00,9157,163,1218,1.0,0,42.9,29.9,41.0,1000.2
2023-09-03T14:05:37.413000+00:00,9157,317,1218,0.8,0,42.5,29.7,42.0,1000.2
2023-09-03T14:06:37.413000+00:00,9157,190,1218,1.2,0,42.5,29.7,41.0,1000.2
2023-09-03T14:07:37.412000+00:00,9157,193,1218,1.3,0,42.8,29.8,42.0,1000.2
2023-09-03T14:08:37.411000+00:00,9157,136,1218,1.1,0,42.6,29.8,41.0,1000.4
2023-09-03T14:09:37.411000+00:00,9157,174,1218,1.1,0,42.6,29.9,41.0,1000.2
2023-09-03T14:10:37.410000+00:00,9157,242,1218,1.3,0,42.4,29.8,41.0,1000.4
2023-09-03T14:11:37.441000+00:00,9157,164,1218,1.5,0,42.5,29.8,42.0,1000.2
2023-09-03T14:12:37.456000+00:00,9157,232,1218,0.8,0,42.6,29.8,41.0,1000.2
2023-09-03T14:13:37.439000+00:00,9157,139,1218,1.8,0,42.6,29.8,41.0,1000.2
2023-09-03T14:14:37.423000+00:00,9157,196,1218,1.2,0,42.5,29.9,42.0,1000.2
2023-09-03T14:15:37.454000+00:00,9157,208,1218,1.8,0,42.5,30.0,43.0,1000.2
2023-09-03T14:16:37.469000+00:00,9157,171,1218,1.5,0,42.5,30.1,41.0,1000.2
2023-09-03T14:17:37.546000+00:00,9157,186,1218,1.6,0,42.8,30.0,40.0,1000.2
2023-09-03T14:18:37.530000+00:00,9157,145,1218,1.1,0,42.8,30.0,40.0,1000.2
2023-09-03T14:19:37.482000+00:00,9157,168,1218,1.3,0,42.6,30.0,40.0,1000.2
2023-09-03T14:20:37.482000+00:00,9157,205,1218,1.7,0,42.8,30.0,40.0,1000.4
2023-09-03T14:21:37.496000+00:00,9157,187,1218,2.0,0,42.9,30.1,41.0,1000.2
2023-09-03T14:22:37.511000+00:00,9157,190,1218,1.8,0,42.9,30.2,40.0,1000.2
2023-09-03T14:23:37.511000+00:00,9157,188,1218,1.3,0,42.5,30.3,39.0,1000.2
2023-09-03T14:24:37.510000+00:00,9157,168,1218,1.6,0,42.5,30.2,39.0,1000.2
2023-09-03T14:25:37.525000+00:00,9157,144,1218,1.6,0,42.5,30.1,39.0,1000.2
2023-09-03T14:26:37.524000+00:00,9157,334,1218,0.8,0,41.7,30.0,40.0,1000.2
2023-09-03T14:27:37.524000+00:00,9157,161,1218,1.1,0,41.7,30.0,40.0,1000.2
2023-09-03T14:28:37.523000+00:00,9157,181,1218,1.5,0,41.6,30.0,41.0,1000.2
2023-09-03T14:29:37.522000+00:00,9157,190,1218,1.6,0,41.8,30.0,41.0,1000.2
2023-09-03T14:30:37.537000+00:00,9157,176,1218,1.1,0,41.2,30.0,41.0,1000.2
2023-09-03T14:31:37.537000+00:00,9157,161,1218,1.7,0,41.2,30.1,41.0,1000.2
2023-09-03T14:32:37.552000+00:00,9157,157,1218,1.2,0,41.2,30.0,42.0,1000.2
2023-09-03T14:33:37.567000+00:00,9157,179,1218,1.2,0,41.0,30.0,41.0,1000.2
2023-09-03T14:34:37.581000+00:00,9157,152,1218,1.6,0,40.8,30.0,41.0,1000.2
2023-09-03T14:35:37.581000+00:00,9157,161,1218,1.7,0,40.8,30.0,41.0,1000.2
2023-09-03T14:43:37.653000+00:00,9157,260,1218,1.1,0,39.3,29.9,42.0,1000.2
2023-09-17T11:01:24.028000+00:00,9165,106,1219,0.8,0,38.3,30.0,68.0,1007.9
2023-09-17T11:02:24.043000+00:00,9165,168,1219,1.2,0,38.5,30.1,68.0,1007.9
2023-09-17T11:03:24.042000+00:00,9165,198,1219,1.2,0,38.6,30.0,68.0,1008.0
2023-09-17T11:04:24.041000+00:00,9165,162,1219,1.6,0,38.6,30.0,68.0,1008.0
2023-09-17T11:05:24.041000+00:00,9165,175,1219,0.8,0,38.4,30.0,68.0,1007.9
2023-09-17T11:06:24.056000+00:00,9165,203,1219,1.1,0,38.1,30.0,69.0,1008.0
2023-09-17T11:07:24.055000+00:00,9165,194,1219,1.2,0,38.3,30.0,69.0,1008.0
2023-09-17T11:08:24.054000+00:00,9165,161,1219,1.1,0,38.1,30.0,68.0,1008.0
2023-09-17T11:09:24.054000+00:00,9165,164,1219,1.1,0,38.6,30.0,67.0,1008.0
2023-09-17T11:10:24.053000+00:00,9165,181,1219,1.2,0,38.2,30.0,68.0,1008.0
2023-09-17T11:11:24.052000+00:00,9165,166,1219,0.8,0,38.1,30.0,68.0,1008.0
2023-09-17T11:12:24.052000+00:00,9165,152,1219,1.2,0,38.2,30.0,67.0,1008.0
2023-09-17T11:13:24.051000+00:00,9165,179,1219,1.1,0,38.1,30.0,67.0,1008.0
2023-09-17T11:14:24.050000+00:00,9165,145,1219,1.2,0,38.1,30.1,67.0,1008.0
2023-09-17T11:15:24.050000+00:00,9165,0,1219,1.2,0,38.0,30.1,68.0,1008.0
2023-09-17T11:16:24.049000+00:00,9165,186,1219,1.0,0,38.0,30.2,67.0,1008.0
2023-09-17T11:17:24.048000+00:00,9165,188,1219,1.2,0,37.7,30.2,67.0,1008.0
2023-09-17T11:18:24.063000+00:00,9165,164,1219,1.1,0,37.7,30.2,67.0,1008.0
2023-09-17T11:19:24.078000+00:00,9165,182,1219,1.3,0,38.3,30.2,67.0,1008.0
2023-09-17T11:20:24.093000+00:00,9165,186,1219,1.2,0,37.9,30.2,67.0,1008.0
2023-09-17T11:21:24.108000+00:00,9165,197,1219,1.5,0,37.5,30.1,68.0,1008.0
2023-09-17T11:22:24.108000+00:00,9165,162,1219,1.1,0,37.4,30.0,69.0,1007.9
2023-09-17T11:23:24.107000+00:00,9165,189,1219,0.6,0,37.4,30.0,69.0,1007.9
2023-09-17T11:24:24.122000+00:00,9165,201,1219,0.6,0,37.5,30.0,70.0,1007.9
2023-09-17T11:25:24.137000+00:00,9165,190,1219,1.2,0,37.7,29.9,69.0,1007.9
2023-09-17T11:26:24.152000+00:00,9165,157,1219,1.1,0,37.8,29.9,69.0,1008.0
2023-09-17T11:27:24.151000+00:00,9165,171,1219,1.2,0,37.7,29.9,70.0,1008.0
2023-09-17T11:28:24.166000+00:00,9165,214,1219,0.8,0,37.9,29.9,69.0,1007.9
2023-09-17T11:29:24.181000+00:00,9165,164,1219,1.0,0,37.6,29.9,70.0,1007.9
2023-09-17T11:30:24.180000+00:00,9165,199,1219,1.1,0,37.9,29.9,69.0,1007.9
2023-09-17T11:31:24.195000+00:00,9165,192,1219,1.1,0,37.9,29.9,69.0,1007.9
2023-09-17T11:32:24.195000+00:00,9165,176,1219,1.0,0,37.9,29.9,69.0,1007.9
2023-09-17T11:33:24.194000+00:00,9165,156,1219,1.2,0,37.7,29.9,69.0,1007.9
2023-09-17T11:34:24.193000+00:00,9165,184,1219,1.2,0,37.7,29.9,69.0,1007.9
2023-09-17T11:35:24.193000+00:00,9165,160,1219,1.2,0,37.4,29.8,69.0,1007.9
2023-09-17T11:36:24.192000+00:00,9165,177,1219,1.2,0,37.0,29.8,69.0,1008.0
2023-09-17T11:37:24.191000+00:00,9165,182,1219,1.0,0,37.1,29.8,69.0,1007.9
2023-09-17T11:38:24.191000+00:00,9165,155,1219,1.1,0,37.2,29.8,69.0,1008.0
2023-09-17T11:39:24.190000+00:00,9165,167,1219,0.8,0,37.2,29.8,69.0,1008.0
2023-09-17T11:40:24.205000+00:00,9165,159,1219,1.2,0,37.5,29.8,69.0,1008.0
2023-09-17T11:41:24.189000+00:00,9165,156,1219,0.8,0,37.5,29.8,70.0,1008.0
2023-09-17T11:42:24.188000+00:00,9165,188,1219,1.2,0,37.2,29.8,69.0,1008.0
2023-09-17T11:43:24.203000+00:00,9165,127,1219,1.2,0,37.1,29.8,70.0,1007.9
2023-09-17T11:44:24.202000+00:00,9165,130,1219,1.0,0,36.7,29.7,70.0,1008.0
2023-09-17T11:45:24.202000+00:00,9165,199,1219,0.8,0,36.7,29.8,70.0,1008.0
2023-09-17T11:46:24.201000+00:00,9165,141,1219,1.0,0,36.7,29.8,71.0,1008.0
2023-09-17T11:47:24.200000+00:00,9165,155,1219,0.8,0,37.3,29.8,70.0,1008.0
2023-09-17T11:48:24.200000+00:00,9165,179,1219,1.2,0,37.3,29.8,70.0,1008.0
2023-09-17T11:49:24.199000+00:00,9165,181,1219,0.8,0,37.5,29.8,70.0,1008.2
2023-09-17T11:50:24.198000+00:00,9165,206,1219,1.5,0,37.1,29.8,69.0,1008.2
2023-09-17T11:51:24.198000+00:00,9165,203,1219,1.1,0,37.1,29.8,70.0,1008.2
2023-09-17T11:52:24.197000+00:00,9165,154,1219,0.8,0,37.1,29.7,70.0,1008.2
2023-09-17T11:53:24.196000+00:00,9165,168,1219,0.8,0,37.1,29.8,70.0,1008.4
2023-09-17T11:54:24.211000+00:00,9165,167,1219,0.8,0,36.9,29.8,70.0,1008.5
2023-09-17T11:55:24.195000+00:00,9165,199,1219,1.5,0,37.0,29.7,70.0,1008.4
2023-09-17T11:56:24.225000+00:00,9165,150,1219,0.8,0,37.3,29.7,70.0,1008.5
2023-09-17T11:57:24.240000+00:00,9165,169,1219,0.8,0,37.4,29.7,71.0,1008.5
2023-09-17T11:58:24.255000+00:00,9165,158,1219,1.2,0,37.4,29.7,71.0,1008.5
2023-09-17T11:59:24.270000+00:00,9165,178,1219,0.8,0,37.2,29.8,71.0,1008.5
2023-09-17T12:00:24.270000+00:00,9165,159,1219,1.2,0,36.9,29.8,71.0,1008.5
2023-09-17T12:01:24.269000+00:00,9165,160,1219,1.1,0,36.9,29.8,71.0,1008.5
2023-09-17T12:02:24.300000+00:00,9165,188,1219,0.8,0,36.9,29.7,71.0,1008.7
2023-09-17T12:03:24.299000+00:00,9165,178,1219,1.3,0,36.8,29.8,71.0,1008.7
2023-09-17T12:04:24.314000+00:00,9165,156,1219,1.1,0,36.7,29.8,72.0,1008.5
2023-09-17T12:05:24.344000+00:00,9165,180,1219,1.0,0,36.7,29.8,72.0,1008.7
2023-09-17T12:06:24.328000+00:00,9165,188,1219,1.7,0,37.2,29.8,72.0,1008.7
2023-09-17T12:07:24.327000+00:00,9165,168,1219,1.0,0,37.3,29.9,71.0,1008.7
2023-09-17T12:08:24.342000+00:00,9165,171,1219,2.0,0,37.3,29.9,72.0,1008.7
2023-09-17T12:09:24.342000+00:00,9165,183,1219,1.2,0,37.2,29.9,71.0,1008.7
2023-09-17T12:10:24.341000+00:00,9165,196,1219,1.7,0,37.2,29.9,71.0,1008.7
2023-09-17T12:11:24.340000+00:00,9165,163,1219,1.2,0,37.0,29.9,71.0,1008.7
2023-09-17T12:12:24.340000+00:00,9165,172,1219,1.7,0,36.7,30.0,71.0,1008.9
2023-09-17T12:13:24.339000+00:00,9165,162,1219,1.5,0,36.8,30.0,72.0,1008.9
2023-09-17T12:14:24.338000+00:00,9165,163,1219,1.2,0,36.8,30.0,72.0,1008.9
2023-09-17T12:15:24.338000+00:00,9165,163,1219,1.6,0,36.8,30.0,71.0,1008.9
2023-09-17T12:16:24.353000+00:00,9165,161,1219,1.7,0,36.5,30.0,72.0,1008.9
2023-09-17T12:17:24.352000+00:00,9165,163,1219,1.7,0,36.3,30.0,72.0,1009.0
2023-09-17T12:18:24.336000+00:00,9165,168,1219,1.7,0,36.6,30.0,73.0,1009.0
2023-09-17T12:19:24.351000+00:00,9165,175,1219,1.2,0,36.2,30.0,73.0,1009.0
2023-09-17T12:20:24.350000+00:00,9165,160,1219,1.6,0,36.8,30.0,73.0,1009.0
2023-09-17T12:21:24.349000+00:00,9165,145,1219,1.1,0,36.8,30.0,72.0,1009.0
2023-09-17T12:22:24.348000+00:00,9165,138,1219,2.0,0,36.8,30.1,72.0,1009.0
2023-09-17T12:23:24.348000+00:00,9165,181,1219,1.5,0,36.8,30.0,72.0,1009.0
2023-09-17T12:24:24.347000+00:00,9165,158,1219,1.5,0,36.6,30.1,72.0,1009.0
2023-09-17T12:25:24.347000+00:00,9165,175,1219,1.5,0,36.6,30.1,72.0,1009.0
2023-09-17T12:26:24.346000+00:00,9165,156,1219,1.2,0,36.4,30.1,72.0,1009.0
2023-09-17T12:27:24.345000+00:00,9165,169,1219,1.6,0,36.4,30.1,72.0,1009.0
2023-09-17T12:28:24.344000+00:00,9165,160,1219,1.6,0,36.4,30.1,72.0,1009.0
2023-09-17T12:29:24.359000+00:00,9165,173,1219,1.6,0,36.4,30.1,72.0,1009.0
2023-09-17T12:30:24.359000+00:00,9165,186,1219,1.5,0,36.5,30.1,72.0,1009.0
2023-09-17T12:31:24.358000+00:00,9165,189,1219,1.2,0,36.5,30.1,73.0,1009.0
2023-09-17T12:32:24.357000+00:00,9165,181,1219,1.0,0,36.5,30.0,73.0,1009.0
2023-09-17T12:33:24.357000+00:00,9165,185,1219,1.3,0,36.4,30.0,73.0,1009.0
2023-09-17T12:34:24.356000+00:00,9165,187,1219,1.1,0,36.3,30.0,73.0,1009.0
2023-09-17T12:35:24.355000+00:00,9165,197,1219,1.5,0,36.3,30.0,73.0,1009.2
2023-09-17T12:36:24.354000+00:00,9165,158,1219,1.6,0,36.2,30.0,73.0,1009.2
2023-09-17T12:37:24.354000+00:00,9165,170,1219,1.7,0,36.2,30.0,72.0,1009.2
2023-09-17T12:38:24.353000+00:00,9165,154,1219,1.6,0,36.3,30.0,73.0,1009.2
2023-09-17T12:39:24.352000+00:00,9165,174,1219,1.2,0,36.3,30.0,72.0,1009.2
2023-09-17T12:40:24.352000+00:00,9165,175,1219,1.2,0,36.4,30.0,72.0,1009.2
2023-09-17T12:41:24.367000+00:00,9165,155,1219,1.6,0,36.2,30.0,72.0,1009.2
2023-09-17T12:42:24.350000+00:00,9165,159,1219,1.2,0,36.0,29.9,72.0,1009.2
2023-09-17T12:43:24.350000+00:00,9165,160,1219,1.6,0,36.0,30.0,72.0,1009.2
2023-09-17T12:44:24.364000+00:00,9165,152,1219,1.5,0,36.1,29.9,72.0,1009.2
2023-09-17T12:45:24.364000+00:00,9165,166,1219,1.5,0,36.1,29.9,73.0,1009.2
2023-09-17T12:46:24.363000+00:00,9165,183,1219,1.8,0,35.9,29.9,72.0,1009.2
2023-09-17T12:47:24.362000+00:00,9165,171,1219,1.7,0,36.0,29.9,72.0,1009.2
2023-09-17T12:48:24.362000+00:00,9165,161,1219,1.2,0,36.0,29.8,72.0,1009.2
2023-09-17T12:49:24.361000+00:00,9165,168,1219,1.7,0,36.2,29.9,72.0,1009.2
2023-09-17T12:50:24.360000+00:00,9165,167,1219,1.7,0,36.1,29.9,72.0,1009.2
2023-09-17T12:51:24.360000+00:00,9165,176,1219,1.5,0,36.1,30.0,72.0,1009.2
2023-09-17T12:52:24.359000+00:00,9165,165,1219,1.3,0,35.7,30.0,73.0,1009.2
2023-09-17T12:53:24.374000+00:00,9165,189,1219,1.6,0,35.7,30.0,73.0,1009.4
2023-09-17T12:54:24.373000+00:00,9165,179,1219,1.0,0,35.9,30.0,74.0,1009.4
2023-09-17T12:55:24.404000+00:00,9165,181,1219,1.0,0,35.9,30.0,74.0,1009.2
2023-09-17T12:56:24.419000+00:00,9165,188,1219,0.8,0,35.9,30.0,74.0,1009.5
2023-09-17T12:57:24.418000+00:00,9165,188,1219,0.8,0,35.9,30.0,74.0,1009.5
2023-09-17T12:58:24.433000+00:00,9165,185,1219,1.2,0,35.9,30.0,73.0,1009.5
2023-09-17T12:59:24.417000+00:00,9165,163,1219,0.8,0,35.9,30.0,74.0,1009.4
2023-09-17T13:00:24.416000+00:00,9165,168,1219,1.5,0,35.9,30.0,74.0,1009.5
2023-09-17T13:01:24.415000+00:00,9165,178,1219,1.3,0,35.9,30.0,74.0,1009.4
2023-09-17T13:02:24.415000+00:00,9165,153,1219,1.5,0,35.9,30.0,74.0,1009.5
2023-09-17T13:03:24.414000+00:00,9165,166,1219,1.5,0,35.9,30.0,74.0,1009.5
2023-09-17T13:04:24.429000+00:00,9165,158,1219,1.7,0,35.5,30.0,74.0,1009.5
2023-09-17T13:05:24.444000+00:00,9165,180,1219,1.7,0,35.4,29.9,74.0,1009.5
2023-09-17T13:06:24.459000+00:00,9165,158,1219,1.8,0,35.5,29.9,74.0,1009.5
2023-09-17T13:07:24.458000+00:00,9165,165,1219,1.7,0,35.3,29.9,74.0,1009.7
2023-09-17T13:08:24.473000+00:00,9165,183,1219,1.8,0,35.5,29.8,74.0,1009.7
2023-09-17T13:09:24.488000+00:00,9165,168,1219,2.2,0,35.5,29.8,74.0,1009.7
2023-09-17T13:10:24.503000+00:00,9165,165,1219,2.0,0,35.5,29.8,74.0,1009.7
2023-09-17T13:11:24.502000+00:00,9165,171,1219,1.8,0,35.5,29.7,75.0,1009.7
2023-09-17T13:12:24.501000+00:00,9165,189,1219,1.7,0,35.5,29.7,74.0,1009.7
2023-09-17T13:13:24.501000+00:00,9165,171,1219,1.7,0,35.5,29.8,75.0,1009.7
2023-09-17T13:14:24.500000+00:00,9165,169,1219,1.8,0,35.5,29.8,75.0,1009.7
2023-09-17T13:15:24.499000+00:00,9165,167,1219,2.0,0,35.5,29.8,74.0,1009.7
2023-09-17T13:16:24.499000+00:00,9165,161,1219,1.7,0,35.3,29.8,74.0,1009.9
2023-09-17T13:17:24.514000+00:00,9165,183,1219,2.4,0,34.8,29.7,74.0,1009.9
2023-09-17T13:18:24.497000+00:00,9165,174,1219,1.6,0,34.9,29.7,74.0,1009.9
2023-09-17T13:19:24.512000+00:00,9165,153,1219,2.2,0,35.3,29.7,75.0,1009.9
2023-09-17T13:20:24.496000+00:00,9165,175,1219,2.2,0,35.3,29.6,74.0,1009.9
2023-09-17T13:21:24.511000+00:00,9165,165,1219,2.0,0,35.3,29.6,74.0,1009.9
2023-09-17T13:22:24.510000+00:00,9165,174,1219,2.5,0,35.1,29.6,74.0,1009.9
2023-09-17T13:23:24.510000+00:00,9165,163,1219,2.4,0,35.0,29.6,74.0,1009.9
2023-09-17T13:24:24.509000+00:00,9165,168,1219,2.2,0,35.0,29.5,75.0,1009.9
2023-09-17T13:25:24.508000+00:00,9165,181,1219,2.2,0,34.9,29.5,75.0,1009.9
2023-09-17T13:26:24.507000+00:00,9165,173,1219,1.6,0,34.9,29.5,75.0,1009.9
2023-09-17T13:27:24.507000+00:00,9165,167,1219,1.7,0,34.8,29.6,75.0,1009.9
2023-09-17T13:28:24.506000+00:00,9165,161,1219,1.8,0,35.0,29.5,75.0,1010.0
2023-09-17T13:29:24.505000+00:00,9165,134,1219,1.8,0,34.9,29.6,75.0,1010.0
2023-09-17T13:30:24.505000+00:00,9165,178,1219,1.2,0,35.2,29.6,75.0,1010.0
2023-09-17T13:31:24.520000+00:00,9165,156,1219,1.8,0,35.2,29.6,75.0,1010.0
2023-09-17T13:32:24.519000+00:00,9165,178,1219,1.7,0,35.6,29.6,75.0,1010.0
2023-09-17T13:33:24.518000+00:00,9165,180,1219,1.7,0,35.3,29.7,75.0,1010.0
2023-09-17T13:34:24.518000+00:00,9165,164,1219,2.2,0,34.9,29.6,75.0,1010.0
2023-09-17T13:35:24.517000+00:00,9165,162,1219,2.0,0,34.8,29.6,75.0,1010.0
2023-09-17T13:36:24.516000+00:00,9165,172,1219,1.5,0,34.6,29.6,75.0,1010.0
2023-09-17T13:37:24.516000+00:00,9165,174,1219,1.3,0,34.6,29.6,76.0,1009.9
2023-09-17T13:38:24.515000+00:00,9165,157,1219,1.8,0,34.8,29.5,76.0,1010.0
2023-09-17T13:39:24.514000+00:00,9165,167,1219,1.8,0,34.8,29.5,76.0,1010.0
2023-09-17T13:40:24.514000+00:00,9165,177,1219,1.7,0,34.8,29.5,76.0,1010.0
2023-09-17T13:41:24.513000+00:00,9165,179,1219,2.0,0,34.8,29.6,76.0,1010.0
2023-09-17T13:42:24.512000+00:00,9165,173,1219,1.7,0,34.8,29.6,76.0,1010.0
2023-09-17T13:43:24.511000+00:00,9165,160,1219,2.0,0,34.9,29.5,76.0,1010.2
2023-09-17T13:44:24.526000+00:00,9165,173,1219,2.0,0,35.0,29.5,76.0,1010.2
2023-09-17T13:45:24.526000+00:00,9165,173,1219,1.5,0,35.2,29.5,76.0,1010.0
2023-09-17T13:46:24.525000+00:00,9165,191,1219,1.8,0,35.1,29.5,76.0,1010.2
2023-09-17T13:47:24.524000+00:00,9165,168,1219,1.7,0,35.0,29.5,76.0,1010.0
2023-09-17T13:48:24.524000+00:00,9165,171,1219,1.7,0,34.9,29.5,76.0,1010.0
2023-09-17T13:49:24.523000+00:00,9165,185,1219,2.2,0,34.9,29.5,76.0,1010.2
2023-09-17T13:50:24.522000+00:00,9165,176,1219,2.0,0,34.8,29.4,76.0,1010.0
2023-09-17T13:51:24.522000+00:00,9165,184,1219,2.5,0,34.9,29.5,76.0,1010.0
2023-09-17T13:52:24.521000+00:00,9165,170,1219,2.0,0,35.0,29.5,76.0,1010.0
2023-09-17T13:53:24.520000+00:00,9165,188,1219,1.7,0,35.0,29.5,76.0,1010.2
2023-09-17T13:54:24.520000+00:00,9165,162,1219,1.7,0,35.0,29.5,76.0,1010.2
2023-09-17T13:55:24.519000+00:00,9165,0,1219,1.5,0,35.0,29.5,76.0,1010.2
2023-09-17T13:56:24.534000+00:00,9165,171,1219,0.6,0,35.0,29.4,77.0,1010.2
2023-09-24T04:01:23.491000+00:00,9173,109,1220,2.0,0,45.8,27.3,46.0,1013.2
2023-09-24T04:02:23.474000+00:00,9173,118,1220,2.4,0,46.4,27.3,46.0,1013.2
2023-09-24T04:03:23.489000+00:00,9173,124,1220,2.7,0,46.4,27.3,45.0,1013.2
2023-09-24T04:04:23.488000+00:00,9173,117,1220,2.7,0,46.2,27.5,46.0,1013.2
2023-09-24T04:05:23.487000+00:00,9173,117,1220,2.0,0,45.8,27.7,45.0,1013.2
2023-09-24T04:06:23.486000+00:00,9173,121,1220,1.8,0,46.4,27.7,45.0,1013.2
2023-09-24T04:07:23.485000+00:00,9173,125,1220,2.7,0,46.5,27.7,44.0,1013.2
2023-09-24T04:08:23.484000+00:00,9173,101,1220,3.0,0,45.9,27.5,44.0,1013.2
2023-09-24T04:09:23.483000+00:00,9173,116,1220,1.2,0,45.7,27.5,45.0,1013.2
2023-09-24T04:10:23.481000+00:00,9173,144,1220,2.0,0,45.7,27.5,45.0,1013.2
2023-09-24T04:11:23.480000+00:00,9173,124,1220,2.0,0,46.7,27.6,44.0,1013.0
2023-09-24T04:12:23.479000+00:00,9173,112,1220,2.7,0,46.5,27.6,43.0,1013.0
2023-09-24T04:13:23.494000+00:00,9173,112,1220,1.7,0,46.1,27.5,44.0,1013.2
2023-09-24T04:14:23.493000+00:00,9173,115,1220,1.7,0,45.6,27.5,45.0,1013.0
2023-09-24T04:15:23.492000+00:00,9173,107,1220,2.5,0,45.6,27.5,44.0,1013.0
2023-09-24T04:16:23.491000+00:00,9173,108,1220,2.4,0,45.9,27.5,43.0,1013.0
2023-09-24T04:17:23.490000+00:00,9173,125,1220,2.7,0,46.1,27.5,43.0,1013.0
2023-09-24T04:18:23.489000+00:00,9173,112,1220,2.5,0,46.0,27.4,43.0,1013.0
2023-09-24T04:19:23.472000+00:00,9173,114,1220,2.5,0,45.8,27.4,43.0,1013.0
2023-09-24T04:20:23.486000+00:00,9173,136,1220,2.5,0,46.1,27.5,42.0,1013.0
2023-09-24T04:21:23.485000+00:00,9173,112,1220,2.0,0,46.1,27.6,42.0,1013.0
2023-09-24T04:22:23.484000+00:00,9173,104,1220,1.7,0,46.2,27.6,41.0,1013.0
2023-09-24T04:23:23.499000+00:00,9173,100,1220,1.8,0,46.2,27.6,41.0,1013.0
2023-09-24T04:24:23.498000+00:00,9173,86,1220,1.7,0,46.0,27.6,41.0,1013.0
2023-09-24T04:25:23.481000+00:00,9173,123,1220,1.6,0,46.0,27.6,42.0,1013.0
2023-09-24T04:26:23.496000+00:00,9173,107,1220,2.7,0,46.0,27.5,41.0,1013.0
2023-09-24T04:27:23.495000+00:00,9173,121,1220,2.4,0,45.8,27.6,41.0,1013.0
2023-09-24T04:28:23.509000+00:00,9173,137,1220,2.7,0,45.7,27.5,41.0,1013.0
2023-09-24T04:29:23.492000+00:00,9173,113,1220,3.5,0,45.7,27.6,41.0,1012.9
2023-09-24T04:30:23.491000+00:00,9173,131,1220,2.7,0,45.6,27.5,42.0,1013.2
2023-09-24T04:31:23.490000+00:00,9173,127,1220,2.9,0,45.4,27.5,42.0,1013.0
2023-09-24T04:32:23.521000+00:00,9173,134,1220,2.7,0,45.4,27.4,41.0,1013.0
2023-09-24T04:33:23.519000+00:00,9173,113,1220,2.2,0,45.4,27.3,40.0,1013.0
2023-09-24T04:34:23.518000+00:00,9173,122,1220,2.7,0,45.1,27.2,41.0,1013.0
2023-09-24T04:35:23.517000+00:00,9173,110,1220,2.5,0,45.1,27.1,40.0,1013.0
2023-09-24T04:36:23.532000+00:00,9173,129,1220,2.2,0,45.0,27.3,41.0,1013.0
2023-09-24T04:37:23.531000+00:00,9173,132,1220,2.5,0,45.0,27.1,41.0,1013.0
2023-09-24T04:38:23.530000+00:00,9173,134,1220,2.2,0,45.0,27.1,41.0,1013.0
2023-09-24T04:39:23.544000+00:00,9173,131,1220,2.4,0,44.1,27.1,41.0,1013.0
2023-09-24T04:40:23.543000+00:00,9173,108,1220,2.4,0,43.8,27.2,40.0,1013.0
2023-09-24T04:41:23.558000+00:00,9173,114,1220,1.8,0,43.8,27.1,41.0,1013.0
2023-09-24T04:42:23.572000+00:00,9173,113,1220,1.5,0,43.8,27.2,41.0,1013.2
2023-09-24T04:43:23.587000+00:00,9173,100,1220,1.8,0,44.7,27.2,41.0,1013.0
2023-09-24T04:44:23.601000+00:00,9173,109,1220,1.7,0,44.7,27.1,40.0,1013.0
2023-09-24T04:45:23.600000+00:00,9173,114,1220,1.8,0,44.6,27.1,41.0,1013.0
2023-09-24T04:46:23.599000+00:00,9173,125,1220,1.8,0,44.6,27.1,40.0,1013.0
2023-09-24T04:47:23.598000+00:00,9173,113,1220,1.7,0,44.8,27.1,41.0,1013.0
2023-09-24T04:48:23.613000+00:00,9173,129,1220,2.4,0,44.3,27.1,40.0,1013.0
2023-09-24T04:49:23.643000+00:00,9173,111,1220,2.2,0,44.6,27.2,41.0,1013.0
2023-09-24T04:50:23.626000+00:00,9173,114,1220,2.0,0,44.6,27.3,41.0,1013.0
2023-09-24T04:51:23.641000+00:00,9173,106,1220,2.7,0,44.6,27.3,41.0,1013.0
2023-09-24T04:52:23.640000+00:00,9173,120,1220,2.4,0,44.5,27.5,41.0,1012.9
2023-09-24T04:53:23.623000+00:00,9173,142,1220,2.7,0,44.4,27.5,41.0,1013.0
2023-09-24T04:54:23.638000+00:00,9173,137,1220,2.7,0,44.5,27.4,41.0,1013.0
2023-09-24T04:55:23.637000+00:00,9173,112,1220,1.7,0,44.4,27.4,41.0,1012.9
2023-09-24T04:56:23.636000+00:00,9173,109,1220,2.5,0,44.3,27.4,41.0,1013.0
2023-09-24T04:57:23.634000+00:00,9173,116,1220,3.0,0,44.3,27.3,41.0,1013.0
2023-09-24T04:58:23.633000+00:00,9173,121,1220,3.2,0,44.3,27.2,41.0,1013.0
2023-09-24T04:59:23.648000+00:00,9173,112,1220,3.0,0,44.1,27.2,41.0,1013.0
2023-09-24T05:00:23.647000+00:00,9173,119,1220,2.7,0,43.7,27.1,42.0,1013.0
2023-09-24T05:01:23.646000+00:00,9173,112,1220,2.5,0,43.8,27.1,43.0,1013.0
2023-09-24T05:02:23.645000+00:00,9173,125,1220,1.7,0,43.8,27.1,42.0,1013.0
2023-09-24T05:03:23.644000+00:00,9173,147,1220,2.0,0,43.9,27.0,42.0,1013.0
2023-09-24T05:04:23.643000+00:00,9173,145,1220,2.5,0,44.0,27.0,42.0,1013.0
2023-09-24T05:05:23.642000+00:00,9173,138,1220,2.5,0,43.9,27.0,42.0,1013.0
2023-09-24T05:06:23.640000+00:00,9173,129,1220,1.7,0,43.9,27.0,41.0,1013.0
2023-09-24T05:07:23.655000+00:00,9173,119,1220,2.7,0,44.1,27.1,39.0,1013.0
2023-09-24T05:08:23.638000+00:00,9173,135,1220,3.0,0,43.6,27.1,41.0,1013.0
2023-09-24T05:09:23.637000+00:00,9173,110,1220,1.5,0,43.5,27.1,42.0,1013.0
2023-09-24T05:10:23.652000+00:00,9173,113,1220,1.7,0,43.5,27.2,42.0,1013.0
2023-09-24T05:11:23.651000+00:00,9173,136,1220,2.5,0,43.7,27.2,42.0,1013.0
2023-09-24T05:12:23.665000+00:00,9173,130,1220,2.5,0,43.7,27.2,41.0,1013.0
2023-09-24T05:13:23.649000+00:00,9173,133,1220,3.0,0,43.2,27.2,43.0,1013.0
2023-09-24T05:14:23.648000+00:00,9173,114,1220,2.2,0,43.0,27.1,43.0,1013.0
2023-09-24T05:15:23.647000+00:00,9173,133,1220,2.0,0,42.6,27.2,43.0,1013.0
2023-09-24T05:16:23.645000+00:00,9173,130,1220,3.0,0,43.0,27.2,42.0,1012.9
2023-09-24T05:17:23.644000+00:00,9173,123,1220,2.4,0,42.4,27.1,43.0,1013.0
2023-09-24T05:18:23.643000+00:00,9173,79,1220,1.3,0,42.8,27.1,42.0,1013.0
2023-09-24T05:19:23.658000+00:00,9173,106,1220,1.2,0,43.0,27.1,42.0,1013.0
2023-09-24T05:20:23.657000+00:00,9173,85,1220,1.2,0,43.1,27.2,41.0,1013.0
2023-09-24T05:21:23.640000+00:00,9173,9,1220,1.7,0,43.0,27.1,41.0,1012.9
2023-09-24T05:22:23.655000+00:00,9173,139,1220,1.0,0,42.9,27.1,41.0,1013.0
2023-09-24T05:23:23.654000+00:00,9173,155,1220,1.5,0,43.5,27.1,40.0,1012.9
2023-09-24T05:24:23.668000+00:00,9173,95,1220,1.7,0,43.5,27.2,40.0,1012.9
2023-09-24T05:25:23.683000+00:00,9173,145,1220,1.6,0,43.3,27.2,41.0,1012.7
2023-09-24T05:26:23.697000+00:00,9173,324,1220,0.8,0,43.3,27.3,40.0,1012.9
2023-09-24T05:27:23.712000+00:00,9173,97,1220,1.2,0,43.4,27.3,41.0,1012.7
2023-09-24T05:28:23.695000+00:00,9173,35,1220,1.2,0,43.4,27.3,41.0,1012.9
2023-09-24T05:29:23.710000+00:00,9173,132,1220,1.6,0,43.1,27.4,41.0,1012.9
2023-09-24T05:30:23.709000+00:00,9173,135,1220,0.8,0,43.2,27.3,41.0,1012.9
2023-09-24T05:31:23.708000+00:00,9173,85,1220,0.8,0,43.0,27.3,40.0,1012.7
2023-09-24T05:32:23.707000+00:00,9173,87,1220,1.6,0,43.0,27.2,40.0,1012.7
2023-09-24T05:33:23.705000+00:00,9173,308,1220,1.1,0,43.1,27.2,40.0,1012.9
2023-09-24T05:34:23.704000+00:00,9173,92,1220,1.1,0,43.1,27.3,40.0,1012.9
2023-09-24T05:35:23.719000+00:00,9173,141,1220,0.8,0,43.0,27.3,40.0,1012.9
2023-09-24T05:36:23.702000+00:00,9173,96,1220,2.0,0,43.2,27.3,41.0,1012.9
2023-09-24T05:37:23.701000+00:00,9173,128,1220,1.0,0,42.8,27.3,42.0,1012.9
2023-09-24T05:38:23.716000+00:00,9173,82,1220,1.2,0,42.6,27.2,42.0,1012.9
2023-09-24T05:39:23.715000+00:00,9173,199,1220,0.8,0,42.5,27.3,43.0,1012.9
2023-09-24T05:40:23.714000+00:00,9173,3,1220,1.7,0,42.3,27.3,42.0,1012.9
2023-09-24T05:41:23.728000+00:00,9173,134,1220,1.0,0,42.3,27.3,42.0,1012.9
2023-09-24T05:42:23.743000+00:00,9173,76,1220,1.3,0,42.7,27.3,43.0,1013.0
2023-09-24T05:43:23.757000+00:00,9173,20,1220,1.7,0,40.8,27.3,43.0,1013.0
2023-09-24T05:44:23.756000+00:00,9173,145,1220,1.0,0,40.7,27.3,42.0,1012.9
2023-09-24T05:45:23.771000+00:00,9173,100,1220,1.8,0,40.5,27.3,41.0,1012.9
2023-09-24T05:46:23.785000+00:00,9173,83,1220,1.3,0,40.4,27.4,39.0,1012.9
2023-09-24T05:47:23.784000+00:00,9173,326,1220,1.8,0,40.2,27.4,39.0,1012.9
2023-09-24T05:48:23.799000+00:00,9173,22,1220,1.1,0,39.6,27.5,39.0,1013.0
2023-09-24T05:49:23.798000+00:00,9173,3,1220,1.0,0,39.6,27.4,39.0,1012.9
2023-09-24T05:50:23.797000+00:00,9173,187,1220,0.5,0,39.2,27.4,40.0,1013.0
2023-09-24T05:51:23.796000+00:00,9173,131,1220,0.8,0,39.1,27.4,40.0,1012.9
2023-09-24T05:52:23.795000+00:00,9173,100,1220,2.2,0,39.1,27.4,41.0,1013.0
2023-09-24T05:53:23.825000+00:00,9173,161,1220,1.0,0,38.7,27.3,42.0,1012.9
2023-09-24T05:54:23.792000+00:00,9173,103,1220,0.8,0,38.2,27.4,42.0,1012.9
2023-09-24T05:55:23.791000+00:00,9173,114,1220,1.7,0,38.2,27.4,42.0,1012.9
2023-09-24T05:56:23.806000+00:00,9173,113,1220,1.7,0,38.4,27.3,41.0,1013.0
2023-09-24T05:57:23.805000+00:00,9173,351,1220,1.1,0,38.4,27.4,40.0,1012.9
2023-09-24T05:58:23.804000+00:00,9173,148,1220,1.0,0,38.4,27.4,40.0,1012.9
2023-09-24T05:59:23.803000+00:00,9173,112,1220,0.5,0,38.4,27.4,40.0,1012.9
2023-09-24T06:00:23.802000+00:00,9173,137,1220,1.1,0,38.3,27.4,42.0,1012.9
2023-09-24T06:01:23.801000+00:00,9173,136,1220,1.8,0,38.1,27.4,41.0,1012.9
2023-09-24T06:02:23.800000+00:00,9173,63,1220,1.6,0,37.9,27.4,41.0,1012.7
2023-09-24T06:03:23.799000+00:00,9173,72,1220,1.2,0,37.8,27.3,41.0,1012.7
2023-09-24T06:04:23.797000+00:00,9173,79,1220,1.0,0,37.7,27.3,41.0,1012.9
2023-09-24T06:05:23.812000+00:00,9173,97,1220,1.5,0,37.7,27.2,41.0,1012.7
2023-09-24T06:06:23.811000+00:00,9173,64,1220,1.0,0,37.6,27.2,42.0,1012.7
2023-09-24T06:07:23.794000+00:00,9173,69,1220,1.0,0,37.4,27.3,42.0,1012.7
2023-09-24T06:08:23.809000+00:00,9173,353,1220,1.1,0,37.4,27.3,42.0,1012.7
2023-09-24T06:09:23.808000+00:00,9173,297,1220,0.6,0,37.4,27.3,41.0,1012.7
2023-09-24T06:10:23.822000+00:00,9173,140,1220,0.8,0,38.0,27.4,41.0,1012.7
2023-09-24T06:11:23.821000+00:00,9173,115,1220,1.5,0,38.0,27.3,42.0,1012.7
2023-09-24T06:12:23.820000+00:00,9173,134,1220,2.2,0,37.4,27.3,44.0,1012.7
2023-09-24T06:13:23.835000+00:00,9173,157,1220,1.7,0,37.0,27.3,45.0,1012.7
2023-09-24T06:14:23.834000+00:00,9173,106,1220,1.5,0,37.3,27.3,45.0,1012.7
2023-09-24T06:15:23.864000+00:00,9173,110,1220,1.0,0,37.3,27.3,44.0,1012.7
2023-09-24T06:16:23.863000+00:00,9173,140,1220,1.6,0,37.2,27.3,45.0,1012.9
2023-09-24T06:17:23.862000+00:00,9173,63,1220,1.2,0,37.2,27.4,44.0,1012.7
2023-09-24T06:18:23.861000+00:00,9173,143,1220,0.5,0,37.4,27.4,44.0,1012.7
2023-09-24T06:19:23.860000+00:00,9173,108,1220,1.6,0,37.4,27.3,45.0,1012.7
2023-09-24T06:20:23.874000+00:00,9173,117,1220,1.8,0,37.1,27.1,46.0,1012.7
2023-09-24T06:21:23.873000+00:00,9173,114,1220,1.8,0,36.9,27.1,44.0,1012.7
2023-09-24T06:22:23.872000+00:00,9173,142,1220,2.4,0,36.9,27.1,44.0,1012.7
2023-09-24T06:23:23.871000+00:00,9173,93,1220,2.7,0,36.9,27.1,44.0,1012.9
2023-09-24T06:24:23.886000+00:00,9173,101,1220,1.7,0,36.6,27.2,45.0,1012.7
2023-09-24T06:25:23.900000+00:00,9173,129,1220,1.3,0,36.7,27.2,45.0,1012.9
2023-09-24T06:26:23.899000+00:00,9173,126,1220,1.5,0,36.8,27.1,45.0,1012.9
2023-09-24T06:27:23.914000+00:00,9173,104,1220,2.2,0,36.6,27.1,46.0,1012.7
2023-09-24T06:28:23.913000+00:00,9173,113,1220,1.2,0,36.6,27.2,47.0,1012.9
2023-09-24T06:29:23.927000+00:00,9173,116,1220,1.5,0,36.6,27.2,47.0,1012.9
2023-09-24T06:30:23.926000+00:00,9173,102,1220,1.1,0,36.9,27.2,47.0,1012.7
2023-09-24T06:31:23.941000+00:00,9173,114,1220,1.8,0,36.7,27.2,47.0,1012.9
2023-09-24T06:32:23.940000+00:00,9173,139,1220,0.6,0,36.8,27.3,46.0,1012.9
2023-09-24T06:33:23.939000+00:00,9173,112,1220,1.7,0,36.8,27.2,46.0,1012.9
2023-09-24T06:34:23.938000+00:00,9173,49,1220,1.3,0,36.5,27.1,47.0,1012.7
2023-09-24T06:35:23.952000+00:00,9173,134,1220,1.3,0,36.3,27.0,47.0,1012.9
2023-09-24T06:36:23.951000+00:00,9173,133,1220,2.7,0,36.2,26.9,48.0,1012.9
2023-09-24T06:37:23.950000+00:00,9173,149,1220,2.9,0,36.2,26.9,49.0,1012.7
2023-09-24T06:38:23.949000+00:00,9173,103,1220,2.0,0,35.5,26.9,49.0,1012.9
2023-10-08T16:01:20.941000+00:00,9221,282,1221,1.1,0,38.1,32.3,64.0,1009.5
2023-10-08T16:02:20.941000+00:00,9221,278,1221,1.2,0,38.5,32.3,64.0,1009.5
2023-10-08T16:03:20.940000+00:00,9221,287,1221,1.0,0,38.4,32.2,65.0,1009.5
2023-10-08T16:04:20.939000+00:00,9221,289,1221,1.0,0,38.1,32.3,65.0,1009.5
2023-10-08T16:05:20.939000+00:00,9221,291,1221,1.2,0,38.1,32.2,65.0,1009.5
2023-10-08T16:06:20.953000+00:00,9221,281,1221,1.0,0,38.1,32.2,66.0,1009.5
2023-10-08T16:07:20.953000+00:00,9221,287,1221,1.2,0,38.0,32.2,66.0,1009.5
2023-10-08T16:08:20.952000+00:00,9221,285,1221,1.3,0,38.0,32.2,66.0,1009.5
2023-10-08T16:09:20.952000+00:00,9221,295,1221,0.8,0,37.9,32.1,65.0,1009.5
2023-10-08T16:10:20.951000+00:00,9221,297,1221,1.1,0,37.9,32.1,67.0,1009.5
2023-10-08T16:11:20.950000+00:00,9221,295,1221,1.1,0,37.9,32.0,67.0,1009.5
2023-10-08T16:12:20.949000+00:00,9221,285,1221,1.5,0,37.7,32.1,68.0,1009.5
2023-10-08T16:13:20.949000+00:00,9221,288,1221,0.8,0,37.9,32.0,67.0,1009.5
2023-10-08T16:14:20.948000+00:00,9221,299,1221,1.2,0,37.9,32.0,68.0,1009.5
2023-10-08T16:15:20.947000+00:00,9221,259,1221,1.0,0,38.0,32.0,68.0,1009.5
2023-10-08T16:16:20.947000+00:00,9221,271,1221,1.1,0,37.7,32.0,68.0,1009.5
2023-10-08T16:17:20.946000+00:00,9221,266,1221,1.2,0,37.6,32.0,69.0,1009.5
2023-10-08T16:18:20.961000+00:00,9221,281,1221,1.2,0,38.0,32.0,69.0,1009.5
2023-10-08T16:19:20.961000+00:00,9221,287,1221,1.0,0,38.0,32.0,69.0,1009.5
2023-10-08T16:20:20.960000+00:00,9221,252,1221,0.6,0,38.1,32.0,69.0,1009.5
2023-10-08T16:21:20.959000+00:00,9221,277,1221,0.6,0,38.1,31.9,69.0,1009.5
2023-10-08T16:22:20.958000+00:00,9221,295,1221,0.8,0,38.4,32.0,69.0,1009.5
2023-10-08T16:23:20.973000+00:00,9221,283,1221,0.8,0,38.5,31.9,69.0,1009.5
2023-10-08T16:24:20.988000+00:00,9221,296,1221,1.2,0,38.0,31.9,70.0,1009.5
2023-10-08T16:25:21.003000+00:00,9221,269,1221,1.2,0,37.9,31.8,69.0,1009.5
2023-10-08T16:26:21.018000+00:00,9221,294,1221,1.3,0,37.7,31.9,71.0,1009.7
2023-10-08T16:27:21.018000+00:00,9221,342,1221,1.2,0,37.1,31.9,71.0,1009.5
2023-10-08T16:28:21.033000+00:00,9221,292,1221,0.6,0,37.6,31.8,70.0,1009.7
2023-10-08T16:29:21.016000+00:00,9221,301,1221,1.1,0,37.6,31.8,72.0,1009.7
2023-10-08T16:30:21.016000+00:00,9221,317,1221,0.6,0,37.6,31.8,72.0,1009.7
2023-10-08T16:31:21.031000+00:00,9221,291,1221,0.8,0,37.4,31.8,73.0,1009.7
2023-10-08T16:32:21.046000+00:00,9221,280,1221,1.0,0,37.1,31.7,73.0,1009.7
2023-10-08T16:33:21.061000+00:00,9221,279,1221,1.0,0,37.3,31.7,73.0,1009.7
2023-10-08T16:34:21.060000+00:00,9221,0,1221,1.1,0,37.3,31.7,73.0,1009.7
2023-10-08T16:35:21.059000+00:00,9221,278,1221,0.6,0,37.6,31.7,72.0,1009.7
2023-10-08T16:36:21.059000+00:00,9221,295,1221,1.2,0,37.3,31.7,72.0,1009.7
2023-10-08T16:37:21.058000+00:00,9221,279,1221,0.8,0,37.2,31.6,72.0,1009.7
2023-10-08T16:38:21.057000+00:00,9221,26,1221,0.6,0,36.9,31.6,74.0,1009.7
2023-10-08T16:39:21.057000+00:00,9221,272,1221,0.4,0,37.2,31.6,74.0,1009.7
2023-10-08T16:40:21.056000+00:00,9221,291,1221,1.0,0,37.6,31.6,74.0,1009.7
2023-10-08T16:41:21.071000+00:00,9221,310,1221,1.2,0,37.2,31.6,74.0,1009.9
2023-10-08T16:42:21.070000+00:00,9221,280,1221,1.1,0,37.4,31.6,74.0,1009.7
2023-10-08T16:43:21.070000+00:00,9221,280,1221,1.1,0,37.4,31.6,74.0,1009.7
2023-10-08T16:44:21.071000+00:00,9221,280,1221,1.1,0,37.4,31.6,74.0,1009.7
2023-10-08T16:45:21.068000+00:00,9221,280,1221,1.1,0,37.4,31.4,74.0,1009.7
2023-10-08T16:46:21.068000+00:00,9221,280,1221,1.1,0,37.4,31.4,74.0,1009.7
2023-10-08T16:47:21.082000+00:00,9221,297,1221,1.0,0,37.4,31.6,75.0,1009.7
2023-10-08T16:48:21.097000+00:00,9221,296,1221,1.1,0,37.4,31.6,75.0,1009.9
2023-10-08T16:49:21.097000+00:00,9221,281,1221,1.0,0,37.4,31.6,74.0,1009.9
2023-10-08T16:50:21.096000+00:00,9221,265,1221,0.8,0,37.4,31.5,75.0,1009.9
2023-10-08T16:51:21.095000+00:00,9221,288,1221,0.8,0,37.4,31.5,75.0,1009.9
2023-10-08T16:52:21.095000+00:00,9221,295,1221,0.6,0,37.3,31.5,74.0,1009.9
2023-10-08T16:53:21.094000+00:00,9221,286,1221,1.0,0,37.2,31.5,74.0,1009.9
2023-10-08T16:54:21.109000+00:00,9221,285,1221,1.0,0,37.4,31.5,73.0,1009.7
2023-10-08T16:55:21.108000+00:00,9221,319,1221,1.0,0,37.5,31.6,73.0,1009.9
2023-10-08T16:56:21.108000+00:00,9221,287,1221,1.0,0,37.4,31.6,73.0,1009.7
2023-10-08T16:57:21.107000+00:00,9221,270,1221,1.0,0,37.4,31.6,73.0,1009.9
2023-10-08T16:58:21.106000+00:00,9221,288,1221,0.8,0,37.4,31.6,73.0,1009.9
2023-10-08T16:59:21.121000+00:00,9221,268,1221,0.6,0,37.3,31.6,73.0,1009.9
2023-10-08T17:00:21.105000+00:00,9221,272,1221,0.6,0,37.2,31.5,72.0,1010.0
2023-10-08T17:01:21.104000+00:00,9221,288,1221,0.8,0,37.2,31.6,73.0,1009.9
2023-10-08T17:02:21.104000+00:00,9221,295,1221,0.8,0,37.3,31.6,73.0,1009.9
2023-10-08T17:03:21.103000+00:00,9221,275,1221,1.2,0,37.2,31.6,73.0,1009.9
2023-10-08T17:04:21.103000+00:00,9221,0,1221,0.8,0,37.2,31.5,73.0,1009.9
2023-10-08T17:05:21.117000+00:00,9221,235,1221,0.4,0,37.4,31.5,73.0,1009.9
2023-10-08T17:06:21.101000+00:00,9221,269,1221,0.4,0,37.4,31.5,73.0,1009.9
2023-10-08T17:07:21.116000+00:00,9221,0,1221,0.5,0,37.6,31.5,73.0,1009.9
2023-10-08T17:08:21.115000+00:00,9221,203,1221,0.4,0,37.3,31.5,74.0,1009.9
2023-10-08T17:09:21.099000+00:00,9221,315,1221,1.0,0,37.3,31.5,74.0,1009.9
2023-10-08T17:10:21.114000+00:00,9221,144,1221,0.6,0,37.3,31.5,74.0,1009.9
2023-10-08T17:11:21.114000+00:00,9221,190,1221,0.6,0,37.3,31.5,74.0,1009.9
2023-10-08T17:12:21.113000+00:00,9221,146,1221,0.4,0,37.3,31.5,75.0,1009.9
2023-10-08T17:13:21.112000+00:00,9221,112,1221,0.6,0,37.3,31.5,75.0,1009.9
2023-10-08T17:14:21.112000+00:00,9221,0,1221,0.4,0,37.3,31.5,75.0,1009.7
2023-10-08T17:15:21.126000+00:00,9221,156,1221,0.6,0,36.8,31.5,75.0,1009.9
2023-10-08T17:16:21.126000+00:00,9221,178,1221,0.6,0,37.2,31.5,75.0,1009.7
2023-10-08T17:17:21.110000+00:00,9221,0,1221,1.3,0,37.4,31.5,75.0,1009.9
2023-10-08T17:18:21.124000+00:00,9221,204,1221,0.6,0,37.2,31.4,74.0,1010.0
2023-10-08T17:19:21.124000+00:00,9221,168,1221,0.8,0,36.8,31.5,75.0,1010.0
2023-10-08T17:20:21.123000+00:00,9221,186,1221,1.8,0,36.8,31.5,75.0,1009.9
2023-10-08T17:21:21.122000+00:00,9221,188,1221,0.5,0,36.7,31.4,75.0,1009.9
2023-10-08T17:22:21.122000+00:00,9221,146,1221,1.2,0,36.9,31.5,76.0,1009.9
2023-10-08T17:23:21.121000+00:00,9221,163,1221,0.6,0,37.3,31.4,76.0,1009.9
2023-10-08T17:24:21.121000+00:00,9221,167,1221,1.2,0,36.9,31.4,76.0,1010.0
2023-10-08T17:25:21.135000+00:00,9221,157,1221,0.8,0,36.9,31.5,76.0,1009.9
2023-10-08T17:26:21.150000+00:00,9221,138,1221,1.7,0,37.3,31.4,76.0,1009.7
2023-10-08T17:27:21.118000+00:00,9221,144,1221,0.6,0,37.0,31.5,76.0,1009.9
2023-10-08T17:28:21.149000+00:00,9221,156,1221,0.6,0,36.8,31.5,76.0,1009.7
2023-10-08T17:29:21.133000+00:00,9221,140,1221,1.3,0,36.7,31.4,77.0,1010.0
2023-10-08T17:30:21.148000+00:00,9221,160,1221,0.8,0,36.7,31.4,76.0,1009.9
2023-10-08T17:31:21.163000+00:00,9221,157,1221,1.2,0,36.9,31.4,77.0,1010.0
2023-10-08T17:32:21.178000+00:00,9221,204,1221,1.0,0,36.4,31.4,76.0,1009.9
2023-10-08T17:33:21.193000+00:00,9221,220,1221,0.8,0,36.4,31.4,76.0,1009.9
2023-10-08T17:34:21.208000+00:00,9221,0,1221,0.3,0,36.8,31.3,76.0,1010.0
2023-10-08T17:35:21.223000+00:00,9221,204,1221,0.6,0,36.8,31.3,76.0,1009.9
2023-10-08T17:36:21.222000+00:00,9221,193,1221,0.6,0,36.8,31.3,76.0,1009.9
2023-10-08T17:37:21.237000+00:00,9221,134,1221,1.2,0,36.7,31.3,76.0,1009.9
2023-10-08T17:38:21.236000+00:00,9221,188,1221,0.8,0,36.9,31.3,75.0,1009.7
2023-10-08T17:39:21.236000+00:00,9221,161,1221,0.5,0,36.5,31.2,75.0,1009.9
2023-10-08T17:40:21.235000+00:00,9221,175,1221,1.2,0,36.5,31.2,75.0,1009.9
2023-10-08T17:41:21.250000+00:00,9221,152,1221,1.1,0,36.7,31.2,75.0,1009.7
2023-10-08T17:42:21.234000+00:00,9221,133,1221,0.8,0,36.7,31.2,75.0,1009.9
2023-10-08T17:43:21.248000+00:00,9221,173,1221,0.6,0,36.7,31.2,75.0,1009.7
2023-10-08T17:44:21.263000+00:00,9221,180,1221,1.0,0,36.5,31.3,75.0,1009.9
2023-10-08T17:45:21.263000+00:00,9221,168,1221,1.5,0,36.5,31.2,75.0,1009.9
2023-10-08T17:46:21.262000+00:00,9221,187,1221,1.0,0,37.1,31.3,74.0,1009.7
2023-10-08T17:47:21.261000+00:00,9221,212,1221,1.0,0,36.8,31.3,74.0,1009.7
2023-10-08T17:48:21.261000+00:00,9221,132,1221,0.8,0,36.8,31.3,73.0,1009.9
2023-10-08T17:49:21.260000+00:00,9221,213,1221,1.2,0,37.1,31.3,72.0,1009.7
2023-10-08T17:50:21.259000+00:00,9221,131,1221,1.0,0,36.9,31.3,72.0,1009.9
2023-10-08T17:51:21.259000+00:00,9221,175,1221,1.2,0,36.9,31.3,71.0,1009.7
2023-10-08T17:52:21.258000+00:00,9221,0,1221,1.3,0,37.2,31.4,71.0,1009.9
2023-10-08T17:53:21.257000+00:00,9221,200,1221,0.5,0,37.2,31.4,71.0,1009.9
2023-10-08T17:54:21.257000+00:00,9221,172,1221,0.5,0,37.2,31.4,72.0,1009.7
2023-10-08T17:55:21.256000+00:00,9221,174,1221,1.2,0,36.5,31.4,73.0,1009.9
2023-10-08T17:56:21.255000+00:00,9221,0,1221,1.2,0,36.6,31.3,73.0,1009.9
2023-10-08T17:57:21.270000+00:00,9221,273,1221,0.6,0,36.6,31.4,73.0,1009.7
2023-10-08T17:58:21.270000+00:00,9221,172,1221,0.8,0,36.3,31.3,74.0,1009.7
2023-10-08T17:59:21.269000+00:00,9221,162,1221,1.7,0,36.3,31.3,74.0,1009.9
2023-10-08T18:00:21.284000+00:00,9221,182,1221,0.6,0,36.3,31.3,74.0,1009.7
2023-10-08T18:01:21.268000+00:00,9221,158,1221,0.6,0,36.1,31.2,75.0,1009.7
2023-10-08T18:02:21.267000+00:00,9221,203,1221,1.5,0,36.1,31.1,74.0,1009.7
2023-10-08T18:03:21.282000+00:00,9221,152,1221,0.6,0,36.2,31.2,74.0,1009.9
2023-10-08T18:04:21.312000+00:00,9221,132,1221,0.8,0,36.3,31.2,74.0,1009.9
2023-10-08T18:05:21.327000+00:00,9221,169,1221,0.8,0,36.2,31.3,74.0,1009.9
2023-10-08T18:06:21.311000+00:00,9221,137,1221,1.1,0,36.1,31.2,74.0,1009.9
2023-10-08T18:07:21.326000+00:00,9221,137,1221,0.8,0,36.1,31.2,74.0,1009.9
2023-10-08T18:08:21.325000+00:00,9221,195,1221,0.6,0,36.1,31.2,74.0,1009.9
2023-10-08T18:09:21.325000+00:00,9221,145,1221,0.5,0,36.0,31.2,75.0,1009.9
2023-10-08T18:10:21.324000+00:00,9221,134,1221,1.0,0,35.6,31.2,75.0,1009.9
2023-10-08T18:11:21.339000+00:00,9221,0,1221,0.6,0,35.6,31.1,76.0,1009.9
2023-10-08T18:12:21.338000+00:00,9221,148,1221,0.0,0,35.6,31.1,76.0,1009.9
2023-10-08T18:13:21.353000+00:00,9221,193,1221,0.6,0,35.8,31.1,76.0,1009.9
2023-10-08T18:14:21.368000+00:00,9221,142,1221,1.0,0,35.5,31.1,76.0,1009.9
2023-10-08T18:15:21.367000+00:00,9221,80,1221,1.3,0,35.5,31.0,76.0,1009.9
2023-10-08T18:16:21.382000+00:00,9221,183,1221,0.5,0,36.1,31.1,75.0,1009.7
2023-10-08T18:17:21.382000+00:00,9221,161,1221,1.3,0,36.5,31.0,75.0,1009.9
2023-10-08T18:18:21.397000+00:00,9221,139,1221,0.8,0,36.4,31.1,75.0,1009.9
2023-10-08T18:19:21.396000+00:00,9221,182,1221,1.2,0,36.4,31.1,75.0,1009.9
2023-10-08T18:20:21.411000+00:00,9221,0,1221,1.3,0,35.9,31.0,74.0,1009.9
2023-10-08T18:21:21.410000+00:00,9221,136,1221,0.8,0,36.3,31.0,74.0,1009.7
2023-10-08T18:22:21.409000+00:00,9221,132,1221,1.3,0,36.3,31.0,74.0,1009.9
2023-10-08T18:23:21.409000+00:00,9221,241,1221,0.8,0,36.4,31.0,73.0,1009.7
2023-10-08T18:24:21.408000+00:00,9221,163,1221,0.0,0,36.3,31.0,74.0,1009.9
2023-10-08T18:25:21.407000+00:00,9221,166,1221,1.1,0,36.3,31.0,74.0,1009.9
2023-10-08T18:26:21.407000+00:00,9221,152,1221,1.2,0,36.3,31.0,75.0,1009.9
2023-10-08T18:27:21.406000+00:00,9221,84,1221,0.8,0,35.7,31.0,75.0,1009.7
2023-10-08T18:28:21.405000+00:00,9221,143,1221,0.0,0,35.4,30.9,74.0,1009.9
2023-10-08T18:29:21.405000+00:00,9221,155,1221,0.8,0,35.5,30.9,76.0,1009.7
2023-10-08T18:30:21.404000+00:00,9221,50,1221,0.6,0,35.6,30.9,76.0,1009.7
2023-10-08T18:31:21.403000+00:00,9221,102,1221,0.6,0,35.6,30.9,75.0,1009.9
2023-10-08T18:32:21.418000+00:00,9221,38,1221,1.0,0,35.6,30.9,76.0,1009.7
2023-10-08T18:33:21.418000+00:00,9221,34,1221,0.5,0,35.6,30.8,74.0,1009.9
2023-10-08T18:34:21.417000+00:00,9221,129,1221,0.4,0,35.8,30.9,75.0,1009.7
2023-10-08T18:35:21.416000+00:00,9221,268,1221,0.8,0,35.4,30.9,76.0,1009.9
2023-10-08T18:36:21.416000+00:00,9221,343,1221,0.6,0,35.4,30.9,76.0,1009.7
2023-10-08T18:37:21.415000+00:00,9221,287,1221,1.0,0,35.0,30.9,76.0,1009.7
2023-10-08T18:38:21.414000+00:00,9221,297,1221,1.0,0,34.8,30.8,77.0,1009.7
2023-10-08T18:39:21.413000+00:00,9221,291,1221,1.1,0,34.8,30.8,77.0,1009.7
2023-10-22T18:01:47.219000+00:00,9213,85,1222,3.2,0,39.4,28.6,49.0,995.0
2023-10-22T18:02:47.218000+00:00,9213,108,1222,4.0,0,39.3,28.6,50.0,995.2
2023-10-22T18:03:47.216000+00:00,9213,87,1222,1.8,0,39.2,28.6,50.0,995.2
2023-10-22T18:04:47.215000+00:00,9213,91,1222,3.4,0,39.9,28.6,50.0,995.0
2023-10-22T18:05:47.214000+00:00,9213,99,1222,3.0,0,40.0,28.6,50.0,995.0
2023-10-22T18:06:47.213000+00:00,9213,137,1222,1.8,0,39.9,28.5,51.0,995.0
2023-10-22T18:07:47.228000+00:00,9213,134,1222,2.5,0,39.2,28.5,51.0,995.0
2023-10-22T18:08:47.242000+00:00,9213,113,1222,3.5,0,39.2,28.5,49.0,995.0
2023-10-22T18:09:47.241000+00:00,9213,97,1222,2.4,0,39.6,28.8,49.0,995.0
2023-10-22T18:10:47.240000+00:00,9213,99,1222,3.0,0,39.6,28.8,50.0,995.0
2023-10-22T18:11:47.255000+00:00,9213,108,1222,4.0,0,39.6,28.9,45.0,994.9
2023-10-22T18:12:47.269000+00:00,9213,111,1222,5.3,0,40.3,29.0,44.0,995.0
2023-10-22T18:13:47.268000+00:00,9213,100,1222,5.1,0,40.2,29.0,45.0,994.9
2023-10-22T18:14:47.267000+00:00,9213,110,1222,3.5,0,39.9,29.0,46.0,994.9
2023-10-22T18:15:47.266000+00:00,9213,132,1222,3.4,0,39.9,29.0,46.0,995.0
2023-10-22T18:16:47.281000+00:00,9213,104,1222,3.5,0,40.0,29.0,46.0,994.9
2023-10-22T18:17:47.279000+00:00,9213,106,1222,3.4,0,40.0,29.1,45.0,994.9
2023-10-22T18:18:47.294000+00:00,9213,111,1222,2.4,0,39.6,29.2,46.0,994.9
2023-10-22T18:19:47.309000+00:00,9213,116,1222,3.0,0,39.2,29.1,46.0,994.7
2023-10-22T18:20:47.323000+00:00,9213,100,1222,3.2,0,39.9,29.0,47.0,994.9
2023-10-22T18:21:47.353000+00:00,9213,97,1222,4.0,0,39.9,28.9,47.0,994.7
2023-10-22T18:22:47.352000+00:00,9213,85,1222,3.4,0,39.8,28.7,48.0,994.7
2023-10-22T18:23:47.351000+00:00,9213,126,1222,3.4,0,39.8,28.8,48.0,994.7
2023-10-22T18:24:47.350000+00:00,9213,101,1222,3.9,0,40.2,28.9,47.0,994.7
2023-10-22T18:25:47.349000+00:00,9213,103,1222,3.7,0,39.7,29.0,47.0,994.7
2023-10-22T18:26:47.348000+00:00,9213,102,1222,2.5,0,39.2,29.0,47.0,994.5
2023-10-22T18:27:47.347000+00:00,9213,97,1222,3.0,0,39.4,29.0,48.0,994.7
2023-10-22T18:28:47.346000+00:00,9213,124,1222,3.7,0,39.4,29.0,48.0,994.7
2023-10-22T18:29:47.345000+00:00,9213,98,1222,3.7,0,39.6,29.0,48.0,994.5
2023-10-22T18:30:47.359000+00:00,9213,111,1222,3.2,0,39.8,29.0,48.0,994.5
2023-10-22T18:31:47.342000+00:00,9213,105,1222,4.4,0,39.6,29.2,47.0,994.5
2023-10-22T18:32:47.357000+00:00,9213,94,1222,3.5,0,39.7,29.3,45.0,994.5
2023-10-22T18:33:47.356000+00:00,9213,101,1222,3.4,0,39.5,29.1,46.0,994.5
2023-10-22T18:34:47.355000+00:00,9213,91,1222,2.7,0,39.4,29.0,46.0,994.5
2023-10-22T18:35:47.354000+00:00,9213,89,1222,2.2,0,39.4,29.0,47.0,994.5
2023-10-22T18:36:47.368000+00:00,9213,139,1222,1.0,0,39.6,29.0,46.0,994.5
2023-10-22T18:37:47.367000+00:00,9213,99,1222,2.7,0,40.0,29.0,46.0,994.5
2023-10-22T18:38:47.351000+00:00,9213,102,1222,3.4,0,40.0,29.2,46.0,994.5
2023-10-22T18:39:47.365000+00:00,9213,109,1222,3.0,0,40.0,29.2,46.0,994.5
2023-10-22T18:40:47.364000+00:00,9213,99,1222,2.0,0,40.0,29.2,45.0,994.4
2023-10-22T18:41:47.363000+00:00,9213,102,1222,3.2,0,40.3,29.3,44.0,994.4
2023-10-22T18:42:47.362000+00:00,9213,102,1222,3.2,0,40.3,29.5,44.0,994.4
2023-10-22T18:43:47.361000+00:00,9213,101,1222,4.4,0,40.5,29.6,44.0,994.4
2023-10-22T18:44:47.360000+00:00,9213,111,1222,4.4,0,40.9,29.6,44.0,994.4
2023-10-22T18:45:47.359000+00:00,9213,107,1222,3.4,0,40.4,29.6,44.0,994.4
2023-10-22T18:46:47.358000+00:00,9213,109,1222,4.0,0,40.4,29.5,43.0,994.2
2023-10-22T18:47:47.357000+00:00,9213,106,1222,4.0,0,40.2,29.4,43.0,994.4
2023-10-22T18:48:47.371000+00:00,9213,101,1222,3.2,0,39.7,29.3,43.0,994.2
2023-10-22T18:49:47.370000+00:00,9213,107,1222,3.0,0,39.9,29.2,43.0,994.2
2023-10-22T18:50:47.369000+00:00,9213,102,1222,1.7,0,39.9,29.4,44.0,994.2
2023-10-22T18:51:47.368000+00:00,9213,96,1222,4.3,0,39.8,29.5,44.0,994.2
2023-10-22T18:52:47.382000+00:00,9213,110,1222,3.7,0,39.8,29.5,44.0,994.2
2023-10-22T18:53:47.428000+00:00,9213,76,1222,3.5,0,39.6,29.6,44.0,994.2
2023-10-22T18:54:47.411000+00:00,9213,86,1222,4.3,0,39.9,29.5,44.0,994.0
2023-10-22T18:55:47.410000+00:00,9213,98,1222,4.5,0,40.3,29.5,44.0,994.0
2023-10-22T18:56:47.441000+00:00,9213,100,1222,5.3,0,40.3,29.5,43.0,994.2
2023-10-22T18:57:47.440000+00:00,9213,98,1222,4.0,0,41.0,29.6,43.0,994.2
2023-10-22T18:58:47.438000+00:00,9213,127,1222,1.7,0,40.2,29.7,44.0,994.0
2023-10-22T18:59:47.453000+00:00,9213,92,1222,1.6,0,39.8,29.7,43.0,994.2
2023-10-22T19:00:47.452000+00:00,9213,102,1222,2.2,0,40.2,29.7,43.0,994.0
2023-10-22T19:01:47.466000+00:00,9213,112,1222,3.7,0,41.1,29.6,42.0,994.0
2023-10-22T19:02:47.465000+00:00,9213,132,1222,3.5,0,40.9,29.8,42.0,994.0
2023-10-22T19:03:47.464000+00:00,9213,103,1222,2.9,0,40.8,29.9,42.0,994.0
2023-10-22T19:04:47.479000+00:00,9213,100,1222,2.5,0,40.9,29.9,42.0,994.0
2023-10-22T19:05:47.493000+00:00,9213,109,1222,3.0,0,40.8,29.8,42.0,993.9
2023-10-22T19:06:47.508000+00:00,9213,111,1222,2.2,0,40.8,29.9,42.0,994.0
2023-10-22T19:07:47.554000+00:00,9213,95,1222,2.9,0,40.7,29.9,41.0,994.0
2023-10-22T19:08:47.506000+00:00,9213,99,1222,3.2,0,40.7,29.9,42.0,994.0
2023-10-22T19:09:47.505000+00:00,9213,96,1222,4.0,0,40.7,29.9,41.0,994.0
2023-10-22T19:10:47.504000+00:00,9213,107,1222,4.0,0,40.6,29.9,42.0,993.9
2023-10-22T19:11:47.503000+00:00,9213,100,1222,2.5,0,40.5,30.0,43.0,993.9
2023-10-22T19:12:47.501000+00:00,9213,100,1222,3.9,0,40.6,30.0,43.0,994.0
2023-10-22T19:13:47.500000+00:00,9213,97,1222,3.7,0,40.5,30.0,42.0,994.0
2023-10-22T19:14:47.499000+00:00,9213,102,1222,3.2,0,41.0,30.0,41.0,993.9
2023-10-22T19:15:47.498000+00:00,9213,123,1222,4.1,0,40.5,30.0,40.0,993.9
2023-10-22T19:16:47.513000+00:00,9213,118,1222,3.4,0,41.1,30.0,41.0,993.7
2023-10-22T19:17:47.512000+00:00,9213,102,1222,2.4,0,41.1,30.0,41.0,993.7
2023-10-22T19:18:47.511000+00:00,9213,105,1222,3.5,0,40.3,30.0,41.0,993.7
2023-10-22T19:19:47.510000+00:00,9213,107,1222,3.2,0,40.4,30.0,41.0,993.9
2023-10-22T19:20:47.555000+00:00,9213,114,1222,4.4,0,40.5,30.1,41.0,993.7
2023-10-22T19:21:47.617000+00:00,9213,92,1222,3.4,0,40.7,30.0,41.0,993.7
2023-10-22T19:22:47.506000+00:00,9213,76,1222,3.5,0,40.0,30.0,42.0,993.5
2023-10-22T19:23:47.505000+00:00,9213,82,1222,3.5,0,40.8,30.0,42.0,993.7
2023-10-22T19:24:47.504000+00:00,9213,88,1222,1.1,0,41.5,30.3,41.0,993.7
2023-10-22T19:25:47.519000+00:00,9213,324,1222,1.5,0,41.5,30.4,40.0,993.5
2023-10-22T19:26:47.518000+00:00,9213,85,1222,1.5,0,41.5,30.4,39.0,993.5
2023-10-22T19:27:47.517000+00:00,9213,113,1222,3.4,0,41.3,30.4,39.0,993.5
2023-10-22T19:28:47.516000+00:00,9213,101,1222,2.5,0,41.5,30.4,39.0,993.5
2023-10-22T19:29:47.499000+00:00,9213,103,1222,2.2,0,41.6,30.3,39.0,993.5
2023-10-22T19:30:47.513000+00:00,9213,95,1222,3.2,0,41.5,30.5,38.0,993.5
2023-10-22T19:31:47.512000+00:00,9213,103,1222,1.8,0,41.5,30.4,38.0,993.5
2023-10-22T19:32:47.527000+00:00,9213,72,1222,2.9,0,41.5,30.4,38.0,993.5
2023-10-22T19:33:47.510000+00:00,9213,85,1222,5.0,0,41.8,30.5,39.0,993.2
2023-10-22T19:34:47.572000+00:00,9213,91,1222,6.6,0,41.5,30.3,40.0,993.5
2023-10-22T19:35:47.524000+00:00,9213,106,1222,4.3,0,41.6,30.2,40.0,993.5
2023-10-22T19:36:47.523000+00:00,9213,86,1222,3.5,0,41.6,30.2,40.0,993.5
2023-10-22T19:37:47.522000+00:00,9213,94,1222,2.7,0,41.3,30.1,40.0,993.5
2023-10-22T19:38:47.520000+00:00,9213,343,1222,2.2,0,41.3,30.1,40.0,993.5
2023-10-22T19:39:47.519000+00:00,9213,143,1222,2.4,0,40.9,30.2,39.0,993.5
2023-10-22T19:40:47.550000+00:00,9213,101,1222,2.5,0,41.3,30.2,39.0,993.4
2023-10-22T19:41:47.517000+00:00,9213,102,1222,2.2,0,41.4,30.3,39.0,993.4
2023-10-22T19:42:47.516000+00:00,9213,330,1222,2.5,0,41.4,30.3,39.0,993.4
2023-10-22T19:43:47.531000+00:00,9213,103,1222,1.3,0,42.0,30.4,38.0,993.4
2023-10-22T19:44:47.608000+00:00,9213,93,1222,3.7,0,42.0,30.7,37.0,993.2
2023-10-22T19:45:47.622000+00:00,9213,101,1222,4.5,0,41.6,30.7,37.0,993.4
2023-10-22T19:46:47.574000+00:00,9213,112,1222,4.0,0,41.3,30.5,38.0,993.4
2023-10-22T19:47:47.589000+00:00,9213,104,1222,4.0,0,41.2,30.4,38.0,993.2
2023-10-22T19:48:47.588000+00:00,9213,99,1222,4.0,0,41.0,30.4,39.0,993.2
2023-10-22T19:49:47.618000+00:00,9213,108,1222,4.0,0,41.3,30.4,38.0,993.2
2023-10-22T19:50:47.601000+00:00,9213,93,1222,5.3,0,41.4,30.5,37.0,993.2
2023-10-22T19:51:47.616000+00:00,9213,90,1222,4.5,0,41.4,30.5,37.0,993.2
2023-10-22T19:52:47.630000+00:00,9213,80,1222,5.3,0,41.2,30.5,37.0,993.2
2023-10-22T19:53:47.629000+00:00,9213,92,1222,4.8,0,41.0,30.4,37.0,993.2
2023-10-22T19:54:47.644000+00:00,9213,67,1222,4.0,0,41.0,30.2,38.0,993.2
2023-10-22T19:55:47.643000+00:00,9213,106,1222,3.0,0,41.0,30.1,38.0,993.2
2023-10-22T19:56:47.657000+00:00,9213,93,1222,2.4,0,41.2,30.3,38.0,993.2
2023-10-22T19:57:47.656000+00:00,9213,124,1222,4.1,0,41.0,30.4,37.0,993.0
2023-10-22T19:58:47.655000+00:00,9213,68,1222,3.2,0,41.6,30.6,37.0,993.0
2023-10-22T19:59:47.654000+00:00,9213,91,1222,6.1,0,41.6,30.7,37.0,993.0
2023-10-22T20:00:47.669000+00:00,9213,84,1222,6.0,0,41.8,30.5,38.0,993.2
2023-10-22T20:01:47.699000+00:00,9213,109,1222,4.9,0,41.5,30.5,38.0,993.2
2023-10-22T20:02:47.698000+00:00,9213,97,1222,3.7,0,41.1,30.5,38.0,993.2
2023-10-22T20:03:47.712000+00:00,9213,93,1222,5.0,0,41.3,30.4,39.0,993.2
2023-10-22T20:04:47.711000+00:00,9213,78,1222,4.9,0,41.6,30.5,39.0,993.0
2023-10-22T20:05:47.710000+00:00,9213,73,1222,4.5,0,41.6,30.6,38.0,993.0
2023-10-22T20:06:47.709000+00:00,9213,90,1222,5.0,0,41.5,30.5,38.0,993.0
2023-10-22T20:07:47.708000+00:00,9213,74,1222,4.9,0,41.4,30.4,39.0,993.2
2023-10-22T20:08:47.707000+00:00,9213,85,1222,4.5,0,41.4,30.4,39.0,993.0
2023-10-22T20:09:47.722000+00:00,9213,95,1222,3.4,0,41.2,30.2,39.0,993.0
2023-10-22T20:10:47.721000+00:00,9213,97,1222,1.7,0,41.0,30.3,39.0,993.0
2023-10-22T20:11:47.735000+00:00,9213,96,1222,2.5,0,41.0,30.4,39.0,993.0
2023-10-22T20:12:47.750000+00:00,9213,93,1222,2.5,0,41.4,30.5,39.0,993.0
2023-10-22T20:13:47.764000+00:00,9213,51,1222,1.2,0,41.5,30.7,39.0,992.9
2023-10-22T20:14:47.763000+00:00,9213,97,1222,2.4,0,41.9,30.8,38.0,992.9
2023-10-22T20:15:47.762000+00:00,9213,107,1222,3.7,0,42.2,31.0,38.0,993.0
2023-10-22T20:16:47.761000+00:00,9213,98,1222,4.0,0,42.1,30.9,38.0,993.0
2023-10-22T20:17:47.760000+00:00,9213,105,1222,5.0,0,41.8,30.9,38.0,993.0
2023-10-22T20:18:47.759000+00:00,9213,109,1222,4.6,0,41.7,30.8,39.0,993.0
2023-10-22T20:19:47.773000+00:00,9213,93,1222,3.4,0,40.7,30.6,39.0,993.0
2023-10-22T20:20:47.772000+00:00,9213,134,1222,5.0,0,40.7,30.5,39.0,993.0
2023-10-22T20:21:47.771000+00:00,9213,125,1222,1.7,0,41.3,30.6,39.0,993.0
2023-10-22T20:22:47.770000+00:00,9213,357,1222,1.5,0,41.3,30.8,38.0,993.0
2023-10-22T20:23:47.785000+00:00,9213,84,1222,1.6,0,41.3,30.9,38.0,993.0
2023-10-22T20:24:47.784000+00:00,9213,99,1222,3.2,0,41.7,31.0,38.0,993.0
2023-10-22T20:25:47.783000+00:00,9213,98,1222,3.9,0,41.6,31.0,38.0,992.9
2023-10-22T20:26:47.797000+00:00,9213,81,1222,4.5,0,41.0,30.9,39.0,993.0
2023-10-22T20:27:47.812000+00:00,9213,96,1222,3.2,0,40.8,30.9,39.0,992.9
2023-10-22T20:28:47.826000+00:00,9213,64,1222,3.9,0,40.9,31.0,39.0,992.7
2023-10-22T20:29:47.825000+00:00,9213,56,1222,3.7,0,41.1,31.0,40.0,992.9
2023-10-22T20:30:47.840000+00:00,9213,333,1222,1.2,0,40.9,30.9,40.0,992.7
2023-10-22T20:31:47.839000+00:00,9213,322,1222,1.6,0,41.3,30.9,39.0,992.7
2023-10-22T20:32:47.853000+00:00,9213,26,1222,2.4,0,41.3,30.9,39.0,992.9
2023-10-22T20:33:47.852000+00:00,9213,89,1222,1.7,0,40.8,30.8,39.0,992.7
2023-10-22T20:34:47.867000+00:00,9213,118,1222,2.4,0,40.8,30.7,39.0,992.7
2023-10-22T20:35:47.850000+00:00,9213,105,1222,2.5,0,41.0,30.8,40.0,992.9
2023-10-22T20:36:47.865000+00:00,9213,110,1222,3.2,0,40.5,30.8,40.0,992.9
2023-10-22T20:37:47.879000+00:00,9213,104,1222,3.4,0,40.2,30.8,41.0,992.7
2023-10-22T20:38:47.878000+00:00,9213,110,1222,3.2,0,40.4,30.8,41.0,992.7
2023-10-22T20:39:47.924000+00:00,9213,104,1222,2.7,0,40.4,30.8,41.0,992.7
2023-10-22T20:40:47.939000+00:00,9213,100,1222,2.4,0,40.6,30.8,41.0,992.7
2023-10-22T20:41:47.906000+00:00,9213,102,1222,2.4,0,40.6,30.7,42.0,992.7
2023-10-22T20:42:47.905000+00:00,9213,132,1222,3.5,0,40.3,30.7,41.0,992.7
2023-10-22T20:43:47.904000+00:00,9213,86,1222,3.0,0,39.9,30.6,42.0,992.7
2023-10-22T20:44:47.903000+00:00,9213,108,1222,2.5,0,39.3,30.6,43.0,992.9
2023-10-22T20:45:47.902000+00:00,9213,82,1222,2.9,0,39.0,30.6,42.0,992.7
2023-10-22T20:46:47.917000+00:00,9213,95,1222,4.1,0,39.7,30.6,43.0,992.7
2023-10-22T20:47:47.916000+00:00,9213,76,1222,2.7,0,39.9,30.6,43.0,992.7
2023-10-22T20:48:47.915000+00:00,9213,82,1222,2.4,0,39.7,30.6,43.0,992.5
2023-10-29T19:01:53.120000+00:00,9181,278,1223,1.0,0,47.3,24.7,31.0,781.2
2023-10-29T19:02:53.119000+00:00,9181,289,1223,2.5,0,47.3,24.7,30.0,781.0
2023-10-29T19:03:53.118000+00:00,9181,281,1223,1.7,0,47.2,24.5,29.0,781.2
2023-10-29T19:04:53.117000+00:00,9181,275,1223,1.6,0,47.3,24.5,30.0,781.0
2023-10-29T19:05:53.116000+00:00,9181,257,1223,2.0,0,47.5,24.6,27.0,781.2
2023-10-29T19:06:53.115000+00:00,9181,268,1223,1.2,0,47.6,24.6,26.0,781.0
2023-10-29T19:07:53.130000+00:00,9181,277,1223,2.2,0,47.6,24.4,28.0,781.0
2023-10-29T19:08:53.129000+00:00,9181,288,1223,1.6,0,47.6,24.1,28.0,781.0
2023-10-29T19:09:53.127000+00:00,9181,269,1223,1.1,0,47.1,24.2,29.0,781.0
2023-10-29T19:10:53.126000+00:00,9181,273,1223,2.0,0,47.2,24.2,29.0,781.0
2023-10-29T19:11:53.125000+00:00,9181,271,1223,2.2,0,47.2,24.4,27.0,781.0
2023-10-29T19:12:53.124000+00:00,9181,23,1223,1.6,0,47.0,24.5,28.0,781.0
2023-10-29T19:13:53.139000+00:00,9181,199,1223,1.0,0,46.7,24.5,29.0,781.0
2023-10-29T19:14:53.122000+00:00,9181,286,1223,1.0,0,46.6,24.6,29.0,780.9
2023-10-29T19:15:53.121000+00:00,9181,248,1223,0.8,0,46.9,24.6,29.0,780.9
2023-10-29T19:16:53.136000+00:00,9181,240,1223,0.8,0,47.1,24.5,28.0,780.7
2023-10-29T19:17:53.135000+00:00,9181,249,1223,0.8,0,47.1,24.3,27.0,780.9
2023-10-29T19:18:53.134000+00:00,9181,157,1223,1.0,0,47.3,24.3,27.0,780.7
2023-10-29T19:19:53.133000+00:00,9181,104,1223,2.2,0,47.4,24.2,28.0,780.7
2023-10-29T19:20:53.132000+00:00,9181,115,1223,2.5,0,47.4,24.3,29.0,780.7
2023-10-29T19:21:53.130000+00:00,9181,68,1223,4.0,0,47.8,24.2,29.0,780.7
2023-10-29T19:22:53.129000+00:00,9181,260,1223,1.5,0,47.6,24.2,29.0,780.7
2023-10-29T19:23:53.128000+00:00,9181,117,1223,1.2,0,47.6,24.2,28.0,780.5
2023-10-29T19:24:53.127000+00:00,9181,109,1223,2.2,0,47.6,24.1,28.0,780.5
2023-10-29T19:25:53.142000+00:00,9181,84,1223,1.2,0,47.9,24.2,27.0,780.5
2023-10-29T19:26:53.141000+00:00,9181,112,1223,0.6,0,47.9,24.1,27.0,780.5
2023-10-29T19:27:53.140000+00:00,9181,123,1223,2.0,0,47.8,24.2,27.0,780.5
2023-10-29T19:28:53.139000+00:00,9181,106,1223,1.2,0,48.2,24.3,26.0,780.5
2023-10-29T19:29:53.122000+00:00,9181,106,1223,1.2,0,48.2,24.3,26.0,780.5
2023-10-29T19:30:53.137000+00:00,9181,135,1223,1.3,0,47.8,24.4,26.0,780.5
2023-10-29T19:31:53.136000+00:00,9181,267,1223,0.8,0,47.8,24.4,27.0,780.5
2023-10-29T19:32:53.134000+00:00,9181,243,1223,0.5,0,48.1,24.4,28.0,780.5
2023-10-29T19:33:53.133000+00:00,9181,335,1223,0.6,0,48.1,24.4,29.0,780.5
2023-10-29T19:34:53.148000+00:00,9181,270,1223,1.7,0,48.1,24.3,28.0,780.5
2023-10-29T19:35:53.131000+00:00,9181,254,1223,1.5,0,48.1,24.6,27.0,780.5
2023-10-29T19:36:53.146000+00:00,9181,218,1223,1.7,0,47.7,24.9,26.0,780.4
2023-10-29T19:37:53.145000+00:00,9181,271,1223,1.6,0,47.7,25.0,26.0,780.2
2023-10-29T19:38:53.144000+00:00,9181,237,1223,1.3,0,47.7,25.0,26.0,780.4
2023-10-29T19:39:53.143000+00:00,9181,271,1223,1.2,0,47.7,25.0,27.0,780.4
2023-10-29T19:40:53.142000+00:00,9181,197,1223,1.7,0,47.6,25.0,27.0,780.4
2023-10-29T19:41:53.141000+00:00,9181,288,1223,1.1,0,47.6,24.9,27.0,780.2
2023-10-29T19:42:53.140000+00:00,9181,271,1223,1.6,0,47.7,24.8,28.0,780.4
2023-10-29T19:43:53.154000+00:00,9181,300,1223,1.5,0,47.7,24.7,27.0,780.2
2023-10-29T19:44:53.137000+00:00,9181,285,1223,0.6,0,47.9,24.6,26.0,780.2
2023-10-29T19:45:53.152000+00:00,9181,292,1223,1.2,0,47.9,24.6,26.0,780.2
2023-10-29T19:46:53.151000+00:00,9181,292,1223,1.2,0,47.9,24.8,26.0,780.2
2023-10-29T19:47:53.150000+00:00,9181,292,1223,1.2,0,47.9,24.8,26.0,780.2
2023-10-29T19:48:53.133000+00:00,9181,292,1223,1.2,0,47.9,24.7,26.0,780.2
2023-10-29T19:49:53.148000+00:00,9181,292,1223,1.2,0,47.9,24.7,26.0,780.2
2023-10-29T19:50:53.147000+00:00,9181,321,1223,0.8,0,48.4,24.9,27.0,780.2
2023-10-29T19:51:53.146000+00:00,9181,301,1223,0.6,0,48.1,24.9,27.0,780.0
2023-10-29T19:52:53.145000+00:00,9181,246,1223,1.5,0,47.9,24.9,27.0,780.0
2023-10-29T19:53:53.159000+00:00,9181,342,1223,1.2,0,47.9,24.9,28.0,780.0
2023-10-29T19:54:53.158000+00:00,9181,116,1223,0.6,0,47.7,24.9,28.0,780.0
2023-10-29T19:55:53.157000+00:00,9181,75,1223,0.8,0,47.7,24.9,28.0,780.0
2023-10-29T19:56:53.156000+00:00,9181,135,1223,1.0,0,47.7,24.8,28.0,780.0
2023-10-29T19:57:53.155000+00:00,9181,79,1223,1.6,0,47.7,24.7,28.0,780.0
2023-10-29T19:58:53.154000+00:00,9181,358,1223,0.6,0,47.9,24.7,28.0,780.0
2023-10-29T19:59:53.153000+00:00,9181,338,1223,1.1,0,47.8,24.7,28.0,780.0
2023-10-29T20:00:53.152000+00:00,9181,317,1223,1.6,0,47.8,24.6,28.0,780.0
2023-10-29T20:01:53.151000+00:00,9181,172,1223,1.5,0,47.9,24.6,28.0,780.0
2023-10-29T20:02:53.165000+00:00,9181,148,1223,1.5,0,48.1,24.6,28.0,780.0
2023-10-29T20:03:53.164000+00:00,9181,163,1223,1.1,0,48.1,24.5,28.0,780.0
2023-10-29T20:04:53.163000+00:00,9181,298,1223,1.2,0,48.1,24.5,28.0,779.9
2023-10-29T20:05:53.162000+00:00,9181,220,1223,2.5,0,48.6,24.6,28.0,779.9
2023-10-29T20:06:53.177000+00:00,9181,301,1223,0.6,0,48.6,24.6,27.0,779.9
2023-10-29T20:07:53.176000+00:00,9181,311,1223,2.2,0,48.2,24.8,26.0,779.7
2023-10-29T20:08:53.190000+00:00,9181,295,1223,2.5,0,47.9,24.7,26.0,779.9
2023-10-29T20:09:53.189000+00:00,9181,296,1223,2.0,0,47.5,24.8,26.0,779.7
2023-10-29T20:10:53.188000+00:00,9181,285,1223,2.0,0,47.5,24.9,27.0,779.7
2023-10-29T20:11:53.203000+00:00,9181,306,1223,1.3,0,47.0,25.0,27.0,779.7
2023-10-29T20:12:53.217000+00:00,9181,290,1223,2.4,0,47.0,25.0,27.0,779.7
2023-10-29T20:13:53.216000+00:00,9181,281,1223,1.2,0,47.0,25.1,27.0,779.7
2023-10-29T20:14:53.215000+00:00,9181,294,1223,2.2,0,47.0,25.3,27.0,779.5
2023-10-29T20:15:53.214000+00:00,9181,318,1223,2.7,0,47.2,25.4,28.0,779.7
2023-10-29T20:16:53.213000+00:00,9181,317,1223,2.0,0,47.2,25.4,28.0,779.7
2023-10-29T20:17:53.212000+00:00,9181,143,1223,2.0,0,47.2,25.4,28.0,779.5
2023-10-29T20:18:53.211000+00:00,9181,304,1223,0.6,0,47.3,25.3,27.0,779.7
2023-10-29T20:19:53.210000+00:00,9181,274,1223,3.7,0,47.4,25.4,27.0,779.7
2023-10-29T20:20:53.224000+00:00,9181,12,1223,1.7,0,47.4,25.4,25.0,779.7
2023-10-29T20:21:53.208000+00:00,9181,193,1223,1.1,0,47.6,25.5,24.0,779.7
2023-10-29T20:22:53.222000+00:00,9181,163,1223,0.5,0,47.3,25.6,23.0,779.7
2023-10-29T20:23:53.221000+00:00,9181,227,1223,0.6,0,47.4,25.6,22.0,779.5
2023-10-29T20:24:53.220000+00:00,9181,301,1223,1.2,0,47.4,25.7,23.0,779.5
2023-10-29T20:25:53.219000+00:00,9181,119,1223,1.3,0,47.5,25.8,22.0,779.5
2023-10-29T20:26:53.218000+00:00,9181,190,1223,1.2,0,47.5,25.7,22.0,779.5
2023-10-29T20:27:53.217000+00:00,9181,187,1223,1.1,0,47.1,25.6,22.0,779.4
2023-10-29T20:28:53.216000+00:00,9181,298,1223,2.4,0,47.7,25.5,22.0,779.4
2023-10-29T20:29:53.215000+00:00,9181,258,1223,3.0,0,47.7,25.5,24.0,779.5
2023-10-29T20:30:53.214000+00:00,9181,292,1223,2.2,0,47.2,25.5,25.0,779.5
2023-10-29T20:31:53.244000+00:00,9181,288,1223,1.3,0,47.2,25.5,24.0,779.4
2023-10-29T20:32:53.243000+00:00,9181,280,1223,3.2,0,47.5,25.6,22.0,779.4
2023-10-29T20:33:53.258000+00:00,9181,233,1223,0.8,0,47.0,25.6,23.0,779.4
2023-10-29T20:34:53.272000+00:00,9181,236,1223,1.2,0,47.0,25.7,23.0,779.4
2023-10-29T20:35:53.287000+00:00,9181,315,1223,1.0,0,47.3,25.8,23.0,779.4
2023-10-29T20:36:53.301000+00:00,9181,236,1223,0.8,0,47.5,25.8,22.0,779.2
2023-10-29T20:37:53.285000+00:00,9181,292,1223,1.2,0,47.6,25.8,22.0,779.4
2023-10-29T20:38:53.299000+00:00,9181,306,1223,2.2,0,47.4,25.8,22.0,779.2
2023-10-29T20:39:53.298000+00:00,9181,274,1223,1.0,0,46.8,25.9,22.0,779.2
2023-10-29T20:40:53.313000+00:00,9181,263,1223,1.2,0,46.8,25.8,22.0,779.2
2023-10-29T20:41:53.312000+00:00,9181,0,1223,0.8,0,46.6,25.8,22.0,779.2
2023-10-29T20:42:53.311000+00:00,9181,345,1223,0.0,0,46.5,25.7,22.0,779.2
2023-10-29T20:43:53.310000+00:00,9181,50,1223,0.5,0,46.8,25.7,22.0,779.2
2023-10-29T20:44:53.308000+00:00,9181,204,1223,1.2,0,46.8,25.7,22.0,779.2
2023-10-29T20:45:53.307000+00:00,9181,117,1223,1.1,0,46.5,25.7,22.0,779.2
2023-10-29T20:46:53.306000+00:00,9181,143,1223,1.2,0,46.5,25.8,22.0,779.2
2023-10-29T20:47:53.305000+00:00,9181,295,1223,0.6,0,46.7,25.7,23.0,779.2
2023-10-29T20:48:53.304000+00:00,9181,329,1223,0.0,0,46.7,25.8,22.0,779.2
2023-10-29T20:49:53.319000+00:00,9181,295,1223,1.0,0,46.8,25.9,22.0,779.2
2023-10-29T20:50:53.318000+00:00,9181,291,1223,1.6,0,46.8,25.9,21.0,779.0
2023-10-29T20:51:53.317000+00:00,9181,310,1223,1.3,0,46.6,25.9,22.0,779.0
2023-10-29T20:52:53.316000+00:00,9181,166,1223,1.6,0,46.6,25.8,22.0,779.2
2023-10-29T20:53:53.315000+00:00,9181,167,1223,1.1,0,46.7,25.9,22.0,779.2
2023-10-29T20:54:53.314000+00:00,9181,243,1223,1.2,0,46.3,25.9,22.0,779.0
2023-10-29T20:55:53.312000+00:00,9181,273,1223,1.0,0,46.4,26.0,22.0,779.0
2023-10-29T20:56:53.311000+00:00,9181,317,1223,1.2,0,46.4,26.1,21.0,779.0
2023-10-29T20:57:53.326000+00:00,9181,333,1223,0.8,0,46.4,26.1,21.0,779.0
2023-10-29T20:58:53.341000+00:00,9181,293,1223,1.5,0,46.3,26.0,21.0,779.0
2023-10-29T20:59:53.324000+00:00,9181,270,1223,1.2,0,46.2,26.0,22.0,779.0
2023-10-29T21:00:53.323000+00:00,9181,295,1223,2.0,0,46.2,26.0,22.0,779.0
2023-10-29T21:01:53.322000+00:00,9181,275,1223,1.7,0,46.2,26.1,22.0,779.0
2023-10-29T21:02:53.321000+00:00,9181,271,1223,2.2,0,46.2,26.1,21.0,779.0
2023-10-29T21:03:53.320000+00:00,9181,261,1223,2.4,0,46.0,26.0,21.0,779.0
2023-10-29T21:04:53.319000+00:00,9181,261,1223,2.4,0,46.0,26.0,21.0,779.0
2023-10-29T21:05:53.318000+00:00,9181,271,1223,3.5,0,46.0,26.1,21.0,779.0
2023-10-29T21:06:53.317000+00:00,9181,292,1223,1.6,0,45.9,26.1,21.0,779.0
2023-10-29T21:07:53.331000+00:00,9181,316,1223,2.4,0,45.8,26.1,21.0,778.9
2023-10-29T21:08:53.314000+00:00,9181,292,1223,1.2,0,45.8,26.2,22.0,779.0
2023-10-29T21:09:53.329000+00:00,9181,293,1223,1.8,0,45.8,26.3,21.0,778.9
2023-10-29T21:10:53.328000+00:00,9181,266,1223,1.3,0,45.8,26.3,21.0,779.0
2023-10-29T21:11:53.343000+00:00,9181,272,1223,1.6,0,45.8,26.2,21.0,779.0
2023-10-29T21:12:53.326000+00:00,9181,291,1223,1.7,0,45.5,26.1,21.0,779.0
2023-10-29T21:13:53.325000+00:00,9181,302,1223,1.2,0,45.4,26.1,20.0,778.9
2023-10-29T21:14:53.324000+00:00,9181,262,1223,2.0,0,45.0,26.1,20.0,778.9
2023-10-29T21:15:53.323000+00:00,9181,299,1223,2.0,0,45.0,26.0,21.0,778.9
2023-10-29T21:16:53.338000+00:00,9181,286,1223,2.0,0,45.0,26.3,21.0,778.9
2023-10-29T21:17:53.336000+00:00,9181,312,1223,2.2,0,45.0,26.4,21.0,778.9
2023-10-29T21:18:53.366000+00:00,9181,298,1223,1.2,0,45.0,26.4,21.0,778.9
2023-10-29T21:19:53.365000+00:00,9181,292,1223,1.6,0,45.0,26.5,21.0,778.9
2023-10-29T21:20:53.380000+00:00,9181,311,1223,1.8,0,44.9,26.6,21.0,778.9
2023-10-29T21:21:53.394000+00:00,9181,295,1223,2.5,0,44.8,26.8,20.0,778.9
2023-10-29T21:22:53.393000+00:00,9181,305,1223,2.9,0,44.8,26.8,21.0,778.7
2023-10-29T21:23:53.408000+00:00,9181,314,1223,1.7,0,44.8,26.8,21.0,778.7
2023-10-29T21:24:53.391000+00:00,9181,301,1223,2.2,0,44.8,26.8,20.0,778.7
2023-10-29T21:25:53.406000+00:00,9181,263,1223,2.4,0,44.7,26.7,20.0,778.7
2023-10-29T21:26:53.420000+00:00,9181,316,1223,0.8,0,44.5,26.6,20.0,778.7
2023-10-29T21:27:53.435000+00:00,9181,311,1223,1.5,0,44.5,26.6,20.0,778.7
2023-10-29T21:28:53.434000+00:00,9181,316,1223,2.2,0,44.3,26.7,20.0,778.7
2023-10-29T21:29:53.449000+00:00,9181,67,1223,1.2,0,44.3,26.6,20.0,778.7
2023-10-29T21:30:53.463000+00:00,9181,302,1223,0.8,0,44.1,26.5,20.0,778.7
2023-10-29T21:31:53.478000+00:00,9181,295,1223,1.0,0,44.0,26.6,20.0,778.7
2023-10-29T21:32:53.461000+00:00,9181,308,1223,1.7,0,44.0,26.8,20.0,778.7
2023-10-29T21:33:53.476000+00:00,9181,296,1223,1.6,0,44.0,26.9,20.0,778.7
2023-10-29T21:34:53.459000+00:00,9181,291,1223,1.5,0,43.6,26.9,20.0,778.7
2023-10-29T21:35:53.473000+00:00,9181,307,1223,1.7,0,43.6,26.9,20.0,778.7
2023-10-29T21:36:53.472000+00:00,9181,306,1223,1.5,0,43.6,26.7,20.0,778.7
2023-10-29T21:37:53.471000+00:00,9181,355,1223,1.6,0,43.6,26.6,19.0,778.7
2023-10-29T21:38:53.470000+00:00,9181,150,1223,0.4,0,43.6,26.6,19.0,778.7
2023-10-29T21:39:53.469000+00:00,9181,301,1223,1.7,0,43.6,26.6,19.0,778.7
2023-10-29T21:40:53.484000+00:00,9181,257,1223,1.0,0,43.4,26.6,19.0,778.7
2023-10-29T21:41:53.467000+00:00,9181,0,1223,0.0,0,43.2,26.5,19.0,778.7
2023-10-29T21:42:53.466000+00:00,9181,307,1223,1.0,0,43.1,26.5,19.0,778.7
2023-10-29T21:43:53.465000+00:00,9181,276,1223,1.2,0,43.1,26.5,19.0,778.7
2023-10-29T21:44:53.464000+00:00,9181,290,1223,1.6,0,43.2,26.5,19.0,778.7
2023-10-29T21:45:53.479000+00:00,9181,310,1223,1.8,0,43.1,26.5,19.0,778.7
2023-10-29T21:46:53.478000+00:00,9181,290,1223,2.0,0,42.3,26.7,19.0,778.7
2023-10-29T21:47:53.477000+00:00,9181,235,1223,2.2,0,41.5,26.6,19.0,778.7
2023-10-29T21:48:53.491000+00:00,9181,108,1223,1.8,0,41.0,26.5,19.0,778.7
2023-10-29T21:49:53.490000+00:00,9181,146,1223,0.8,0,40.6,26.5,19.0,778.7
2023-10-29T21:50:53.473000+00:00,9181,145,1223,1.2,0,40.6,26.6,19.0,778.7
2023-10-29T21:51:53.488000+00:00,9181,307,1223,1.5,0,40.6,26.5,19.0,778.7
2023-10-29T21:52:53.471000+00:00,9181,319,1223,2.2,0,40.6,26.7,18.0,778.7
2023-10-29T21:53:53.486000+00:00,9181,292,1223,1.5,0,40.5,26.7,18.0,778.7
2023-10-29T21:54:53.485000+00:00,9181,232,1223,1.6,0,40.3,26.6,19.0,778.7
2023-10-29T21:55:53.468000+00:00,9181,291,1223,1.1,0,39.9,26.5,19.0,778.7
2023-10-29T21:56:53.483000+00:00,9181,306,1223,1.7,0,39.8,26.4,19.0,778.5
2023-10-29T21:57:53.482000+00:00,9181,305,1223,1.8,0,39.2,26.4,19.0,778.5
2023-10-29T21:58:53.481000+00:00,9181,300,1223,1.8,0,38.9,26.4,19.0,778.5
2023-10-29T21:59:53.480000+00:00,9181,305,1223,2.0,0,38.8,26.4,19.0,778.5
2023-10-29T22:00:53.510000+00:00,9181,313,1223,1.6,0,38.7,26.4,19.0,778.5
2023-10-29T22:01:53.493000+00:00,9181,293,1223,1.3,0,38.2,26.4,19.0,778.5
2023-10-29T22:02:53.508000+00:00,9181,303,1223,1.2,0,38.1,26.3,19.0,778.5
2023-10-29T22:03:53.491000+00:00,9181,0,1223,0.8,0,37.7,26.3,19.0,778.5
2023-10-29T22:04:53.521000+00:00,9181,306,1223,0.6,0,37.4,26.3,19.0,778.7
2023-10-29T22:05:53.536000+00:00,9181,285,1223,1.2,0,37.3,26.2,19.0,778.5
2023-10-29T22:06:53.535000+00:00,9181,281,1223,1.5,0,37.0,26.2,19.0,778.5
2023-10-29T22:07:53.534000+00:00,9181,268,1223,2.9,0,36.6,26.1,19.0,778.7
2023-10-29T22:08:53.533000+00:00,9181,288,1223,2.7,0,36.5,26.2,19.0,778.7
2023-10-29T22:09:53.563000+00:00,9181,0,1223,2.0,0,36.2,26.1,19.0,778.7
2023-10-29T22:10:53.562000+00:00,9181,203,1223,0.5,0,35.9,26.0,19.0,778.5
2023-11-05T16:01:57.618000+00:00,9205,194,1224,1.8,0,51.4,20.3,62.0,928.4
2023-11-05T16:02:57.618000+00:00,9205,188,1224,2.4,0,51.7,20.3,61.0,928.4
2023-11-05T16:03:57.617000+00:00,9205,200,1224,2.0,0,51.3,20.4,62.0,928.4
2023-11-05T16:04:57.616000+00:00,9205,266,1224,2.0,0,51.5,20.4,61.0,928.2
2023-11-05T16:05:57.615000+00:00,9205,211,1224,0.8,0,52.4,20.4,61.0,928.4
2023-11-05T16:06:57.615000+00:00,9205,220,1224,1.2,0,52.4,20.5,61.0,928.4
2023-11-05T16:07:57.614000+00:00,9205,246,1224,1.3,0,51.6,20.5,60.0,928.2
2023-11-05T16:08:57.613000+00:00,9205,234,1224,1.0,0,50.5,20.5,61.0,928.2
2023-11-05T16:09:57.613000+00:00,9205,225,1224,1.0,0,48.1,20.5,61.0,928.2
2023-11-05T16:10:57.612000+00:00,9205,221,1224,1.0,0,48.0,20.5,61.0,928.2
2023-11-05T16:11:57.611000+00:00,9205,241,1224,1.2,0,47.3,20.5,61.0,928.2
2023-11-05T16:12:57.626000+00:00,9205,227,1224,0.8,0,47.3,20.4,60.0,928.2
2023-11-05T16:13:57.610000+00:00,9205,227,1224,1.0,0,47.3,20.3,61.0,928.2
2023-11-05T16:14:57.625000+00:00,9205,97,1224,0.8,0,47.5,20.4,61.0,928.2
2023-11-05T16:15:57.624000+00:00,9205,179,1224,1.2,0,48.2,20.5,59.0,928.2
2023-11-05T16:16:57.623000+00:00,9205,215,1224,1.2,0,50.0,20.7,59.0,928.2
2023-11-05T16:17:57.623000+00:00,9205,240,1224,1.2,0,50.0,20.6,58.0,928.2
2023-11-05T16:18:57.622000+00:00,9205,201,1224,1.5,0,50.2,20.6,59.0,928.2
2023-11-05T16:19:57.621000+00:00,9205,189,1224,0.8,0,50.4,20.5,58.0,928.2
2023-11-05T16:20:57.620000+00:00,9205,206,1224,1.7,0,50.8,20.5,58.0,928.2
2023-11-05T16:21:57.620000+00:00,9205,165,1224,1.3,0,50.2,20.6,58.0,928.2
2023-11-05T16:22:57.619000+00:00,9205,180,1224,1.5,0,49.1,20.6,58.0,928.2
2023-11-05T16:23:57.618000+00:00,9205,165,1224,1.1,0,48.7,20.6,58.0,928.2
2023-11-05T16:24:57.633000+00:00,9205,190,1224,1.1,0,48.7,20.6,58.0,928.2
2023-11-05T16:25:57.633000+00:00,9205,190,1224,1.3,0,48.4,20.6,57.0,928.2
2023-11-05T16:26:57.632000+00:00,9205,242,1224,1.1,0,48.1,20.4,58.0,928.2
2023-11-05T16:27:57.616000+00:00,9205,195,1224,0.8,0,47.9,20.4,58.0,928.2
2023-11-05T16:28:57.631000+00:00,9205,208,1224,1.2,0,47.9,20.5,57.0,928.2
2023-11-05T16:29:57.630000+00:00,9205,166,1224,1.3,0,47.9,20.4,58.0,928.2
2023-11-05T16:30:57.629000+00:00,9205,161,1224,1.0,0,48.2,20.5,58.0,928.2
2023-11-05T16:31:57.628000+00:00,9205,190,1224,1.1,0,49.6,20.5,60.0,928.0
2023-11-05T16:32:57.628000+00:00,9205,134,1224,1.1,0,50.5,20.5,59.0,928.0
2023-11-05T16:33:57.627000+00:00,9205,218,1224,1.1,0,50.8,20.5,59.0,928.0
2023-11-05T16:34:57.642000+00:00,9205,166,1224,0.8,0,50.8,20.6,58.0,928.0
2023-11-05T16:35:57.641000+00:00,9205,204,1224,1.1,0,50.5,20.5,57.0,928.0
2023-11-05T16:36:57.641000+00:00,9205,200,1224,1.1,0,50.5,20.5,57.0,928.0
2023-11-05T16:37:57.640000+00:00,9205,230,1224,1.0,0,49.8,20.5,56.0,928.0
2023-11-05T16:38:57.639000+00:00,9205,290,1224,1.0,0,49.0,20.6,57.0,928.0
2023-11-05T16:39:57.638000+00:00,9205,241,1224,0.6,0,49.0,20.5,56.0,928.0
2023-11-05T16:40:57.638000+00:00,9205,164,1224,1.0,0,49.6,20.5,57.0,928.0
2023-11-05T16:41:57.637000+00:00,9205,227,1224,0.8,0,49.7,20.5,57.0,928.0
2023-11-05T16:42:57.636000+00:00,9205,203,1224,1.8,0,49.1,20.4,57.0,928.0
2023-11-05T16:43:57.651000+00:00,9205,164,1224,0.8,0,49.6,20.5,57.0,928.0
2023-11-05T16:44:57.635000+00:00,9205,228,1224,1.5,0,49.5,20.5,56.0,927.9
2023-11-05T16:45:57.634000+00:00,9205,266,1224,1.2,0,48.3,20.6,57.0,928.0
2023-11-05T16:46:57.634000+00:00,9205,239,1224,1.2,0,47.1,20.4,57.0,928.0
2023-11-05T16:47:57.648000+00:00,9205,190,1224,1.2,0,47.5,20.4,57.0,927.9
2023-11-05T16:48:57.648000+00:00,9205,200,1224,1.6,0,48.7,20.6,58.0,928.0
2023-11-05T16:49:57.647000+00:00,9205,252,1224,1.5,0,48.2,20.7,57.0,928.0
2023-11-05T16:50:57.646000+00:00,9205,240,1224,1.7,0,47.9,20.6,59.0,928.0
2023-11-05T16:51:57.646000+00:00,9205,146,1224,0.6,0,47.5,20.5,58.0,928.0
2023-11-05T16:52:57.645000+00:00,9205,160,1224,0.8,0,47.0,20.5,59.0,928.0
2023-11-05T16:53:57.644000+00:00,9205,169,1224,1.0,0,47.0,20.4,59.0,928.0
2023-11-05T16:54:57.659000+00:00,9205,278,1224,1.1,0,47.0,20.5,59.0,928.0
2023-11-05T16:55:57.643000+00:00,9205,166,1224,0.8,0,48.5,20.5,59.0,927.9
2023-11-05T16:56:57.658000+00:00,9205,215,1224,1.0,0,46.1,20.5,59.0,927.9
2023-11-05T16:57:57.673000+00:00,9205,167,1224,1.2,0,45.9,20.6,59.0,928.0
2023-11-05T16:58:57.672000+00:00,9205,192,1224,1.6,0,47.2,20.5,60.0,928.0
2023-11-05T16:59:57.671000+00:00,9205,161,1224,1.6,0,47.2,20.5,58.0,927.9
2023-11-05T17:00:57.686000+00:00,9205,209,1224,1.6,0,46.8,20.6,58.0,928.0
2023-11-05T17:01:57.670000+00:00,9205,166,1224,1.2,0,46.9,20.7,59.0,928.0
2023-11-05T17:02:57.669000+00:00,9205,0,1224,0.8,0,46.9,20.6,59.0,928.0
2023-11-05T17:03:57.684000+00:00,9205,181,1224,1.1,0,47.8,20.6,58.0,928.0
2023-11-05T17:04:57.681000+00:00,9205,158,1224,1.1,0,48.5,20.6,59.0,928.0
2023-11-05T17:05:57.696000+00:00,9205,178,1224,1.2,0,47.1,20.6,60.0,928.0
2023-11-05T17:06:57.695000+00:00,9205,191,1224,1.1,0,45.3,20.6,60.0,927.7
2023-11-05T17:07:57.694000+00:00,9205,139,1224,1.1,0,45.3,20.5,60.0,928.0
2023-11-05T17:08:57.709000+00:00,9205,170,1224,1.0,0,46.6,20.6,59.0,928.0
2023-11-05T17:09:57.709000+00:00,9205,155,1224,2.0,0,47.5,20.7,58.0,928.0
2023-11-05T17:10:57.708000+00:00,9205,215,1224,1.0,0,47.6,20.7,59.0,928.0
2023-11-05T17:11:57.723000+00:00,9205,198,1224,1.1,0,46.9,20.6,59.0,928.0
2023-11-05T17:12:57.738000+00:00,9205,192,1224,1.5,0,46.7,20.5,59.0,927.9
2023-11-05T17:13:57.753000+00:00,9205,140,1224,1.0,0,46.8,20.5,59.0,927.9
2023-11-05T17:14:57.752000+00:00,9205,140,1224,1.0,0,46.8,20.5,59.0,927.9
2023-11-05T17:15:57.767000+00:00,9205,178,1224,0.6,0,47.2,20.6,58.0,927.9
2023-11-05T17:16:57.797000+00:00,9205,200,1224,1.1,0,47.9,20.6,58.0,927.7
2023-11-05T17:17:57.781000+00:00,9205,149,1224,0.8,0,47.1,20.5,58.0,927.9
2023-11-05T17:18:57.780000+00:00,9205,175,1224,1.1,0,47.9,20.5,57.0,928.0
2023-11-05T17:19:57.811000+00:00,9205,175,1224,1.1,0,47.9,20.6,57.0,928.0
2023-11-05T17:20:57.810000+00:00,9205,218,1224,1.5,0,48.5,20.6,57.0,927.7
2023-11-05T17:21:57.810000+00:00,9205,141,1224,1.2,1,48.6,20.7,57.0,927.9
2023-11-05T17:22:57.825000+00:00,9205,180,1224,1.3,0,49.1,20.7,56.0,927.9
2023-11-05T17:23:57.824000+00:00,9205,180,1224,1.3,0,49.1,20.9,56.0,927.9
2023-11-05T17:24:57.839000+00:00,9205,149,1224,1.3,0,49.4,20.9,55.0,927.9
2023-11-05T17:25:57.838000+00:00,9205,172,1224,1.5,0,49.4,21.0,55.0,927.9
2023-11-05T17:26:57.837000+00:00,9205,151,1224,1.1,0,49.7,20.9,55.0,927.9
2023-11-05T17:27:57.852000+00:00,9205,151,1224,1.1,0,49.7,20.7,55.0,927.9
2023-11-05T17:28:57.852000+00:00,9205,190,1224,2.2,0,49.7,20.8,54.0,927.9
2023-11-05T17:29:57.867000+00:00,9205,190,1224,2.2,0,49.7,20.7,54.0,927.9
2023-11-05T17:30:57.881000+00:00,9205,180,1224,2.0,0,49.6,20.7,54.0,927.9
2023-11-05T17:31:57.896000+00:00,9205,198,1224,2.2,0,49.2,20.7,55.0,927.9
2023-11-05T17:32:57.896000+00:00,9205,182,1224,2.0,0,49.1,20.7,56.0,927.9
2023-11-05T17:33:57.911000+00:00,9205,98,1224,1.7,0,48.7,20.8,56.0,927.9
2023-11-05T17:34:57.910000+00:00,9205,149,1224,0.8,0,49.7,20.9,54.0,927.7
2023-11-05T17:35:57.925000+00:00,9205,180,1224,0.8,0,50.2,21.0,55.0,927.7
2023-11-05T17:36:57.924000+00:00,9205,186,1224,1.1,0,49.8,20.9,55.0,927.9
2023-11-05T17:37:57.923000+00:00,9205,307,1224,1.2,0,49.8,21.0,57.0,927.9
2023-11-05T17:38:57.907000+00:00,9205,170,1224,1.2,0,49.6,21.1,57.0,927.7
2023-11-05T17:39:57.922000+00:00,9205,204,1224,1.8,0,49.7,21.1,58.0,927.9
2023-11-05T17:40:57.921000+00:00,9205,175,1224,1.7,0,49.3,21.1,58.0,927.9
2023-11-05T17:41:57.921000+00:00,9205,263,1224,1.0,0,49.4,21.0,58.0,927.7
2023-11-05T17:42:57.920000+00:00,9205,161,1224,1.2,0,49.4,21.0,58.0,927.7
2023-11-05T17:43:57.919000+00:00,9205,291,1224,1.5,0,49.2,20.9,58.0,927.5
2023-11-05T17:44:57.919000+00:00,9205,152,1224,1.7,0,48.9,20.8,57.0,927.7
2023-11-05T17:45:57.934000+00:00,9205,181,1224,1.3,0,49.1,20.8,55.0,927.7
2023-11-05T17:46:57.933000+00:00,9205,159,1224,1.8,0,48.8,20.6,56.0,927.7
2023-11-05T17:47:57.932000+00:00,9205,73,1224,1.1,0,49.1,20.6,57.0,927.7
2023-11-05T17:48:57.947000+00:00,9205,189,1224,0.4,0,48.9,20.6,56.0,927.7
2023-11-05T17:49:57.946000+00:00,9205,194,1224,1.7,0,48.9,20.8,55.0,927.9
2023-11-05T17:50:57.946000+00:00,9205,176,1224,2.2,0,49.0,20.9,55.0,927.7
2023-11-05T17:51:57.961000+00:00,9205,170,1224,2.2,0,48.7,21.0,56.0,927.7
2023-11-05T17:52:57.960000+00:00,9205,164,1224,1.7,0,48.7,21.0,56.0,927.7
2023-11-05T17:53:57.975000+00:00,9205,197,1224,1.5,0,48.8,20.9,57.0,927.7
2023-11-05T17:54:57.974000+00:00,9205,166,1224,0.8,0,48.9,20.8,57.0,927.9
2023-11-05T17:55:57.973000+00:00,9205,190,1224,2.5,0,48.9,20.6,58.0,927.9
2023-11-05T17:56:57.988000+00:00,9205,198,1224,1.3,0,48.3,20.5,59.0,927.7
2023-11-05T17:57:57.988000+00:00,9205,189,1224,2.2,0,48.3,20.6,59.0,927.7
2023-11-05T17:58:57.987000+00:00,9205,175,1224,1.5,0,48.3,20.4,59.0,927.7
2023-11-05T17:59:57.971000+00:00,9205,195,1224,1.5,0,48.5,20.5,59.0,927.7
2023-11-05T18:00:57.986000+00:00,9205,155,1224,1.2,0,48.1,20.5,58.0,927.7
2023-11-05T18:01:57.985000+00:00,9205,153,1224,0.8,0,48.1,20.5,58.0,927.7
2023-11-05T18:02:57.984000+00:00,9205,200,1224,0.6,0,47.8,20.5,58.0,927.7
2023-11-05T18:03:57.984000+00:00,9205,190,1224,0.6,0,48.4,20.5,57.0,927.9
2023-11-05T18:04:57.998000+00:00,9205,196,1224,1.1,0,48.7,20.6,57.0,927.7
2023-11-05T18:05:57.998000+00:00,9205,172,1224,1.2,0,48.8,20.7,56.0,927.7
2023-11-05T18:06:57.997000+00:00,9205,154,1224,1.2,0,48.8,20.5,57.0,927.7
2023-11-05T18:07:58.012000+00:00,9205,174,1224,1.1,0,48.4,20.4,57.0,927.7
2023-11-05T18:08:58.043000+00:00,9205,219,1224,1.3,0,48.0,20.4,57.0,927.7
2023-11-05T18:09:58.042000+00:00,9205,150,1224,1.6,0,48.0,20.5,57.0,927.7
2023-11-05T18:10:58.041000+00:00,9205,185,1224,1.7,0,47.8,20.5,58.0,927.7
2023-11-05T18:11:58.041000+00:00,9205,170,1224,1.7,0,47.4,20.4,58.0,927.9
2023-11-05T18:12:58.071000+00:00,9205,181,1224,1.7,0,47.3,20.3,59.0,927.9
2023-11-05T18:13:58.070000+00:00,9205,311,1224,1.6,0,47.3,20.3,60.0,927.7
2023-11-05T18:14:58.070000+00:00,9205,156,1224,1.0,0,47.2,20.2,60.0,927.7
2023-11-05T18:15:58.069000+00:00,9205,177,1224,1.3,0,47.2,20.2,59.0,927.7
2023-11-05T18:16:58.068000+00:00,9205,182,1224,2.0,0,47.3,20.3,58.0,927.7
2023-11-05T18:17:58.083000+00:00,9205,159,1224,1.6,0,47.4,20.4,58.0,927.7
2023-11-05T18:18:58.083000+00:00,9205,191,1224,1.7,0,47.5,20.5,59.0,927.7
2023-11-05T18:19:58.082000+00:00,9205,174,1224,2.0,0,47.5,20.5,58.0,927.7
2023-11-05T18:20:58.081000+00:00,9205,161,1224,1.0,0,47.2,20.4,58.0,927.7
2023-11-05T18:21:58.080000+00:00,9205,152,1224,1.2,0,47.0,20.4,59.0,927.9
2023-11-05T18:22:58.080000+00:00,9205,170,1224,1.0,0,46.6,20.5,59.0,927.7
2023-11-05T18:23:58.079000+00:00,9205,161,1224,2.0,0,47.1,20.5,58.0,927.7
2023-11-05T18:24:58.078000+00:00,9205,191,1224,2.0,0,46.9,20.5,59.0,927.7
2023-11-05T18:25:58.078000+00:00,9205,182,1224,2.5,0,47.1,20.4,59.0,927.7
2023-11-05T18:26:58.077000+00:00,9205,160,1224,1.6,0,47.1,20.3,59.0,927.9
2023-11-05T18:27:58.092000+00:00,9205,164,1224,1.5,0,47.1,20.3,59.0,927.9
2023-11-05T18:28:58.076000+00:00,9205,233,1224,1.2,0,46.8,20.3,59.0,927.9
2023-11-05T18:29:58.075000+00:00,9205,148,1224,1.1,0,46.7,20.3,58.0,927.9
2023-11-05T18:30:58.090000+00:00,9205,213,1224,1.6,0,46.7,20.3,59.0,927.7
2023-11-05T18:31:58.089000+00:00,9205,197,1224,1.3,0,46.2,20.3,58.0,927.7
2023-11-05T18:32:58.073000+00:00,9205,150,1224,1.5,0,45.4,20.2,58.0,927.7
2023-11-05T18:33:58.088000+00:00,9205,157,1224,2.2,0,44.9,20.2,58.0,927.9
2023-11-05T18:34:58.087000+00:00,9205,181,1224,1.5,0,43.2,20.3,59.0,927.7
2023-11-05T18:35:58.086000+00:00,9205,164,1224,0.6,0,42.5,20.3,58.0,927.7
2023-11-05T18:36:58.086000+00:00,9205,0,1224,1.1,0,41.8,20.3,59.0,927.7
2023-11-05T18:37:58.085000+00:00,9205,183,1224,0.6,0,41.1,20.3,58.0,927.7
2023-11-05T18:38:58.084000+00:00,9205,160,1224,1.1,0,40.5,20.3,59.0,927.9
2023-11-05T18:39:58.084000+00:00,9205,304,1224,1.1,0,40.5,20.2,59.0,927.7
2023-11-05T18:40:58.083000+00:00,9205,174,1224,0.6,0,40.0,20.0,59.0,927.7
2023-11-05T18:41:58.082000+00:00,9205,179,1224,1.1,0,39.6,20.0,58.0,927.9
2023-11-05T18:42:58.097000+00:00,9205,197,1224,1.0,0,39.6,20.0,59.0,927.7
2023-11-05T18:43:58.081000+00:00,9205,160,1224,1.2,0,38.8,20.0,59.0,927.9
2023-11-05T18:44:58.096000+00:00,9205,200,1224,0.8,0,38.7,19.9,58.0,927.7
2023-11-05T18:45:58.095000+00:00,9205,63,1224,1.5,0,38.4,19.9,59.0,927.7
2023-11-05T18:46:58.094000+00:00,9205,177,1224,1.2,0,38.0,19.8,58.0,927.9
2023-11-05T18:47:58.094000+00:00,9205,176,1224,2.4,0,37.9,19.8,58.0,927.7
2023-11-05T18:48:58.109000+00:00,9205,182,1224,2.0,0,37.8,19.8,59.0,927.9
2023-11-05T18:49:58.108000+00:00,9205,177,1224,1.3,0,37.6,19.9,60.0,927.7
2023-11-05T18:50:58.107000+00:00,9205,132,1224,0.6,0,37.6,19.8,59.0,927.7
2023-11-05T18:51:58.107000+00:00,9205,154,1224,1.6,0,37.8,19.9,59.0,927.7
2023-11-05T18:52:58.106000+00:00,9205,153,1224,1.2,0,37.8,19.8,60.0,927.9
2023-11-05T18:53:58.121000+00:00,9205,159,1224,1.3,0,37.1,19.8,60.0,927.7
2023-11-05T18:54:58.136000+00:00,9205,175,1224,1.7,0,37.1,19.7,59.0,927.7
2023-11-05T18:55:58.151000+00:00,9205,212,1224,1.6,0,37.0,19.7,60.0,927.9
2023-11-05T18:56:58.150000+00:00,9205,179,1224,2.2,0,36.8,19.7,60.0,927.7
2023-11-05T18:57:58.149000+00:00,9205,152,1224,1.5,0,36.6,19.6,61.0,927.9
2023-11-05T18:58:58.164000+00:00,9205,177,1224,1.2,0,36.4,19.7,61.0,927.7
2023-11-05T18:59:58.148000+00:00,9205,159,1224,0.8,0,36.5,19.8,60.0,927.7
2023-11-05T19:00:58.147000+00:00,9205,200,1224,1.2,0,36.5,19.8,60.0,927.7
2023-11-05T19:01:58.162000+00:00,9205,173,1224,0.8,0,36.0,19.7,60.0,927.9
2023-11-05T19:02:58.162000+00:00,9205,179,1224,0.8,0,35.9,19.7,60.0,927.9
2023-11-05T19:03:58.177000+00:00,9205,200,1224,2.0,0,35.8,19.8,61.0,927.7
2023-11-19T05:50:08.851000+00:00,9189,227,1225,2.5,0,20.3,18.1,45.0,940.2
2023-11-19T05:51:08.850000+00:00,9189,246,1225,2.9,0,19.5,18.0,46.0,940.2
2023-11-19T05:52:08.849000+00:00,9189,227,1225,1.7,0,19.1,18.1,46.0,940.0
2023-11-19T05:53:08.848000+00:00,9189,232,1225,1.5,0,19.0,18.1,46.0,940.0
2023-11-19T05:54:08.847000+00:00,9189,217,1225,2.0,0,18.9,18.0,45.0,940.0
2023-11-19T05:55:08.846000+00:00,9189,203,1225,2.2,0,18.8,18.1,45.0,940.2
2023-11-19T05:56:08.861000+00:00,9189,185,1225,2.2,0,18.8,18.0,45.0,940.2
2023-11-19T05:57:08.860000+00:00,9189,239,1225,2.5,0,18.9,18.1,46.0,940.2
2023-11-19T05:58:08.874000+00:00,9189,206,1225,2.7,0,18.8,18.0,46.0,940.2
2023-11-19T05:59:08.858000+00:00,9189,212,1225,2.7,0,18.5,17.9,46.0,940.2
2023-11-19T06:00:08.856000+00:00,9189,228,1225,1.3,0,18.4,17.9,46.0,940.0
2023-11-19T06:01:08.855000+00:00,9189,220,1225,1.6,0,18.5,17.9,47.0,940.2
2023-11-19T06:02:08.854000+00:00,9189,232,1225,2.0,0,18.5,17.9,47.0,940.0
2023-11-19T06:03:08.869000+00:00,9189,232,1225,1.3,0,18.6,17.9,46.0,940.0
2023-11-19T06:04:08.868000+00:00,9189,223,1225,2.7,0,18.5,17.9,47.0,940.0
2023-11-19T06:05:08.867000+00:00,9189,245,1225,2.5,0,18.3,18.0,47.0,940.0
2023-11-19T06:06:08.866000+00:00,9189,202,1225,3.5,0,18.3,18.0,47.0,940.0
2023-11-19T06:07:08.865000+00:00,9189,225,1225,2.2,0,18.3,18.0,47.0,940.0
2023-11-19T06:08:08.864000+00:00,9189,230,1225,2.5,0,18.3,18.0,47.0,940.0
2023-11-19T06:09:08.863000+00:00,9189,209,1225,2.2,0,18.3,18.0,47.0,940.0
2023-11-19T06:10:08.861000+00:00,9189,228,1225,1.3,0,18.3,18.1,47.0,940.0
2023-11-19T06:11:08.860000+00:00,9189,220,1225,2.2,0,18.2,18.1,47.0,940.0
2023-11-19T06:12:08.859000+00:00,9189,207,1225,3.2,0,18.3,18.1,47.0,940.0
2023-11-19T06:13:08.858000+00:00,9189,160,1225,3.0,0,18.2,18.1,47.0,939.9
2023-11-19T06:14:08.857000+00:00,9189,240,1225,1.7,0,18.2,18.1,47.0,939.9
2023-11-19T06:15:08.872000+00:00,9189,219,1225,2.2,0,18.2,18.0,47.0,940.0
2023-11-19T06:16:08.871000+00:00,9189,217,1225,3.5,0,18.2,18.0,47.0,940.0
2023-11-19T06:17:08.870000+00:00,9189,214,1225,3.7,0,18.1,18.0,47.0,939.9
2023-11-19T06:18:08.869000+00:00,9189,220,1225,2.2,0,18.1,18.0,47.0,939.9
2023-11-19T06:19:08.868000+00:00,9189,223,1225,2.4,0,18.2,18.0,47.0,940.0
2023-11-19T06:20:08.867000+00:00,9189,227,1225,3.4,0,18.2,18.0,47.0,940.0
2023-11-19T06:21:08.866000+00:00,9189,206,1225,2.7,0,18.1,18.1,47.0,939.9
2023-11-19T06:22:08.864000+00:00,9189,197,1225,2.4,0,18.1,18.1,47.0,939.9
2023-11-19T06:23:08.879000+00:00,9189,216,1225,2.7,0,18.1,18.1,47.0,939.9
2023-11-19T06:24:08.878000+00:00,9189,224,1225,2.5,0,18.0,18.1,48.0,939.9
2023-11-19T06:25:08.877000+00:00,9189,234,1225,2.7,0,17.9,18.1,48.0,940.0
2023-11-19T06:26:08.876000+00:00,9189,244,1225,3.2,0,17.8,18.1,48.0,939.9
2023-11-19T06:27:08.890000+00:00,9189,228,1225,2.5,0,17.8,18.1,48.0,939.9
2023-11-19T06:28:08.889000+00:00,9189,190,1225,2.0,0,17.8,18.1,48.0,939.9
2023-11-19T06:29:08.888000+00:00,9189,235,1225,0.8,0,17.8,18.1,49.0,939.9
2023-11-19T06:30:08.903000+00:00,9189,255,1225,1.7,0,17.9,18.2,48.0,939.9
2023-11-19T06:31:08.933000+00:00,9189,232,1225,2.7,0,17.9,18.2,48.0,939.9
2023-11-19T06:32:08.932000+00:00,9189,233,1225,2.2,0,17.9,18.2,48.0,939.9
2023-11-19T06:33:08.931000+00:00,9189,255,1225,2.2,0,17.9,18.2,48.0,939.9
2023-11-19T06:34:08.945000+00:00,9189,243,1225,2.2,0,17.9,18.2,48.0,939.9
2023-11-19T06:35:08.960000+00:00,9189,242,1225,2.0,0,17.9,18.1,48.0,939.9
2023-11-19T06:36:08.959000+00:00,9189,239,1225,2.2,0,17.9,18.2,48.0,939.9
2023-11-19T06:37:08.973000+00:00,9189,226,1225,2.7,0,17.9,18.1,48.0,940.0
2023-11-19T06:38:08.972000+00:00,9189,210,1225,3.0,0,17.8,18.1,48.0,939.9
2023-11-19T06:39:08.971000+00:00,9189,213,1225,2.5,0,17.8,18.1,48.0,939.9
2023-11-19T06:40:08.970000+00:00,9189,227,1225,2.5,0,17.9,18.1,48.0,939.7
2023-11-19T06:41:09+00:00,9189,238,1225,2.2,0,17.9,18.0,48.0,939.9
2023-11-19T06:42:08.999000+00:00,9189,231,1225,3.2,0,17.9,18.0,48.0,939.9
2023-11-19T06:43:08.998000+00:00,9189,222,1225,3.4,0,17.8,18.0,48.0,939.7
2023-11-19T06:44:09.013000+00:00,9189,230,1225,2.2,0,17.7,18.0,48.0,939.7
2023-11-19T06:45:09.012000+00:00,9189,242,1225,2.4,0,17.7,18.0,48.0,939.7
2023-11-19T06:46:09.011000+00:00,9189,204,1225,2.5,0,17.8,18.0,48.0,939.7
2023-11-19T06:47:09.010000+00:00,9189,239,1225,3.2,0,17.8,18.0,48.0,939.7
2023-11-19T06:48:09.009000+00:00,9189,220,1225,2.5,0,17.9,18.0,48.0,939.7
2023-11-19T06:49:09.008000+00:00,9189,237,1225,2.7,0,17.9,18.0,48.0,939.7
2023-11-19T06:50:09.023000+00:00,9189,241,1225,2.4,0,17.8,18.1,48.0,939.7
2023-11-19T06:51:09.021000+00:00,9189,224,1225,3.5,0,17.7,18.1,48.0,939.7
2023-11-19T06:52:09.020000+00:00,9189,227,1225,2.0,0,17.8,18.0,48.0,939.7
2023-11-19T06:53:09.019000+00:00,9189,251,1225,3.2,0,17.8,18.1,48.0,939.7
2023-11-19T06:54:09.018000+00:00,9189,222,1225,4.0,0,17.8,18.0,48.0,939.7
2023-11-19T06:55:09.017000+00:00,9189,229,1225,4.6,0,17.8,18.0,48.0,939.7
2023-11-19T06:56:09.016000+00:00,9189,241,1225,4.0,0,17.7,18.0,48.0,939.5
2023-11-19T06:57:09.015000+00:00,9189,255,1225,3.4,0,17.7,18.0,48.0,939.5
2023-11-19T06:58:09.107000+00:00,9189,197,1225,1.7,0,17.7,17.9,48.0,939.5
2023-11-19T06:59:09.028000+00:00,9189,262,1225,1.6,0,17.7,17.9,48.0,939.5
2023-11-19T07:00:09.027000+00:00,9189,303,1225,2.4,0,17.7,17.9,47.0,939.4
2023-11-19T07:01:09.026000+00:00,9189,62,1225,1.6,0,17.7,18.0,47.0,939.4
2023-11-19T07:02:09.025000+00:00,9189,323,1225,1.5,0,17.8,18.0,47.0,939.5
2023-11-19T07:03:09.024000+00:00,9189,21,1225,1.6,0,17.8,18.0,48.0,939.2
2023-11-19T07:04:09.023000+00:00,9189,303,1225,3.0,0,17.8,18.0,47.0,939.2
2023-11-19T07:05:09.022000+00:00,9189,249,1225,3.0,0,17.8,18.0,48.0,939.2
2023-11-19T07:06:09.021000+00:00,9189,262,1225,3.2,0,17.7,18.1,48.0,939.2
2023-11-19T07:07:09.035000+00:00,9189,0,1225,2.0,0,17.7,18.1,47.0,939.4
2023-11-19T07:08:09.019000+00:00,9189,251,1225,2.2,0,17.7,18.2,47.0,939.2
2023-11-19T07:09:09.018000+00:00,9189,251,1225,2.2,0,17.7,18.2,47.0,939.2
2023-11-19T07:10:09.032000+00:00,9189,286,1225,4.0,0,17.7,18.2,47.0,939.5
2023-11-19T07:11:09.031000+00:00,9189,301,1225,2.2,0,17.7,18.1,47.0,939.4
2023-11-19T07:12:09.030000+00:00,9189,0,1225,1.7,0,17.7,18.2,47.0,939.4
2023-11-19T07:13:09.029000+00:00,9189,305,1225,0.6,0,17.9,18.1,47.0,939.4
2023-11-19T07:14:09.028000+00:00,9189,200,1225,1.1,0,17.9,18.1,47.0,939.5
2023-11-19T07:15:09.027000+00:00,9189,220,1225,1.7,0,17.9,18.1,47.0,939.5
2023-11-19T07:16:09.026000+00:00,9189,308,1225,1.5,0,17.8,18.1,47.0,939.5
2023-11-19T07:17:09.040000+00:00,9189,16,1225,1.3,0,17.7,18.2,47.0,939.7
2023-11-19T07:18:09.024000+00:00,9189,18,1225,1.3,0,17.8,18.2,47.0,939.5
2023-11-19T07:19:09.038000+00:00,9189,288,1225,2.0,0,17.8,18.1,47.0,939.7
2023-11-19T07:20:09.037000+00:00,9189,4,1225,0.8,0,17.8,18.2,47.0,939.5
2023-11-19T07:21:09.036000+00:00,9189,261,1225,2.4,0,17.7,18.1,47.0,939.9
2023-11-19T07:22:09.035000+00:00,9189,258,1225,2.2,0,17.7,18.1,47.0,939.9
2023-11-19T07:23:09.034000+00:00,9189,254,1225,2.4,0,17.7,18.1,47.0,939.7
2023-11-19T07:24:09.033000+00:00,9189,290,1225,1.5,0,17.6,18.0,48.0,939.7
2023-11-19T07:25:09.032000+00:00,9189,284,1225,1.7,0,17.6,18.0,48.0,939.5
2023-11-19T07:26:09.031000+00:00,9189,195,1225,1.6,0,17.7,18.0,48.0,939.7
2023-11-19T07:27:09.030000+00:00,9189,104,1225,2.2,0,17.8,18.0,48.0,939.7
2023-11-19T07:28:09.044000+00:00,9189,335,1225,1.5,0,17.6,18.0,48.0,939.7
2023-11-19T07:29:09.043000+00:00,9189,332,1225,2.0,0,17.5,18.0,48.0,939.7
2023-11-19T07:30:09.042000+00:00,9189,257,1225,1.5,0,17.6,18.0,48.0,940.0
2023-11-19T07:31:09.041000+00:00,9189,224,1225,1.6,0,17.6,18.0,48.0,939.9
2023-11-19T07:32:09.040000+00:00,9189,238,1225,2.5,0,17.6,18.0,48.0,939.9
2023-11-19T07:33:09.039000+00:00,9189,229,1225,2.7,0,17.5,18.0,48.0,939.9
2023-11-19T07:34:09.038000+00:00,9189,212,1225,2.2,0,17.5,18.0,48.0,939.7
2023-11-19T07:35:09.037000+00:00,9189,271,1225,0.8,0,17.6,18.0,48.0,939.5
2023-11-19T07:36:09.036000+00:00,9189,74,1225,1.0,0,17.6,18.0,49.0,939.7
2023-11-19T07:37:09.035000+00:00,9189,231,1225,2.2,0,17.6,17.9,48.0,939.7
2023-11-26T12:01:07.296000+00:00,9197,358,1226,3.0,0,38.2,27.7,49.0,1014.4
2023-11-26T12:02:07.295000+00:00,9197,285,1226,2.2,0,38.2,27.7,49.0,1014.2
2023-11-26T12:03:07.310000+00:00,9197,272,1226,3.0,0,38.2,27.7,49.0,1014.2
2023-11-26T12:04:07.309000+00:00,9197,266,1226,2.2,0,38.2,27.7,50.0,1014.4
2023-11-26T12:05:07.308000+00:00,9197,341,1226,2.2,0,38.2,27.6,48.0,1014.2
2023-11-26T12:06:07.308000+00:00,9197,287,1226,2.7,0,37.6,27.6,49.0,1014.2
2023-11-26T12:07:07.307000+00:00,9197,306,1226,2.7,0,37.8,27.6,50.0,1014.4
2023-11-26T12:08:07.306000+00:00,9197,276,1226,2.7,0,37.8,27.6,50.0,1014.4
2023-11-26T12:09:07.306000+00:00,9197,330,1226,2.5,0,37.7,27.5,51.0,1014.2
2023-11-26T12:10:07.305000+00:00,9197,256,1226,2.5,0,37.6,27.5,51.0,1014.5
2023-11-26T12:11:07.304000+00:00,9197,270,1226,2.5,0,37.4,27.5,50.0,1014.4
2023-11-26T12:12:07.304000+00:00,9197,272,1226,0.8,0,37.4,27.5,50.0,1014.4
2023-11-26T12:13:07.303000+00:00,9197,18,1226,1.8,0,37.3,27.5,50.0,1014.4
2023-11-26T12:14:07.302000+00:00,9197,260,1226,2.0,0,37.5,27.6,50.0,1014.5
2023-11-26T12:15:07.317000+00:00,9197,297,1226,2.2,0,37.3,27.6,50.0,1014.4
2023-11-26T12:16:07.316000+00:00,9197,284,1226,2.0,0,37.1,27.6,50.0,1014.5
2023-11-26T12:17:07.316000+00:00,9197,278,1226,2.0,0,36.8,27.5,50.0,1014.4
2023-11-26T12:18:07.315000+00:00,9197,267,1226,1.7,0,36.8,27.5,50.0,1014.4
2023-11-26T12:19:07.314000+00:00,9197,281,1226,2.4,0,36.7,27.6,50.0,1014.4
2023-11-26T12:20:07.314000+00:00,9197,345,1226,2.0,0,36.5,27.6,50.0,1014.4
2023-11-26T12:21:07.313000+00:00,9197,288,1226,2.2,0,36.5,27.5,51.0,1014.2
2023-11-26T12:22:07.312000+00:00,9197,263,1226,2.4,0,36.6,27.5,49.0,1014.2
2023-11-26T12:23:07.312000+00:00,9197,339,1226,1.5,0,35.9,27.5,50.0,1014.4
2023-11-26T12:24:07.311000+00:00,9197,2,1226,1.8,0,35.9,27.5,49.0,1014.4
2023-11-26T12:25:07.310000+00:00,9197,323,1226,2.2,0,36.4,27.5,49.0,1014.4
2023-11-26T12:26:07.310000+00:00,9197,295,1226,2.0,0,36.4,27.5,48.0,1014.4
2023-11-26T12:27:07.309000+00:00,9197,297,1226,1.2,0,35.5,27.5,48.0,1014.4
2023-11-26T12:28:07.324000+00:00,9197,294,1226,1.3,0,35.8,27.5,49.0,1014.4
2023-11-26T12:29:07.323000+00:00,9197,247,1226,1.8,0,35.8,27.5,49.0,1014.5
2023-11-26T12:30:07.322000+00:00,9197,317,1226,1.8,0,35.8,27.5,48.0,1014.5
2023-11-26T12:31:07.322000+00:00,9197,282,1226,2.0,0,35.6,27.5,48.0,1014.5
2023-11-26T12:32:07.321000+00:00,9197,256,1226,1.8,0,35.6,27.4,49.0,1014.5
2023-11-26T12:33:07.320000+00:00,9197,256,1226,1.8,0,35.6,27.4,49.0,1014.5
2023-11-26T12:34:07.320000+00:00,9197,275,1226,2.0,0,35.5,27.4,49.0,1014.7
2023-11-26T12:35:07.319000+00:00,9197,343,1226,1.7,0,35.5,27.4,49.0,1014.5
2023-11-26T12:36:07.318000+00:00,9197,250,1226,1.7,0,35.5,27.4,49.0,1014.5
2023-11-26T12:37:07.318000+00:00,9197,281,1226,2.2,0,35.4,27.4,49.0,1014.5
2023-11-26T12:38:07.333000+00:00,9197,301,1226,2.4,0,35.4,27.3,50.0,1014.5
2023-11-26T12:39:07.332000+00:00,9197,278,1226,2.0,0,35.3,27.3,50.0,1014.7
2023-11-26T12:40:07.331000+00:00,9197,297,1226,1.2,0,35.1,27.3,50.0,1014.5
2023-11-26T12:41:07.331000+00:00,9197,325,1226,2.2,0,35.1,27.3,49.0,1014.5
2023-11-26T12:42:07.330000+00:00,9197,314,1226,2.2,0,34.8,27.3,48.0,1014.7
2023-11-26T12:43:07.329000+00:00,9197,284,1226,2.0,0,34.8,27.3,49.0,1014.7
2023-11-26T12:44:07.329000+00:00,9197,308,1226,1.7,0,34.7,27.3,48.0,1014.7
2023-11-26T12:45:07.328000+00:00,9197,297,1226,2.2,0,34.7,27.3,48.0,1014.7
2023-11-26T12:46:07.327000+00:00,9197,271,1226,1.7,0,34.6,27.3,49.0,1014.7
2023-11-26T12:47:07.326000+00:00,9197,275,1226,1.8,0,34.6,27.3,49.0,1014.7
2023-11-26T12:48:07.326000+00:00,9197,269,1226,2.0,0,34.4,27.3,50.0,1014.7
2023-11-26T12:49:07.325000+00:00,9197,269,1226,1.7,0,34.3,27.3,49.0,1014.7
2023-11-26T12:50:07.324000+00:00,9197,308,1226,1.8,0,34.3,27.3,49.0,1014.7
2023-11-26T12:51:07.324000+00:00,9197,271,1226,1.8,0,34.4,27.3,49.0,1014.7
2023-11-26T12:52:07.339000+00:00,9197,266,1226,1.5,0,34.4,27.3,50.0,1014.7
2023-11-26T12:53:07.338000+00:00,9197,265,1226,1.8,0,34.4,27.3,49.0,1014.7
2023-11-26T12:54:07.337000+00:00,9197,266,1226,1.7,0,34.4,27.3,49.0,1014.7
2023-11-26T12:55:07.337000+00:00,9197,286,1226,1.5,0,34.3,27.2,49.0,1014.7
2023-11-26T12:56:07.336000+00:00,9197,288,1226,1.6,0,34.3,27.2,49.0,1014.7
2023-11-26T12:57:07.335000+00:00,9197,257,1226,1.8,0,34.0,27.2,50.0,1014.7
2023-11-26T12:58:07.335000+00:00,9197,293,1226,2.2,0,33.6,27.2,49.0,1014.7
2023-11-26T12:59:07.334000+00:00,9197,273,1226,1.7,0,33.7,27.2,50.0,1014.7
2023-11-26T13:00:07.333000+00:00,9197,290,1226,1.8,0,33.7,27.2,50.0,1014.9
2023-11-26T13:01:07.348000+00:00,9197,284,1226,2.0,0,33.7,27.1,49.0,1014.9
2023-11-26T13:02:07.332000+00:00,9197,273,1226,1.8,0,33.6,27.1,49.0,1015.0
2023-11-26T13:03:07.347000+00:00,9197,309,1226,2.2,0,33.6,27.0,49.0,1014.9
2023-11-26T13:04:07.346000+00:00,9197,345,1226,2.0,0,33.6,27.1,49.0,1014.7
2023-11-26T13:05:07.345000+00:00,9197,263,1226,2.4,0,33.6,27.0,49.0,1014.7
2023-11-26T13:06:07.345000+00:00,9197,359,1226,1.7,0,33.4,27.0,51.0,1014.9
2023-11-26T13:07:07.344000+00:00,9197,344,1226,1.7,0,33.7,27.1,49.0,1014.9
2023-11-26T13:08:07.343000+00:00,9197,313,1226,2.2,0,33.7,27.0,50.0,1014.9
2023-11-26T13:09:07.343000+00:00,9197,262,1226,1.8,0,33.2,27.0,50.0,1014.9
2023-11-26T13:10:07.342000+00:00,9197,273,1226,2.4,0,33.1,27.0,50.0,1014.7
2023-11-26T13:11:07.341000+00:00,9197,275,1226,2.5,0,33.0,27.0,50.0,1014.9
2023-11-26T13:12:07.341000+00:00,9197,264,1226,1.7,0,33.0,27.0,50.0,1014.9
2023-11-26T13:13:07.340000+00:00,9197,276,1226,2.0,0,33.2,27.0,51.0,1014.9
2023-11-26T13:14:07.355000+00:00,9197,289,1226,2.0,0,33.1,27.0,50.0,1015.0
2023-11-26T13:15:07.370000+00:00,9197,242,1226,2.0,0,33.0,26.9,51.0,1014.9
2023-11-26T13:16:07.385000+00:00,9197,278,1226,2.0,0,32.8,26.9,51.0,1014.9
2023-11-26T13:17:07.400000+00:00,9197,256,1226,2.0,0,32.7,26.9,51.0,1014.9
2023-11-26T13:18:07.415000+00:00,9197,250,1226,1.7,0,32.7,26.9,52.0,1014.9
2023-11-26T13:19:07.430000+00:00,9197,273,1226,2.0,0,32.9,26.9,52.0,1014.9
2023-11-26T13:20:07.445000+00:00,9197,265,1226,2.2,0,32.8,26.9,52.0,1014.9
2023-11-26T13:21:07.444000+00:00,9197,255,1226,1.8,0,32.8,26.8,52.0,1015.0
2023-11-26T13:22:07.459000+00:00,9197,324,1226,2.0,0,32.5,26.8,53.0,1015.0
2023-11-26T13:23:07.474000+00:00,9197,258,1226,1.7,0,32.5,26.8,53.0,1015.0
2023-11-26T13:24:07.473000+00:00,9197,260,1226,1.7,0,32.5,26.8,53.0,1015.0
2023-11-26T13:25:07.472000+00:00,9197,291,1226,1.8,0,32.5,26.8,54.0,1015.0
2023-11-26T13:26:07.472000+00:00,9197,255,1226,2.0,0,32.3,26.8,54.0,1015.0
2023-11-26T13:27:07.487000+00:00,9197,287,1226,1.7,0,32.3,26.7,54.0,1015.0
2023-11-26T13:28:07.486000+00:00,9197,259,1226,1.7,0,32.3,26.7,53.0,1015.0
2023-11-26T13:29:07.485000+00:00,9197,261,1226,1.5,0,32.6,26.6,53.0,1015.0
2023-11-26T13:30:07.485000+00:00,9197,338,1226,1.7,0,32.6,26.7,52.0,1015.0
2023-11-26T13:31:07.484000+00:00,9197,256,1226,1.5,0,32.6,26.7,52.0,1015.0
2023-11-26T13:32:07.483000+00:00,9197,259,1226,1.6,0,32.5,26.7,52.0,1015.0
2023-11-26T13:33:07.514000+00:00,9197,294,1226,1.7,0,32.6,26.7,52.0,1015.2
2023-11-26T13:34:07.482000+00:00,9197,293,1226,1.8,0,32.6,26.7,51.0,1015.2
2023-11-26T13:35:07.497000+00:00,9197,265,1226,1.3,0,32.4,26.7,52.0,1015.0
2023-11-26T13:36:07.512000+00:00,9197,341,1226,1.7,0,32.4,26.7,53.0,1015.2
2023-11-26T13:37:07.511000+00:00,9197,264,1226,1.2,0,32.1,26.7,51.0,1015.2
2023-11-26T13:38:07.526000+00:00,9197,268,1226,1.5,0,32.1,26.7,52.0,1015.2
2023-11-26T13:39:07.541000+00:00,9197,331,1226,1.7,0,32.1,26.7,53.0,1015.2
2023-11-26T13:40:07.540000+00:00,9197,261,1226,1.5,0,31.9,26.7,52.0,1015.2
2023-11-26T13:41:07.540000+00:00,9197,271,1226,1.7,0,32.0,26.7,52.0,1015.2
2023-11-26T13:42:07.539000+00:00,9197,320,1226,1.5,0,32.0,26.6,53.0,1015.2
2023-11-26T13:43:07.538000+00:00,9197,268,1226,1.8,0,32.0,26.7,52.0,1015.2
2023-11-26T13:44:07.538000+00:00,9197,275,1226,1.7,0,32.1,26.7,53.0,1015.2
2023-11-26T13:45:07.537000+00:00,9197,329,1226,1.2,0,32.1,26.6,53.0,1015.2
2023-11-26T13:46:07.536000+00:00,9197,309,1226,2.0,0,32.1,26.6,52.0,1015.2
2023-11-26T13:47:07.535000+00:00,9197,296,1226,1.2,0,32.1,26.6,52.0,1015.2
2023-11-26T13:48:07.535000+00:00,9197,286,1226,2.0,0,31.7,26.6,52.0,1015.2
2023-11-26T13:49:07.550000+00:00,9197,282,1226,1.2,0,31.9,26.6,52.0,1015.2
2023-11-26T13:50:07.549000+00:00,9197,274,1226,1.7,0,31.9,26.6,52.0,1015.2
2023-11-26T13:51:07.548000+00:00,9197,345,1226,1.7,0,31.6,26.6,51.0,1015.2
2023-11-26T13:52:07.548000+00:00,9197,257,1226,1.7,0,31.7,26.6,51.0,1015.2
2023-11-26T13:53:07.547000+00:00,9197,262,1226,1.1,0,31.7,26.6,51.0,1015.4
2023-11-26T13:54:07.546000+00:00,9197,311,1226,1.3,0,31.9,26.5,51.0,1015.2
2023-11-26T13:55:07.546000+00:00,9197,340,1226,1.2,0,31.8,26.6,51.0,1015.2
2023-11-26T13:56:07.545000+00:00,9197,305,1226,1.2,0,31.7,26.6,51.0,1015.2
2023-11-26T13:57:07.560000+00:00,9197,273,1226,1.5,0,31.7,26.6,51.0,1015.4
2023-11-26T13:58:07.544000+00:00,9197,320,1226,1.6,0,31.4,26.7,51.0,1015.4
2023-11-26T13:59:07.558000+00:00,9197,354,1226,1.7,0,31.4,26.7,51.0,1015.2
2023-11-26T14:00:07.558000+00:00,9197,350,1226,1.5,0,31.4,26.7,52.0,1015.2
2023-11-26T14:01:07.557000+00:00,9197,358,1226,1.7,0,31.4,26.6,52.0,1015.2
2023-11-26T14:02:07.556000+00:00,9197,262,1226,1.8,0,31.5,26.6,52.0,1015.4
2023-11-26T14:03:07.556000+00:00,9197,297,1226,1.7,0,31.1,26.6,53.0,1015.2
2023-11-26T14:04:07.555000+00:00,9197,266,1226,1.6,0,31.1,26.6,52.0,1015.4
2023-11-26T14:05:07.554000+00:00,9197,356,1226,1.7,0,31.4,26.6,52.0,1015.2
2023-11-26T14:06:07.554000+00:00,9197,285,1226,1.7,0,31.3,26.6,52.0,1015.2
2023-11-26T14:07:07.584000+00:00,9197,281,1226,1.3,0,31.3,26.5,52.0,1015.2
2023-11-26T14:08:07.568000+00:00,9197,271,1226,1.3,0,31.4,26.6,52.0,1015.2
2023-11-26T14:09:07.567000+00:00,9197,265,1226,1.3,0,31.3,26.5,52.0,1015.4
2023-11-26T14:10:07.582000+00:00,9197,299,1226,1.2,0,31.3,26.5,52.0,1015.2
2023-11-26T14:11:07.597000+00:00,9197,285,1226,1.7,0,31.2,26.5,53.0,1015.2
2023-11-26T14:12:07.596000+00:00,9197,287,1226,1.3,0,31.1,26.5,53.0,1015.4
2023-11-26T14:13:07.611000+00:00,9197,290,1226,1.3,0,31.2,26.5,53.0,1015.2
2023-11-26T14:14:07.611000+00:00,9197,355,1226,1.7,0,31.2,26.5,53.0,1015.2
2023-11-26T14:15:07.610000+00:00,9197,343,1226,1.7,0,31.0,26.5,53.0,1015.2
2023-11-26T14:16:07.609000+00:00,9197,289,1226,1.7,0,31.0,26.5,53.0,1015.2
2023-11-26T14:17:07.624000+00:00,9197,269,1226,2.0,0,31.1,26.4,53.0,1015.2
2023-11-26T14:18:07.639000+00:00,9197,281,1226,1.8,0,31.2,26.4,53.0,1015.4
2023-11-26T14:19:07.638000+00:00,9197,268,1226,1.8,0,31.0,26.5,53.0,1015.2
2023-11-26T14:20:07.638000+00:00,9197,263,1226,1.5,0,31.0,26.5,53.0,1015.4
2023-11-26T14:21:07.637000+00:00,9197,263,1226,1.7,0,31.0,26.5,53.0,1015.5
2023-11-26T14:22:07.636000+00:00,9197,303,1226,1.3,0,31.0,26.5,53.0,1015.5
2023-11-26T14:23:07.651000+00:00,9197,275,1226,1.2,0,31.1,26.6,53.0,1015.5
2023-11-26T14:24:07.635000+00:00,9197,257,1226,2.0,0,31.1,26.5,53.0,1015.5
2023-11-26T14:25:07.650000+00:00,9197,282,1226,1.7,0,31.0,26.5,53.0,1015.5
2023-11-26T14:26:07.649000+00:00,9197,282,1226,1.7,0,31.0,26.5,53.0,1015.5
2023-11-26T14:27:07.664000+00:00,9197,282,1226,1.7,0,31.0,26.5,53.0,1015.5
2023-11-26T14:28:07.679000+00:00,9197,282,1226,1.7,0,31.0,26.4,53.0,1015.5
2023-11-26T14:29:07.678000+00:00,9197,282,1226,1.7,0,31.0,26.3,53.0,1015.5
2023-11-26T14:30:07.678000+00:00,9197,266,1226,1.3,0,30.8,26.4,54.0,1015.7
2023-11-26T14:31:07.693000+00:00,9197,293,1226,1.2,0,30.8,26.4,54.0,1015.7
2023-11-26T14:32:07.692000+00:00,9197,279,1226,1.7,0,30.8,26.4,54.0,1015.7
2023-11-26T14:33:07.707000+00:00,9197,283,1226,1.8,0,30.8,26.4,54.0,1015.7
2023-11-26T14:34:07.691000+00:00,9197,314,1226,1.5,0,30.6,26.4,54.0,1015.7
2023-11-26T14:35:07.705000+00:00,9197,273,1226,1.5,0,30.6,26.4,54.0,1015.7
2023-11-26T14:36:07.705000+00:00,9197,316,1226,1.8,0,30.5,26.3,54.0,1015.7
2024-03-02T14:03:56.523000+00:00,9472,162,1229,0.9,0,26.5,18.9,46.0,1017.1
2024-03-02T14:04:56.514000+00:00,9472,55,1229,1.0,0,26.5,18.9,46.0,1017.0
2024-03-02T14:05:56.523000+00:00,9472,55,1229,1.0,0,26.5,18.9,46.0,1017.0
2024-03-02T14:06:56.520000+00:00,9472,85,1229,1.1,0,26.2,18.9,45.0,1017.0
2024-03-02T14:07:56.521000+00:00,9472,178,1229,1.0,0,26.2,18.9,46.0,1017.0
2024-03-02T14:08:56.523000+00:00,9472,178,1229,1.0,0,26.2,18.9,46.0,1017.0
2024-03-02T14:09:56.517000+00:00,9472,56,1229,1.5,0,26.1,18.9,46.0,1017.0
2024-03-02T14:10:56.527000+00:00,9472,155,1229,0.8,0,26.2,18.9,46.0,1017.0
2024-03-02T14:11:56.516000+00:00,9472,15,1229,0.9,0,26.2,18.9,46.0,1017.0
2024-03-02T14:12:56.530000+00:00,9472,51,1229,1.0,0,26.0,18.9,46.0,1017.0
2024-03-02T14:13:56.523000+00:00,9472,147,1229,1.6,0,25.8,18.9,46.0,1017.0
2024-03-02T14:14:56.523000+00:00,9472,84,1229,1.1,0,25.7,18.8,47.0,1017.0
2024-03-02T14:15:56.520000+00:00,9472,64,1229,1.0,0,25.7,18.8,47.0,1017.1
2024-03-02T14:16:56.529000+00:00,9472,26,1229,0.8,0,25.8,18.7,47.0,1017.0
2024-03-02T14:17:56.523000+00:00,9472,143,1229,1.3,0,25.8,18.8,46.0,1017.0
2024-03-02T14:18:56.521000+00:00,9472,36,1229,1.4,0,25.7,18.8,46.0,1017.1
2024-03-02T14:19:56.532000+00:00,9472,216,1229,0.6,0,25.6,18.7,46.0,1017.1
2024-03-02T14:20:56.532000+00:00,9472,37,1229,0.5,0,25.6,18.7,46.0,1017.0
2024-03-02T14:21:56.534000+00:00,9472,27,1229,1.1,0,25.6,18.7,46.0,1017.0
2024-03-02T14:22:56.551000+00:00,9472,48,1229,1.0,0,25.5,18.7,46.0,1017.0
2024-03-02T14:23:56.538000+00:00,9472,147,1229,0.8,0,25.5,18.7,46.0,1016.9
2024-03-02T14:24:56.541000+00:00,9472,162,1229,1.0,0,25.5,18.7,46.0,1017.0
2024-03-02T14:25:56.532000+00:00,9472,140,1229,1.2,0,25.4,18.7,46.0,1017.0
2024-03-02T14:26:56.535000+00:00,9472,182,1229,1.3,0,25.4,18.7,46.0,1017.0
2024-03-02T14:27:56.531000+00:00,9472,144,1229,1.4,0,25.4,18.7,46.0,1017.0
2024-03-02T14:28:56.531000+00:00,9472,14,1229,1.4,0,25.4,18.7,46.0,1017.0
2024-03-02T14:29:56.538000+00:00,9472,180,1229,1.1,0,25.4,18.7,46.0,1017.0
2024-03-02T14:30:56.530000+00:00,9472,77,1229,0.4,0,25.5,18.6,46.0,1017.1
2024-03-02T14:31:56.534000+00:00,9472,0,1229,0.6,0,25.3,18.6,46.0,1017.1
2024-03-02T14:32:56.535000+00:00,9472,39,1229,0.7,0,25.3,18.6,46.0,1017.1
2024-03-02T14:33:56.533000+00:00,9472,332,1229,0.4,0,25.0,18.6,46.0,1017.0
2024-03-02T14:34:56.539000+00:00,9472,45,1229,0.9,0,25.0,18.6,46.0,1017.0
2024-03-02T14:35:56.536000+00:00,9472,35,1229,1.4,0,24.9,18.6,46.0,1017.0
2024-03-02T14:36:56.542000+00:00,9472,59,1229,1.3,0,24.9,18.6,46.0,1017.0
2024-03-02T14:37:56.539000+00:00,9472,36,1229,0.9,0,24.9,18.6,46.0,1017.0
2024-03-02T14:38:56.538000+00:00,9472,44,1229,1.6,0,24.7,18.5,46.0,1017.0
2024-03-02T14:39:56.543000+00:00,9472,53,1229,1.6,0,24.7,18.5,47.0,1017.0
2024-03-02T14:40:56.543000+00:00,9472,44,1229,1.0,0,24.7,18.5,47.0,1017.0
2024-03-02T14:41:56.543000+00:00,9472,39,1229,1.4,0,24.6,18.5,47.0,1017.1
2024-03-02T14:42:56.541000+00:00,9472,0,1229,1.3,0,24.7,18.5,47.0,1017.1
2024-03-02T14:43:56.532000+00:00,9472,26,1229,0.5,0,24.7,18.5,47.0,1017.0
2024-03-02T14:44:56.547000+00:00,9472,48,1229,0.8,0,24.5,18.5,47.0,1017.1
2024-03-02T14:45:56.538000+00:00,9472,30,1229,1.8,0,24.5,18.5,47.0,1017.0
2024-03-02T14:46:56.537000+00:00,9472,113,1229,1.5,0,24.5,18.5,47.0,1017.1
2024-03-02T14:47:56.552000+00:00,9472,40,1229,1.2,0,24.3,18.4,48.0,1017.1
2024-03-02T14:48:56.547000+00:00,9472,23,1229,1.6,0,24.3,18.4,49.0,1017.0
2024-03-02T14:49:56.549000+00:00,9472,43,1229,0.9,0,24.3,18.4,49.0,1017.0
2024-03-02T14:50:56.544000+00:00,9472,28,1229,1.8,0,24.2,18.4,49.0,1017.0
2024-03-02T14:51:56.550000+00:00,9472,22,1229,1.6,0,24.1,18.4,49.0,1017.0
2024-03-02T14:52:56.548000+00:00,9472,40,1229,1.3,0,24.1,18.4,49.0,1017.0
2024-03-02T14:53:56.550000+00:00,9472,57,1229,1.6,0,24.2,18.4,49.0,1017.0
2024-03-02T14:54:56.546000+00:00,9472,71,1229,1.6,0,24.1,18.4,49.0,1017.0
2024-03-02T14:55:56.549000+00:00,9472,42,1229,2.0,0,24.0,18.4,49.0,1017.0
2024-03-02T14:56:56.555000+00:00,9472,26,1229,1.8,0,23.9,18.4,49.0,1017.0
2024-03-02T14:57:56.548000+00:00,9472,30,1229,1.8,0,23.8,18.3,49.0,1017.1
2024-03-02T14:58:56.560000+00:00,9472,32,1229,2.1,0,23.7,18.4,49.0,1017.0
2024-03-02T14:59:56.548000+00:00,9472,37,1229,1.6,0,23.7,18.3,49.0,1017.0
2024-03-02T15:00:56.552000+00:00,9472,48,1229,1.6,0,23.9,18.3,49.0,1017.0
2024-03-02T15:01:56.548000+00:00,9472,34,1229,1.1,0,23.9,18.3,49.0,1017.0
2024-03-02T15:02:56.565000+00:00,9472,44,1229,1.2,0,23.8,18.3,49.0,1017.1
2024-03-02T15:03:56.545000+00:00,9472,58,1229,1.5,0,23.8,18.2,49.0,1017.2
2024-03-02T15:04:56.561000+00:00,9472,28,1229,0.9,0,23.8,18.3,49.0,1017.0
2024-03-02T15:05:56.551000+00:00,9472,33,1229,1.1,0,23.8,18.3,49.0,1017.0
2024-03-02T15:06:56.557000+00:00,9472,89,1229,1.5,0,23.8,18.3,49.0,1017.1
2024-03-02T15:07:56.551000+00:00,9472,32,1229,1.0,0,23.8,18.3,49.0,1017.0
2024-03-02T15:08:56.557000+00:00,9472,24,1229,0.9,0,23.7,18.3,49.0,1017.0
2024-03-02T15:09:56.553000+00:00,9472,37,1229,0.7,0,23.6,18.3,49.0,1017.0
2024-03-02T15:10:56.557000+00:00,9472,40,1229,1.5,0,23.5,18.3,50.0,1017.1
2024-03-02T15:11:56.552000+00:00,9472,236,1229,1.1,0,23.5,18.3,50.0,1017.1
2024-03-02T15:12:56.556000+00:00,9472,0,1229,0.6,0,23.5,18.3,49.0,1017.1
2024-03-02T15:13:56.557000+00:00,9472,13,1229,0.5,0,23.5,18.3,50.0,1017.1
2024-03-02T15:14:56.565000+00:00,9472,10,1229,0.5,0,23.7,18.3,50.0,1017.2
2024-03-02T15:15:56.557000+00:00,9472,126,1229,1.1,0,23.7,18.2,50.0,1017.2
2024-03-02T15:16:56.572000+00:00,9472,98,1229,0.4,0,23.5,18.2,50.0,1017.2
2024-03-02T15:17:56.560000+00:00,9472,221,1229,0.6,0,23.5,18.2,50.0,1017.1
2024-03-02T15:18:56.562000+00:00,9472,330,1229,0.5,0,23.5,18.2,50.0,1017.2
2024-03-02T15:19:56.607000+00:00,9472,330,1229,0.5,0,23.5,18.2,50.0,1017.2
2024-03-02T15:20:56.571000+00:00,9472,155,1229,0.6,0,23.4,18.2,50.0,1017.2
2024-03-02T15:21:56.563000+00:00,9472,157,1229,0.5,0,23.5,18.2,50.0,1017.2
2024-03-02T15:22:56.567000+00:00,9472,354,1229,0.5,0,23.6,18.3,50.0,1017.2
2024-03-02T15:23:56.570000+00:00,9472,42,1229,0.4,0,23.5,18.3,50.0,1017.2
2024-03-02T15:24:56.575000+00:00,9472,123,1229,1.0,0,23.4,18.2,50.0,1017.1
2024-03-02T15:25:56.572000+00:00,9472,0,1229,0.5,0,23.3,18.2,50.0,1017.2
2024-03-02T15:26:56.572000+00:00,9472,0,1229,0.4,0,23.5,18.1,50.0,1017.1
2024-03-02T15:27:56.561000+00:00,9472,179,1229,0.0,0,23.3,18.1,50.0,1017.2
2024-03-02T15:28:56.565000+00:00,9472,236,1229,0.4,0,23.2,18.1,50.0,1017.2
2024-03-02T15:29:56.566000+00:00,9472,150,1229,0.3,0,23.3,18.1,50.0,1017.2
2024-03-02T15:30:56.567000+00:00,9472,178,1229,0.7,0,23.4,18.1,51.0,1017.1
2024-03-02T15:31:56.552000+00:00,9472,20,1229,0.4,0,23.4,18.1,50.0,1017.2
2024-03-02T15:32:56.574000+00:00,9472,303,1229,0.0,0,23.3,18.1,50.0,1017.1
2024-03-02T15:33:56.568000+00:00,9472,71,1229,0.5,0,23.3,18.1,50.0,1017.1
2024-03-02T15:34:56.569000+00:00,9472,47,1229,0.6,0,23.3,18.1,50.0,1017.1
2024-03-02T15:35:56.571000+00:00,9472,27,1229,0.7,0,23.2,18.1,50.0,1017.1
2024-03-02T15:36:56.575000+00:00,9472,65,1229,0.5,0,23.1,18.1,50.0,1017.2
2024-03-02T15:37:56.571000+00:00,9472,94,1229,0.7,0,23.1,18.1,50.0,1017.1
2024-03-02T15:38:56.574000+00:00,9472,37,1229,0.5,0,23.2,18.1,50.0,1017.2
2024-03-02T15:39:56.573000+00:00,9472,71,1229,0.9,0,23.2,18.1,50.0,1017.1
2024-03-02T15:40:56.581000+00:00,9472,338,1229,0.8,0,23.0,18.1,50.0,1017.1
2024-03-02T15:41:56.583000+00:00,9472,25,1229,0.3,0,23.0,18.1,50.0,1017.2
2024-03-02T15:42:56.581000+00:00,9472,46,1229,0.9,0,23.0,18.1,49.0,1017.2
2024-03-02T15:43:56.578000+00:00,9472,47,1229,0.7,0,23.0,18.1,49.0,1017.1
2024-03-02T15:44:56.584000+00:00,9472,46,1229,0.7,0,22.9,18.1,49.0,1017.2
2024-03-02T15:45:56.585000+00:00,9472,29,1229,0.0,0,22.9,18.1,49.0,1017.2
2024-03-02T15:46:56.577000+00:00,9472,246,1229,0.7,0,22.9,18.1,49.0,1017.2
2024-03-02T15:47:56.576000+00:00,9472,0,1229,0.0,0,22.9,18.1,49.0,1017.2
2024-03-02T15:48:56.596000+00:00,9472,55,1229,0.6,0,22.8,18.1,49.0,1017.3
2024-03-02T15:49:56.581000+00:00,9472,0,1229,0.8,0,22.8,18.1,49.0,1017.2
2024-03-02T15:50:56.608000+00:00,9472,45,1229,0.6,0,22.8,18.0,49.0,1017.3
2024-03-02T15:51:56.626000+00:00,9472,28,1229,0.7,0,22.7,18.0,49.0,1017.2
2024-03-02T15:52:56.636000+00:00,9472,96,1229,0.8,0,22.6,18.0,49.0,1017.3
2024-03-02T15:53:56.628000+00:00,9472,53,1229,0.5,0,22.7,18.0,49.0,1017.3
2024-03-02T15:54:56.641000+00:00,9472,30,1229,0.6,0,22.7,18.0,49.0,1017.2
2024-03-02T15:55:56.652000+00:00,9472,82,1229,0.8,0,22.7,18.0,49.0,1017.3
2024-03-02T15:56:56.671000+00:00,9472,28,1229,0.7,0,22.7,18.0,49.0,1017.3
2024-03-02T15:57:56.680000+00:00,9472,27,1229,0.7,0,22.7,18.0,49.0,1017.3
2024-03-02T15:58:56.684000+00:00,9472,29,1229,0.0,0,22.7,17.9,49.0,1017.3
2024-03-02T15:59:56.697000+00:00,9472,328,1229,0.6,0,22.7,18.0,49.0,1017.4
2024-03-02T16:00:56.694000+00:00,9472,132,1229,0.7,0,22.6,18.0,49.0,1017.4
2024-03-02T16:01:56.704000+00:00,9472,41,1229,0.7,0,22.6,18.0,50.0,1017.4
2024-03-02T16:02:56.721000+00:00,9472,13,1229,0.9,0,22.6,18.0,50.0,1017.5
2024-03-02T16:03:56.714000+00:00,9472,156,1229,0.4,0,22.5,17.9,50.0,1017.4
2024-03-02T16:04:56.721000+00:00,9472,66,1229,0.4,0,22.6,17.9,50.0,1017.4
2024-03-02T16:05:56.712000+00:00,9472,59,1229,0.8,0,22.6,17.9,50.0,1017.4
2024-03-02T16:06:56.721000+00:00,9472,142,1229,0.6,0,22.4,17.9,50.0,1017.5
2024-03-02T16:07:56.723000+00:00,9472,50,1229,1.0,0,22.4,17.9,50.0,1017.4
2024-03-02T16:08:56.726000+00:00,9472,33,1229,0.4,0,22.4,17.9,50.0,1017.4
2024-03-02T16:09:56.716000+00:00,9472,81,1229,0.7,0,22.3,17.9,50.0,1017.4
2024-03-02T16:10:56.723000+00:00,9472,0,1229,0.4,0,22.4,17.9,50.0,1017.4
2024-03-02T16:11:56.714000+00:00,9472,50,1229,0.0,0,22.4,17.9,50.0,1017.4
2024-03-02T16:12:56.713000+00:00,9472,10,1229,0.5,0,22.2,17.9,50.0,1017.4
2024-03-02T16:13:56.718000+00:00,9472,141,1229,0.6,0,22.2,17.9,50.0,1017.4
2024-03-02T16:14:56.724000+00:00,9472,1,1229,0.4,0,22.2,17.9,50.0,1017.4
2024-03-02T16:15:56.753000+00:00,9472,0,1229,0.0,0,22.1,17.9,50.0,1017.5
2024-03-02T16:16:56.744000+00:00,9472,0,1229,0.5,0,22.1,17.8,51.0,1017.5
2024-03-02T16:17:56.731000+00:00,9472,270,1229,0.0,0,22.0,17.8,51.0,1017.5
2024-03-02T16:18:56.724000+00:00,9472,140,1229,0.3,0,22.0,17.8,51.0,1017.5
2024-03-02T16:19:56.726000+00:00,9472,0,1229,0.7,0,21.9,17.8,51.0,1017.5
2024-03-02T16:20:56.730000+00:00,9472,0,1229,0.6,0,21.9,17.8,51.0,1017.4
2024-03-02T16:21:56.729000+00:00,9472,356,1229,0.0,0,22.0,17.7,51.0,1017.5
2024-03-02T16:22:56.732000+00:00,9472,0,1229,0.4,0,22.0,17.7,51.0,1017.4
2024-03-02T16:23:56.733000+00:00,9472,148,1229,0.5,0,21.9,17.7,51.0,1017.4
2024-03-02T16:24:56.725000+00:00,9472,0,1229,0.0,0,21.9,17.7,51.0,1017.4
2024-03-02T16:25:56.731000+00:00,9472,340,1229,0.4,0,22.0,17.6,51.0,1017.5
2024-03-02T16:26:56.723000+00:00,9472,138,1229,0.4,0,22.0,17.6,51.0,1017.5
2024-03-02T16:27:56.729000+00:00,9472,0,1229,0.4,0,21.9,17.6,51.0,1017.5
2024-03-02T16:28:56.732000+00:00,9472,254,1229,0.4,0,21.9,17.6,51.0,1017.5
2024-03-02T16:29:56.732000+00:00,9472,330,1229,0.0,0,21.9,17.6,51.0,1017.5
2024-03-02T16:30:56.739000+00:00,9472,213,1229,0.3,0,21.9,17.6,51.0,1017.5
2024-03-02T16:31:56.735000+00:00,9472,0,1229,0.3,0,21.9,17.6,51.0,1017.5
2024-03-02T16:32:56.735000+00:00,9472,12,1229,0.0,0,21.9,17.6,51.0,1017.5
2024-03-02T16:33:56.732000+00:00,9472,115,1229,0.4,0,21.9,17.6,51.0,1017.5
2024-03-02T16:34:56.737000+00:00,9472,96,1229,0.0,0,22.0,17.7,51.0,1017.5
2024-03-02T16:35:56.730000+00:00,9472,0,1229,0.7,0,21.9,17.6,51.0,1017.5
2024-03-02T16:36:56.730000+00:00,9472,271,1229,0.0,0,21.9,17.6,51.0,1017.5
2024-03-02T16:37:56.743000+00:00,9472,0,1229,0.4,0,21.9,17.7,51.0,1017.5
2024-03-02T16:38:56.735000+00:00,9472,257,1229,0.0,0,21.9,17.6,51.0,1017.5
2024-03-02T16:39:56.749000+00:00,9472,167,1229,0.0,0,21.9,17.7,51.0,1017.4
2024-03-09T16:04:23.559000+00:00,9480,342,1230,2.6,0,33.6,25.5,67.0,1012.0
2024-03-09T16:05:23.556000+00:00,9480,20,1230,1.9,0,33.6,25.5,67.0,1012.0
2024-03-09T16:06:23.554000+00:00,9480,21,1230,2.4,0,33.4,25.5,67.0,1012.0
2024-03-09T16:07:23.563000+00:00,9480,22,1230,2.3,0,33.3,25.5,67.0,1012.0
2024-03-09T16:08:23.576000+00:00,9480,23,1230,2.6,0,33.3,25.5,67.0,1012.0
2024-03-09T16:09:23.581000+00:00,9480,12,1230,2.5,0,33.5,25.5,67.0,1012.1
2024-03-09T16:10:23.575000+00:00,9480,5,1230,1.9,0,33.5,25.5,67.0,1012.0
2024-03-09T16:11:23.592000+00:00,9480,13,1230,1.8,0,33.4,25.5,67.0,1012.0
2024-03-09T16:12:23.599000+00:00,9480,26,1230,2.1,0,33.4,25.5,67.0,1012.0
2024-03-09T16:13:23.599000+00:00,9480,10,1230,2.3,0,33.4,25.5,65.0,1012.1
2024-03-09T16:14:23.603000+00:00,9480,343,1230,2.1,0,33.3,25.5,66.0,1012.2
2024-03-09T16:15:23.593000+00:00,9480,334,1230,1.7,0,33.1,25.5,65.0,1012.1
2024-03-09T16:16:23.598000+00:00,9480,0,1230,1.9,0,33.2,25.5,65.0,1012.1
2024-03-09T16:17:23.600000+00:00,9480,5,1230,1.4,0,33.2,25.5,66.0,1012.1
2024-03-09T16:18:23.601000+00:00,9480,22,1230,1.1,0,33.4,25.5,64.0,1012.2
2024-03-09T16:19:23.604000+00:00,9480,10,1230,1.3,0,33.4,25.6,63.0,1012.2
2024-03-09T16:20:23.595000+00:00,9480,23,1230,1.0,0,33.4,25.5,63.0,1012.2
2024-03-09T16:21:23.610000+00:00,9480,30,1230,1.0,0,33.1,25.5,61.0,1012.3
2024-03-09T16:22:23.604000+00:00,9480,6,1230,1.4,0,33.2,25.5,62.0,1012.2
2024-03-09T16:23:23.617000+00:00,9480,2,1230,1.9,0,33.2,25.5,61.0,1012.2
2024-03-09T16:24:23.607000+00:00,9480,2,1230,1.6,0,33.1,25.5,61.0,1012.3
2024-03-09T16:25:23.606000+00:00,9480,21,1230,1.2,0,33.2,25.6,60.0,1012.3
2024-03-09T16:26:23.600000+00:00,9480,27,1230,0.9,0,33.1,25.7,60.0,1012.4
2024-03-09T16:27:23.613000+00:00,9480,33,1230,1.0,0,32.9,25.7,59.0,1012.3
2024-03-09T16:28:23.611000+00:00,9480,6,1230,1.1,0,32.8,25.8,59.0,1012.4
2024-03-09T16:29:23.612000+00:00,9480,18,1230,1.3,0,32.8,25.8,58.0,1012.4
2024-03-09T16:30:23.612000+00:00,9480,12,1230,1.0,0,32.9,25.8,58.0,1012.4
2024-03-09T16:31:23.613000+00:00,9480,18,1230,0.9,0,33.3,25.9,57.0,1012.4
2024-03-09T16:32:23.607000+00:00,9480,33,1230,1.3,0,32.9,25.9,57.0,1012.5
2024-03-09T16:33:23.611000+00:00,9480,32,1230,0.9,0,32.6,25.9,57.0,1012.5
2024-03-09T16:34:23.611000+00:00,9480,2,1230,1.1,0,32.5,25.9,57.0,1012.4
2024-03-09T16:35:23.615000+00:00,9480,23,1230,1.2,0,32.5,25.9,57.0,1012.5
2024-03-09T16:36:23.615000+00:00,9480,41,1230,1.4,0,32.4,25.8,57.0,1012.5
2024-03-09T16:37:23.617000+00:00,9480,3,1230,1.3,0,32.2,25.7,57.0,1012.5
2024-03-09T16:38:23.602000+00:00,9480,25,1230,1.3,0,32.2,25.7,58.0,1012.5
2024-03-09T16:39:23.616000+00:00,9480,25,1230,1.5,0,32.2,25.6,58.0,1012.5
2024-03-09T16:40:23.607000+00:00,9480,0,1230,2.2,0,32.3,25.6,57.0,1012.4
2024-03-09T16:41:23.617000+00:00,9480,33,1230,2.0,0,32.3,25.6,58.0,1012.5
2024-03-09T16:42:23.622000+00:00,9480,13,1230,2.2,0,31.9,25.6,58.0,1012.5
2024-03-09T16:43:23.618000+00:00,9480,13,1230,2.4,0,31.9,25.6,58.0,1012.3
2024-03-09T16:44:23.600000+00:00,9480,25,1230,2.3,0,32.0,25.6,59.0,1012.4
2024-03-09T16:45:23.629000+00:00,9480,14,1230,2.4,0,32.0,25.5,59.0,1012.4
2024-03-09T16:46:23.623000+00:00,9480,14,1230,2.3,0,31.9,25.5,59.0,1012.5
2024-03-09T16:47:23.633000+00:00,9480,19,1230,2.1,0,31.9,25.5,59.0,1012.4
2024-03-09T16:48:23.632000+00:00,9480,26,1230,2.0,0,31.7,25.5,60.0,1012.5
2024-03-09T16:49:23.653000+00:00,9480,0,1230,1.9,0,32.0,25.5,60.0,1012.5
2024-03-09T16:50:23.668000+00:00,9480,22,1230,1.8,0,32.0,25.5,60.0,1012.4
2024-03-09T16:51:23.689000+00:00,9480,2,1230,1.7,0,32.0,25.5,60.0,1012.4
2024-03-09T16:52:23.701000+00:00,9480,2,1230,1.9,0,31.9,25.4,60.0,1012.5
2024-03-09T16:53:23.694000+00:00,9480,7,1230,2.1,0,32.0,25.5,61.0,1012.6
2024-03-09T16:54:23.740000+00:00,9480,354,1230,2.3,0,31.9,25.5,61.0,1012.4
2024-03-09T16:55:23.720000+00:00,9480,22,1230,2.4,0,31.7,25.4,61.0,1012.5
2024-03-09T16:56:23.725000+00:00,9480,346,1230,2.2,0,31.7,25.4,62.0,1012.5
2024-03-09T16:57:23.722000+00:00,9480,1,1230,2.2,0,31.7,25.4,62.0,1012.4
2024-03-09T16:58:23.719000+00:00,9480,7,1230,1.9,0,31.7,25.4,62.0,1012.5
2024-03-09T16:59:23.726000+00:00,9480,353,1230,2.0,0,31.7,25.4,62.0,1012.5
2024-03-09T17:00:23.713000+00:00,9480,11,1230,1.5,0,31.9,25.4,63.0,1012.6
2024-03-09T17:01:23.712000+00:00,9480,55,1230,1.4,0,31.7,25.3,62.0,1012.6
2024-03-09T17:02:23.725000+00:00,9480,26,1230,1.0,0,31.7,25.3,62.0,1012.5
2024-03-09T17:03:23.725000+00:00,9480,331,1230,1.8,0,31.5,25.3,62.0,1012.5
2024-03-09T17:04:23.777000+00:00,9480,358,1230,1.3,0,31.5,25.4,62.0,1012.5
2024-03-09T17:05:23.762000+00:00,9480,342,1230,1.7,0,31.5,25.4,62.0,1012.5
2024-03-09T17:06:23.758000+00:00,9480,301,1230,1.2,0,31.5,25.4,62.0,1012.6
2024-03-09T17:07:23.759000+00:00,9480,172,1230,1.0,0,31.7,25.4,62.0,1012.6
2024-03-09T17:08:23.749000+00:00,9480,36,1230,1.5,0,31.7,25.4,62.0,1012.6
2024-03-09T17:09:23.780000+00:00,9480,342,1230,0.8,0,31.7,25.5,61.0,1012.6
2024-03-09T17:10:23.773000+00:00,9480,9,1230,1.3,0,31.7,25.6,61.0,1012.6
2024-03-09T17:11:23.799000+00:00,9480,45,1230,0.7,0,31.7,25.6,62.0,1012.6
2024-03-09T17:12:23.795000+00:00,9480,161,1230,1.0,0,32.2,25.7,61.0,1012.6
2024-03-09T17:13:23.806000+00:00,9480,1,1230,1.0,0,31.5,25.7,61.0,1012.6
2024-03-09T17:14:23.822000+00:00,9480,357,1230,1.2,0,31.4,25.7,61.0,1012.6
2024-03-09T17:15:23.827000+00:00,9480,330,1230,1.0,0,31.4,25.7,61.0,1012.7
2024-03-09T17:16:23.843000+00:00,9480,349,1230,0.8,0,31.5,25.7,61.0,1012.6
2024-03-09T17:17:23.859000+00:00,9480,0,1230,1.1,0,31.5,25.7,61.0,1012.7
2024-03-09T17:18:23.875000+00:00,9480,1,1230,0.7,0,31.5,25.7,61.0,1012.7
2024-03-09T17:19:23.883000+00:00,9480,317,1230,0.8,0,31.5,25.7,61.0,1012.7
2024-03-09T17:20:23.889000+00:00,9480,328,1230,1.6,0,31.4,25.6,62.0,1012.8
2024-03-09T17:21:23.883000+00:00,9480,356,1230,0.8,0,31.4,25.5,62.0,1012.7
2024-03-09T17:22:23.893000+00:00,9480,356,1230,0.4,0,31.5,25.5,62.0,1012.8
2024-03-09T17:23:23.900000+00:00,9480,264,1230,1.1,0,31.5,25.4,62.0,1012.8
2024-03-09T17:24:23.897000+00:00,9480,25,1230,1.1,0,31.7,25.5,62.0,1012.8
2024-03-09T17:25:23.893000+00:00,9480,3,1230,1.2,0,31.4,25.5,62.0,1012.9
2024-03-09T17:26:23.898000+00:00,9480,180,1230,1.3,0,31.2,25.5,62.0,1012.8
2024-03-09T17:27:23.934000+00:00,9480,344,1230,1.6,0,31.6,25.5,62.0,1012.9
2024-03-09T17:28:23.935000+00:00,9480,0,1230,0.8,0,31.7,25.5,62.0,1012.9
2024-03-09T17:29:23.941000+00:00,9480,177,1230,1.1,0,31.6,25.6,61.0,1012.9
2024-03-09T17:30:23.945000+00:00,9480,50,1230,0.8,0,31.3,25.6,62.0,1012.9
2024-03-09T17:31:23.943000+00:00,9480,312,1230,1.3,0,31.6,25.6,61.0,1012.9
2024-03-09T17:32:23.951000+00:00,9480,0,1230,0.8,0,31.1,25.6,61.0,1012.9
2024-03-09T17:33:23.945000+00:00,9480,348,1230,0.4,0,30.9,25.6,62.0,1012.8
2024-03-09T17:34:23.943000+00:00,9480,314,1230,1.0,0,31.1,25.6,61.0,1012.9
2024-03-09T17:35:23.954000+00:00,9480,355,1230,1.8,0,30.8,25.6,62.0,1012.9
2024-03-09T17:36:23.942000+00:00,9480,351,1230,1.5,0,30.9,25.6,62.0,1012.8
2024-03-09T17:37:23.942000+00:00,9480,337,1230,1.5,0,30.9,25.6,62.0,1012.9
2024-03-09T17:38:23.952000+00:00,9480,335,1230,1.6,0,30.6,25.6,62.0,1012.9
2024-03-09T17:39:23.951000+00:00,9480,342,1230,1.5,0,30.9,25.6,62.0,1012.9
2024-03-09T17:40:23.936000+00:00,9480,49,1230,0.9,0,30.7,25.5,62.0,1012.9
2024-03-09T17:41:23.945000+00:00,9480,314,1230,0.5,0,30.7,25.5,62.0,1013.0
2024-03-09T17:42:23.956000+00:00,9480,261,1230,1.0,0,30.8,25.5,62.0,1013.0
2024-03-09T17:43:23.961000+00:00,9480,35,1230,1.0,0,30.8,25.6,62.0,1013.0
2024-03-09T17:44:23.978000+00:00,9480,18,1230,0.7,0,31.3,25.6,62.0,1013.0
2024-03-09T17:45:23.993000+00:00,9480,0,1230,1.2,0,31.4,25.6,62.0,1013.0
2024-03-09T17:46:23.989000+00:00,9480,50,1230,0.8,0,31.2,25.6,62.0,1013.1
2024-03-09T17:47:24.019000+00:00,9480,7,1230,1.2,0,31.2,25.6,62.0,1013.1
2024-03-09T17:48:24.021000+00:00,9480,10,1230,1.7,0,31.2,25.6,62.0,1013.1
2024-03-09T17:49:24.036000+00:00,9480,36,1230,0.7,0,30.7,25.6,63.0,1013.1
2024-03-09T17:50:24.032000+00:00,9480,355,1230,1.0,0,31.2,25.6,62.0,1013.1
2024-03-09T17:51:24.032000+00:00,9480,344,1230,1.3,0,31.0,25.6,63.0,1013.1
2024-03-09T17:52:24.034000+00:00,9480,353,1230,0.6,0,31.0,25.5,63.0,1013.1
2024-03-09T17:53:24.053000+00:00,9480,338,1230,1.0,0,30.8,25.6,63.0,1013.0
2024-03-09T17:54:24.037000+00:00,9480,339,1230,0.9,0,30.9,25.6,63.0,1013.0
2024-03-09T17:55:24.053000+00:00,9480,28,1230,1.0,0,31.1,25.5,63.0,1013.0
2024-03-09T17:56:24.033000+00:00,9480,335,1230,1.1,0,31.1,25.5,63.0,1013.0
2024-03-09T17:57:24.040000+00:00,9480,38,1230,1.2,0,31.1,25.5,63.0,1013.0
2024-03-09T17:58:24.036000+00:00,9480,106,1230,0.4,0,30.9,25.5,64.0,1013.0
2024-03-09T17:59:24.043000+00:00,9480,0,1230,1.0,0,30.9,25.5,63.0,1013.0
2024-03-09T18:00:24.026000+00:00,9480,27,1230,0.5,0,30.9,25.5,64.0,1013.0
2024-03-09T18:01:24.035000+00:00,9480,346,1230,0.7,0,31.0,25.5,64.0,1013.0
2024-03-09T18:02:24.042000+00:00,9480,305,1230,0.4,0,30.8,25.5,64.0,1013.1
2024-03-09T18:03:24.049000+00:00,9480,7,1230,0.7,0,30.8,25.5,64.0,1013.0
2024-03-09T18:04:24.047000+00:00,9480,352,1230,0.6,0,30.4,25.5,64.0,1013.0
2024-03-09T18:05:24.044000+00:00,9480,321,1230,1.1,0,30.4,25.5,64.0,1013.0
2024-03-09T18:06:24.062000+00:00,9480,0,1230,0.0,0,30.4,25.5,64.0,1013.0
2024-03-09T18:07:24.045000+00:00,9480,29,1230,0.9,0,30.4,25.5,64.0,1013.0
2024-03-09T18:08:24.048000+00:00,9480,0,1230,0.7,0,30.4,25.5,64.0,1013.0
2024-03-09T18:09:24.033000+00:00,9480,0,1230,0.7,0,30.7,25.4,65.0,1013.0
2024-03-09T18:10:24.049000+00:00,9480,6,1230,0.6,0,30.4,25.4,65.0,1013.1
2024-03-09T18:11:24.051000+00:00,9480,334,1230,0.9,0,30.2,25.5,65.0,1013.1
2024-03-09T18:12:24.054000+00:00,9480,202,1230,1.4,0,30.2,25.4,65.0,1013.1
2024-03-09T18:13:24.050000+00:00,9480,333,1230,1.0,0,30.2,25.4,65.0,1013.1
2024-03-09T18:14:24.051000+00:00,9480,31,1230,0.9,0,29.9,25.4,65.0,1013.0
2024-03-09T18:15:24.045000+00:00,9480,164,1230,0.7,0,30.0,25.4,65.0,1013.1
2024-03-09T18:16:24.051000+00:00,9480,48,1230,1.3,0,30.2,25.4,65.0,1013.2
2024-03-09T18:17:24.051000+00:00,9480,59,1230,1.0,0,30.2,25.4,65.0,1013.1
2024-03-09T18:18:24.051000+00:00,9480,135,1230,0.7,0,30.3,25.4,65.0,1013.1
2024-03-09T18:19:24.053000+00:00,9480,18,1230,0.5,0,30.4,25.4,65.0,1013.1
2024-03-09T18:20:24.054000+00:00,9480,7,1230,1.3,0,30.4,25.4,65.0,1013.1
2024-03-09T18:21:24.056000+00:00,9480,359,1230,1.3,0,30.2,25.4,66.0,1013.2
2024-03-09T18:22:24.061000+00:00,9480,313,1230,1.0,0,30.2,25.3,66.0,1013.0
2024-03-09T18:23:24.054000+00:00,9480,184,1230,1.5,0,30.0,25.3,66.0,1013.1
2024-03-09T18:24:24.059000+00:00,9480,357,1230,1.2,0,30.0,25.3,66.0,1013.0
2024-03-09T18:25:24.062000+00:00,9480,346,1230,0.4,0,29.8,25.3,66.0,1013.1
2024-03-09T18:26:24.060000+00:00,9480,0,1230,1.0,0,29.8,25.3,66.0,1013.1
2024-03-09T18:27:24.077000+00:00,9480,24,1230,0.9,0,29.7,25.3,66.0,1013.1
2024-03-09T18:28:24.096000+00:00,9480,320,1230,1.2,0,29.1,25.3,66.0,1013.2
2024-03-09T18:29:24.088000+00:00,9480,28,1230,1.4,0,29.1,25.2,67.0,1013.1
2024-03-24T03:04:51.995000+00:00,9488,306,1231,0.4,0,37.0,19.0,49.0,1021.6
2024-03-24T03:05:51.993000+00:00,9488,0,1231,0.5,0,37.0,19.0,48.0,1021.6
2024-03-24T03:06:51.997000+00:00,9488,93,1231,0.7,0,37.0,19.0,48.0,1021.5
2024-03-24T03:07:51.996000+00:00,9488,127,1231,0.7,0,37.7,19.0,49.0,1021.5
2024-03-24T03:08:52.018000+00:00,9488,207,1231,1.1,0,38.0,19.0,49.0,1021.5
2024-03-24T03:09:52.006000+00:00,9488,44,1231,1.2,0,37.9,19.1,49.0,1021.6
2024-03-24T03:10:52.023000+00:00,9488,302,1231,1.0,0,37.8,19.1,48.0,1021.7
2024-03-24T03:11:52.032000+00:00,9488,298,1231,0.5,0,37.5,19.2,48.0,1021.6
2024-03-24T03:12:52.032000+00:00,9488,0,1231,0.7,0,37.3,19.3,48.0,1021.5
2024-03-24T03:13:52.037000+00:00,9488,77,1231,0.9,0,37.6,19.4,49.0,1021.5
2024-03-24T03:14:52.028000+00:00,9488,0,1231,0.7,0,37.6,19.4,49.0,1021.6
2024-03-24T03:15:52.035000+00:00,9488,259,1231,0.7,0,38.1,19.4,48.0,1021.5
2024-03-24T03:16:52.037000+00:00,9488,220,1231,0.8,0,38.1,19.4,47.0,1021.5
2024-03-24T03:17:52.034000+00:00,9488,180,1231,0.9,0,37.9,19.5,46.0,1021.5
2024-03-24T03:18:52.037000+00:00,9488,242,1231,0.5,0,37.9,19.5,46.0,1021.4
2024-03-24T03:19:52.029000+00:00,9488,303,1231,0.8,0,37.9,19.3,46.0,1021.4
2024-03-24T03:20:52.037000+00:00,9488,316,1231,1.6,0,38.0,19.3,46.0,1021.4
2024-03-24T03:21:52.039000+00:00,9488,150,1231,1.4,0,38.2,19.3,48.0,1021.3
2024-03-24T03:22:52.038000+00:00,9488,249,1231,0.6,0,39.2,19.2,47.0,1021.3
2024-03-24T03:23:52.043000+00:00,9488,249,1231,0.6,0,39.2,19.4,47.0,1021.3
2024-03-24T03:24:52.033000+00:00,9488,18,1231,1.0,0,39.2,19.5,46.0,1021.4
2024-03-24T03:25:52.037000+00:00,9488,307,1231,1.2,0,39.2,19.6,45.0,1021.4
2024-03-24T03:26:52.038000+00:00,9488,145,1231,0.8,0,38.5,19.6,46.0,1021.3
2024-03-24T03:27:52.041000+00:00,9488,196,1231,0.0,0,38.3,19.5,47.0,1021.3
2024-03-24T03:28:52.050000+00:00,9488,293,1231,0.5,0,38.5,19.7,46.0,1021.2
2024-03-24T03:29:52.053000+00:00,9488,304,1231,1.0,0,39.0,19.8,46.0,1021.2
2024-03-24T03:30:52.051000+00:00,9488,304,1231,2.2,0,36.9,19.6,46.0,1021.1
2024-03-24T03:31:52.042000+00:00,9488,301,1231,1.2,0,36.7,19.5,47.0,1021.2
2024-03-24T03:32:52.051000+00:00,9488,239,1231,1.2,0,37.4,19.5,47.0,1021.1
2024-03-24T03:33:52.070000+00:00,9488,299,1231,1.0,0,38.5,19.5,47.0,1021.1
2024-03-24T03:34:52.041000+00:00,9488,0,1231,0.4,0,38.5,19.6,47.0,1021.0
2024-03-24T03:35:52.057000+00:00,9488,225,1231,0.9,0,38.8,19.7,46.0,1021.1
2024-03-24T03:36:52.054000+00:00,9488,198,1231,0.7,0,38.8,19.7,46.0,1021.0
2024-03-24T03:37:52.052000+00:00,9488,244,1231,1.4,0,38.8,19.7,47.0,1021.0
2024-03-24T03:38:52.055000+00:00,9488,159,1231,0.0,0,38.7,19.8,47.0,1020.9
2024-03-24T03:39:52.063000+00:00,9488,36,1231,0.3,0,39.2,19.9,46.0,1020.9
2024-03-24T03:40:52.042000+00:00,9488,5,1231,0.0,0,39.2,20.0,45.0,1020.8
2024-03-24T03:41:52.054000+00:00,9488,166,1231,0.4,0,39.2,20.1,45.0,1020.9
2024-03-24T03:42:52.063000+00:00,9488,213,1231,1.2,0,39.3,20.2,45.0,1020.9
2024-03-24T03:43:52.042000+00:00,9488,281,1231,0.7,0,39.6,20.2,45.0,1020.9
2024-03-24T03:44:52.058000+00:00,9488,202,1231,1.0,0,39.5,20.2,46.0,1020.9
2024-03-24T03:45:52.062000+00:00,9488,172,1231,1.0,0,38.7,20.3,45.0,1021.0
2024-03-24T03:46:52.087000+00:00,9488,0,1231,1.4,0,38.7,20.2,45.0,1020.9
2024-03-24T03:47:52.090000+00:00,9488,222,1231,0.0,0,38.7,20.2,45.0,1020.9
2024-03-24T03:48:52.110000+00:00,9488,167,1231,0.7,0,38.1,20.2,45.0,1020.9
2024-03-24T03:49:52.112000+00:00,9488,29,1231,0.8,0,37.1,20.3,44.0,1020.9
2024-03-24T03:50:52.118000+00:00,9488,188,1231,0.9,0,37.5,20.3,44.0,1020.9
2024-03-24T03:51:52.135000+00:00,9488,203,1231,0.4,0,38.0,20.3,45.0,1020.8
2024-03-24T03:52:52.157000+00:00,9488,0,1231,0.6,0,38.6,20.3,45.0,1020.9
2024-03-24T03:53:52.163000+00:00,9488,272,1231,0.8,0,38.7,20.3,44.0,1020.9
2024-03-24T03:54:52.163000+00:00,9488,0,1231,0.7,0,38.7,20.2,44.0,1020.8
2024-03-24T03:55:52.179000+00:00,9488,27,1231,0.9,0,38.2,20.2,44.0,1020.8
2024-03-24T03:56:52.181000+00:00,9488,346,1231,0.8,0,38.1,20.3,44.0,1020.9
2024-03-24T03:57:52.189000+00:00,9488,303,1231,1.0,0,38.7,20.4,45.0,1020.9
2024-03-24T03:58:52.189000+00:00,9488,332,1231,1.2,0,39.2,20.4,45.0,1020.9
2024-03-24T03:59:52.192000+00:00,9488,341,1231,0.7,0,39.2,20.4,45.0,1020.8
2024-03-24T04:00:52.199000+00:00,9488,151,1231,0.7,0,39.1,20.5,44.0,1020.8
2024-03-24T04:01:52.190000+00:00,9488,299,1231,0.9,0,39.1,20.4,44.0,1020.9
2024-03-24T04:02:52.199000+00:00,9488,171,1231,0.8,0,39.0,20.3,44.0,1020.8
2024-03-24T04:03:52.200000+00:00,9488,322,1231,1.1,0,38.8,20.4,45.0,1020.9
2024-03-24T04:04:52.205000+00:00,9488,304,1231,1.8,0,39.0,20.5,45.0,1020.7
2024-03-24T04:05:52.205000+00:00,9488,88,1231,0.9,0,39.0,20.5,45.0,1020.8
2024-03-24T04:06:52.202000+00:00,9488,168,1231,0.8,0,39.3,20.6,44.0,1020.7
2024-03-24T04:07:52.215000+00:00,9488,258,1231,2.3,0,39.3,20.6,46.0,1020.8
2024-03-24T04:08:52.228000+00:00,9488,163,1231,1.6,0,39.1,20.7,45.0,1020.7
2024-03-24T04:09:52.202000+00:00,9488,132,1231,1.0,0,38.9,20.6,45.0,1020.8
2024-03-24T04:10:52.208000+00:00,9488,19,1231,0.5,0,39.3,20.6,45.0,1020.7
2024-03-24T04:11:52.205000+00:00,9488,2,1231,0.6,0,39.3,20.5,44.0,1020.7
2024-03-24T04:12:52.210000+00:00,9488,67,1231,0.5,0,39.3,20.6,44.0,1020.7
2024-03-24T04:13:52.249000+00:00,9488,164,1231,0.8,0,38.9,20.5,43.0,1020.7
2024-03-24T04:14:52.215000+00:00,9488,24,1231,1.0,0,39.1,20.5,43.0,1020.7
2024-03-24T04:15:52.250000+00:00,9488,141,1231,1.7,0,39.1,20.7,43.0,1020.6
2024-03-24T04:16:52.264000+00:00,9488,150,1231,1.5,0,39.0,20.8,43.0,1020.6
2024-03-24T04:17:52.259000+00:00,9488,158,1231,1.3,0,38.8,20.7,44.0,1020.7
2024-03-24T04:18:52.268000+00:00,9488,120,1231,0.6,0,38.9,20.8,44.0,1020.6
2024-03-24T04:19:52.279000+00:00,9488,107,1231,0.5,0,39.1,20.9,43.0,1020.5
2024-03-24T04:20:52.279000+00:00,9488,132,1231,1.1,0,39.1,20.9,43.0,1020.5
2024-03-24T04:21:52.302000+00:00,9488,0,1231,0.6,0,39.1,20.8,42.0,1020.5
2024-03-24T04:22:52.317000+00:00,9488,144,1231,1.2,0,39.1,20.9,43.0,1020.5
2024-03-24T04:23:52.310000+00:00,9488,102,1231,0.7,0,39.2,20.8,43.0,1020.4
2024-03-24T04:24:52.305000+00:00,9488,144,1231,1.0,0,39.1,21.0,43.0,1020.4
2024-03-24T04:25:52.331000+00:00,9488,144,1231,1.4,0,38.9,21.0,43.0,1020.3
2024-03-24T04:26:52.340000+00:00,9488,149,1231,1.4,0,38.8,21.0,43.0,1020.3
2024-03-24T04:27:52.349000+00:00,9488,108,1231,0.6,0,38.6,21.0,43.0,1020.4
2024-03-24T04:28:52.349000+00:00,9488,0,1231,0.5,0,38.6,20.9,43.0,1020.3
2024-03-24T04:29:52.347000+00:00,9488,357,1231,0.8,0,39.1,21.0,44.0,1020.3
2024-03-24T04:30:52.347000+00:00,9488,94,1231,1.0,0,39.1,21.0,43.0,1020.2
2024-03-24T04:31:52.354000+00:00,9488,133,1231,0.6,0,39.0,21.0,43.0,1020.2
2024-03-24T04:32:52.362000+00:00,9488,142,1231,1.3,0,38.7,21.0,43.0,1020.3
2024-03-24T04:33:52.345000+00:00,9488,161,1231,1.3,0,38.6,21.0,43.0,1020.2
2024-03-24T04:34:52.356000+00:00,9488,154,1231,1.2,0,38.7,21.1,44.0,1020.2
2024-03-24T04:35:52.364000+00:00,9488,153,1231,1.4,0,38.8,21.0,44.0,1020.3
2024-03-24T04:36:52.365000+00:00,9488,101,1231,0.9,0,38.9,21.1,44.0,1020.1
2024-03-24T04:37:52.365000+00:00,9488,133,1231,0.6,0,38.9,21.1,44.0,1020.1
2024-03-24T04:38:52.404000+00:00,9488,150,1231,0.9,0,38.9,21.3,43.0,1020.2
2024-03-24T04:39:52.383000+00:00,9488,144,1231,1.2,0,38.9,21.4,43.0,1020.2
2024-03-24T04:40:52.401000+00:00,9488,154,1231,1.1,0,38.9,21.5,43.0,1020.2
2024-03-24T04:41:52.421000+00:00,9488,218,1231,0.7,0,39.1,21.4,43.0,1020.2
2024-03-24T04:42:52.419000+00:00,9488,147,1231,2.0,0,38.9,21.3,44.0,1020.2
2024-03-24T04:43:52.412000+00:00,9488,153,1231,1.5,0,38.9,21.3,43.0,1020.3
2024-03-24T04:44:52.418000+00:00,9488,147,1231,0.7,0,38.8,21.2,42.0,1020.2
2024-03-24T04:45:52.435000+00:00,9488,195,1231,1.9,0,38.4,21.2,43.0,1020.3
2024-03-24T04:46:52.455000+00:00,9488,50,1231,0.9,0,38.4,21.1,44.0,1020.3
2024-03-24T04:47:52.451000+00:00,9488,171,1231,0.5,0,38.7,21.2,43.0,1020.3
2024-03-24T04:48:52.458000+00:00,9488,297,1231,1.8,0,38.6,21.2,43.0,1020.3
2024-03-24T04:49:52.478000+00:00,9488,13,1231,0.4,0,38.5,21.2,44.0,1020.3
2024-03-24T04:50:52.473000+00:00,9488,140,1231,0.0,0,38.6,21.2,43.0,1020.3
2024-03-24T04:51:52.479000+00:00,9488,186,1231,0.8,0,38.5,21.2,43.0,1020.3
2024-03-24T04:52:52.481000+00:00,9488,116,1231,1.0,0,38.2,21.3,43.0,1020.3
2024-03-24T04:53:52.499000+00:00,9488,149,1231,0.5,0,38.2,21.4,43.0,1020.2
2024-03-24T04:54:52.501000+00:00,9488,145,1231,1.8,0,38.4,21.5,42.0,1020.1
2024-03-24T04:55:52.498000+00:00,9488,0,1231,1.1,0,38.2,21.4,43.0,1020.2
2024-03-24T04:56:52.486000+00:00,9488,151,1231,1.0,0,38.0,21.3,43.0,1020.1
2024-03-24T04:57:52.498000+00:00,9488,175,1231,1.0,0,38.2,21.3,44.0,1020.1
2024-03-24T04:58:52.489000+00:00,9488,151,1231,1.4,0,38.5,21.4,44.0,1020.0
2024-03-24T04:59:52.499000+00:00,9488,102,1231,1.5,0,38.5,21.5,43.0,1020.0
2024-03-24T05:00:52.501000+00:00,9488,157,1231,0.9,0,38.0,21.6,43.0,1020.1
2024-03-24T05:01:52.499000+00:00,9488,0,1231,1.4,0,38.0,21.7,43.0,1020.0
2024-03-24T05:02:52.503000+00:00,9488,157,1231,0.7,0,38.0,21.8,43.0,1020.0
2024-03-24T05:03:52.503000+00:00,9488,150,1231,1.4,0,37.9,21.8,43.0,1020.0
2024-03-24T05:04:52.521000+00:00,9488,164,1231,1.2,0,37.9,21.8,43.0,1020.1
2024-03-24T05:05:52.538000+00:00,9488,0,1231,1.1,0,38.1,21.7,44.0,1019.9
2024-03-24T05:06:52.545000+00:00,9488,39,1231,0.3,0,38.2,21.6,43.0,1019.9
2024-03-24T05:07:52.557000+00:00,9488,229,1231,0.5,0,38.2,21.6,43.0,1019.9
2024-03-24T05:08:52.558000+00:00,9488,152,1231,2.2,0,37.6,21.6,43.0,1019.9
2024-03-24T05:09:52.550000+00:00,9488,99,1231,1.1,0,37.9,21.7,42.0,1019.9
2024-03-24T05:10:52.557000+00:00,9488,154,1231,0.9,0,37.9,21.6,42.0,1019.8
2024-03-24T05:11:52.555000+00:00,9488,0,1231,1.1,0,37.9,21.7,44.0,1019.8
2024-03-24T05:12:52.557000+00:00,9488,147,1231,0.8,0,37.9,21.7,43.0,1019.9
2024-03-24T05:13:52.555000+00:00,9488,132,1231,0.8,0,37.9,21.8,42.0,1019.8
2024-03-24T05:14:52.548000+00:00,9488,148,1231,0.6,0,37.9,21.8,43.0,1019.9
2024-03-24T05:15:52.566000+00:00,9488,146,1231,1.3,0,38.1,21.9,42.0,1019.8
2024-03-24T05:16:52.548000+00:00,9488,0,1231,0.9,0,38.0,21.8,43.0,1019.8
2024-03-24T05:17:52.569000+00:00,9488,144,1231,1.1,0,37.7,21.9,42.0,1019.8
2024-03-24T05:18:52.569000+00:00,9488,161,1231,1.5,0,37.5,22.0,42.0,1019.8
2024-03-24T05:19:52.568000+00:00,9488,157,1231,1.5,0,37.2,21.9,42.0,1019.9
2024-03-24T05:20:52.558000+00:00,9488,184,1231,1.9,0,37.2,21.8,43.0,1019.8
2024-03-24T05:21:52.561000+00:00,9488,56,1231,1.4,0,37.4,21.6,43.0,1019.8
2024-03-24T05:22:52.566000+00:00,9488,162,1231,1.3,0,37.4,21.6,43.0,1019.8
2024-03-24T05:23:52.566000+00:00,9488,50,1231,0.7,0,37.6,21.5,43.0,1019.8
2024-03-24T05:24:52.575000+00:00,9488,154,1231,0.9,0,36.9,21.5,43.0,1019.8
2024-03-24T05:25:52.566000+00:00,9488,148,1231,0.8,0,36.9,21.5,42.0,1019.8
2024-03-24T05:26:52.581000+00:00,9488,163,1231,1.0,0,36.9,21.5,43.0,1019.9
2024-03-24T05:27:52.599000+00:00,9488,164,1231,0.5,0,36.9,21.5,44.0,1019.8
2024-04-07T04:01:42.291000+00:00,9496,179,1232,2.1,0,39.4,22.2,44.0,1012.5
2024-04-07T04:02:42.294000+00:00,9496,181,1232,1.8,0,39.3,22.1,44.0,1012.5
2024-04-07T04:03:42.292000+00:00,9496,170,1232,1.8,0,39.2,22.0,45.0,1012.4
2024-04-07T04:04:42.293000+00:00,9496,182,1232,2.1,0,39.3,22.0,45.0,1012.4
2024-04-07T04:05:42.293000+00:00,9496,196,1232,2.2,0,39.1,22.0,44.0,1012.4
2024-04-07T04:06:42.301000+00:00,9496,172,1232,2.5,0,38.9,22.0,44.0,1012.4
2024-04-07T04:07:42.295000+00:00,9496,171,1232,2.7,0,38.9,22.0,45.0,1012.4
2024-04-07T04:08:42.296000+00:00,9496,172,1232,1.7,0,39.4,22.1,45.0,1012.5
2024-04-07T04:09:42.301000+00:00,9496,172,1232,2.0,0,39.4,22.2,45.0,1012.4
2024-04-07T04:10:42.298000+00:00,9496,177,1232,1.7,0,39.5,22.0,44.0,1012.4
2024-04-07T04:11:42.303000+00:00,9496,167,1232,1.7,0,39.5,22.0,44.0,1012.4
2024-04-07T04:12:42.300000+00:00,9496,154,1232,1.8,0,39.8,22.1,45.0,1012.4
2024-04-07T04:13:42.300000+00:00,9496,169,1232,1.4,0,39.7,22.1,45.0,1012.4
2024-04-07T04:14:42.300000+00:00,9496,186,1232,2.2,0,39.4,22.2,45.0,1012.3
2024-04-07T04:15:42.301000+00:00,9496,193,1232,2.4,0,39.4,22.3,43.0,1012.5
2024-04-07T04:16:42.301000+00:00,9496,180,1232,2.2,0,39.0,22.1,43.0,1012.5
2024-04-07T04:17:42.303000+00:00,9496,192,1232,2.2,0,39.1,21.9,44.0,1012.4
2024-04-07T04:18:42.302000+00:00,9496,147,1232,1.5,0,39.4,22.0,42.0,1012.4
2024-04-07T04:19:42.303000+00:00,9496,185,1232,1.7,0,39.4,22.0,43.0,1012.3
2024-04-07T04:20:42.305000+00:00,9496,200,1232,2.4,0,39.3,22.0,42.0,1012.3
2024-04-07T04:21:42.306000+00:00,9496,191,1232,2.1,0,39.5,22.2,43.0,1012.3
2024-04-07T04:22:42.348000+00:00,9496,174,1232,1.6,0,39.5,22.2,43.0,1012.3
2024-04-07T04:23:42.309000+00:00,9496,191,1232,2.3,0,39.8,22.2,43.0,1012.3
2024-04-07T04:24:42.300000+00:00,9496,186,1232,2.2,0,39.9,22.1,43.0,1012.3
2024-04-07T04:25:42.312000+00:00,9496,194,1232,2.1,0,39.7,22.1,42.0,1012.4
2024-04-07T04:26:42.307000+00:00,9496,193,1232,1.4,0,39.5,22.0,41.0,1012.3
2024-04-07T04:27:42.308000+00:00,9496,201,1232,1.5,0,39.3,22.0,43.0,1012.3
2024-04-07T04:28:42.310000+00:00,9496,176,1232,1.2,0,39.8,22.1,42.0,1012.2
2024-04-07T04:29:42.310000+00:00,9496,167,1232,1.3,0,40.0,22.3,42.0,1012.1
2024-04-07T04:30:42.358000+00:00,9496,164,1232,1.5,0,40.2,22.3,41.0,1012.2
2024-04-07T04:31:42.313000+00:00,9496,146,1232,1.5,0,40.2,22.2,41.0,1012.2
2024-04-07T04:32:42.355000+00:00,9496,165,1232,0.9,0,40.2,22.2,40.0,1012.2
2024-04-07T04:33:42.315000+00:00,9496,168,1232,1.8,0,39.7,22.3,39.0,1012.1
2024-04-07T04:34:42.315000+00:00,9496,178,1232,1.6,0,39.6,22.1,38.0,1012.2
2024-04-07T04:35:42.314000+00:00,9496,212,1232,1.5,0,39.6,22.1,39.0,1012.1
2024-04-07T04:36:42.314000+00:00,9496,194,1232,2.3,0,40.0,22.2,41.0,1012.1
2024-04-07T04:37:42.316000+00:00,9496,203,1232,2.9,0,39.9,22.3,39.0,1012.1
2024-04-07T04:38:42.315000+00:00,9496,149,1232,1.7,0,39.5,22.1,39.0,1012.1
2024-04-07T04:39:42.319000+00:00,9496,205,1232,1.2,0,39.5,22.1,41.0,1012.1
2024-04-07T04:40:42.318000+00:00,9496,226,1232,1.8,0,39.9,22.2,42.0,1012.1
2024-04-07T04:41:42.317000+00:00,9496,183,1232,1.0,0,39.9,22.3,41.0,1012.1
2024-04-07T04:42:42.317000+00:00,9496,200,1232,2.3,0,39.9,22.4,42.0,1012.1
2024-04-07T04:43:42.319000+00:00,9496,201,1232,3.4,0,40.4,22.4,41.0,1012.1
2024-04-07T04:44:42.320000+00:00,9496,185,1232,2.4,0,39.9,22.2,41.0,1012.1
2024-04-07T04:45:42.321000+00:00,9496,183,1232,2.2,0,40.4,22.1,41.0,1012.1
2024-04-07T04:46:42.320000+00:00,9496,195,1232,1.4,0,40.0,22.1,40.0,1012.1
2024-04-07T04:47:42.321000+00:00,9496,179,1232,1.8,0,40.2,22.2,42.0,1012.0
2024-04-07T04:48:42.321000+00:00,9496,189,1232,2.2,0,40.2,22.3,42.0,1012.1
2024-04-07T04:49:42.322000+00:00,9496,173,1232,1.4,0,39.7,22.5,41.0,1012.1
2024-04-07T04:50:42.325000+00:00,9496,173,1232,1.4,0,39.7,22.4,41.0,1012.1
2024-04-07T04:51:42.325000+00:00,9496,147,1232,1.4,0,39.7,22.5,41.0,1012.0
2024-04-07T04:52:42.325000+00:00,9496,183,1232,1.9,0,40.1,22.5,41.0,1012.1
2024-04-07T04:53:42.325000+00:00,9496,199,1232,1.8,0,40.3,22.5,37.0,1012.1
2024-04-07T04:54:42.326000+00:00,9496,205,1232,3.0,0,40.2,22.5,39.0,1012.1
2024-04-07T04:55:42.326000+00:00,9496,197,1232,2.1,0,40.4,22.4,40.0,1012.1
2024-04-07T04:56:42.334000+00:00,9496,195,1232,2.5,0,40.5,22.2,40.0,1012.1
2024-04-07T04:57:42.328000+00:00,9496,209,1232,2.3,0,40.3,22.3,39.0,1012.1
2024-04-07T04:58:42.334000+00:00,9496,201,1232,2.6,0,40.3,22.3,40.0,1012.1
2024-04-07T04:59:42.328000+00:00,9496,217,1232,3.3,0,40.3,22.3,41.0,1012.1
2024-04-07T05:00:42.332000+00:00,9496,191,1232,2.1,0,40.1,22.3,39.0,1012.0
2024-04-07T05:01:42.332000+00:00,9496,171,1232,1.9,0,40.1,22.2,43.0,1012.0
2024-04-07T05:02:42.332000+00:00,9496,171,1232,2.0,0,39.8,22.1,43.0,1012.1
2024-04-07T05:03:42.331000+00:00,9496,181,1232,1.5,0,40.0,22.3,42.0,1012.1
2024-04-07T05:04:42.332000+00:00,9496,168,1232,1.7,0,40.0,22.5,42.0,1012.1
2024-04-07T05:05:42.332000+00:00,9496,193,1232,1.4,0,40.0,22.5,40.0,1012.1
2024-04-07T05:06:42.336000+00:00,9496,196,1232,2.1,0,39.9,22.5,39.0,1012.1
2024-04-07T05:07:42.335000+00:00,9496,166,1232,2.6,0,39.9,22.6,39.0,1012.2
2024-04-07T05:08:42.336000+00:00,9496,195,1232,2.2,0,40.0,22.6,38.0,1012.1
2024-04-07T05:09:42.336000+00:00,9496,195,1232,2.4,0,39.9,22.5,37.0,1012.0
2024-04-07T05:10:42.336000+00:00,9496,162,1232,1.9,0,39.6,22.4,40.0,1012.1
2024-04-07T05:11:42.339000+00:00,9496,162,1232,1.1,0,39.7,22.4,37.0,1012.1
2024-04-07T05:12:42.353000+00:00,9496,197,1232,2.0,0,39.7,22.5,35.0,1012.2
2024-04-07T05:13:42.358000+00:00,9496,187,1232,2.3,0,39.5,22.6,36.0,1012.1
2024-04-07T05:14:42.370000+00:00,9496,206,1232,1.7,0,39.4,22.5,37.0,1012.1
2024-04-07T05:15:42.387000+00:00,9496,197,1232,2.9,0,39.4,22.5,36.0,1012.1
2024-04-07T05:16:42.387000+00:00,9496,213,1232,2.4,0,39.3,22.5,37.0,1012.2
2024-04-07T05:17:42.387000+00:00,9496,194,1232,1.8,0,39.5,22.5,38.0,1012.0
2024-04-07T05:18:42.389000+00:00,9496,172,1232,1.9,0,39.5,22.5,38.0,1012.1
2024-04-07T05:19:42.390000+00:00,9496,192,1232,2.1,0,39.7,22.5,38.0,1012.0
2024-04-07T05:20:42.406000+00:00,9496,181,1232,2.5,0,39.5,22.6,37.0,1012.1
2024-04-07T05:21:42.427000+00:00,9496,211,1232,2.5,0,39.2,22.7,38.0,1012.2
2024-04-07T05:22:42.441000+00:00,9496,191,1232,2.7,0,39.7,22.7,39.0,1012.2
2024-04-07T05:23:42.437000+00:00,9496,191,1232,2.7,0,39.7,22.6,39.0,1012.2
2024-04-07T05:24:42.438000+00:00,9496,202,1232,3.6,0,39.7,22.5,36.0,1012.1
2024-04-07T05:25:42.446000+00:00,9496,198,1232,3.3,0,39.5,22.4,37.0,1012.2
2024-04-07T05:26:42.439000+00:00,9496,193,1232,2.4,0,39.5,22.5,38.0,1012.1
2024-04-07T05:27:42.440000+00:00,9496,185,1232,2.6,0,39.1,22.6,37.0,1012.2
2024-04-07T05:28:42.456000+00:00,9496,192,1232,2.7,0,39.5,22.7,36.0,1012.2
2024-04-07T05:29:42.474000+00:00,9496,201,1232,3.0,0,39.5,22.7,36.0,1012.2
2024-04-07T05:30:42.483000+00:00,9496,196,1232,3.6,0,39.8,22.6,33.0,1012.2
2024-04-07T05:31:42.475000+00:00,9496,191,1232,3.1,0,39.5,22.6,33.0,1012.2
2024-04-07T05:32:42.473000+00:00,9496,203,1232,3.3,0,39.3,22.6,32.0,1012.3
2024-04-07T05:33:42.474000+00:00,9496,199,1232,3.5,0,39.1,22.5,34.0,1012.2
2024-04-07T05:34:42.476000+00:00,9496,191,1232,3.5,0,38.8,22.5,35.0,1012.2
2024-04-07T05:35:42.479000+00:00,9496,220,1232,2.9,0,38.8,22.5,36.0,1012.3
2024-04-07T05:36:42.477000+00:00,9496,208,1232,2.6,0,38.9,22.4,37.0,1012.3
2024-04-07T05:37:42.477000+00:00,9496,216,1232,3.1,0,39.0,22.5,37.0,1012.2
2024-04-07T05:38:42.478000+00:00,9496,204,1232,4.2,0,39.0,22.5,37.0,1012.1
2024-04-07T05:39:42.481000+00:00,9496,195,1232,3.0,0,39.0,22.5,38.0,1012.3
2024-04-07T05:40:42.581000+00:00,9496,201,1232,3.1,0,38.8,22.5,39.0,1012.2
2024-04-07T05:41:42.495000+00:00,9496,201,1232,2.8,0,38.8,22.4,40.0,1012.2
2024-04-07T05:42:42.480000+00:00,9496,204,1232,3.5,0,38.7,22.3,40.0,1012.2
2024-04-07T05:43:42.483000+00:00,9496,207,1232,3.6,0,38.7,22.4,40.0,1012.1
2024-04-07T05:44:42.483000+00:00,9496,206,1232,4.1,0,38.8,22.3,38.0,1012.2
2024-04-07T05:45:42.488000+00:00,9496,212,1232,4.1,0,38.9,22.2,39.0,1012.2
2024-04-07T05:46:42.483000+00:00,9496,208,1232,3.1,0,39.0,22.1,40.0,1012.3
2024-04-07T05:47:42.485000+00:00,9496,196,1232,3.2,0,39.0,22.2,39.0,1012.3
2024-04-07T05:48:42.491000+00:00,9496,199,1232,2.6,0,38.5,22.1,38.0,1012.3
2024-04-07T05:49:42.486000+00:00,9496,185,1232,2.9,0,37.8,22.0,39.0,1012.2
2024-04-07T05:50:42.486000+00:00,9496,176,1232,2.0,0,37.1,21.9,40.0,1012.3
2024-04-07T05:51:42.487000+00:00,9496,173,1232,2.6,0,36.7,21.7,39.0,1012.2
2024-04-07T05:52:42.492000+00:00,9496,156,1232,2.3,0,36.3,21.6,40.0,1012.3
2024-04-07T05:53:42.489000+00:00,9496,173,1232,1.7,0,36.6,21.6,41.0,1012.4
2024-04-07T05:54:42.496000+00:00,9496,135,1232,2.1,0,36.2,21.6,40.0,1012.3
2024-04-07T05:55:42.509000+00:00,9496,183,1232,1.4,0,36.1,21.6,41.0,1012.3
2024-04-07T05:56:42.522000+00:00,9496,188,1232,2.0,0,36.0,21.5,41.0,1012.4
2024-04-07T05:57:42.541000+00:00,9496,168,1232,2.3,0,35.2,21.5,41.0,1012.4
2024-04-07T05:58:42.539000+00:00,9496,199,1232,3.0,0,35.0,21.3,42.0,1012.4
2024-04-07T05:59:42.538000+00:00,9496,170,1232,2.4,0,34.9,21.2,43.0,1012.3
2024-04-07T06:00:42.539000+00:00,9496,184,1232,2.2,0,34.8,21.1,43.0,1012.4
2024-04-07T06:01:42.540000+00:00,9496,152,1232,2.2,0,34.6,21.3,43.0,1012.4
2024-04-07T06:02:42.542000+00:00,9496,187,1232,2.1,0,34.8,21.2,43.0,1012.5
2024-04-07T06:03:42.560000+00:00,9496,197,1232,2.7,0,34.5,21.2,42.0,1012.5
2024-04-07T06:04:42.557000+00:00,9496,192,1232,3.7,0,34.2,21.1,44.0,1012.5
2024-04-07T06:05:42.560000+00:00,9496,201,1232,3.3,0,34.3,21.1,45.0,1012.6
2024-04-07T06:06:42.559000+00:00,9496,197,1232,2.5,0,34.4,21.0,45.0,1012.7
2024-04-07T06:07:42.562000+00:00,9496,195,1232,3.3,0,35.2,21.2,46.0,1012.6
2024-04-07T06:08:42.576000+00:00,9496,191,1232,2.5,0,35.3,21.2,46.0,1012.5
2024-04-07T06:09:42.592000+00:00,9496,204,1232,2.1,0,35.4,21.1,46.0,1012.5
2024-04-07T06:10:42.592000+00:00,9496,198,1232,2.5,0,35.6,21.0,46.0,1012.5
2024-04-07T06:11:42.601000+00:00,9496,186,1232,2.1,0,35.6,21.0,47.0,1012.5
2024-04-07T06:12:42.594000+00:00,9496,148,1232,2.3,0,36.0,21.1,46.0,1012.6
2024-04-07T06:13:42.611000+00:00,9496,182,1232,2.0,0,36.0,21.1,47.0,1012.6
2024-04-07T06:14:42.613000+00:00,9496,195,1232,2.4,0,35.7,21.3,46.0,1012.5
2024-04-07T06:15:42.611000+00:00,9496,186,1232,2.8,0,35.5,21.4,46.0,1012.5
2024-04-07T06:16:42.627000+00:00,9496,190,1232,3.0,0,35.7,21.4,47.0,1012.5
2024-04-07T06:17:42.629000+00:00,9496,185,1232,3.5,0,36.3,21.4,47.0,1012.4
2024-04-07T06:18:42.635000+00:00,9496,180,1232,3.2,0,36.2,21.5,47.0,1012.5
2024-04-07T06:19:42.629000+00:00,9496,191,1232,1.6,0,36.4,21.4,48.0,1012.5
2024-04-07T06:20:42.632000+00:00,9496,186,1232,1.9,0,36.5,21.4,48.0,1012.5
2024-04-07T06:21:42.632000+00:00,9496,199,1232,2.0,0,36.5,21.3,47.0,1012.5
2024-04-07T06:22:42.638000+00:00,9496,192,1232,2.4,0,36.3,21.3,47.0,1012.6
2024-04-07T06:23:42.642000+00:00,9496,156,1232,2.3,0,36.5,21.3,46.0,1012.6
2024-04-07T06:24:42.623000+00:00,9496,192,1232,2.4,0,36.5,21.4,47.0,1012.5
2024-04-07T06:25:42.640000+00:00,9496,191,1232,2.1,0,36.7,21.3,47.0,1012.6
2024-04-07T06:26:42.638000+00:00,9496,197,1232,2.3,0,36.5,21.2,47.0,1012.6
2024-04-07T06:27:42.639000+00:00,9496,185,1232,2.9,0,36.2,21.2,47.0,1012.7
2024-04-07T06:28:42.636000+00:00,9496,163,1232,1.4,0,35.5,21.0,48.0,1012.7
2024-04-07T06:29:42.638000+00:00,9496,191,1232,1.4,0,35.1,21.0,48.0,1012.7
2024-04-07T06:30:42.639000+00:00,9496,174,1232,1.4,0,34.9,20.9,48.0,1012.7
2024-04-07T06:31:42.658000+00:00,9496,164,1232,1.6,0,34.6,20.9,48.0,1012.7
2024-04-07T06:32:42.640000+00:00,9496,186,1232,1.3,0,34.5,20.9,48.0,1012.7
2024-04-07T06:33:42.634000+00:00,9496,145,1232,1.5,0,34.5,20.8,49.0,1012.7
2024-04-07T06:34:42.641000+00:00,9496,172,1232,1.3,0,34.2,20.6,50.0,1012.7
2024-04-07T06:35:42.641000+00:00,9496,206,1232,1.8,0,34.0,20.6,50.0,1012.7
2024-04-07T06:36:42.642000+00:00,9496,197,1232,1.7,0,34.0,20.6,51.0,1012.8
2024-04-07T06:37:42.656000+00:00,9496,194,1232,2.6,0,33.1,20.4,51.0,1012.8
2024-04-07T06:38:42.660000+00:00,9496,137,1232,1.9,0,33.1,20.4,52.0,1012.8
2024-04-07T06:39:42.675000+00:00,9496,166,1232,1.2,0,33.3,20.3,52.0,1012.8
2024-04-07T06:40:42.676000+00:00,9496,176,1232,1.9,0,33.3,20.3,52.0,1012.8
2024-04-07T06:41:42.690000+00:00,9496,188,1232,1.3,0,33.1,20.3,52.0,1012.7
2024-04-07T06:42:42.693000+00:00,9496,186,1232,2.2,0,33.0,20.1,52.0,1012.8
2024-04-07T06:43:42.693000+00:00,9496,185,1232,2.1,0,32.9,20.1,53.0,1012.8
2024-04-07T06:44:42.708000+00:00,9496,146,1232,2.3,0,32.6,20.0,53.0,1012.9
2024-04-07T06:45:42.724000+00:00,9496,197,1232,2.0,0,32.5,20.0,54.0,1012.8
2024-04-07T06:46:42.725000+00:00,9496,188,1232,3.0,0,32.3,19.9,54.0,1012.8
2024-04-07T06:47:42.743000+00:00,9496,197,1232,1.7,0,32.2,19.9,56.0,1012.8
2024-04-07T06:48:42.744000+00:00,9496,197,1232,1.7,0,32.2,19.8,56.0,1012.8
2024-04-07T06:49:42.747000+00:00,9496,192,1232,0.9,0,32.7,19.7,55.0,1012.9
2024-04-07T06:50:42.744000+00:00,9496,165,1232,2.6,0,31.9,19.8,54.0,1012.9
2024-04-07T06:51:42.747000+00:00,9496,177,1232,2.1,0,31.8,19.8,55.0,1012.9
2024-04-07T06:52:42.750000+00:00,9496,173,1232,2.3,0,32.0,19.8,56.0,1012.9
2024-04-07T06:53:42.777000+00:00,9496,203,1232,2.2,0,32.0,19.8,56.0,1012.9
2024-04-07T06:54:42.779000+00:00,9496,191,1232,2.2,0,31.7,19.8,56.0,1012.8
2024-04-07T06:55:42.777000+00:00,9496,182,1232,1.7,0,31.3,19.7,56.0,1012.9
2024-04-07T06:56:42.781000+00:00,9496,199,1232,2.4,0,31.3,19.6,56.0,1012.9
2024-04-07T06:57:42.783000+00:00,9496,196,1232,2.6,0,31.3,19.6,56.0,1012.9
2024-04-07T06:58:42.783000+00:00,9496,155,1232,1.8,0,31.5,19.5,57.0,1012.8
2024-04-07T06:59:42.782000+00:00,9496,155,1232,1.8,0,31.5,19.5,57.0,1012.8
2024-04-07T07:00:42.783000+00:00,9496,184,1232,2.2,0,31.5,19.5,56.0,1012.8
2024-04-07T07:01:42.783000+00:00,9496,181,1232,2.7,0,31.8,19.5,56.0,1012.9
2024-04-21T06:09:06.766000+00:00,9673,149,1233,1.0,0,32.2,19.1,65.0,1011.9
2024-04-21T06:10:06.770000+00:00,9673,151,1233,2.1,0,32.1,19.0,63.0,1011.9
2024-04-21T06:11:06.770000+00:00,9673,173,1233,1.5,0,31.5,19.1,64.0,1011.8
2024-04-21T06:12:06.770000+00:00,9673,171,1233,1.3,0,31.7,19.0,65.0,1011.8
2024-04-21T06:13:06.770000+00:00,9673,223,1233,0.9,0,31.5,19.0,66.0,1011.8
2024-04-21T06:14:06.761000+00:00,9673,174,1233,0.6,0,31.5,18.9,66.0,1011.8
2024-04-21T06:15:06.770000+00:00,9673,150,1233,0.8,0,31.6,18.9,66.0,1011.7
2024-04-21T06:16:06.772000+00:00,9673,143,1233,1.1,0,31.9,18.9,66.0,1011.7
2024-04-21T06:17:06.773000+00:00,9673,141,1233,1.1,0,32.3,19.0,65.0,1011.7
2024-04-21T06:18:06.775000+00:00,9673,188,1233,1.8,0,31.9,19.1,64.0,1011.8
2024-04-21T06:19:06.776000+00:00,9673,123,1233,1.1,0,31.9,19.1,64.0,1011.7
2024-04-21T06:20:06.776000+00:00,9673,148,1233,1.4,0,31.9,19.1,64.0,1011.7
2024-04-21T06:21:06.777000+00:00,9673,167,1233,1.4,0,32.0,19.1,65.0,1011.6
2024-04-21T06:22:06.776000+00:00,9673,143,1233,1.6,0,31.8,19.1,63.0,1011.6
2024-04-21T06:23:06.777000+00:00,9673,140,1233,1.4,0,31.8,19.0,65.0,1011.7
2024-04-21T06:24:06.777000+00:00,9673,163,1233,1.9,0,31.7,19.0,65.0,1011.6
2024-04-21T06:25:06.783000+00:00,9673,212,1233,1.4,0,31.7,19.0,65.0,1011.6
2024-04-21T06:26:06.778000+00:00,9673,180,1233,1.0,0,31.5,19.0,65.0,1011.6
2024-04-21T06:27:06.780000+00:00,9673,190,1233,1.5,0,31.1,18.9,65.0,1011.6
2024-04-21T06:28:06.782000+00:00,9673,183,1233,1.4,0,31.0,18.8,66.0,1011.5
2024-04-21T06:29:06.781000+00:00,9673,84,1233,1.4,0,31.3,18.8,66.0,1011.5
2024-04-21T06:30:06.822000+00:00,9673,162,1233,0.9,0,31.3,18.7,66.0,1011.6
2024-04-21T06:31:06.794000+00:00,9673,120,1233,0.6,0,31.3,18.8,65.0,1011.6
2024-04-21T06:32:06.798000+00:00,9673,215,1233,0.8,0,31.3,18.6,65.0,1011.6
2024-04-21T06:33:06.799000+00:00,9673,156,1233,1.3,0,31.3,18.6,65.0,1011.5
2024-04-21T06:34:06.815000+00:00,9673,206,1233,1.0,0,31.3,18.7,65.0,1011.6
2024-04-21T06:35:06.845000+00:00,9673,200,1233,0.7,0,31.3,18.7,65.0,1011.5
2024-04-21T06:36:06.852000+00:00,9673,127,1233,0.5,0,31.3,18.7,64.0,1011.5
2024-04-21T06:37:06.864000+00:00,9673,164,1233,0.4,0,31.3,18.8,65.0,1011.5
2024-04-21T06:38:06.880000+00:00,9673,93,1233,1.4,0,31.3,18.8,64.0,1011.5
2024-04-21T06:39:06.882000+00:00,9673,93,1233,1.4,0,31.3,18.8,64.0,1011.5
2024-04-21T06:40:06.882000+00:00,9673,129,1233,0.8,0,31.3,18.8,64.0,1011.5
2024-04-21T06:41:06.883000+00:00,9673,0,1233,0.8,0,31.3,18.8,65.0,1011.5
2024-04-21T06:42:06.880000+00:00,9673,142,1233,0.6,0,31.3,18.7,66.0,1011.5
2024-04-21T06:43:06.886000+00:00,9673,151,1233,1.2,0,31.3,18.8,64.0,1011.4
2024-04-21T06:44:06.900000+00:00,9673,132,1233,1.1,0,31.3,18.8,64.0,1011.5
2024-04-21T06:45:06.899000+00:00,9673,181,1233,1.0,0,31.3,18.8,64.0,1011.6
2024-04-21T06:46:06.903000+00:00,9673,180,1233,1.2,0,30.4,18.9,63.0,1011.6
2024-04-21T06:47:06.903000+00:00,9673,184,1233,1.3,0,30.3,18.9,64.0,1011.6
2024-04-21T06:48:06.921000+00:00,9673,228,1233,1.1,0,30.6,18.8,65.0,1011.6
2024-04-21T06:49:06.927000+00:00,9673,169,1233,0.4,0,30.8,18.8,65.0,1011.6
2024-04-21T06:50:06.925000+00:00,9673,201,1233,1.0,0,30.6,18.8,65.0,1011.6
2024-04-21T06:51:06.923000+00:00,9673,194,1233,1.0,0,31.0,18.9,65.0,1011.6
2024-04-21T06:52:06.922000+00:00,9673,305,1233,1.1,0,30.7,19.0,65.0,1011.6
2024-04-21T06:53:06.923000+00:00,9673,270,1233,0.7,0,30.9,18.9,65.0,1011.7
2024-04-21T06:54:06.939000+00:00,9673,240,1233,0.9,0,31.2,19.0,65.0,1011.6
2024-04-21T06:55:06.924000+00:00,9673,65,1233,0.7,0,31.2,18.9,65.0,1011.6
2024-04-21T06:56:06.925000+00:00,9673,133,1233,0.6,0,31.2,19.0,64.0,1011.6
2024-04-21T06:57:06.927000+00:00,9673,178,1233,1.7,0,30.8,18.9,64.0,1011.6
2024-04-21T06:58:06.925000+00:00,9673,195,1233,1.3,0,30.6,18.9,64.0,1011.6
2024-04-21T06:59:06.933000+00:00,9673,122,1233,0.6,0,30.7,18.8,65.0,1011.7
2024-04-21T07:00:06.930000+00:00,9673,129,1233,1.2,0,30.8,18.8,65.0,1011.7
2024-04-21T07:01:06.928000+00:00,9673,166,1233,1.3,0,30.8,18.8,65.0,1011.6
2024-04-21T07:02:06.928000+00:00,9673,171,1233,1.4,0,30.6,18.9,66.0,1011.6
2024-04-21T07:03:06.929000+00:00,9673,143,1233,1.1,0,30.5,18.9,65.0,1011.6
2024-04-21T07:04:06.929000+00:00,9673,122,1233,1.4,0,30.3,18.8,66.0,1011.5
2024-04-21T07:05:06.929000+00:00,9673,114,1233,1.5,0,31.1,18.8,66.0,1011.5
2024-04-21T07:06:06.932000+00:00,9673,175,1233,1.1,0,31.3,18.7,66.0,1011.5
2024-04-21T07:07:06.930000+00:00,9673,150,1233,1.3,0,31.0,18.7,65.0,1011.5
2024-04-21T07:08:06.933000+00:00,9673,0,1233,1.0,0,30.4,18.8,65.0,1011.5
2024-04-21T07:09:06.937000+00:00,9673,129,1233,1.5,0,31.0,18.8,65.0,1011.4
2024-04-21T07:10:06.931000+00:00,9673,126,1233,2.4,0,30.6,18.9,65.0,1011.4
2024-04-21T07:11:06.939000+00:00,9673,152,1233,3.2,0,30.5,19.0,65.0,1011.5
2024-04-21T07:12:06.936000+00:00,9673,94,1233,1.6,0,30.7,19.0,66.0,1011.3
2024-04-21T07:13:06.935000+00:00,9673,138,1233,1.6,0,30.7,19.0,66.0,1011.3
2024-04-21T07:14:06.934000+00:00,9673,129,1233,2.1,0,31.0,19.0,66.0,1011.4
2024-04-21T07:15:06.935000+00:00,9673,327,1233,1.0,0,30.7,19.0,66.0,1011.4
2024-04-21T07:16:06.928000+00:00,9673,249,1233,1.8,0,30.7,19.0,65.0,1011.4
2024-04-21T07:17:06.937000+00:00,9673,124,1233,0.8,0,30.9,19.0,65.0,1011.4
2024-04-21T07:18:06.937000+00:00,9673,136,1233,2.3,0,30.7,19.0,65.0,1011.5
2024-04-21T07:19:06.940000+00:00,9673,118,1233,1.9,0,30.7,19.0,65.0,1011.4
2024-04-21T07:20:06.940000+00:00,9673,144,1233,2.3,0,30.6,19.0,65.0,1011.5
2024-04-21T07:21:06.946000+00:00,9673,135,1233,2.9,0,30.3,19.0,65.0,1011.4
2024-04-21T07:22:06.949000+00:00,9673,126,1233,3.2,0,30.2,18.9,65.0,1011.3
2024-04-21T07:23:06.942000+00:00,9673,141,1233,2.5,0,30.2,18.9,66.0,1011.3
2024-04-21T07:24:06.941000+00:00,9673,242,1233,1.0,0,30.5,18.8,66.0,1011.4
2024-04-21T07:25:06.942000+00:00,9673,220,1233,1.2,0,30.5,18.8,66.0,1011.4
2024-04-21T07:26:06.943000+00:00,9673,145,1233,2.1,0,30.5,18.8,65.0,1011.3
2024-04-21T07:27:06.942000+00:00,9673,180,1233,1.5,0,30.3,18.9,66.0,1011.4
2024-04-21T07:28:06.945000+00:00,9673,137,1233,1.3,0,30.3,18.9,65.0,1011.4
2024-04-21T07:29:06.954000+00:00,9673,145,1233,1.0,0,30.1,18.8,66.0,1011.3
2024-04-21T07:30:06.947000+00:00,9673,180,1233,2.7,0,30.1,18.8,65.0,1011.3
2024-04-21T07:31:06.944000+00:00,9673,121,1233,1.7,0,29.8,18.8,66.0,1011.3
2024-04-21T07:32:06.946000+00:00,9673,246,1233,2.5,0,29.8,18.6,66.0,1011.2
2024-04-21T07:33:06.947000+00:00,9673,129,1233,3.2,0,29.9,18.6,67.0,1011.2
2024-04-21T07:34:06.952000+00:00,9673,135,1233,1.6,0,29.7,18.6,66.0,1011.3
2024-04-21T07:35:06.949000+00:00,9673,127,1233,2.5,0,29.9,18.6,67.0,1011.3
2024-04-21T07:36:06.948000+00:00,9673,132,1233,2.7,0,29.9,18.5,67.0,1011.2
2024-04-21T07:37:06.949000+00:00,9673,142,1233,3.2,0,29.9,18.6,67.0,1011.2
2024-04-21T07:38:06.958000+00:00,9673,121,1233,3.1,0,29.9,18.6,66.0,1011.2
2024-04-21T07:39:06.942000+00:00,9673,122,1233,3.5,0,29.6,18.7,66.0,1011.2
2024-04-21T07:40:07.004000+00:00,9673,130,1233,2.6,0,29.6,18.6,66.0,1011.3
2024-04-21T07:41:06.954000+00:00,9673,133,1233,3.4,0,29.5,18.6,66.0,1011.4
2024-04-21T07:42:06.953000+00:00,9673,119,1233,2.5,0,29.5,18.6,66.0,1011.3
2024-04-21T07:43:06.953000+00:00,9673,144,1233,2.5,0,29.4,18.6,66.0,1011.3
2024-04-21T07:44:06.954000+00:00,9673,127,1233,2.7,0,29.4,18.6,66.0,1011.4
2024-04-21T07:45:06.955000+00:00,9673,160,1233,1.9,0,29.7,18.6,67.0,1011.3
2024-04-21T07:46:06.955000+00:00,9673,145,1233,1.0,0,29.7,18.6,67.0,1011.3
2024-04-21T07:47:06.961000+00:00,9673,142,1233,1.9,0,29.4,18.6,67.0,1011.3
2024-04-21T07:48:06.960000+00:00,9673,104,1233,2.0,0,29.4,18.6,66.0,1011.3
2024-04-21T07:49:06.957000+00:00,9673,127,1233,1.7,0,29.4,18.6,66.0,1011.3
2024-04-21T07:50:06.957000+00:00,9673,139,1233,2.7,0,29.4,18.7,66.0,1011.4
2024-04-21T07:51:06.992000+00:00,9673,130,1233,2.8,0,29.6,18.7,66.0,1011.3
2024-04-21T07:52:06.961000+00:00,9673,149,1233,2.6,0,29.5,18.7,66.0,1011.3
2024-04-21T07:53:06.965000+00:00,9673,128,1233,2.6,0,29.2,18.6,66.0,1011.3
2024-04-21T07:54:06.976000+00:00,9673,168,1233,2.7,0,29.2,18.6,67.0,1011.4
2024-04-21T07:55:06.964000+00:00,9673,83,1233,1.5,0,29.2,18.6,66.0,1011.3
2024-04-21T07:56:06.980000+00:00,9673,153,1233,1.1,0,29.2,18.6,67.0,1011.4
2024-04-21T07:57:06.964000+00:00,9673,131,1233,1.7,0,29.2,18.6,67.0,1011.4
2024-04-21T07:58:06.956000+00:00,9673,120,1233,1.7,0,29.2,18.6,67.0,1011.5
2024-04-21T07:59:06.967000+00:00,9673,160,1233,2.5,0,29.2,18.5,67.0,1011.4
2024-04-21T08:00:06.970000+00:00,9673,128,1233,1.7,0,29.1,18.5,67.0,1011.5
2024-04-21T08:01:06.994000+00:00,9673,136,1233,1.5,0,28.9,18.4,67.0,1011.5
2024-04-21T08:02:06.970000+00:00,9673,208,1233,1.3,0,29.1,18.5,66.0,1011.5
2024-04-21T08:03:06.979000+00:00,9673,152,1233,2.5,0,29.1,18.5,67.0,1011.6
2024-04-21T08:04:06.974000+00:00,9673,227,1233,1.8,0,28.8,18.5,66.0,1011.5
2024-04-21T08:05:07.003000+00:00,9673,90,1233,1.7,0,28.8,18.3,67.0,1011.4
2024-04-21T08:06:07.003000+00:00,9673,180,1233,0.9,0,28.8,18.3,67.0,1011.4
2024-04-21T08:07:07.008000+00:00,9673,138,1233,1.8,0,28.9,18.4,67.0,1011.4
2024-04-21T08:08:07.009000+00:00,9673,119,1233,2.0,0,28.9,18.3,67.0,1011.4
2024-04-21T08:09:07.025000+00:00,9673,146,1233,2.0,0,28.9,18.3,67.0,1011.2
2024-04-21T08:10:07.038000+00:00,9673,114,1233,2.1,0,28.9,18.3,67.0,1011.3
2024-04-21T08:11:07.052000+00:00,9673,143,1233,1.7,0,28.7,18.4,67.0,1011.4
2024-04-21T08:12:07.070000+00:00,9673,145,1233,2.1,0,28.7,18.4,67.0,1011.4
2024-04-21T08:13:07.059000+00:00,9673,122,1233,1.8,0,28.8,18.4,67.0,1011.3
2024-04-21T08:14:07.061000+00:00,9673,182,1233,2.2,0,28.5,18.4,67.0,1011.3
2024-04-21T08:15:07.068000+00:00,9673,135,1233,1.4,0,28.5,18.4,67.0,1011.4
2024-04-21T08:16:07.071000+00:00,9673,120,1233,2.7,0,28.4,18.4,68.0,1011.4
2024-04-21T08:17:07.070000+00:00,9673,126,1233,1.2,0,28.5,18.4,68.0,1011.4
2024-04-21T08:18:07.090000+00:00,9673,140,1233,1.3,0,28.3,18.4,68.0,1011.4
2024-04-21T08:19:07.106000+00:00,9673,162,1233,1.9,0,28.3,18.4,68.0,1011.4
2024-04-21T08:20:07.103000+00:00,9673,146,1233,1.5,0,28.4,18.4,67.0,1011.4
2024-04-21T08:21:07.103000+00:00,9673,113,1233,1.5,0,28.1,18.4,67.0,1011.4
2024-04-21T08:22:07.105000+00:00,9673,126,1233,2.1,0,28.2,18.4,67.0,1011.2
2024-04-21T08:23:07.105000+00:00,9673,123,1233,2.5,0,28.1,18.4,67.0,1011.2
2024-04-21T08:24:07.112000+00:00,9673,100,1233,2.4,0,27.9,18.4,67.0,1011.3
2024-04-21T08:25:07.145000+00:00,9673,129,1233,2.1,0,27.8,18.4,67.0,1011.2
2024-04-21T08:26:07.118000+00:00,9673,134,1233,3.0,0,27.7,18.3,67.0,1011.4
2024-04-21T08:27:07.108000+00:00,9673,134,1233,2.2,0,27.7,18.3,67.0,1011.4
2024-04-21T08:28:07.109000+00:00,9673,129,1233,1.7,0,27.6,18.2,67.0,1011.3
2024-04-21T08:29:07.111000+00:00,9673,146,1233,3.2,0,27.4,18.2,67.0,1011.3
2024-04-21T08:30:07.109000+00:00,9673,108,1233,2.8,0,27.4,18.2,67.0,1011.3
2024-04-21T08:31:07.115000+00:00,9673,126,1233,2.3,0,27.9,18.2,68.0,1011.3
2024-04-21T08:32:07.111000+00:00,9673,129,1233,2.1,0,28.0,18.2,68.0,1011.2
2024-04-21T08:33:07.117000+00:00,9673,119,1233,2.0,0,28.0,18.2,68.0,1011.3
2024-04-21T08:34:07.111000+00:00,9673,140,1233,3.3,0,27.7,18.2,68.0,1011.2
2024-04-21T08:35:07.112000+00:00,9673,114,1233,3.4,0,27.6,18.2,67.0,1011.3
2024-04-21T08:36:07.104000+00:00,9673,135,1233,3.2,0,27.6,18.2,68.0,1011.2
2024-04-21T08:37:07.114000+00:00,9673,122,1233,3.1,0,27.7,18.2,68.0,1011.3
2024-04-21T08:38:07.120000+00:00,9673,154,1233,1.1,0,27.6,18.2,68.0,1011.4
2024-04-21T08:39:07.120000+00:00,9673,139,1233,1.4,0,27.7,18.2,68.0,1011.4
2024-04-21T08:40:07.122000+00:00,9673,115,1233,0.9,0,27.9,18.2,68.0,1011.3
2024-04-21T08:41:07.149000+00:00,9673,138,1233,1.5,0,27.5,18.2,68.0,1011.4
2024-04-21T08:42:07.164000+00:00,9673,138,1233,1.5,0,27.4,18.2,67.0,1011.4
2024-04-21T08:43:07.188000+00:00,9673,145,1233,2.2,0,27.4,18.2,67.0,1011.4
2024-04-21T08:44:07.182000+00:00,9673,150,1233,1.1,0,27.3,18.2,68.0,1011.4
2024-04-21T08:45:07.196000+00:00,9673,213,1233,0.8,0,27.3,18.1,68.0,1011.4
2024-04-21T08:46:07.197000+00:00,9673,133,1233,0.8,0,27.3,18.1,68.0,1011.5
2024-04-21T08:47:07.213000+00:00,9673,94,1233,1.4,0,27.3,18.1,68.0,1011.5
2024-04-21T08:48:07.215000+00:00,9673,139,1233,1.8,0,27.5,18.1,68.0,1011.5
2024-04-21T08:49:07.208000+00:00,9673,163,1233,0.9,0,27.1,18.1,68.0,1011.5
2024-04-21T08:50:07.213000+00:00,9673,155,1233,1.0,0,27.1,18.1,69.0,1011.5
2024-04-21T08:51:07.217000+00:00,9673,1,1233,1.8,0,27.2,18.0,69.0,1011.5
2024-04-21T08:52:07.218000+00:00,9673,145,1233,0.7,0,27.1,18.0,69.0,1011.6
2024-04-21T08:53:07.219000+00:00,9673,153,1233,1.2,0,26.8,18.0,69.0,1011.6
2024-05-05T19:08:07.156000+00:00,9507,166,1234,3.3,0,46.4,28.6,57.0,1017.0
2024-05-05T19:09:07.158000+00:00,9507,163,1234,3.4,0,47.2,28.8,57.0,1017.0
2024-05-05T19:10:07.157000+00:00,9507,169,1234,3.4,0,47.6,28.6,57.0,1017.0
2024-05-05T19:11:07.157000+00:00,9507,145,1234,3.6,0,47.5,28.5,57.0,1016.9
2024-05-05T19:12:07.157000+00:00,9507,147,1234,4.0,0,46.4,28.5,57.0,1016.9
2024-05-05T19:13:07.158000+00:00,9507,161,1234,3.2,0,47.1,28.6,58.0,1016.8
2024-05-05T19:14:07.158000+00:00,9507,155,1234,3.1,0,47.6,28.5,58.0,1016.9
2024-05-05T19:15:07.160000+00:00,9507,154,1234,3.2,0,48.3,28.5,57.0,1016.9
2024-05-05T19:16:07.163000+00:00,9507,147,1234,3.0,0,48.4,28.6,58.0,1016.8
2024-05-05T19:17:07.160000+00:00,9507,164,1234,2.4,0,48.0,28.6,58.0,1016.8
2024-05-05T19:18:07.161000+00:00,9507,149,1234,2.0,0,45.9,28.6,58.0,1016.7
2024-05-05T19:19:07.163000+00:00,9507,131,1234,3.8,0,45.9,28.6,58.0,1016.8
2024-05-05T19:20:07.162000+00:00,9507,142,1234,2.6,0,45.9,28.7,58.0,1016.7
2024-05-05T19:21:07.165000+00:00,9507,164,1234,2.4,0,47.1,28.9,56.0,1016.7
2024-05-05T19:22:07.168000+00:00,9507,163,1234,3.3,0,47.9,29.0,56.0,1016.7
2024-05-05T19:23:07.165000+00:00,9507,144,1234,3.5,0,48.4,29.0,56.0,1016.7
2024-05-05T19:24:07.166000+00:00,9507,153,1234,3.7,0,48.1,28.9,56.0,1016.8
2024-05-05T19:25:07.166000+00:00,9507,146,1234,3.6,0,48.1,28.9,57.0,1016.8
2024-05-05T19:26:07.166000+00:00,9507,141,1234,3.2,0,48.4,28.9,57.0,1016.8
2024-05-05T19:27:07.156000+00:00,9507,135,1234,2.8,0,48.8,29.0,58.0,1016.6
2024-05-05T19:28:07.169000+00:00,9507,136,1234,3.0,0,49.1,29.0,57.0,1016.7
2024-05-05T19:29:07.176000+00:00,9507,151,1234,4.1,0,48.6,29.0,57.0,1016.6
2024-05-05T19:30:07.169000+00:00,9507,156,1234,3.4,0,49.1,28.8,57.0,1016.7
2024-05-05T19:31:07.181000+00:00,9507,134,1234,3.1,0,49.1,28.6,56.0,1016.7
2024-05-05T19:32:07.170000+00:00,9507,173,1234,3.0,0,46.8,28.6,56.0,1016.7
2024-05-05T19:33:07.174000+00:00,9507,136,1234,3.1,0,48.0,28.7,56.0,1016.6
2024-05-05T19:34:07.174000+00:00,9507,153,1234,3.1,0,49.0,28.7,56.0,1016.5
2024-05-05T19:35:07.173000+00:00,9507,136,1234,3.2,0,48.3,28.8,56.0,1016.6
2024-05-05T19:36:07.173000+00:00,9507,144,1234,3.5,0,46.7,28.8,57.0,1016.6
2024-05-05T19:37:07.174000+00:00,9507,144,1234,3.2,0,46.4,28.7,58.0,1016.6
2024-05-05T19:38:07.167000+00:00,9507,143,1234,2.7,0,46.3,28.6,58.0,1016.6
2024-05-05T19:39:07.180000+00:00,9507,144,1234,3.1,0,45.2,28.5,57.0,1016.5
2024-05-05T19:40:07.180000+00:00,9507,142,1234,3.0,0,44.2,28.5,57.0,1016.5
2024-05-05T19:41:07.177000+00:00,9507,164,1234,2.8,0,44.2,28.5,57.0,1016.5
2024-05-05T19:42:07.177000+00:00,9507,139,1234,2.4,0,44.9,28.5,58.0,1016.4
2024-05-05T19:43:07.178000+00:00,9507,149,1234,2.1,0,45.1,28.5,58.0,1016.4
2024-05-05T19:44:07.182000+00:00,9507,173,1234,2.4,0,45.1,28.6,57.0,1016.4
2024-05-05T19:45:07.181000+00:00,9507,155,1234,3.5,0,45.1,28.6,56.0,1016.4
2024-05-05T19:46:07.186000+00:00,9507,163,1234,2.7,0,44.1,28.6,56.0,1016.4
2024-05-05T19:47:07.184000+00:00,9507,137,1234,3.0,0,44.3,28.6,56.0,1016.4
2024-05-05T19:48:07.183000+00:00,9507,141,1234,2.6,0,45.8,28.6,57.0,1016.4
2024-05-05T19:49:07.182000+00:00,9507,169,1234,2.4,0,46.8,28.7,57.0,1016.4
2024-05-05T19:50:07.184000+00:00,9507,155,1234,2.7,0,47.3,28.6,56.0,1016.4
2024-05-05T19:51:07.187000+00:00,9507,142,1234,3.3,0,47.9,28.6,56.0,1016.4
2024-05-05T19:52:07.186000+00:00,9507,144,1234,2.7,0,48.0,28.5,57.0,1016.4
2024-05-05T19:53:07.185000+00:00,9507,157,1234,3.2,0,46.6,28.5,57.0,1016.5
2024-05-05T19:54:07.186000+00:00,9507,165,1234,3.0,0,46.4,28.4,57.0,1016.4
2024-05-05T19:55:07.184000+00:00,9507,134,1234,2.8,0,46.4,28.5,57.0,1016.4
2024-05-05T19:56:07.178000+00:00,9507,163,1234,3.7,0,45.6,28.6,58.0,1016.3
2024-05-05T19:57:07.190000+00:00,9507,153,1234,3.9,0,45.2,28.4,57.0,1016.3
2024-05-05T19:58:07.190000+00:00,9507,144,1234,3.6,0,43.0,28.4,57.0,1016.3
2024-05-05T19:59:07.192000+00:00,9507,150,1234,2.7,0,42.9,28.3,58.0,1016.3
2024-05-05T20:00:07.211000+00:00,9507,163,1234,2.8,0,43.5,28.3,58.0,1016.2
2024-05-05T20:01:07.206000+00:00,9507,150,1234,2.7,0,45.6,28.4,58.0,1016.3
2024-05-05T20:02:07.227000+00:00,9507,174,1234,2.7,0,45.9,28.4,57.0,1016.3
2024-05-05T20:03:07.244000+00:00,9507,144,1234,2.8,0,46.2,28.5,57.0,1016.4
2024-05-05T20:04:07.240000+00:00,9507,148,1234,2.9,0,45.9,28.5,57.0,1016.4
2024-05-05T20:05:07.250000+00:00,9507,150,1234,3.4,0,44.7,28.6,58.0,1016.3
2024-05-05T20:06:07.273000+00:00,9507,153,1234,3.5,0,43.5,28.6,57.0,1016.3
2024-05-05T20:07:07.289000+00:00,9507,150,1234,2.5,0,42.3,28.6,58.0,1016.3
2024-05-05T20:08:07.288000+00:00,9507,167,1234,2.4,0,44.2,28.7,59.0,1016.3
2024-05-05T20:09:07.291000+00:00,9507,140,1234,3.0,0,45.4,28.7,58.0,1016.3
2024-05-05T20:10:07.291000+00:00,9507,152,1234,3.5,0,45.6,28.8,57.0,1016.3
2024-05-05T20:11:07.297000+00:00,9507,148,1234,3.0,0,45.5,28.9,57.0,1016.3
2024-05-05T20:12:07.324000+00:00,9507,173,1234,3.4,0,45.5,28.9,57.0,1016.3
2024-05-05T20:13:07.325000+00:00,9507,135,1234,2.7,0,45.5,29.0,58.0,1016.3
2024-05-05T20:14:07.326000+00:00,9507,148,1234,3.5,0,46.4,29.0,58.0,1016.3
2024-05-05T20:15:07.325000+00:00,9507,174,1234,2.4,0,46.8,28.9,58.0,1016.4
2024-05-05T20:16:07.324000+00:00,9507,152,1234,3.5,0,46.8,28.8,57.0,1016.5
2024-05-05T20:17:07.328000+00:00,9507,180,1234,3.9,0,46.5,29.0,58.0,1016.3
2024-05-05T20:18:07.328000+00:00,9507,155,1234,3.6,0,44.7,28.8,59.0,1016.2
2024-05-05T20:19:07.328000+00:00,9507,177,1234,3.7,0,44.7,28.8,59.0,1016.4
2024-05-05T20:20:07.326000+00:00,9507,160,1234,4.4,0,44.7,28.9,60.0,1016.3
2024-05-05T20:21:07.329000+00:00,9507,142,1234,3.4,0,45.1,28.7,61.0,1016.3
2024-05-05T20:22:07.330000+00:00,9507,152,1234,3.7,0,45.5,28.7,60.0,1016.2
2024-05-05T20:23:07.335000+00:00,9507,146,1234,3.7,0,45.2,28.8,59.0,1016.4
2024-05-05T20:24:07.332000+00:00,9507,160,1234,3.9,0,45.4,28.8,59.0,1016.2
2024-05-05T20:25:07.336000+00:00,9507,170,1234,3.4,0,45.5,28.8,60.0,1016.3
2024-05-05T20:26:07.333000+00:00,9507,165,1234,3.6,0,46.1,28.8,60.0,1016.4
2024-05-05T20:27:07.334000+00:00,9507,153,1234,2.9,0,45.5,28.7,60.0,1016.3
2024-05-05T20:28:07.335000+00:00,9507,172,1234,2.1,0,46.5,28.5,60.0,1016.3
2024-05-05T20:29:07.339000+00:00,9507,142,1234,3.0,0,47.4,28.4,60.0,1016.2
2024-05-05T20:30:07.341000+00:00,9507,182,1234,1.9,0,47.5,28.4,60.0,1016.3
2024-05-05T20:31:07.337000+00:00,9507,144,1234,3.9,0,47.5,28.6,58.0,1016.3
2024-05-05T20:32:07.337000+00:00,9507,140,1234,3.6,0,46.1,28.6,59.0,1016.4
2024-05-05T20:33:07.337000+00:00,9507,164,1234,3.4,0,44.7,28.5,60.0,1016.3
2024-05-05T20:34:07.339000+00:00,9507,158,1234,2.0,0,44.5,28.4,60.0,1016.4
2024-05-05T20:35:07.342000+00:00,9507,81,1234,2.8,0,44.5,28.3,59.0,1016.4
2024-05-05T20:36:07.343000+00:00,9507,147,1234,2.3,0,45.7,28.4,61.0,1016.4
2024-05-05T20:37:07.342000+00:00,9507,149,1234,3.5,0,45.7,28.4,60.0,1016.4
2024-05-05T20:38:07.355000+00:00,9507,171,1234,3.4,0,45.7,28.4,59.0,1016.4
2024-05-05T20:39:07.332000+00:00,9507,150,1234,2.7,0,45.4,28.4,59.0,1016.4
2024-05-05T20:40:07.346000+00:00,9507,176,1234,2.4,0,45.4,28.5,59.0,1016.3
2024-05-05T20:41:07.344000+00:00,9507,174,1234,2.8,0,45.5,28.5,60.0,1016.3
2024-05-05T20:42:07.344000+00:00,9507,173,1234,3.4,0,45.6,28.5,60.0,1016.3
2024-05-05T20:43:07.346000+00:00,9507,133,1234,2.5,0,45.6,28.5,60.0,1016.3
2024-05-05T20:44:07.347000+00:00,9507,136,1234,2.3,0,45.4,28.5,61.0,1016.3
2024-05-05T20:45:07.346000+00:00,9507,154,1234,3.1,0,44.4,28.6,60.0,1016.2
2024-05-05T20:46:07.348000+00:00,9507,126,1234,4.4,0,44.2,28.7,59.0,1016.2
2024-05-05T20:47:07.345000+00:00,9507,152,1234,2.8,0,44.6,28.8,60.0,1016.2
2024-05-05T20:48:07.348000+00:00,9507,136,1234,3.3,0,45.1,28.7,60.0,1016.3
2024-05-05T20:49:07.347000+00:00,9507,176,1234,3.6,0,44.9,28.7,60.0,1016.2
2024-05-05T20:50:07.338000+00:00,9507,173,1234,3.2,0,44.6,28.6,60.0,1016.2
2024-05-05T20:51:07.354000+00:00,9507,158,1234,4.0,0,43.2,28.3,60.0,1016.3
2024-05-05T20:52:07.351000+00:00,9507,166,1234,3.0,0,42.1,28.2,62.0,1016.3
2024-05-05T20:53:07.350000+00:00,9507,148,1234,3.2,0,42.1,28.1,62.0,1016.3
2024-05-05T20:54:07.370000+00:00,9507,168,1234,3.8,0,43.6,28.3,61.0,1016.3
2024-05-05T20:55:07.350000+00:00,9507,158,1234,3.1,0,44.0,28.4,61.0,1016.4
2024-05-05T20:56:07.351000+00:00,9507,200,1234,2.6,0,44.5,28.4,61.0,1016.4
2024-05-05T20:57:07.355000+00:00,9507,174,1234,1.8,0,44.5,28.3,61.0,1016.4
2024-05-05T20:58:07.357000+00:00,9507,141,1234,2.6,0,42.6,28.5,59.0,1016.4
2024-05-05T20:59:07.364000+00:00,9507,171,1234,3.4,0,42.6,28.5,61.0,1016.3
2024-05-05T21:00:07.355000+00:00,9507,130,1234,2.9,0,42.7,28.4,61.0,1016.4
2024-05-05T21:01:07.363000+00:00,9507,172,1234,2.4,0,42.8,28.4,61.0,1016.5
2024-05-05T21:02:07.358000+00:00,9507,144,1234,3.4,0,42.3,28.3,61.0,1016.5
2024-05-05T21:03:07.356000+00:00,9507,155,1234,2.2,0,41.2,28.3,61.0,1016.4
2024-05-05T21:04:07.358000+00:00,9507,169,1234,2.6,0,40.6,28.0,62.0,1016.5
2024-05-05T21:05:07.358000+00:00,9507,137,1234,2.9,0,40.2,27.9,61.0,1016.6
2024-05-05T21:06:07.361000+00:00,9507,147,1234,2.5,0,40.9,27.9,62.0,1016.4
2024-05-05T21:07:07.361000+00:00,9507,142,1234,2.9,0,41.6,28.0,62.0,1016.5
2024-05-05T21:08:07.361000+00:00,9507,164,1234,3.3,0,42.4,28.1,62.0,1016.4
2024-05-05T21:09:07.361000+00:00,9507,155,1234,3.7,0,42.6,28.3,62.0,1016.4
2024-05-05T21:10:07.362000+00:00,9507,161,1234,3.1,0,42.6,28.4,63.0,1016.5
2024-05-05T21:11:07.356000+00:00,9507,140,1234,3.5,0,43.2,28.4,62.0,1016.5
2024-05-05T21:12:07.355000+00:00,9507,139,1234,3.7,0,42.3,28.4,62.0,1016.5
2024-05-05T21:13:07.364000+00:00,9507,159,1234,3.3,0,41.6,28.3,62.0,1016.5
2024-05-05T21:14:07.363000+00:00,9507,176,1234,3.2,0,41.2,28.2,62.0,1016.5
2024-05-05T21:15:07.365000+00:00,9507,127,1234,2.8,0,41.2,28.1,62.0,1016.4
2024-05-05T21:16:07.366000+00:00,9507,157,1234,2.7,0,41.6,28.1,62.0,1016.5
2024-05-05T21:17:07.366000+00:00,9507,156,1234,3.0,0,41.9,28.1,61.0,1016.5
2024-05-05T21:18:07.369000+00:00,9507,146,1234,4.2,0,41.8,28.2,61.0,1016.5
2024-05-05T21:19:07.373000+00:00,9507,148,1234,3.9,0,41.0,28.2,61.0,1016.6
2024-05-05T21:20:07.370000+00:00,9507,144,1234,2.8,0,40.6,28.1,62.0,1016.6
2024-05-05T21:21:07.369000+00:00,9507,117,1234,2.6,0,40.7,28.2,61.0,1016.6
2024-05-05T21:22:07.370000+00:00,9507,149,1234,3.0,0,39.8,28.2,62.0,1016.6
2024-05-05T21:23:07.372000+00:00,9507,166,1234,3.1,0,39.3,28.2,63.0,1016.6
2024-05-05T21:24:07.371000+00:00,9507,147,1234,2.3,0,39.3,28.3,63.0,1016.7
2024-05-05T21:25:07.373000+00:00,9507,170,1234,2.2,0,40.3,28.3,61.0,1016.6
2024-05-05T21:26:07.372000+00:00,9507,144,1234,3.5,0,40.4,28.3,61.0,1016.5
2024-05-05T21:27:07.379000+00:00,9507,155,1234,2.5,0,41.0,28.3,60.0,1016.5
2024-05-05T21:28:07.374000+00:00,9507,147,1234,3.5,0,41.0,28.4,60.0,1016.5
2024-05-05T21:29:07.378000+00:00,9507,147,1234,3.5,0,41.0,28.4,60.0,1016.5
2024-05-05T21:30:07.376000+00:00,9507,135,1234,2.2,0,41.2,28.5,61.0,1016.4
2024-05-05T21:31:07.438000+00:00,9507,140,1234,3.7,0,41.3,28.6,60.0,1016.5
2024-05-05T21:32:07.382000+00:00,9507,144,1234,2.3,0,41.1,28.5,60.0,1016.5
2024-05-05T21:33:07.409000+00:00,9507,157,1234,2.4,0,40.6,28.4,60.0,1016.4
2024-05-05T21:34:07.409000+00:00,9507,170,1234,2.1,0,40.6,28.3,60.0,1016.4
2024-05-05T21:35:07.410000+00:00,9507,147,1234,5.2,0,40.3,28.2,60.0,1016.3
2024-05-05T21:36:07.426000+00:00,9507,143,1234,2.6,0,40.5,28.2,62.0,1016.5
2024-05-05T21:37:07.433000+00:00,9507,148,1234,3.1,0,40.5,28.0,62.0,1016.6
2024-05-19T12:08:39.188000+00:00,9515,138,1235,1.8,0,43.4,24.2,51.0,1007.2
2024-05-19T12:09:39.181000+00:00,9515,112,1235,1.2,0,43.1,24.0,52.0,1007.2
2024-05-19T12:10:39.215000+00:00,9515,117,1235,1.7,0,43.3,24.0,53.0,1007.2
2024-05-19T12:11:39.213000+00:00,9515,134,1235,2.3,0,43.3,24.0,53.0,1007.2
2024-05-19T12:12:39.218000+00:00,9515,122,1235,1.6,0,42.9,24.2,53.0,1007.3
2024-05-19T12:13:39.190000+00:00,9515,133,1235,1.4,0,42.6,24.4,53.0,1007.2
2024-05-19T12:14:39.219000+00:00,9515,125,1235,2.0,0,42.4,24.4,54.0,1007.2
2024-05-19T12:15:39.226000+00:00,9515,116,1235,2.1,0,41.8,24.3,55.0,1007.1
2024-05-19T12:16:39.230000+00:00,9515,109,1235,1.6,0,41.4,24.2,55.0,1007.2
2024-05-19T12:17:39.237000+00:00,9515,102,1235,1.7,0,41.4,24.1,55.0,1007.2
2024-05-19T12:18:39.236000+00:00,9515,144,1235,1.1,0,41.1,24.2,55.0,1007.2
2024-05-19T12:19:39.242000+00:00,9515,122,1235,2.0,0,41.1,24.3,54.0,1007.2
2024-05-19T12:20:39.239000+00:00,9515,138,1235,2.8,0,41.3,24.2,54.0,1007.1
2024-05-19T12:21:39.256000+00:00,9515,161,1235,2.8,0,40.8,24.2,54.0,1007.2
2024-05-19T12:22:39.275000+00:00,9515,130,1235,1.2,0,40.8,24.3,55.0,1007.2
2024-05-19T12:23:39.277000+00:00,9515,134,1235,2.2,0,40.9,24.3,54.0,1007.1
2024-05-19T12:24:39.289000+00:00,9515,175,1235,1.2,0,40.9,24.3,54.0,1007.1
2024-05-19T12:25:39.298000+00:00,9515,179,1235,1.0,0,41.2,24.4,55.0,1007.2
2024-05-19T12:26:39.285000+00:00,9515,134,1235,1.1,0,42.0,24.3,54.0,1007.1
2024-05-19T12:27:39.293000+00:00,9515,140,1235,1.4,0,42.6,24.4,53.0,1007.1
2024-05-19T12:28:39.306000+00:00,9515,126,1235,1.8,0,42.8,24.3,52.0,1007.1
2024-05-19T12:29:39.307000+00:00,9515,146,1235,1.5,0,43.1,24.3,51.0,1007.0
2024-05-19T12:30:39.313000+00:00,9515,128,1235,1.9,0,43.7,24.4,51.0,1007.1
2024-05-19T12:31:39.316000+00:00,9515,148,1235,1.4,0,44.0,24.4,50.0,1007.0
2024-05-19T12:32:39.314000+00:00,9515,133,1235,1.6,0,43.6,24.5,50.0,1007.0
2024-05-19T12:33:39.338000+00:00,9515,132,1235,1.9,0,43.6,24.5,50.0,1007.0
2024-05-19T12:34:39.342000+00:00,9515,142,1235,1.6,0,43.7,24.5,50.0,1006.9
2024-05-19T12:35:39.359000+00:00,9515,149,1235,1.9,0,43.8,24.4,51.0,1007.0
2024-05-19T12:36:39.362000+00:00,9515,125,1235,1.3,0,43.8,24.5,51.0,1007.0
2024-05-19T12:37:39.360000+00:00,9515,73,1235,1.7,0,43.7,24.5,51.0,1007.0
2024-05-19T12:38:39.356000+00:00,9515,134,1235,1.4,0,43.2,24.6,50.0,1007.0
2024-05-19T12:39:39.393000+00:00,9515,137,1235,1.7,0,42.5,24.8,51.0,1007.1
2024-05-19T12:40:39.389000+00:00,9515,172,1235,1.3,0,41.4,24.7,51.0,1007.0
2024-05-19T12:41:39.394000+00:00,9515,177,1235,1.6,0,40.3,24.6,52.0,1006.9
2024-05-19T12:42:39.411000+00:00,9515,161,1235,1.8,0,40.8,24.6,53.0,1007.0
2024-05-19T12:43:39.397000+00:00,9515,268,1235,0.7,0,41.3,24.6,52.0,1007.0
2024-05-19T12:44:39.409000+00:00,9515,335,1235,1.2,0,42.7,24.6,50.0,1007.0
2024-05-19T12:45:39.407000+00:00,9515,238,1235,1.3,0,42.7,24.5,50.0,1006.9
2024-05-19T12:46:39.399000+00:00,9515,228,1235,0.9,0,42.7,24.6,51.0,1006.9
2024-05-19T12:47:39.394000+00:00,9515,168,1235,0.3,0,43.3,24.7,50.0,1007.0
2024-05-19T12:48:39.463000+00:00,9515,75,1235,0.5,0,43.9,24.9,49.0,1006.8
2024-05-19T12:49:39.433000+00:00,9515,165,1235,1.0,0,44.8,25.0,49.0,1006.9
2024-05-19T12:50:39.434000+00:00,9515,158,1235,1.8,0,44.4,25.0,49.0,1006.8
2024-05-19T12:51:39.434000+00:00,9515,147,1235,2.2,0,44.0,25.1,48.0,1006.8
2024-05-19T12:52:39.436000+00:00,9515,137,1235,2.1,0,44.0,25.0,50.0,1006.8
2024-05-19T12:53:39.439000+00:00,9515,161,1235,1.6,0,44.1,24.9,50.0,1006.8
2024-05-19T12:54:39.440000+00:00,9515,143,1235,1.3,0,44.4,24.8,51.0,1006.8
2024-05-19T12:55:39.451000+00:00,9515,0,1235,0.7,0,44.4,25.0,51.0,1006.8
2024-05-19T12:56:39.444000+00:00,9515,314,1235,0.5,0,44.7,25.2,50.0,1006.8
2024-05-19T12:57:39.452000+00:00,9515,121,1235,0.9,0,45.3,25.3,49.0,1006.8
2024-05-19T12:58:39.454000+00:00,9515,144,1235,0.7,0,45.3,25.5,48.0,1006.8
2024-05-19T12:59:39.451000+00:00,9515,141,1235,2.2,0,45.3,25.4,50.0,1006.8
2024-05-19T13:00:39.455000+00:00,9515,108,1235,2.8,0,45.3,25.5,51.0,1006.8
2024-05-19T13:01:39.451000+00:00,9515,137,1235,1.3,0,46.0,25.4,50.0,1006.8
2024-05-19T13:02:39.433000+00:00,9515,157,1235,1.4,0,44.5,25.2,50.0,1006.9
2024-05-19T13:03:39.460000+00:00,9515,139,1235,1.5,0,44.5,25.1,50.0,1006.9
2024-05-19T13:04:39.452000+00:00,9515,136,1235,3.0,0,45.3,25.0,51.0,1006.8
2024-05-19T13:05:39.457000+00:00,9515,138,1235,2.5,0,45.5,25.0,50.0,1006.8
2024-05-19T13:06:39.469000+00:00,9515,121,1235,3.4,0,45.3,25.1,50.0,1006.9
2024-05-19T13:07:39.485000+00:00,9515,138,1235,3.4,0,45.2,25.1,50.0,1006.9
2024-05-19T13:08:39.489000+00:00,9515,137,1235,3.1,0,44.9,25.1,50.0,1006.9
2024-05-19T13:09:39.502000+00:00,9515,141,1235,4.2,0,43.6,25.3,51.0,1006.8
2024-05-19T13:10:39.508000+00:00,9515,129,1235,3.3,0,42.7,25.4,50.0,1006.8
2024-05-19T13:11:39.509000+00:00,9515,135,1235,3.4,0,41.7,25.3,51.0,1006.8
2024-05-19T13:12:39.503000+00:00,9515,116,1235,2.9,0,40.7,25.1,52.0,1006.9
2024-05-19T13:13:39.508000+00:00,9515,137,1235,1.9,0,40.5,25.0,51.0,1006.8
2024-05-19T13:14:39.500000+00:00,9515,145,1235,2.4,0,40.4,25.1,51.0,1006.8
2024-05-19T13:15:39.507000+00:00,9515,117,1235,2.5,0,40.1,24.9,51.0,1006.8
2024-05-19T13:16:39.518000+00:00,9515,131,1235,1.5,0,40.1,24.9,51.0,1006.8
2024-05-19T13:17:39.498000+00:00,9515,123,1235,3.4,0,39.6,24.8,50.0,1006.8
2024-05-19T13:18:39.514000+00:00,9515,133,1235,1.3,0,39.4,24.7,50.0,1006.8
2024-05-19T13:19:39.527000+00:00,9515,144,1235,3.4,0,39.4,24.8,49.0,1006.8
2024-05-19T13:20:39.522000+00:00,9515,99,1235,2.3,0,39.8,25.0,49.0,1006.8
2024-05-19T13:21:39.542000+00:00,9515,143,1235,1.3,0,40.1,25.0,50.0,1006.6
2024-05-19T13:22:39.583000+00:00,9515,164,1235,2.4,0,41.0,25.1,49.0,1006.7
2024-05-19T13:23:39.580000+00:00,9515,119,1235,2.6,0,41.3,25.2,49.0,1006.6
2024-05-19T13:24:39.564000+00:00,9515,138,1235,1.8,0,41.3,25.1,49.0,1006.7
2024-05-19T13:25:39.562000+00:00,9515,101,1235,2.8,0,42.0,25.1,49.0,1006.6
2024-05-19T13:26:39.561000+00:00,9515,134,1235,2.6,0,42.0,25.1,47.0,1006.7
2024-05-19T13:27:39.598000+00:00,9515,133,1235,4.1,0,41.9,25.3,48.0,1006.5
2024-05-19T13:28:39.632000+00:00,9515,137,1235,3.7,0,42.2,25.3,48.0,1006.6
2024-05-19T13:29:39.616000+00:00,9515,118,1235,4.2,0,42.3,25.4,48.0,1006.7
2024-05-19T13:30:39.648000+00:00,9515,136,1235,2.4,0,42.2,25.5,47.0,1006.7
2024-05-19T13:31:39.650000+00:00,9515,123,1235,1.7,0,42.0,25.5,47.0,1006.5
2024-05-19T13:32:39.648000+00:00,9515,151,1235,2.5,0,41.8,25.5,48.0,1006.5
2024-05-19T13:33:39.677000+00:00,9515,111,1235,3.0,0,42.2,25.5,48.0,1006.4
2024-05-19T13:34:39.698000+00:00,9515,124,1235,2.6,0,42.4,25.5,47.0,1006.5
2024-05-19T13:35:39.708000+00:00,9515,101,1235,2.7,0,42.3,25.5,46.0,1006.6
2024-05-19T13:36:39.706000+00:00,9515,123,1235,2.8,0,42.1,25.5,46.0,1006.5
2024-05-19T13:37:39.724000+00:00,9515,110,1235,2.0,0,42.2,25.4,47.0,1006.5
2024-05-19T13:38:39.749000+00:00,9515,136,1235,2.7,0,42.6,25.3,45.0,1006.4
2024-05-19T13:39:39.764000+00:00,9515,140,1235,3.0,0,43.0,25.3,45.0,1006.5
2024-05-19T13:40:39.766000+00:00,9515,138,1235,5.0,0,42.0,25.3,46.0,1006.4
2024-05-19T13:41:39.767000+00:00,9515,128,1235,2.5,0,41.9,25.4,46.0,1006.4
2024-05-19T13:42:39.788000+00:00,9515,124,1235,2.4,0,42.6,25.4,46.0,1006.4
2024-05-19T13:43:39.795000+00:00,9515,104,1235,2.0,0,42.5,25.5,46.0,1006.5
2024-05-19T13:44:39.815000+00:00,9515,137,1235,2.1,0,42.4,25.5,46.0,1006.3
2024-05-19T13:45:39.804000+00:00,9515,136,1235,2.1,0,42.4,25.6,47.0,1006.5
2024-05-19T13:46:39.833000+00:00,9515,143,1235,2.5,0,42.3,25.6,46.0,1006.4
2024-05-19T13:47:39.818000+00:00,9515,183,1235,2.4,0,42.5,25.7,46.0,1006.3
2024-05-19T13:48:39.839000+00:00,9515,141,1235,1.0,0,42.6,25.7,45.0,1006.3
2024-05-19T13:49:39.822000+00:00,9515,138,1235,1.8,0,42.9,25.6,45.0,1006.2
2024-05-19T13:50:39.851000+00:00,9515,139,1235,4.2,0,42.6,25.6,44.0,1006.2
2024-05-19T13:51:39.838000+00:00,9515,119,1235,3.9,0,42.6,25.7,45.0,1006.2
2024-05-19T13:52:39.847000+00:00,9515,135,1235,2.5,0,42.1,25.7,45.0,1006.2
2024-05-19T13:53:39.846000+00:00,9515,121,1235,2.1,0,42.3,25.8,45.0,1006.2
2024-05-19T13:54:39.852000+00:00,9515,131,1235,2.9,0,42.4,25.7,46.0,1006.2
2024-05-19T13:55:39.861000+00:00,9515,131,1235,4.3,0,42.6,25.6,45.0,1006.1
2024-05-19T13:56:39.874000+00:00,9515,148,1235,2.5,0,42.5,25.7,44.0,1006.1
2024-05-19T13:57:39.904000+00:00,9515,136,1235,2.1,0,42.0,25.8,44.0,1006.3
2024-05-19T13:58:39.916000+00:00,9515,123,1235,2.2,0,42.0,25.8,45.0,1006.1
2024-05-19T13:59:39.904000+00:00,9515,134,1235,3.3,0,42.0,25.6,45.0,1006.2
2024-05-19T14:00:39.928000+00:00,9515,143,1235,3.7,0,41.8,25.7,44.0,1006.2
2024-05-19T14:01:39.907000+00:00,9515,111,1235,3.0,0,41.6,25.7,44.0,1006.1
2024-05-19T14:02:39.911000+00:00,9515,104,1235,2.4,0,41.6,25.7,44.0,1006.1
2024-05-19T14:03:39.905000+00:00,9515,138,1235,2.7,0,42.1,25.8,44.0,1006.2
2024-05-19T14:04:39.931000+00:00,9515,115,1235,2.2,0,42.1,25.8,44.0,1006.2
2024-05-19T14:05:39.912000+00:00,9515,119,1235,1.5,0,42.0,25.8,44.0,1006.2
2024-05-19T14:06:39.933000+00:00,9515,124,1235,2.6,0,41.5,25.8,44.0,1006.2
2024-05-19T14:07:39.953000+00:00,9515,139,1235,1.9,0,40.5,25.9,45.0,1006.2
2024-05-19T14:08:39.956000+00:00,9515,110,1235,3.3,0,40.1,25.8,45.0,1006.1
2024-05-19T14:09:39.973000+00:00,9515,110,1235,2.4,0,39.7,25.6,45.0,1006.1
2024-05-19T14:10:39.967000+00:00,9515,125,1235,1.6,0,39.5,25.6,45.0,1006.1
2024-05-19T14:11:40.001000+00:00,9515,120,1235,3.1,0,39.3,25.6,45.0,1006.1
2024-05-19T14:12:39.995000+00:00,9515,137,1235,3.2,0,39.1,25.6,44.0,1006.1
2024-05-19T14:13:40.025000+00:00,9515,137,1235,3.2,0,39.1,25.6,44.0,1006.1
2024-05-19T14:14:40.043000+00:00,9515,131,1235,1.9,0,39.1,25.5,44.0,1006.2
2024-05-19T14:15:40.045000+00:00,9515,142,1235,2.4,0,39.0,25.5,45.0,1006.1
2024-05-19T14:16:40.039000+00:00,9515,122,1235,3.1,0,39.4,25.5,45.0,1006.2
2024-05-19T14:17:40.050000+00:00,9515,112,1235,1.9,0,39.1,25.5,45.0,1006.1
2024-05-19T14:18:40.042000+00:00,9515,120,1235,1.6,0,38.6,25.4,45.0,1006.2
2024-05-19T14:19:40.063000+00:00,9515,143,1235,1.9,0,38.9,25.3,45.0,1006.1
2024-05-19T14:20:40.064000+00:00,9515,123,1235,1.7,0,38.9,25.4,45.0,1006.1
2024-05-19T14:21:40.097000+00:00,9515,116,1235,2.2,0,38.9,25.4,44.0,1006.1
2024-05-19T14:22:40.106000+00:00,9515,119,1235,2.0,0,38.9,25.5,44.0,1006.1
2024-05-19T14:23:40.111000+00:00,9515,119,1235,2.3,0,38.8,25.4,44.0,1006.1
2024-05-19T14:24:40.140000+00:00,9515,150,1235,1.5,0,38.7,25.4,44.0,1006.1
2024-05-19T14:25:40.110000+00:00,9515,135,1235,1.2,0,39.1,25.5,45.0,1006.1
2024-05-19T14:26:40.149000+00:00,9515,124,1235,2.2,0,40.2,25.6,44.0,1006.0
2024-05-19T14:27:40.126000+00:00,9515,129,1235,1.8,0,40.6,25.8,43.0,1006.1
2024-05-19T14:28:40.132000+00:00,9515,141,1235,1.3,0,40.6,25.9,43.0,1006.1
2024-05-19T14:29:40.132000+00:00,9515,85,1235,1.5,0,41.1,26.0,42.0,1006.1
2024-05-19T14:30:40.148000+00:00,9515,119,1235,0.8,0,41.3,26.1,42.0,1006.1
2024-05-26T12:08:59.482000+00:00,9523,27,1236,1.1,0,49.4,21.1,69.0,1019.1
2024-05-26T12:09:59.476000+00:00,9523,2,1236,0.8,0,49.5,21.1,68.0,1019.1
2024-05-26T12:10:59.483000+00:00,9523,3,1236,0.9,0,50.0,21.0,68.0,1019.2
2024-05-26T12:11:59.471000+00:00,9523,8,1236,0.7,0,48.3,21.0,68.0,1019.1
2024-05-26T12:12:59.483000+00:00,9523,107,1236,1.2,0,48.4,20.9,66.0,1019.1
2024-05-26T12:13:59.480000+00:00,9523,1,1236,0.4,0,48.4,21.0,66.0,1019.1
2024-05-26T12:14:59.486000+00:00,9523,329,1236,1.3,0,48.0,21.1,67.0,1019.1
2024-05-26T12:15:59.478000+00:00,9523,38,1236,1.4,0,47.8,21.0,67.0,1019.1
2024-05-26T12:16:59.505000+00:00,9523,9,1236,1.0,0,48.0,21.0,66.0,1019.0
2024-05-26T12:17:59.498000+00:00,9523,22,1236,1.1,0,48.0,21.2,66.0,1019.1
2024-05-26T12:18:59.517000+00:00,9523,353,1236,1.3,0,48.0,21.1,66.0,1019.0
2024-05-26T12:19:59.512000+00:00,9523,352,1236,1.1,0,48.4,21.1,68.0,1018.9
2024-05-26T12:20:59.511000+00:00,9523,348,1236,1.0,0,48.0,21.1,67.0,1019.0
2024-05-26T12:21:59.563000+00:00,9523,6,1236,0.8,0,48.3,21.1,67.0,1019.1
2024-05-26T12:22:59.551000+00:00,9523,27,1236,1.1,0,48.1,21.1,68.0,1019.0
2024-05-26T12:23:59.569000+00:00,9523,329,1236,1.1,0,48.3,21.1,68.0,1019.1
2024-05-26T12:24:59.579000+00:00,9523,22,1236,1.0,0,48.3,21.1,67.0,1019.0
2024-05-26T12:25:59.591000+00:00,9523,357,1236,1.4,0,48.1,21.2,67.0,1019.0
2024-05-26T12:26:59.587000+00:00,9523,210,1236,1.1,0,48.1,21.1,67.0,1019.0
2024-05-26T12:27:59.588000+00:00,9523,215,1236,2.2,0,48.7,21.2,66.0,1018.9
2024-05-26T12:28:59.612000+00:00,9523,0,1236,1.4,0,48.7,21.3,66.0,1019.0
2024-05-26T12:29:59.619000+00:00,9523,333,1236,0.7,0,48.5,21.3,66.0,1019.0
2024-05-26T12:30:59.617000+00:00,9523,210,1236,0.6,0,48.5,21.3,67.0,1019.0
2024-05-26T12:31:59.609000+00:00,9523,228,1236,1.1,0,45.8,21.2,67.0,1019.0
2024-05-26T12:32:59.612000+00:00,9523,19,1236,0.7,0,45.8,21.2,68.0,1019.1
2024-05-26T12:33:59.619000+00:00,9523,233,1236,0.7,0,45.8,21.3,68.0,1019.0
2024-05-26T12:34:59.617000+00:00,9523,237,1236,0.8,0,46.4,21.3,69.0,1019.0
2024-05-26T12:35:59.626000+00:00,9523,213,1236,1.5,0,46.6,21.3,69.0,1019.1
2024-05-26T12:36:59.618000+00:00,9523,0,1236,2.3,0,46.6,21.2,69.0,1019.0
2024-05-26T12:37:59.618000+00:00,9523,0,1236,0.6,0,47.3,21.2,69.0,1019.0
2024-05-26T12:38:59.620000+00:00,9523,225,1236,0.0,0,47.9,21.2,68.0,1019.0
2024-05-26T12:39:59.619000+00:00,9523,9,1236,0.4,0,47.3,21.2,68.0,1018.9
2024-05-26T12:40:59.616000+00:00,9523,7,1236,1.9,0,47.4,21.4,67.0,1018.9
2024-05-26T12:41:59.625000+00:00,9523,358,1236,1.1,0,47.4,21.3,67.0,1019.0
2024-05-26T12:42:59.627000+00:00,9523,355,1236,0.7,0,47.7,21.3,67.0,1019.0
2024-05-26T12:43:59.623000+00:00,9523,213,1236,0.9,0,48.6,21.3,67.0,1019.0
2024-05-26T12:44:59.628000+00:00,9523,337,1236,0.9,0,49.2,21.2,67.0,1018.9
2024-05-26T12:45:59.622000+00:00,9523,204,1236,0.7,0,48.9,21.3,67.0,1019.0
2024-05-26T12:46:59.630000+00:00,9523,229,1236,0.9,0,48.5,21.3,68.0,1019.0
2024-05-26T12:47:59.629000+00:00,9523,211,1236,0.8,0,48.7,21.4,68.0,1018.9
2024-05-26T12:48:59.619000+00:00,9523,343,1236,0.6,0,48.7,21.5,67.0,1018.9
2024-05-26T12:49:59.634000+00:00,9523,0,1236,0.5,0,48.8,21.6,67.0,1018.9
2024-05-26T12:50:59.633000+00:00,9523,21,1236,0.4,0,48.4,21.4,66.0,1018.9
2024-05-26T12:51:59.633000+00:00,9523,56,1236,1.1,0,48.3,21.5,66.0,1018.8
2024-05-26T12:52:59.636000+00:00,9523,56,1236,1.0,0,48.0,21.5,66.0,1018.8
2024-05-26T12:53:59.629000+00:00,9523,20,1236,1.2,0,48.0,21.4,66.0,1018.8
2024-05-26T12:54:59.642000+00:00,9523,209,1236,1.1,0,47.4,21.4,67.0,1018.9
2024-05-26T12:55:59.659000+00:00,9523,324,1236,0.8,0,47.0,21.4,66.0,1018.9
2024-05-26T12:56:59.649000+00:00,9523,333,1236,0.7,0,47.6,21.4,67.0,1019.0
2024-05-26T12:57:59.645000+00:00,9523,202,1236,0.4,0,47.0,21.3,67.0,1019.1
2024-05-26T12:58:59.674000+00:00,9523,238,1236,0.9,0,46.9,21.2,68.0,1018.9
2024-05-26T12:59:59.688000+00:00,9523,0,1236,0.8,0,47.0,21.2,68.0,1019.0
2024-05-26T13:00:59.687000+00:00,9523,11,1236,0.5,0,47.3,21.3,67.0,1018.9
2024-05-26T13:01:59.688000+00:00,9523,9,1236,1.5,0,48.1,21.5,67.0,1018.8
2024-05-26T13:02:59.689000+00:00,9523,0,1236,0.9,0,48.4,21.6,66.0,1018.9
2024-05-26T13:03:59.687000+00:00,9523,255,1236,0.6,0,48.4,21.6,66.0,1018.9
2024-05-26T13:04:59.729000+00:00,9523,328,1236,0.4,0,48.0,21.6,64.0,1018.9
2024-05-26T13:05:59.717000+00:00,9523,7,1236,1.3,0,48.3,21.7,65.0,1018.9
2024-05-26T13:06:59.741000+00:00,9523,222,1236,1.2,0,48.3,21.6,65.0,1018.8
2024-05-26T13:07:59.734000+00:00,9523,207,1236,2.0,0,48.1,21.6,65.0,1018.9
2024-05-26T13:08:59.746000+00:00,9523,214,1236,2.5,0,47.7,21.6,68.0,1018.9
2024-05-26T13:09:59.760000+00:00,9523,212,1236,1.2,0,47.7,21.3,69.0,1018.9
2024-05-26T13:10:59.765000+00:00,9523,216,1236,1.4,0,48.1,21.3,68.0,1018.9
2024-05-26T13:11:59.761000+00:00,9523,0,1236,0.5,0,47.9,21.4,67.0,1018.9
2024-05-26T13:12:59.812000+00:00,9523,49,1236,0.5,0,47.2,21.4,69.0,1018.9
2024-05-26T13:13:59.769000+00:00,9523,125,1236,0.9,0,47.1,21.5,69.0,1018.8
2024-05-26T13:14:59.771000+00:00,9523,15,1236,0.4,0,47.3,21.4,68.0,1018.8
2024-05-26T13:15:59.763000+00:00,9523,6,1236,1.2,0,47.5,21.3,68.0,1018.8
2024-05-26T13:16:59.770000+00:00,9523,203,1236,1.3,0,47.7,21.3,68.0,1018.9
2024-05-26T13:17:59.770000+00:00,9523,5,1236,1.7,0,48.2,21.2,69.0,1018.8
2024-05-26T13:18:59.774000+00:00,9523,48,1236,1.0,0,49.3,21.3,69.0,1018.9
2024-05-26T13:19:59.769000+00:00,9523,329,1236,0.8,0,49.5,21.3,69.0,1018.8
2024-05-26T13:20:59.774000+00:00,9523,0,1236,0.7,0,49.5,21.3,67.0,1018.9
2024-05-26T13:21:59.772000+00:00,9523,34,1236,0.3,0,49.4,21.4,67.0,1018.9
2024-05-26T13:22:59.770000+00:00,9523,327,1236,1.2,0,49.2,21.3,68.0,1018.8
2024-05-26T13:23:59.783000+00:00,9523,20,1236,0.8,0,49.4,21.3,67.0,1018.9
2024-05-26T13:24:59.783000+00:00,9523,314,1236,0.8,0,49.9,21.3,67.0,1018.8
2024-05-26T13:25:59.770000+00:00,9523,189,1236,0.8,0,49.5,21.3,68.0,1018.8
2024-05-26T13:26:59.821000+00:00,9523,223,1236,0.4,0,49.8,21.4,67.0,1018.9
2024-05-26T13:27:59.799000+00:00,9523,16,1236,1.2,0,49.6,21.5,67.0,1018.9
2024-05-26T13:28:59.792000+00:00,9523,323,1236,0.7,0,49.6,21.5,68.0,1018.8
2024-05-26T13:29:59.809000+00:00,9523,350,1236,1.5,0,49.9,21.5,67.0,1018.8
2024-05-26T13:30:59.819000+00:00,9523,10,1236,0.9,0,49.7,21.6,65.0,1018.8
2024-05-26T13:31:59.841000+00:00,9523,13,1236,1.7,0,49.1,21.6,65.0,1018.8
2024-05-26T13:32:59.824000+00:00,9523,10,1236,1.3,0,48.4,21.7,66.0,1018.8
2024-05-26T13:33:59.875000+00:00,9523,16,1236,1.4,0,48.8,21.7,65.0,1018.8
2024-05-26T13:34:59.854000+00:00,9523,17,1236,1.1,0,49.5,21.6,64.0,1018.7
2024-05-26T13:35:59.843000+00:00,9523,26,1236,1.2,0,49.0,21.6,64.0,1018.8
2024-05-26T13:36:59.867000+00:00,9523,25,1236,1.6,0,48.6,21.6,65.0,1018.8
2024-05-26T13:37:59.868000+00:00,9523,357,1236,1.7,0,48.5,21.5,64.0,1018.9
2024-05-26T13:38:59.884000+00:00,9523,19,1236,0.5,0,48.5,21.5,64.0,1018.9
2024-05-26T13:39:59.879000+00:00,9523,330,1236,0.8,0,49.4,21.5,62.0,1018.8
2024-05-26T13:40:59.889000+00:00,9523,347,1236,1.2,0,49.4,21.5,63.0,1018.9
2024-05-26T13:41:59.904000+00:00,9523,0,1236,1.5,0,49.4,21.5,64.0,1018.9
2024-05-26T13:42:59.913000+00:00,9523,342,1236,1.5,0,49.3,21.5,64.0,1018.9
2024-05-26T13:43:59.912000+00:00,9523,348,1236,1.5,0,49.3,21.5,64.0,1018.9
2024-05-26T13:44:59.921000+00:00,9523,9,1236,0.8,0,48.1,21.5,65.0,1018.9
2024-05-26T13:45:59.921000+00:00,9523,231,1236,0.7,0,48.1,21.5,66.0,1018.9
2024-05-26T13:46:59.922000+00:00,9523,356,1236,1.4,0,48.6,21.6,66.0,1018.7
2024-05-26T13:47:59.928000+00:00,9523,0,1236,0.6,0,49.2,21.6,65.0,1018.8
2024-05-26T13:48:59.928000+00:00,9523,0,1236,0.6,0,49.2,21.7,63.0,1018.9
2024-05-26T13:49:59.920000+00:00,9523,57,1236,0.6,0,48.8,21.7,63.0,1018.8
2024-05-26T13:50:59.927000+00:00,9523,353,1236,2.0,0,48.2,21.6,64.0,1018.9
2024-05-26T13:51:59.926000+00:00,9523,0,1236,1.0,0,48.2,21.6,63.0,1018.8
2024-05-26T13:52:59.922000+00:00,9523,6,1236,0.4,0,48.7,21.8,64.0,1018.9
2024-05-26T13:53:59.924000+00:00,9523,104,1236,1.4,0,48.0,21.8,64.0,1018.9
2024-05-26T13:54:59.926000+00:00,9523,253,1236,0.9,0,47.9,21.9,63.0,1018.9
2024-05-26T13:55:59.911000+00:00,9523,340,1236,1.1,0,47.9,22.0,64.0,1018.8
2024-05-26T13:56:59.929000+00:00,9523,289,1236,0.7,0,47.4,22.1,65.0,1018.8
2024-05-26T13:57:59.917000+00:00,9523,187,1236,0.9,0,47.9,22.1,63.0,1018.8
2024-05-26T13:58:59.919000+00:00,9523,9,1236,1.3,0,47.9,22.2,61.0,1018.9
2024-05-26T13:59:59.932000+00:00,9523,2,1236,0.6,0,47.3,22.3,63.0,1018.8
2024-05-26T14:00:59.923000+00:00,9523,208,1236,1.2,0,47.2,22.1,64.0,1018.8
2024-05-26T14:01:59.938000+00:00,9523,0,1236,1.2,0,47.1,22.0,62.0,1018.8
2024-05-26T14:02:59.929000+00:00,9523,22,1236,0.5,0,47.1,22.0,63.0,1018.7
2024-05-26T14:03:59.925000+00:00,9523,351,1236,1.1,0,47.1,22.0,62.0,1018.8
2024-05-26T14:04:59.929000+00:00,9523,154,1236,0.5,0,46.0,22.0,64.0,1018.7
2024-05-26T14:05:59.937000+00:00,9523,8,1236,1.3,0,46.1,21.8,64.0,1018.8
2024-05-26T14:06:59.931000+00:00,9523,38,1236,1.1,0,46.7,21.6,64.0,1018.7
2024-05-26T14:07:59.939000+00:00,9523,101,1236,0.8,0,47.2,21.7,63.0,1018.7
2024-05-26T14:08:59.936000+00:00,9523,221,1236,0.7,0,46.7,21.8,61.0,1018.6
2024-05-26T14:09:59.935000+00:00,9523,36,1236,1.3,0,46.6,21.9,61.0,1018.8
2024-05-26T14:10:59.930000+00:00,9523,337,1236,0.9,0,45.8,21.9,62.0,1018.8
2024-05-26T14:11:59.931000+00:00,9523,0,1236,1.3,0,45.8,21.9,64.0,1018.7
2024-05-26T14:12:59.932000+00:00,9523,273,1236,1.6,0,45.9,21.8,65.0,1018.8
2024-05-26T14:13:59.942000+00:00,9523,198,1236,0.5,0,45.9,21.8,65.0,1018.8
2024-05-26T14:14:59.931000+00:00,9523,356,1236,1.1,0,46.1,21.7,63.0,1018.7
2024-05-26T14:15:59.933000+00:00,9523,272,1236,1.4,0,46.3,21.8,64.0,1018.7
2024-05-26T14:16:59.941000+00:00,9523,183,1236,0.9,0,45.7,21.7,63.0,1018.7
2024-05-26T14:17:59.950000+00:00,9523,325,1236,1.3,0,45.7,21.7,62.0,1018.6
2024-05-26T14:18:59.947000+00:00,9523,23,1236,0.7,0,46.0,21.8,64.0,1018.5
2024-05-26T14:19:59.946000+00:00,9523,296,1236,0.6,0,46.0,21.9,63.0,1018.6
2024-05-26T14:20:59.936000+00:00,9523,213,1236,1.0,0,46.0,21.9,62.0,1018.6
2024-05-26T14:21:59.948000+00:00,9523,215,1236,1.7,0,45.6,22.0,63.0,1018.5
2024-05-26T14:22:59.939000+00:00,9523,220,1236,0.9,0,45.9,22.0,62.0,1018.5
2024-05-26T14:23:59.937000+00:00,9523,265,1236,0.6,0,46.4,22.0,61.0,1018.6
2024-05-26T14:24:59.939000+00:00,9523,217,1236,0.4,0,45.5,22.1,61.0,1018.6
2024-05-26T14:25:59.945000+00:00,9523,237,1236,0.9,0,45.5,22.0,61.0,1018.6
2024-05-26T14:26:59.961000+00:00,9523,245,1236,1.0,0,45.6,21.9,62.0,1018.5
2024-05-26T14:27:59.963000+00:00,9523,269,1236,0.9,0,45.9,21.9,62.0,1018.6
2024-05-26T14:28:59.982000+00:00,9523,268,1236,1.0,0,45.9,22.0,61.0,1018.5
2024-05-26T14:29:59.998000+00:00,9523,0,1236,0.9,0,45.1,22.0,62.0,1018.6
2024-05-26T14:30:59.990000+00:00,9523,358,1236,0.6,0,44.5,21.9,65.0,1018.6
2024-05-26T14:32:00+00:00,9523,234,1236,1.2,0,44.4,21.8,64.0,1018.5
2024-05-26T14:33:00.001000+00:00,9523,305,1236,1.5,0,44.4,21.7,63.0,1018.5
2024-05-26T14:34:00.005000+00:00,9523,271,1236,1.0,0,44.5,21.8,63.0,1018.5
2024-05-26T14:35:00.023000+00:00,9523,169,1236,0.7,0,44.8,21.8,62.0,1018.6
2024-05-26T14:36:00.036000+00:00,9523,0,1236,0.5,0,44.7,21.8,62.0,1018.6
2024-05-26T14:37:00.034000+00:00,9523,269,1236,0.8,0,44.4,21.9,61.0,1018.6
2024-05-26T14:38:00.063000+00:00,9523,111,1236,0.8,0,44.4,22.0,60.0,1018.5
2024-05-26T14:39:00.064000+00:00,9523,30,1236,0.5,0,44.4,22.0,62.0,1018.4
2024-05-26T14:40:00.065000+00:00,9523,0,1236,0.5,0,44.7,21.9,61.0,1018.5
2024-05-26T14:41:00.071000+00:00,9523,0,1236,0.9,0,44.8,21.9,59.0,1018.5
2024-05-26T14:42:00.072000+00:00,9523,227,1236,1.0,0,44.8,21.9,59.0,1018.6
2024-05-26T14:43:00.096000+00:00,9523,192,1236,0.5,0,44.5,22.0,58.0,1018.5
2024-05-26T14:44:00.080000+00:00,9523,206,1236,0.8,0,44.2,22.0,58.0,1018.5
2024-05-26T14:45:00.084000+00:00,9523,203,1236,1.8,0,44.5,21.9,57.0,1018.3
2024-05-26T14:46:00.088000+00:00,9523,276,1236,1.8,0,44.5,22.0,58.0,1018.4
2024-05-26T14:47:00.124000+00:00,9523,205,1236,0.7,0,43.8,22.0,57.0,1018.5
2024-05-26T14:48:00.101000+00:00,9523,218,1236,1.1,0,43.8,22.0,58.0,1018.4
2024-05-26T14:49:00.103000+00:00,9523,0,1236,1.7,0,43.7,22.0,57.0,1018.4
2024-05-26T14:50:00.099000+00:00,9523,354,1236,1.0,0,43.7,21.9,58.0,1018.5
2024-05-26T14:51:00.103000+00:00,9523,89,1236,1.1,0,43.7,21.9,58.0,1018.5
2024-05-26T14:52:00.124000+00:00,9523,200,1236,0.7,0,43.0,21.8,58.0,1018.6
2024-05-26T14:53:00.132000+00:00,9523,52,1236,1.0,0,43.2,21.8,57.0,1018.5
2024-05-26T14:54:00.144000+00:00,9523,321,1236,0.8,0,43.2,21.9,58.0,1018.5
2024-05-26T14:55:00.133000+00:00,9523,228,1236,1.1,0,43.0,21.9,59.0,1018.6
2024-05-26T14:56:00.150000+00:00,9523,236,1236,1.4,0,42.8,21.9,59.0,1018.4
2024-05-26T14:57:00.138000+00:00,9523,0,1236,1.1,0,42.5,21.7,59.0,1018.4
2024-05-26T14:58:00.137000+00:00,9523,59,1236,0.9,0,42.4,21.7,60.0,1018.4
2024-05-26T14:59:00.152000+00:00,9523,140,1236,0.8,0,42.2,21.6,60.0,1018.4
2024-05-26T15:00:00.162000+00:00,9523,0,1236,0.6,0,42.4,21.7,59.0,1018.5
2024-05-26T15:01:00.181000+00:00,9523,30,1236,1.2,0,42.2,21.8,60.0,1018.5
2024-05-26T15:02:00.195000+00:00,9523,9,1236,1.1,0,41.9,21.6,61.0,1018.4
2024-05-26T15:03:00.191000+00:00,9523,284,1236,0.5,0,42.3,21.5,61.0,1018.5
2024-05-26T15:04:00.186000+00:00,9523,222,1236,0.6,0,42.3,21.6,60.0,1018.4
2024-05-26T15:05:00.194000+00:00,9523,241,1236,0.9,0,42.0,21.6,60.0,1018.4
2024-05-26T15:06:00.203000+00:00,9523,264,1236,1.2,0,42.0,21.8,59.0,1018.4
2024-05-26T15:07:00.223000+00:00,9523,284,1236,0.8,0,42.0,22.0,60.0,1018.5
2024-05-26T15:08:00.233000+00:00,9523,47,1236,0.8,0,41.2,21.9,60.0,1018.3
2024-05-26T15:09:00.230000+00:00,9523,215,1236,0.9,0,42.0,21.9,60.0,1018.4
2024-05-26T15:10:00.236000+00:00,9523,283,1236,1.2,0,41.7,21.9,59.0,1018.4
2024-05-26T15:11:00.228000+00:00,9523,325,1236,1.7,0,41.7,22.0,59.0,1018.3
2024-05-26T15:12:00.218000+00:00,9523,58,1236,1.0,0,41.6,22.0,60.0,1018.3
2024-05-26T15:13:00.220000+00:00,9523,14,1236,0.7,0,40.9,21.8,60.0,1018.4
2024-05-26T15:14:00.230000+00:00,9523,229,1236,0.8,0,41.1,21.7,61.0,1018.4
2024-05-26T15:15:00.235000+00:00,9523,224,1236,0.8,0,41.6,21.8,60.0,1018.5
2024-05-26T15:16:00.228000+00:00,9523,209,1236,1.0,0,41.6,21.8,60.0,1018.4
2024-05-26T15:17:00.226000+00:00,9523,0,1236,0.4,0,41.1,21.7,60.0,1018.4
2024-05-26T15:18:00.231000+00:00,9523,58,1236,0.7,0,41.0,21.6,61.0,1018.4
2024-05-26T15:19:00.234000+00:00,9523,214,1236,0.9,0,40.5,21.6,62.0,1018.4
2024-05-26T15:20:00.240000+00:00,9523,209,1236,0.5,0,40.5,21.6,61.0,1018.4
2024-05-26T15:21:00.234000+00:00,9523,293,1236,1.1,0,40.8,21.7,61.0,1018.4
2024-05-26T15:22:00.241000+00:00,9523,214,1236,0.7,0,40.8,21.7,61.0,1018.4
2024-05-26T15:23:00.259000+00:00,9523,353,1236,0.6,0,40.6,21.7,61.0,1018.4
2024-05-26T15:24:00.273000+00:00,9523,224,1236,0.9,0,40.6,21.7,61.0,1018.4
2024-05-26T15:25:00.287000+00:00,9523,219,1236,1.2,0,40.9,21.8,61.0,1018.4
2024-05-26T15:26:00.289000+00:00,9523,284,1236,0.8,0,40.9,21.8,61.0,1018.4
2024-05-26T15:27:00.284000+00:00,9523,0,1236,0.8,0,40.2,21.8,62.0,1018.4
2024-05-26T15:28:00.288000+00:00,9523,168,1236,0.6,0,40.3,21.7,62.0,1018.5
2024-06-09T17:59:12.613000+00:00,9531,179,1237,0.6,1,21.1,16.3,78.0,996.4
2024-06-09T18:00:12.631000+00:00,9531,182,1237,1.0,1,21.2,16.3,78.0,996.5
2024-06-09T18:01:12.621000+00:00,9531,161,1237,1.3,1,21.0,16.3,76.0,996.4
2024-06-09T18:02:12.622000+00:00,9531,98,1237,0.9,1,20.8,16.3,77.0,996.4
2024-06-09T18:03:12.617000+00:00,9531,58,1237,1.4,1,20.7,16.3,77.0,996.3
2024-06-09T18:04:12.637000+00:00,9531,179,1237,1.8,1,20.7,16.3,74.0,996.4
2024-06-09T18:05:12.629000+00:00,9531,220,1237,1.5,1,20.7,16.3,76.0,996.3
2024-06-09T18:06:12.634000+00:00,9531,96,1237,1.1,1,20.6,16.3,75.0,996.3
2024-06-09T18:07:12.654000+00:00,9531,115,1237,1.4,1,20.4,16.2,74.0,996.4
2024-06-09T18:08:12.671000+00:00,9531,146,1237,0.7,1,20.0,16.2,75.0,996.2
2024-06-09T18:09:12.675000+00:00,9531,104,1237,1.3,1,19.9,16.0,76.0,996.2
2024-06-09T18:10:12.684000+00:00,9531,343,1237,0.9,1,19.9,16.0,78.0,996.3
2024-06-09T18:11:12.702000+00:00,9531,142,1237,0.8,1,19.9,15.9,78.0,996.2
2024-06-09T18:12:12.702000+00:00,9531,4,1237,1.7,1,20.0,16.0,78.0,996.2
2024-06-09T18:13:12.692000+00:00,9531,115,1237,0.5,1,20.1,16.0,79.0,996.3
2024-06-09T18:14:12.697000+00:00,9531,143,1237,1.4,1,20.3,15.9,77.0,996.3
2024-06-09T18:15:12.690000+00:00,9531,313,1237,1.3,1,20.5,16.0,80.0,996.3
2024-06-09T18:16:12.705000+00:00,9531,119,1237,0.7,1,23.0,16.1,78.0,996.2
2024-06-09T18:17:12.708000+00:00,9531,209,1237,1.1,1,23.8,16.5,78.0,996.3
2024-06-09T18:18:12.703000+00:00,9531,1,1237,1.2,0,24.5,16.5,78.0,996.3
2024-06-09T18:19:12.708000+00:00,9531,148,1237,1.2,0,24.8,16.8,76.0,996.3
2024-06-09T18:20:12.708000+00:00,9531,132,1237,0.7,0,25.3,17.0,79.0,996.3
2024-06-09T18:21:12.705000+00:00,9531,0,1237,0.5,0,25.7,17.3,78.0,996.4
2024-06-09T18:22:12.704000+00:00,9531,137,1237,0.6,0,25.8,17.4,74.0,996.3
2024-06-09T18:23:12.711000+00:00,9531,185,1237,1.1,0,25.8,17.5,72.0,996.3
2024-06-09T18:24:12.719000+00:00,9531,79,1237,1.4,0,25.9,17.5,74.0,996.2
2024-06-09T18:25:12.709000+00:00,9531,348,1237,1.5,0,26.1,17.5,72.0,996.3
2024-06-09T18:26:12.709000+00:00,9531,25,1237,1.5,0,26.3,17.6,73.0,996.3
2024-06-09T18:27:12.709000+00:00,9531,34,1237,1.9,0,26.3,17.7,72.0,996.2
2024-06-09T18:28:12.710000+00:00,9531,98,1237,1.2,0,26.3,17.9,73.0,996.2
2024-06-09T18:29:12.714000+00:00,9531,0,1237,1.0,0,26.5,17.9,72.0,996.2
2024-06-09T18:30:12.721000+00:00,9531,104,1237,0.8,0,26.7,17.9,70.0,996.2
2024-06-09T18:31:12.719000+00:00,9531,94,1237,1.1,0,26.7,18.0,71.0,996.2
2024-06-09T18:32:12.747000+00:00,9531,84,1237,1.6,0,26.6,18.0,72.0,996.2
2024-06-09T18:33:12.711000+00:00,9531,358,1237,0.9,0,26.7,18.1,71.0,996.3
2024-06-09T18:34:12.709000+00:00,9531,284,1237,0.7,0,27.0,18.2,72.0,996.3
2024-06-09T18:35:12.718000+00:00,9531,169,1237,0.9,0,27.0,18.2,71.0,996.2
2024-06-09T18:36:12.720000+00:00,9531,187,1237,0.6,0,26.9,18.2,72.0,996.2
2024-06-09T18:37:12.720000+00:00,9531,212,1237,1.2,0,27.3,18.3,71.0,996.3
2024-06-09T18:38:12.730000+00:00,9531,358,1237,1.2,0,27.3,18.3,71.0,996.2
2024-06-09T18:39:12.762000+00:00,9531,34,1237,0.8,0,27.2,18.4,71.0,996.2
2024-06-09T18:40:12.760000+00:00,9531,35,1237,1.1,0,26.1,18.4,71.0,996.2
2024-06-09T18:41:12.761000+00:00,9531,47,1237,1.0,0,25.2,18.5,70.0,996.3
2024-06-09T18:42:12.775000+00:00,9531,337,1237,1.1,0,24.5,18.3,71.0,996.3
2024-06-09T18:43:12.760000+00:00,9531,0,1237,0.7,0,24.4,18.2,71.0,996.3
2024-06-09T18:44:12.765000+00:00,9531,42,1237,0.7,0,24.3,18.2,71.0,996.2
2024-06-09T18:45:12.773000+00:00,9531,101,1237,0.0,0,23.8,18.2,72.0,996.3
2024-06-09T18:46:12.763000+00:00,9531,94,1237,0.6,0,23.7,18.1,72.0,996.2
2024-06-09T18:47:12.783000+00:00,9531,147,1237,0.8,1,23.4,18.0,71.0,996.3
2024-06-09T18:48:12.794000+00:00,9531,195,1237,1.8,1,22.8,18.0,70.0,996.2
2024-06-09T18:49:12.790000+00:00,9531,69,1237,0.9,1,22.8,18.0,74.0,996.2
2024-06-09T18:50:12.806000+00:00,9531,134,1237,1.1,0,22.8,18.0,72.0,996.2
2024-06-09T18:51:12.790000+00:00,9531,54,1237,0.7,1,22.5,17.9,72.0,996.3
2024-06-09T18:52:12.788000+00:00,9531,93,1237,0.5,1,22.4,17.7,73.0,996.2
2024-06-09T18:53:12.794000+00:00,9531,276,1237,0.8,1,22.3,17.7,73.0,996.3
2024-06-09T18:54:12.795000+00:00,9531,166,1237,1.1,1,22.0,17.6,74.0,996.2
2024-06-09T18:55:12.813000+00:00,9531,278,1237,0.5,1,21.7,17.5,75.0,996.2
2024-06-09T18:56:12.818000+00:00,9531,148,1237,0.7,1,21.5,17.4,76.0,996.1
2024-06-09T18:57:12.819000+00:00,9531,12,1237,0.8,1,21.5,17.4,76.0,996.2
2024-06-09T18:58:12.820000+00:00,9531,144,1237,1.0,1,21.5,17.3,77.0,996.2
2024-06-09T18:59:12.817000+00:00,9531,39,1237,0.8,1,21.3,17.2,76.0,996.2
2024-06-09T19:00:12.841000+00:00,9531,185,1237,0.4,0,21.2,17.1,76.0,996.1
2024-06-09T19:01:12.845000+00:00,9531,200,1237,1.5,0,21.3,17.0,75.0,996.2
2024-06-09T19:02:12.849000+00:00,9531,0,1237,0.8,0,21.3,17.0,76.0,996.1
2024-06-09T19:03:12.864000+00:00,9531,0,1237,0.7,0,21.2,17.1,76.0,996.2
2024-06-09T19:04:12.866000+00:00,9531,207,1237,1.5,0,21.2,17.1,76.0,996.1
2024-06-09T19:05:12.857000+00:00,9531,119,1237,1.2,0,21.2,17.1,76.0,996.1
2024-06-09T19:06:12.859000+00:00,9531,51,1237,0.8,0,21.3,17.2,76.0,996.0
2024-06-09T19:07:12.867000+00:00,9531,16,1237,0.6,0,22.3,17.2,77.0,996.1
2024-06-09T19:08:12.869000+00:00,9531,43,1237,1.2,0,22.9,17.3,75.0,996.1
2024-06-09T19:09:12.853000+00:00,9531,342,1237,0.5,0,23.9,17.5,77.0,996.1
2024-06-09T19:10:12.859000+00:00,9531,187,1237,0.8,0,24.9,17.7,77.0,996.1
2024-06-09T19:11:12.868000+00:00,9531,237,1237,0.5,0,25.7,17.9,75.0,996.1
2024-06-09T19:12:12.860000+00:00,9531,52,1237,0.6,0,25.9,18.2,76.0,996.1
2024-06-09T19:13:12.864000+00:00,9531,4,1237,0.8,0,26.1,18.4,74.0,996.2
2024-06-09T19:14:12.874000+00:00,9531,201,1237,0.7,0,26.3,18.5,77.0,996.2
2024-06-09T19:15:12.881000+00:00,9531,338,1237,1.2,0,26.9,18.5,75.0,996.1
2024-06-09T19:16:12.903000+00:00,9531,274,1237,0.9,0,27.0,18.7,73.0,996.1
2024-06-09T19:17:12.914000+00:00,9531,222,1237,0.7,0,26.7,18.7,73.0,996.1
2024-06-09T19:18:12.914000+00:00,9531,0,1237,1.8,0,26.4,18.9,74.0,996.2
2024-06-09T19:19:12.923000+00:00,9531,169,1237,0.8,0,26.4,18.9,74.0,996.1
2024-06-09T19:20:12.926000+00:00,9531,170,1237,0.5,0,27.0,18.8,76.0,996.1
2024-06-09T19:21:12.956000+00:00,9531,235,1237,0.9,0,27.0,18.9,74.0,996.1
2024-06-09T19:22:12.961000+00:00,9531,170,1237,1.6,0,27.0,18.9,74.0,996.2
2024-06-09T19:23:12.970000+00:00,9531,172,1237,1.1,0,26.9,19.0,72.0,996.1
2024-06-09T19:24:12.960000+00:00,9531,327,1237,1.6,0,27.1,19.0,72.0,996.1
2024-06-09T19:25:12.957000+00:00,9531,225,1237,1.1,0,27.0,18.9,72.0,996.1
2024-06-09T19:26:12.966000+00:00,9531,190,1237,1.0,0,27.0,18.9,70.0,996.1
2024-06-09T19:27:12.974000+00:00,9531,237,1237,2.0,0,26.8,19.0,69.0,996.0
2024-06-09T19:28:12.961000+00:00,9531,97,1237,1.3,0,26.9,18.8,71.0,996.1
2024-06-09T19:29:12.987000+00:00,9531,190,1237,0.4,0,26.9,18.7,73.0,996.1
2024-06-09T19:30:13.016000+00:00,9531,184,1237,0.6,0,26.9,18.7,71.0,996.1
2024-06-09T19:31:12.997000+00:00,9531,326,1237,1.6,0,26.9,18.7,69.0,996.1
2024-06-09T19:32:13.007000+00:00,9531,223,1237,1.4,0,26.1,18.8,70.0,996.1
2024-06-09T19:33:13.005000+00:00,9531,223,1237,2.1,0,26.0,18.8,71.0,996.1
2024-06-09T19:34:13.009000+00:00,9531,277,1237,1.5,0,25.8,18.8,72.0,996.2
2024-06-09T19:35:13.011000+00:00,9531,198,1237,1.9,0,25.7,18.8,71.0,996.1
2024-06-09T19:36:13.008000+00:00,9531,207,1237,1.9,0,26.1,18.8,72.0,996.2
2024-06-09T19:37:12.997000+00:00,9531,232,1237,1.1,0,26.9,18.9,72.0,996.3
2024-06-09T19:38:13.006000+00:00,9531,204,1237,1.3,0,26.9,19.0,72.0,996.2
2024-06-09T19:39:13.018000+00:00,9531,201,1237,2.4,0,26.8,19.1,70.0,996.2
2024-06-09T19:40:13.008000+00:00,9531,224,1237,2.8,0,26.7,19.1,70.0,996.2
2024-06-09T19:41:13.018000+00:00,9531,193,1237,2.5,0,27.7,19.0,70.0,996.1
2024-06-09T19:42:13.009000+00:00,9531,192,1237,1.7,0,27.8,18.9,70.0,996.2
2024-06-09T19:43:13.014000+00:00,9531,214,1237,3.1,0,28.0,18.7,68.0,996.1
2024-06-09T19:44:13.014000+00:00,9531,175,1237,2.6,0,28.0,18.6,68.0,996.2
2024-06-09T19:45:13.019000+00:00,9531,160,1237,2.2,0,28.2,18.6,68.0,996.1
2024-06-09T19:46:13.001000+00:00,9531,120,1237,1.8,0,28.5,18.5,69.0,996.1
2024-06-09T19:47:13.039000+00:00,9531,241,1237,1.1,0,27.8,18.5,69.0,996.1
2024-06-09T19:48:13.031000+00:00,9531,168,1237,2.1,0,27.0,18.4,69.0,996.0
2024-06-09T19:49:13.006000+00:00,9531,222,1237,1.3,0,26.5,18.3,68.0,996.1
2024-06-09T19:50:12.999000+00:00,9531,196,1237,1.6,0,26.3,18.2,69.0,996.0
2024-06-09T19:51:13.019000+00:00,9531,223,1237,2.4,0,26.3,18.0,69.0,996.0
2024-06-23T12:06:37.971000+00:00,9539,244,1238,2.7,0,39.1,23.9,63.0,1001.8
2024-06-23T12:07:37.970000+00:00,9539,246,1238,2.4,0,39.1,23.9,62.0,1001.7
2024-06-23T12:08:37.974000+00:00,9539,237,1238,2.7,0,39.9,23.9,63.0,1001.8
2024-06-23T12:09:37.992000+00:00,9539,238,1238,3.6,0,40.1,24.3,63.0,1001.7
2024-06-23T12:10:37.980000+00:00,9539,240,1238,3.1,0,40.1,24.3,63.0,1001.8
2024-06-23T12:11:37.975000+00:00,9539,235,1238,4.3,0,40.1,24.2,62.0,1001.7
2024-06-23T12:12:37.985000+00:00,9539,230,1238,3.3,0,40.1,24.4,63.0,1001.7
2024-06-23T12:13:37.996000+00:00,9539,263,1238,2.8,0,40.1,24.4,64.0,1001.7
2024-06-23T12:14:37.995000+00:00,9539,271,1238,2.9,0,40.2,24.3,63.0,1001.7
2024-06-23T12:15:38.013000+00:00,9539,234,1238,2.7,0,40.2,24.1,63.0,1001.7
2024-06-23T12:16:38.004000+00:00,9539,244,1238,3.0,0,40.4,24.1,64.0,1001.7
2024-06-23T12:17:38.021000+00:00,9539,257,1238,2.4,0,40.8,24.2,63.0,1001.7
2024-06-23T12:18:38.004000+00:00,9539,250,1238,2.7,0,40.8,24.3,64.0,1001.7
2024-06-23T12:19:38.027000+00:00,9539,234,1238,3.4,0,40.8,24.2,64.0,1001.7
2024-06-23T12:20:38.049000+00:00,9539,242,1238,3.7,0,41.7,24.2,64.0,1001.7
2024-06-23T12:21:38.046000+00:00,9539,249,1238,2.8,0,41.2,24.1,64.0,1001.6
2024-06-23T12:22:38.061000+00:00,9539,234,1238,3.5,0,40.9,24.2,65.0,1001.5
2024-06-23T12:23:38.066000+00:00,9539,235,1238,3.6,0,40.7,24.2,65.0,1001.5
2024-06-23T12:24:38.063000+00:00,9539,233,1238,3.6,0,40.7,24.2,65.0,1001.5
2024-06-23T12:25:38.065000+00:00,9539,251,1238,3.0,0,41.0,24.3,66.0,1001.6
2024-06-23T12:26:38.084000+00:00,9539,256,1238,3.6,0,41.0,24.3,64.0,1001.6
2024-06-23T12:27:38.080000+00:00,9539,255,1238,2.9,0,40.6,24.2,66.0,1001.6
2024-06-23T12:28:38.066000+00:00,9539,244,1238,3.7,0,40.6,24.3,65.0,1001.6
2024-06-23T12:29:38.083000+00:00,9539,238,1238,3.7,0,40.4,24.2,65.0,1001.6
2024-06-23T12:30:38.086000+00:00,9539,257,1238,3.1,0,40.4,24.1,64.0,1001.6
2024-06-23T12:31:38.106000+00:00,9539,250,1238,3.1,0,40.3,24.0,63.0,1001.7
2024-06-23T12:32:38.126000+00:00,9539,219,1238,3.1,0,40.5,24.0,64.0,1001.6
2024-06-23T12:33:38.118000+00:00,9539,217,1238,2.2,0,40.9,24.2,66.0,1001.6
2024-06-23T12:34:38.117000+00:00,9539,248,1238,3.8,0,40.9,24.3,65.0,1001.6
2024-06-23T12:35:38.114000+00:00,9539,245,1238,3.6,0,40.4,24.2,64.0,1001.6
2024-06-23T12:36:38.125000+00:00,9539,236,1238,3.7,0,40.3,24.0,66.0,1001.6
2024-06-23T12:37:38.141000+00:00,9539,243,1238,2.2,0,41.3,24.0,66.0,1001.6
2024-06-23T12:38:38.142000+00:00,9539,259,1238,4.5,0,41.3,24.0,65.0,1001.6
2024-06-23T12:39:38.155000+00:00,9539,232,1238,3.9,0,40.5,24.0,65.0,1001.6
2024-06-23T12:40:38.161000+00:00,9539,234,1238,3.5,0,40.5,24.0,65.0,1001.5
2024-06-23T12:41:38.151000+00:00,9539,247,1238,3.0,0,41.5,23.9,65.0,1001.5
2024-06-23T12:42:38.160000+00:00,9539,233,1238,3.5,0,41.6,24.0,64.0,1001.5
2024-06-23T12:43:38.154000+00:00,9539,242,1238,3.7,0,41.3,24.0,64.0,1001.5
2024-06-23T12:44:38.161000+00:00,9539,244,1238,2.7,0,41.3,24.0,65.0,1001.5
2024-06-23T12:45:38.155000+00:00,9539,231,1238,2.6,0,41.4,24.1,65.0,1001.5
2024-06-23T12:46:38.167000+00:00,9539,230,1238,2.2,0,41.5,24.0,65.0,1001.5
2024-06-23T12:47:38.161000+00:00,9539,218,1238,2.4,0,41.8,24.0,65.0,1001.5
2024-06-23T12:48:38.155000+00:00,9539,227,1238,2.2,0,41.8,24.0,64.0,1001.4
2024-06-23T12:49:38.162000+00:00,9539,245,1238,2.8,0,41.8,23.9,65.0,1001.4
2024-06-23T12:50:38.165000+00:00,9539,213,1238,3.3,0,42.0,23.8,64.0,1001.4
2024-06-23T12:51:38.159000+00:00,9539,232,1238,3.0,0,41.8,24.1,64.0,1001.4
2024-06-23T12:52:38.157000+00:00,9539,237,1238,3.3,0,42.1,24.1,65.0,1001.4
2024-06-23T12:53:38.169000+00:00,9539,247,1238,2.2,0,42.0,24.1,66.0,1001.3
2024-06-23T12:54:38.168000+00:00,9539,232,1238,2.6,0,41.8,24.2,65.0,1001.3
2024-06-23T12:55:38.169000+00:00,9539,239,1238,2.4,0,41.8,24.3,66.0,1001.5
2024-06-23T12:56:38.167000+00:00,9539,206,1238,2.2,0,41.8,24.4,63.0,1001.4
2024-06-23T12:57:38.159000+00:00,9539,268,1238,1.6,0,42.2,24.4,64.0,1001.4
2024-06-23T12:58:38.166000+00:00,9539,253,1238,3.0,0,42.4,24.4,64.0,1001.4
2024-06-23T12:59:38.161000+00:00,9539,241,1238,3.1,0,42.4,24.4,64.0,1001.3
2024-06-23T13:00:38.171000+00:00,9539,239,1238,3.0,0,42.1,24.4,65.0,1001.3
2024-06-23T13:01:38.160000+00:00,9539,247,1238,3.3,0,40.6,24.3,66.0,1001.3
2024-06-23T13:02:38.162000+00:00,9539,244,1238,3.2,0,40.6,24.3,66.0,1001.4
2024-06-23T13:03:38.163000+00:00,9539,238,1238,3.8,0,40.9,24.3,66.0,1001.3
2024-06-23T13:04:38.191000+00:00,9539,242,1238,2.9,0,40.2,24.2,67.0,1001.3
2024-06-23T13:05:38.185000+00:00,9539,222,1238,2.6,0,39.8,24.2,67.0,1001.3
2024-06-23T13:06:38.206000+00:00,9539,150,1238,3.2,1,38.7,24.1,67.0,1001.4
2024-06-23T13:07:38.223000+00:00,9539,246,1238,2.3,0,38.3,24.1,67.0,1001.3
2024-06-23T13:08:38.229000+00:00,9539,215,1238,1.7,0,39.5,24.1,68.0,1001.4
2024-06-23T13:09:38.228000+00:00,9539,234,1238,3.4,0,40.6,23.9,67.0,1001.3
2024-06-23T13:10:38.253000+00:00,9539,218,1238,2.2,0,41.4,23.9,67.0,1001.3
2024-06-23T13:11:38.249000+00:00,9539,244,1238,2.3,0,41.4,24.0,67.0,1001.3
2024-06-23T13:12:38.259000+00:00,9539,224,1238,1.5,0,41.4,24.1,68.0,1001.2
2024-06-23T13:13:38.274000+00:00,9539,214,1238,1.4,0,42.4,24.3,66.0,1001.4
2024-06-23T13:14:38.278000+00:00,9539,230,1238,2.0,0,42.5,24.3,65.0,1001.3
2024-06-23T13:15:38.269000+00:00,9539,247,1238,1.7,0,42.5,24.2,65.0,1001.3
2024-06-23T13:16:38.275000+00:00,9539,99,1238,2.3,0,42.4,24.1,64.0,1001.3
2024-06-23T13:17:38.279000+00:00,9539,254,1238,1.8,0,42.3,24.1,64.0,1001.2
2024-06-23T13:18:38.295000+00:00,9539,233,1238,1.9,0,41.8,24.2,64.0,1001.3
2024-06-23T13:19:38.289000+00:00,9539,256,1238,1.9,0,41.6,24.3,65.0,1001.3
2024-06-23T13:20:38.309000+00:00,9539,70,1238,1.8,0,41.6,24.4,64.0,1001.3
2024-06-23T13:21:38.299000+00:00,9539,211,1238,1.3,0,42.3,24.4,64.0,1001.3
2024-06-23T13:22:38.310000+00:00,9539,232,1238,1.3,0,42.4,24.3,64.0,1001.2
2024-06-23T13:23:38.301000+00:00,9539,264,1238,1.7,0,42.3,24.3,63.0,1001.2
2024-06-23T13:24:38.326000+00:00,9539,256,1238,1.3,0,41.7,24.4,63.0,1001.3
2024-06-23T13:25:38.328000+00:00,9539,284,1238,1.9,0,41.0,24.6,62.0,1001.3
2024-06-23T13:26:38.322000+00:00,9539,233,1238,1.4,0,40.6,24.7,62.0,1001.3
2024-06-23T13:27:38.336000+00:00,9539,277,1238,2.2,0,39.9,24.7,62.0,1001.3
2024-06-23T13:28:38.364000+00:00,9539,196,1238,1.9,0,39.2,24.3,62.0,1001.2
2024-06-23T13:29:38.364000+00:00,9539,99,1238,1.2,0,39.2,24.1,65.0,1001.2
2024-06-23T13:30:38.379000+00:00,9539,217,1238,1.6,0,39.3,24.0,64.0,1001.3
2024-06-23T13:31:38.398000+00:00,9539,232,1238,1.2,0,39.7,23.9,63.0,1001.4
2024-06-23T13:32:38.400000+00:00,9539,236,1238,1.2,0,40.5,23.9,63.0,1001.3
2024-06-23T13:33:38.430000+00:00,9539,40,1238,1.5,0,41.3,23.7,64.0,1001.2
2024-06-23T13:34:38.441000+00:00,9539,107,1238,0.7,0,42.7,23.8,62.0,1001.3
2024-06-23T13:35:38.447000+00:00,9539,137,1238,2.5,0,42.3,24.0,62.0,1001.3
2024-06-23T13:36:38.446000+00:00,9539,106,1238,1.1,0,41.5,24.0,62.0,1001.2
2024-06-23T13:37:38.447000+00:00,9539,0,1238,1.5,0,41.5,24.0,62.0,1001.3
2024-06-23T13:38:38.450000+00:00,9539,114,1238,1.4,0,42.0,24.0,62.0,1001.3
2024-06-23T13:39:38.447000+00:00,9539,246,1238,1.4,0,41.5,24.1,61.0,1001.3
2024-06-23T13:40:38.464000+00:00,9539,197,1238,0.7,0,42.0,24.2,62.0,1001.3
2024-06-23T13:41:38.461000+00:00,9539,123,1238,0.7,0,42.6,24.2,62.0,1001.3
2024-06-23T13:42:38.487000+00:00,9539,255,1238,2.5,0,43.0,24.2,61.0,1001.3
2024-06-23T13:43:38.497000+00:00,9539,182,1238,1.6,0,42.7,24.3,62.0,1001.4
2024-06-23T13:44:38.499000+00:00,9539,226,1238,1.5,0,42.7,24.3,61.0,1001.1
2024-06-23T13:45:38.501000+00:00,9539,70,1238,1.4,0,41.8,24.1,61.0,1001.2
2024-06-23T13:46:38.512000+00:00,9539,123,1238,1.4,0,41.4,24.3,61.0,1001.3
2024-06-23T13:47:38.513000+00:00,9539,0,1238,1.1,0,40.6,24.4,61.0,1001.3
2024-06-23T13:48:38.517000+00:00,9539,198,1238,0.7,0,40.6,24.4,62.0,1001.4
2024-06-23T13:49:38.518000+00:00,9539,0,1238,0.5,0,40.1,24.3,62.0,1001.4
2024-06-23T13:50:38.521000+00:00,9539,0,1238,0.5,0,40.1,24.3,62.0,1001.4
2024-06-23T13:51:38.536000+00:00,9539,0,1238,1.3,0,40.2,24.1,62.0,1001.4
2024-06-23T13:52:38.540000+00:00,9539,264,1238,1.4,0,40.9,24.0,63.0,1001.5
2024-06-23T13:53:38.540000+00:00,9539,177,1238,1.6,0,41.5,24.1,62.0,1001.3
2024-06-23T13:54:38.552000+00:00,9539,43,1238,1.1,0,41.5,24.1,62.0,1001.4
2024-06-23T13:55:38.562000+00:00,9539,134,1238,0.8,0,41.2,24.1,61.0,1001.2
2024-06-23T13:56:38.560000+00:00,9539,90,1238,1.2,0,39.8,24.1,62.0,1001.3
2024-06-23T13:57:38.567000+00:00,9539,173,1238,1.4,0,39.5,24.0,62.0,1001.3
2024-06-23T13:58:38.717000+00:00,9539,265,1238,1.5,0,39.7,24.0,64.0,1001.2
2024-06-23T13:59:38.709000+00:00,9539,259,1238,1.5,0,39.7,23.9,64.0,1001.2
2024-06-23T14:00:38.714000+00:00,9539,238,1238,0.7,0,39.5,23.9,63.0,1001.2
2024-06-23T14:01:38.713000+00:00,9539,250,1238,1.0,0,39.5,23.9,63.0,1001.3
2024-06-23T14:02:38.717000+00:00,9539,165,1238,1.6,0,40.0,23.9,64.0,1001.2
2024-06-23T14:03:38.716000+00:00,9539,224,1238,1.1,0,41.0,23.8,64.0,1001.2
2024-06-23T14:04:38.716000+00:00,9539,291,1238,1.3,0,41.1,23.9,64.0,1001.2
2024-06-23T14:05:38.718000+00:00,9539,238,1238,0.8,0,42.5,24.1,62.0,1001.2
2024-06-23T14:06:38.716000+00:00,9539,169,1238,2.1,0,42.7,24.1,61.0,1001.1
2024-06-23T14:07:38.720000+00:00,9539,279,1238,1.2,0,42.7,24.1,61.0,1001.2
2024-06-23T14:08:38.715000+00:00,9539,241,1238,2.4,0,41.9,24.3,61.0,1001.2
2024-06-23T14:09:38.715000+00:00,9539,225,1238,2.5,0,41.9,24.2,61.0,1001.2
2024-06-23T14:10:38.713000+00:00,9539,251,1238,2.6,0,41.9,24.1,62.0,1001.2
2024-06-23T14:11:38.721000+00:00,9539,195,1238,1.9,0,42.2,24.1,62.0,1001.3
2024-06-23T14:12:38.719000+00:00,9539,228,1238,2.0,0,42.6,24.1,63.0,1001.3
2024-06-23T14:13:38.724000+00:00,9539,280,1238,1.7,0,42.5,24.2,62.0,1001.2
2024-06-23T14:14:38.710000+00:00,9539,203,1238,0.9,0,42.5,24.2,61.0,1001.3
2024-06-23T14:15:38.723000+00:00,9539,233,1238,1.5,0,42.4,24.3,62.0,1001.2
2024-06-23T14:16:38.715000+00:00,9539,223,1238,1.3,0,42.4,24.5,62.0,1001.3
2024-06-23T14:17:38.726000+00:00,9539,250,1238,1.2,0,43.6,24.5,61.0,1001.2
2024-06-23T14:18:38.723000+00:00,9539,96,1238,1.4,0,41.3,24.4,61.0,1001.2
2024-06-23T14:19:38.717000+00:00,9539,192,1238,1.4,0,41.1,24.3,62.0,1001.2
2024-06-23T14:20:38.719000+00:00,9539,239,1238,1.4,0,41.1,24.3,63.0,1001.2
2024-06-23T14:21:38.730000+00:00,9539,245,1238,1.5,0,40.7,24.3,62.0,1001.2
2024-06-23T14:22:38.725000+00:00,9539,280,1238,1.8,0,40.3,24.1,62.0,1001.2
2024-06-23T14:23:38.724000+00:00,9539,200,1238,1.1,0,40.3,24.1,63.0,1001.1
2024-06-23T14:24:38.725000+00:00,9539,97,1238,1.0,0,39.9,24.0,62.0,1001.1
2024-06-23T14:25:38.728000+00:00,9539,120,1238,1.3,0,39.5,24.0,62.0,1001.1
2024-06-23T14:26:38.724000+00:00,9539,115,1238,1.2,0,39.6,23.8,63.0,1001.1
2024-06-23T14:27:38.732000+00:00,9539,101,1238,1.2,0,39.8,23.9,63.0,1001.1
2024-06-23T14:28:38.735000+00:00,9539,95,1238,1.0,0,39.1,23.9,62.0,1001.1
2024-06-23T14:29:38.721000+00:00,9539,337,1238,1.3,0,40.4,23.6,63.0,1001.1
2024-06-23T14:30:38.724000+00:00,9539,49,1238,0.9,0,41.6,23.7,63.0,1001.0
2024-06-23T14:31:38.719000+00:00,9539,104,1238,0.9,0,42.2,23.8,62.0,1001.2
2024-06-23T14:32:38.726000+00:00,9539,81,1238,1.3,0,41.9,24.0,61.0,1001.0
2024-06-23T14:33:38.735000+00:00,9539,67,1238,1.5,0,42.4,24.2,61.0,1001.0
2024-06-23T14:34:38.740000+00:00,9539,282,1238,1.2,0,42.8,24.3,60.0,1001.1
2024-06-23T14:35:38.723000+00:00,9539,240,1238,2.6,0,42.8,24.1,60.0,1001.1
2024-06-23T14:36:38.734000+00:00,9539,244,1238,1.4,0,41.4,24.0,61.0,1001.0
2024-06-23T14:37:38.730000+00:00,9539,245,1238,2.3,0,40.2,24.0,61.0,1001.0
2024-06-23T14:38:38.735000+00:00,9539,259,1238,2.1,0,40.3,23.7,62.0,1001.1
2024-06-23T14:39:38.735000+00:00,9539,247,1238,1.9,0,39.9,23.7,63.0,1001.2
2024-06-30T12:08:30.947000+00:00,9550,272,1239,1.8,0,46.2,29.1,36.0,932.9
2024-06-30T12:09:30.951000+00:00,9550,346,1239,2.3,0,45.9,29.0,35.0,932.8
2024-06-30T12:10:30.954000+00:00,9550,235,1239,1.7,0,45.5,29.0,36.0,932.9
2024-06-30T12:11:30.956000+00:00,9550,6,1239,1.4,0,45.3,28.9,36.0,932.9
2024-06-30T12:12:30.957000+00:00,9550,318,1239,2.2,0,45.2,28.9,36.0,933.0
2024-06-30T12:13:30.953000+00:00,9550,302,1239,2.5,0,45.5,28.8,36.0,933.0
2024-06-30T12:14:30.952000+00:00,9550,313,1239,1.8,0,45.8,28.8,36.0,932.9
2024-06-30T12:15:30.957000+00:00,9550,330,1239,1.9,0,46.1,28.9,36.0,933.0
2024-06-30T12:16:30.953000+00:00,9550,295,1239,2.0,0,46.1,28.8,35.0,932.9
2024-06-30T12:17:30.954000+00:00,9550,335,1239,2.5,0,46.1,28.9,36.0,932.8
2024-06-30T12:18:30.962000+00:00,9550,38,1239,2.4,0,46.5,28.9,36.0,932.9
2024-06-30T12:19:30.955000+00:00,9550,296,1239,1.3,0,46.6,28.9,36.0,932.9
2024-06-30T12:20:30.957000+00:00,9550,329,1239,1.9,0,46.5,29.0,36.0,932.8
2024-06-30T12:21:30.959000+00:00,9550,335,1239,2.0,0,46.8,29.0,36.0,932.8
2024-06-30T12:22:30.966000+00:00,9550,350,1239,2.4,0,46.8,29.1,36.0,932.9
2024-06-30T12:23:30.974000+00:00,9550,297,1239,1.9,0,46.8,29.1,36.0,932.8
2024-06-30T12:24:30.977000+00:00,9550,272,1239,2.3,0,47.0,29.1,36.0,932.7
2024-06-30T12:25:31+00:00,9550,327,1239,1.8,0,46.5,29.2,36.0,932.8
2024-06-30T12:26:31.015000+00:00,9550,321,1239,2.0,0,46.5,29.2,35.0,932.8
2024-06-30T12:27:31.013000+00:00,9550,335,1239,2.0,0,46.7,29.1,36.0,932.9
2024-06-30T12:28:31.011000+00:00,9550,320,1239,1.8,0,46.5,29.2,36.0,932.8
2024-06-30T12:29:31.009000+00:00,9550,323,1239,1.4,0,46.5,29.2,36.0,932.8
2024-06-30T12:30:31.014000+00:00,9550,317,1239,1.8,0,46.5,29.1,36.0,932.9
2024-06-30T12:31:31.017000+00:00,9550,12,1239,2.0,0,46.7,29.0,36.0,932.9
2024-06-30T12:32:31.018000+00:00,9550,5,1239,1.7,0,46.7,29.0,36.0,932.9
2024-06-30T12:33:31.020000+00:00,9550,269,1239,1.8,0,46.9,29.0,36.0,932.9
2024-06-30T12:34:31.029000+00:00,9550,312,1239,1.8,0,46.9,29.0,35.0,932.8
2024-06-30T12:35:31.050000+00:00,9550,351,1239,2.0,0,46.7,29.0,36.0,932.9
2024-06-30T12:36:31.064000+00:00,9550,335,1239,2.6,0,46.5,29.0,36.0,932.8
2024-06-30T12:37:31.100000+00:00,9550,317,1239,1.9,0,46.2,29.0,36.0,932.8
2024-06-30T12:38:31.061000+00:00,9550,322,1239,2.3,0,46.2,29.1,37.0,932.8
2024-06-30T12:39:31.066000+00:00,9550,281,1239,1.7,0,47.3,29.1,36.0,932.6
2024-06-30T12:40:31.085000+00:00,9550,10,1239,2.1,0,47.3,29.1,36.0,932.7
2024-06-30T12:41:31.094000+00:00,9550,268,1239,2.3,0,46.9,29.1,36.0,932.8
2024-06-30T12:42:31.104000+00:00,9550,331,1239,1.3,0,46.8,29.0,36.0,932.8
2024-06-30T12:43:31.104000+00:00,9550,315,1239,1.0,0,46.8,29.0,36.0,932.9
2024-06-30T12:44:31.107000+00:00,9550,329,1239,2.6,0,46.6,28.9,36.0,932.9
2024-06-30T12:45:31.100000+00:00,9550,322,1239,2.6,0,45.9,28.9,37.0,932.8
2024-06-30T12:46:31.100000+00:00,9550,334,1239,1.9,0,46.2,28.7,37.0,933.0
2024-06-30T12:47:31.107000+00:00,9550,348,1239,2.1,0,46.2,28.7,37.0,932.8
2024-06-30T12:48:31.104000+00:00,9550,6,1239,2.2,1,46.2,28.6,37.0,932.8
2024-06-30T12:49:31.104000+00:00,9550,290,1239,2.2,0,46.0,28.7,37.0,932.9
2024-06-30T12:50:31.100000+00:00,9550,346,1239,1.8,0,46.0,28.7,37.0,932.8
2024-06-30T12:51:31.101000+00:00,9550,295,1239,1.6,0,46.6,28.7,37.0,933.0
2024-06-30T12:52:31.110000+00:00,9550,317,1239,2.3,0,47.2,28.8,36.0,932.9
2024-06-30T12:53:31.100000+00:00,9550,40,1239,2.4,0,47.4,28.9,36.0,932.8
2024-06-30T12:54:31.098000+00:00,9550,59,1239,2.1,0,47.7,28.8,36.0,932.9
2024-06-30T12:55:31.108000+00:00,9550,318,1239,2.3,0,47.6,28.8,36.0,932.8
2024-06-30T12:56:31.105000+00:00,9550,336,1239,2.4,0,47.6,28.8,37.0,932.9
2024-06-30T12:57:31.108000+00:00,9550,307,1239,2.3,0,47.7,28.9,37.0,932.9
2024-06-30T12:58:31.125000+00:00,9550,307,1239,1.4,0,47.7,28.9,36.0,933.0
2024-06-30T12:59:31.114000+00:00,9550,350,1239,1.4,0,47.5,29.0,36.0,933.0
2024-06-30T13:00:31.116000+00:00,9550,285,1239,2.6,0,47.0,29.1,36.0,933.0
2024-06-30T13:01:31.113000+00:00,9550,313,1239,1.9,0,46.5,29.0,36.0,932.9
2024-06-30T13:02:31.114000+00:00,9550,14,1239,1.9,0,46.5,28.9,36.0,933.0
2024-06-30T13:03:31.107000+00:00,9550,3,1239,2.1,0,47.2,28.9,36.0,933.0
2024-06-30T13:04:31.111000+00:00,9550,268,1239,1.7,0,47.3,28.9,36.0,933.0
2024-06-30T13:05:31.116000+00:00,9550,29,1239,1.8,0,47.4,29.0,36.0,932.8
2024-06-30T13:06:31.129000+00:00,9550,359,1239,1.6,0,48.1,29.2,35.0,933.0
2024-06-30T13:07:31.153000+00:00,9550,120,1239,0.7,0,48.1,29.3,35.0,932.9
2024-06-30T13:08:31.156000+00:00,9550,110,1239,1.3,0,48.2,29.4,35.0,933.0
2024-06-30T13:09:31.167000+00:00,9550,31,1239,2.0,0,48.2,29.5,35.0,932.9
2024-06-30T13:10:31.184000+00:00,9550,283,1239,1.2,0,48.4,29.5,34.0,932.9
2024-06-30T13:11:31.178000+00:00,9550,286,1239,1.3,0,48.6,29.4,35.0,933.0
2024-06-30T13:12:31.189000+00:00,9550,292,1239,1.5,0,48.7,29.5,35.0,932.9
2024-06-30T13:13:31.182000+00:00,9550,115,1239,1.7,0,48.7,29.5,35.0,932.9
2024-06-30T13:14:31.176000+00:00,9550,113,1239,1.1,0,48.7,29.6,35.0,932.9
2024-06-30T13:15:31.211000+00:00,9550,288,1239,0.9,0,49.0,29.6,34.0,932.8
2024-06-30T13:16:31.207000+00:00,9550,43,1239,2.4,0,48.7,29.7,34.0,932.8
2024-06-30T13:17:31.235000+00:00,9550,308,1239,1.1,0,48.2,29.6,34.0,932.9
2024-06-30T13:18:31.245000+00:00,9550,10,1239,1.1,0,48.0,29.5,34.0,932.9
2024-06-30T13:19:31.255000+00:00,9550,119,1239,1.6,0,48.1,29.6,34.0,932.9
2024-06-30T13:20:31.250000+00:00,9550,100,1239,1.5,0,48.6,29.6,34.0,932.9
2024-06-30T13:21:31.253000+00:00,9550,1,1239,1.5,0,48.2,29.6,33.0,932.8
2024-06-30T13:22:31.251000+00:00,9550,14,1239,1.6,0,48.1,29.7,34.0,932.8
2024-06-30T13:23:31.252000+00:00,9550,321,1239,1.3,0,48.0,29.8,33.0,932.7
2024-06-30T13:24:31.246000+00:00,9550,353,1239,1.8,0,47.8,29.8,34.0,932.9
2024-06-30T13:25:31.277000+00:00,9550,194,1239,1.4,0,47.6,29.8,34.0,932.9
2024-06-30T13:26:31.257000+00:00,9550,41,1239,1.2,0,47.8,29.7,35.0,932.9
2024-06-30T13:27:31.261000+00:00,9550,0,1239,0.9,0,48.3,29.7,35.0,933.0
2024-06-30T13:28:31.263000+00:00,9550,318,1239,0.9,0,48.3,29.6,35.0,933.0
2024-06-30T13:29:31.255000+00:00,9550,271,1239,2.0,0,48.2,29.6,35.0,932.9
2024-06-30T13:30:31.263000+00:00,9550,208,1239,1.4,0,47.3,29.7,34.0,932.9
2024-06-30T13:31:31.278000+00:00,9550,58,1239,0.9,0,47.3,29.8,35.0,932.9
2024-06-30T13:32:31.261000+00:00,9550,73,1239,0.9,0,47.3,29.9,35.0,932.8
2024-06-30T13:33:31.258000+00:00,9550,326,1239,1.1,0,46.9,30.0,35.0,932.8
2024-06-30T13:34:31.255000+00:00,9550,323,1239,1.3,0,47.1,30.0,35.0,932.9
2024-06-30T13:35:31.257000+00:00,9550,324,1239,1.8,0,46.5,30.0,35.0,932.9
2024-06-30T13:36:31.270000+00:00,9550,280,1239,1.8,0,46.5,30.0,35.0,933.0
2024-06-30T13:37:31.264000+00:00,9550,354,1239,0.7,0,45.7,29.9,35.0,932.9
2024-06-30T13:38:31.268000+00:00,9550,283,1239,1.3,0,45.0,29.8,35.0,932.9
2024-06-30T13:39:31.271000+00:00,9550,355,1239,2.4,0,44.8,29.7,34.0,933.0
2024-06-30T13:40:31.272000+00:00,9550,319,1239,1.5,0,44.8,29.6,36.0,933.0
2024-06-30T13:41:31.259000+00:00,9550,343,1239,1.5,0,44.3,29.5,36.0,932.8
2024-06-30T13:42:31.270000+00:00,9550,81,1239,1.1,0,44.2,29.6,37.0,932.8
2024-06-30T13:43:31.272000+00:00,9550,91,1239,1.0,0,44.3,29.6,36.0,932.9
2024-06-30T13:44:31.277000+00:00,9550,119,1239,0.9,0,44.7,29.6,35.0,932.9
2024-06-30T13:45:31.310000+00:00,9550,274,1239,1.4,0,45.0,29.6,35.0,932.9
2024-06-30T13:46:31.304000+00:00,9550,331,1239,1.2,0,46.0,29.8,34.0,932.8
2024-06-30T13:47:31.292000+00:00,9550,339,1239,1.7,0,46.3,29.9,35.0,932.8
2024-06-30T13:48:31.302000+00:00,9550,284,1239,1.6,0,47.3,30.0,35.0,932.8
2024-06-30T13:49:31.325000+00:00,9550,319,1239,1.1,0,48.0,30.1,35.0,932.9
2024-06-30T13:50:31.376000+00:00,9550,46,1239,0.8,0,48.0,30.2,35.0,933.0
2024-06-30T13:51:31.344000+00:00,9550,303,1239,0.8,0,47.7,30.3,33.0,932.9
2024-06-30T13:52:31.340000+00:00,9550,321,1239,2.2,0,47.8,30.4,33.0,932.8
2024-06-30T13:53:31.332000+00:00,9550,306,1239,1.4,0,48.0,30.5,32.0,932.8
2024-06-30T13:54:31.335000+00:00,9550,307,1239,2.8,0,47.6,30.6,33.0,932.9
2024-06-30T13:55:31.341000+00:00,9550,244,1239,1.9,0,46.2,30.4,33.0,932.8
2024-06-30T13:56:31.331000+00:00,9550,8,1239,0.9,0,45.8,30.4,32.0,932.9
2024-06-30T13:57:31.341000+00:00,9550,281,1239,0.9,0,44.9,30.1,33.0,932.9
2024-06-30T13:58:31.352000+00:00,9550,199,1239,2.3,0,44.6,30.0,33.0,932.9
2024-06-30T13:59:31.345000+00:00,9550,155,1239,2.5,0,44.1,29.8,33.0,932.9
2024-06-30T14:00:31.360000+00:00,9550,60,1239,1.2,0,44.9,29.5,33.0,932.9
2024-06-30T14:01:31.374000+00:00,9550,316,1239,1.2,0,45.2,29.5,33.0,932.9
2024-06-30T14:02:31.378000+00:00,9550,82,1239,0.9,0,45.5,29.5,33.0,932.8
2024-06-30T14:03:31.381000+00:00,9550,227,1239,1.0,0,45.5,29.6,33.0,932.9
2024-06-30T14:04:31.379000+00:00,9550,336,1239,1.0,0,44.7,29.6,33.0,932.8
2024-06-30T14:05:31.379000+00:00,9550,177,1239,1.4,0,44.5,29.6,33.0,932.9
2024-06-30T14:06:31.397000+00:00,9550,310,1239,1.1,0,44.0,29.6,33.0,932.9
2024-06-30T14:07:31.411000+00:00,9550,282,1239,0.9,0,43.9,29.5,33.0,932.9
2024-06-30T14:08:31.407000+00:00,9550,284,1239,1.7,0,43.8,29.5,34.0,932.8
2024-06-30T14:09:31.408000+00:00,9550,252,1239,1.2,0,43.7,29.4,34.0,932.9
2024-06-30T14:10:31.417000+00:00,9550,168,1239,0.5,0,43.7,29.4,35.0,932.8
2024-06-30T14:11:31.413000+00:00,9550,159,1239,0.9,0,43.8,29.4,35.0,932.7
2024-06-30T14:12:31.419000+00:00,9550,139,1239,1.1,0,45.0,29.6,35.0,932.7
2024-06-30T14:13:31.413000+00:00,9550,128,1239,1.1,0,45.9,29.8,34.0,932.6
2024-06-30T14:14:31.420000+00:00,9550,312,1239,1.2,0,45.9,29.8,35.0,932.8
2024-06-30T14:15:31.421000+00:00,9550,306,1239,2.0,0,45.5,30.0,34.0,932.8
2024-06-30T14:16:31.415000+00:00,9550,146,1239,1.3,0,45.6,30.0,35.0,932.8
2024-06-30T14:17:31.417000+00:00,9550,99,1239,0.9,0,46.2,30.0,33.0,932.9
2024-06-30T14:18:31.415000+00:00,9550,336,1239,1.4,0,46.2,30.1,34.0,932.8
2024-06-30T14:19:31.426000+00:00,9550,321,1239,1.2,0,46.5,30.0,35.0,932.9
2024-06-30T14:20:31.416000+00:00,9550,214,1239,1.7,0,46.2,30.0,34.0,932.8
2024-06-30T14:21:31.415000+00:00,9550,274,1239,2.9,0,46.5,29.9,34.0,932.8
2024-06-30T14:22:31.421000+00:00,9550,257,1239,3.3,0,46.0,29.9,34.0,932.8
2024-06-30T14:23:31.424000+00:00,9550,292,1239,2.7,0,45.7,29.9,34.0,932.8
2024-06-30T14:24:31.418000+00:00,9550,274,1239,3.6,0,45.1,29.8,34.0,932.9
2024-06-30T14:25:31.427000+00:00,9550,149,1239,2.1,0,44.3,29.8,35.0,932.7
2024-06-30T14:26:31.427000+00:00,9550,284,1239,1.1,0,43.8,29.6,35.0,932.7
2024-06-30T14:27:31.424000+00:00,9550,248,1239,1.2,0,43.8,29.6,34.0,932.8
2024-06-30T14:28:31.422000+00:00,9550,329,1239,1.0,0,43.5,29.6,34.0,932.8
2024-06-30T14:29:31.430000+00:00,9550,322,1239,2.3,0,43.5,29.4,34.0,932.7
2024-06-30T14:30:31.430000+00:00,9550,295,1239,1.5,0,43.4,29.2,35.0,932.8
2024-07-07T13:05:02.119000+00:00,9558,226,1240,2.2,0,28.1,15.9,67.0,991.8
2024-07-07T13:06:02.098000+00:00,9558,268,1240,1.5,0,27.6,15.9,66.0,991.7
2024-07-07T13:07:02.122000+00:00,9558,291,1240,1.4,0,27.0,15.9,65.0,991.7
2024-07-07T13:08:02.127000+00:00,9558,195,1240,1.1,0,27.0,15.9,66.0,991.8
2024-07-07T13:09:02.125000+00:00,9558,225,1240,1.9,0,31.0,15.9,64.0,991.8
2024-07-07T13:10:02.120000+00:00,9558,206,1240,2.0,1,31.3,15.9,64.0,991.9
2024-07-07T13:11:02.102000+00:00,9558,206,1240,2.0,1,31.3,15.8,64.0,991.9
2024-07-07T13:12:02.096000+00:00,9558,242,1240,1.1,1,31.0,15.8,67.0,991.8
2024-07-07T13:13:02.111000+00:00,9558,254,1240,1.0,1,26.5,15.8,68.0,991.8
2024-07-07T13:14:02.125000+00:00,9558,0,1240,0.6,1,26.5,15.8,70.0,991.8
2024-07-07T13:15:02.145000+00:00,9558,0,1240,0.7,1,26.6,15.7,70.0,991.9
2024-07-07T13:16:02.153000+00:00,9558,327,1240,0.7,1,26.5,15.6,70.0,991.9
2024-07-07T13:17:02.146000+00:00,9558,224,1240,0.7,1,26.5,15.5,71.0,991.9
2024-07-07T13:18:02.160000+00:00,9558,157,1240,1.0,1,27.6,15.4,75.0,991.9
2024-07-07T13:19:02.145000+00:00,9558,238,1240,0.6,1,29.4,15.4,73.0,992.0
2024-07-07T13:20:02.163000+00:00,9558,243,1240,1.0,1,29.8,15.4,73.0,992.0
2024-07-07T13:21:02.176000+00:00,9558,97,1240,0.9,1,32.2,15.3,73.0,991.9
2024-07-07T13:22:02.173000+00:00,9558,236,1240,1.0,0,32.9,15.3,72.0,991.9
2024-07-07T13:23:02.171000+00:00,9558,101,1240,0.5,0,34.7,15.3,74.0,991.8
2024-07-07T13:24:02.168000+00:00,9558,5,1240,0.7,0,35.2,15.4,72.0,991.9
2024-07-07T13:25:02.188000+00:00,9558,255,1240,0.7,0,35.2,15.6,72.0,991.9
2024-07-07T13:26:02.189000+00:00,9558,286,1240,0.8,1,34.5,15.8,71.0,991.9
2024-07-07T13:27:02.229000+00:00,9558,261,1240,0.7,1,36.4,15.9,73.0,991.9
2024-07-07T13:28:02.230000+00:00,9558,225,1240,1.0,0,36.9,16.0,71.0,991.8
2024-07-07T13:29:02.220000+00:00,9558,218,1240,1.4,0,36.4,16.1,66.0,991.8
2024-07-07T13:30:02.202000+00:00,9558,301,1240,2.0,0,37.1,16.2,67.0,991.8
2024-07-07T13:31:02.218000+00:00,9558,132,1240,1.2,0,33.1,16.3,65.0,991.8
2024-07-07T13:32:02.256000+00:00,9558,229,1240,1.2,0,31.5,16.2,67.0,991.8
2024-07-07T13:33:02.252000+00:00,9558,7,1240,0.9,0,31.5,16.3,65.0,991.9
2024-07-07T13:34:02.286000+00:00,9558,219,1240,0.6,0,36.9,16.3,67.0,991.8
2024-07-07T13:35:02.291000+00:00,9558,263,1240,2.2,0,36.9,16.4,65.0,991.9
2024-07-07T13:36:02.311000+00:00,9558,221,1240,1.1,0,36.9,16.3,62.0,992.0
2024-07-07T13:37:02.311000+00:00,9558,222,1240,1.8,0,35.4,16.4,61.0,992.0
2024-07-07T13:38:02.307000+00:00,9558,319,1240,1.4,0,35.2,16.1,64.0,991.9
2024-07-07T13:39:02.328000+00:00,9558,222,1240,1.0,0,35.2,16.1,63.0,991.9
2024-07-07T13:40:02.318000+00:00,9558,213,1240,1.2,0,35.2,16.2,62.0,992.0
2024-07-07T13:41:02.331000+00:00,9558,3,1240,0.8,0,35.2,16.2,65.0,992.0
2024-07-07T13:42:02.328000+00:00,9558,270,1240,0.7,0,36.4,16.3,64.0,991.9
2024-07-07T13:43:02.347000+00:00,9558,194,1240,1.2,0,37.2,16.3,65.0,992.0
2024-07-07T13:44:02.388000+00:00,9558,234,1240,1.2,0,36.8,16.2,64.0,991.9
2024-07-07T13:45:02.368000+00:00,9558,245,1240,1.0,0,36.5,16.1,66.0,991.9
2024-07-07T13:46:02.345000+00:00,9558,258,1240,0.9,0,36.5,16.0,67.0,992.0
2024-07-07T13:47:02.351000+00:00,9558,260,1240,1.1,0,36.8,16.1,64.0,992.0
2024-07-07T13:48:02.352000+00:00,9558,42,1240,1.0,0,36.8,16.0,65.0,991.9
2024-07-07T13:49:02.358000+00:00,9558,0,1240,1.6,0,37.3,16.0,64.0,991.9
2024-07-07T13:50:02.358000+00:00,9558,227,1240,0.9,0,37.6,16.1,63.0,992.0
2024-07-07T13:51:02.376000+00:00,9558,238,1240,0.8,0,37.9,16.2,64.0,992.0
2024-07-07T13:52:02.371000+00:00,9558,189,1240,0.6,0,37.0,16.3,64.0,991.9
2024-07-07T13:53:02.400000+00:00,9558,270,1240,0.4,0,33.2,16.3,64.0,991.9
2024-07-07T13:54:02.420000+00:00,9558,278,1240,0.7,0,33.0,16.3,63.0,992.0
2024-07-07T13:55:02.420000+00:00,9558,209,1240,0.8,0,33.0,16.3,63.0,991.9
2024-07-07T13:56:02.427000+00:00,9558,285,1240,1.4,0,33.2,16.3,62.0,992.1
2024-07-07T13:57:02.424000+00:00,9558,215,1240,0.9,0,33.0,16.2,64.0,992.0
2024-07-07T13:58:02.448000+00:00,9558,259,1240,1.2,0,33.0,16.2,63.0,992.0
2024-07-07T13:59:02.452000+00:00,9558,243,1240,1.7,0,33.0,16.1,64.0,992.0
2024-07-07T14:00:02.446000+00:00,9558,238,1240,1.8,0,33.0,16.1,63.0,992.0
2024-07-07T14:01:02.472000+00:00,9558,233,1240,2.0,0,33.0,16.1,64.0,992.0
2024-07-07T14:02:02.478000+00:00,9558,254,1240,1.9,0,33.0,16.1,63.0,992.0
2024-07-07T14:03:02.496000+00:00,9558,275,1240,1.6,0,33.0,16.1,64.0,992.0
2024-07-07T14:04:02.504000+00:00,9558,215,1240,1.6,0,33.0,16.2,63.0,992.0
2024-07-07T14:05:02.495000+00:00,9558,249,1240,1.8,0,33.0,16.2,61.0,991.9
2024-07-07T14:06:02.504000+00:00,9558,235,1240,2.0,0,33.0,16.3,62.0,991.9
2024-07-07T14:07:02.521000+00:00,9558,237,1240,1.9,0,24.3,16.3,61.0,992.0
2024-07-07T14:08:02.584000+00:00,9558,216,1240,2.5,0,24.1,16.3,61.0,991.9
2024-07-07T14:09:02.537000+00:00,9558,243,1240,2.2,0,24.0,16.2,60.0,992.0
2024-07-07T14:10:02.539000+00:00,9558,209,1240,2.4,0,24.2,16.3,60.0,991.9
2024-07-07T14:11:02.553000+00:00,9558,248,1240,2.1,0,24.3,16.2,61.0,992.0
2024-07-07T14:12:02.559000+00:00,9558,251,1240,2.1,0,25.4,16.3,61.0,992.0
2024-07-07T14:13:02.567000+00:00,9558,241,1240,2.4,0,25.8,16.4,60.0,992.0
2024-07-07T14:14:02.569000+00:00,9558,256,1240,1.6,0,26.0,16.4,60.0,992.0
2024-07-07T14:15:02.580000+00:00,9558,320,1240,2.0,0,26.1,16.5,61.0,992.0
2024-07-07T14:16:02.567000+00:00,9558,240,1240,0.9,0,26.0,16.6,62.0,992.0
2024-07-07T14:17:02.563000+00:00,9558,208,1240,1.5,0,25.7,16.8,61.0,992.0
2024-07-07T14:18:02.573000+00:00,9558,231,1240,1.7,0,25.6,16.8,62.0,991.9
2024-07-07T14:19:02.593000+00:00,9558,243,1240,2.0,0,25.4,16.8,60.0,991.9
2024-07-07T14:20:02.575000+00:00,9558,234,1240,2.1,0,25.3,16.7,59.0,991.9
2024-07-07T14:21:02.585000+00:00,9558,205,1240,2.1,0,25.2,16.7,61.0,991.8
2024-07-07T14:22:02.612000+00:00,9558,240,1240,1.8,0,24.9,16.7,60.0,992.0
2024-07-07T14:23:02.622000+00:00,9558,211,1240,2.1,0,24.8,16.6,59.0,991.9
2024-07-07T14:24:02.627000+00:00,9558,243,1240,1.2,0,24.6,16.5,60.0,991.9
2024-07-07T14:25:02.674000+00:00,9558,187,1240,1.9,0,24.6,16.5,59.0,992.0
2024-07-07T14:26:02.655000+00:00,9558,242,1240,1.4,0,24.4,16.5,59.0,991.9
2024-07-07T14:27:02.655000+00:00,9558,266,1240,1.4,0,24.3,16.5,60.0,991.9
2024-07-07T14:28:02.674000+00:00,9558,242,1240,1.6,0,24.3,16.4,62.0,992.1
2024-07-07T14:29:02.669000+00:00,9558,276,1240,1.5,0,24.3,16.5,61.0,992.1
2024-07-07T14:30:02.680000+00:00,9558,59,1240,1.6,1,23.9,16.6,60.0,992.1
2024-07-07T14:31:02.667000+00:00,9558,103,1240,1.5,1,23.2,16.4,63.0,992.0
2024-07-07T14:32:02.688000+00:00,9558,335,1240,1.5,1,22.9,16.2,64.0,992.1
2024-07-07T14:33:02.676000+00:00,9558,230,1240,0.7,1,22.5,16.1,67.0,992.2
2024-07-07T14:34:02.675000+00:00,9558,299,1240,1.6,1,22.3,15.9,67.0,992.1
2024-07-07T14:35:02.692000+00:00,9558,229,1240,1.6,1,22.1,15.6,69.0,992.2
2024-07-07T14:36:02.704000+00:00,9558,210,1240,0.9,1,22.1,15.4,68.0,992.2
2024-07-07T14:37:02.742000+00:00,9558,266,1240,0.7,1,22.0,15.2,68.0,992.1
2024-07-07T14:38:02.707000+00:00,9558,222,1240,1.2,1,22.0,15.2,69.0,992.2
2024-07-07T14:39:02.719000+00:00,9558,169,1240,0.8,1,21.9,15.1,68.0,992.2
2024-07-07T14:40:02.753000+00:00,9558,251,1240,0.8,1,22.0,15.1,68.0,992.2
2024-07-07T14:41:02.728000+00:00,9558,267,1240,0.8,1,22.0,15.1,69.0,992.2
2024-07-07T14:42:02.763000+00:00,9558,225,1240,1.0,1,22.0,15.1,67.0,992.3
2024-07-07T14:43:02.777000+00:00,9558,116,1240,0.9,1,21.5,15.1,68.0,992.2
2024-07-07T14:44:02.784000+00:00,9558,272,1240,0.7,1,21.4,15.1,68.0,992.2
2024-07-07T14:45:02.781000+00:00,9558,267,1240,0.6,1,21.2,15.1,68.0,992.3
2024-07-07T14:46:02.797000+00:00,9558,141,1240,1.0,1,21.1,15.0,70.0,992.3
2024-07-07T14:47:02.797000+00:00,9558,236,1240,0.9,1,21.0,15.0,69.0,992.4
2024-07-07T14:48:02.822000+00:00,9558,176,1240,1.1,1,20.9,14.9,71.0,992.5
2024-07-07T14:49:02.825000+00:00,9558,240,1240,0.9,1,20.7,14.9,70.0,992.5
2024-07-07T14:50:02.817000+00:00,9558,224,1240,1.0,1,20.7,14.9,72.0,992.4
2024-07-07T14:51:02.829000+00:00,9558,207,1240,1.7,1,20.7,14.8,73.0,992.4
2024-07-07T14:52:02.822000+00:00,9558,240,1240,1.4,1,20.7,14.7,73.0,992.5
2024-07-07T14:53:02.824000+00:00,9558,230,1240,1.7,1,20.7,14.6,73.0,992.5
2024-07-07T14:54:02.841000+00:00,9558,235,1240,1.6,1,20.7,14.5,73.0,992.5
2024-07-07T14:55:02.871000+00:00,9558,224,1240,1.4,1,20.7,14.5,74.0,992.5
2024-07-07T14:56:02.880000+00:00,9558,247,1240,0.5,1,21.0,14.6,75.0,992.6
2024-07-07T14:57:02.893000+00:00,9558,221,1240,1.6,1,21.2,14.6,76.0,992.6
2024-07-07T14:58:02.907000+00:00,9558,218,1240,1.5,1,21.3,14.6,76.0,992.5
2024-07-07T14:59:02.914000+00:00,9558,253,1240,1.4,1,21.2,14.5,75.0,992.6
2024-07-07T15:00:02.913000+00:00,9558,240,1240,1.7,1,21.2,14.6,75.0,992.5
2024-07-07T15:01:02.923000+00:00,9558,232,1240,1.2,1,21.4,14.5,76.0,992.5
2024-07-07T15:02:02.923000+00:00,9558,201,1240,1.3,1,22.5,14.6,78.0,992.5
2024-07-07T15:03:02.935000+00:00,9558,242,1240,1.8,1,23.8,14.6,77.0,992.5
2024-07-07T15:04:02.949000+00:00,9558,237,1240,1.9,1,24.2,14.6,76.0,992.6
2024-07-07T15:05:02.943000+00:00,9558,245,1240,1.4,0,24.6,14.6,78.0,992.5
2024-07-07T15:06:02.948000+00:00,9558,265,1240,1.2,0,24.6,14.8,75.0,992.4
2024-07-07T15:07:02.959000+00:00,9558,196,1240,0.8,0,24.4,15.1,74.0,992.6
2024-07-07T15:08:02.987000+00:00,9558,260,1240,2.2,0,24.2,15.2,73.0,992.5
2024-07-07T15:09:02.978000+00:00,9558,216,1240,1.1,0,24.2,15.3,76.0,992.5
2024-07-07T15:10:02.983000+00:00,9558,233,1240,0.8,0,24.7,15.3,75.0,992.4
2024-07-07T15:11:02.996000+00:00,9558,289,1240,1.4,0,25.0,15.2,75.0,992.5
2024-07-07T15:12:03.040000+00:00,9558,240,1240,1.6,0,24.9,15.3,75.0,992.5
2024-07-07T15:13:03.028000+00:00,9558,215,1240,2.0,1,24.5,15.4,72.0,992.5
2024-07-07T15:14:03.040000+00:00,9558,241,1240,2.0,1,24.5,15.4,73.0,992.5
2024-07-07T15:15:03.048000+00:00,9558,243,1240,2.0,0,25.0,15.5,73.0,992.5
2024-07-07T15:16:03.049000+00:00,9558,246,1240,2.0,0,25.0,15.5,71.0,992.6
2024-07-07T15:17:03.029000+00:00,9558,103,1240,0.9,0,24.9,15.6,69.0,992.5
2024-07-07T15:18:03.054000+00:00,9558,238,1240,1.1,0,24.9,15.6,71.0,992.5
2024-07-07T15:19:03.080000+00:00,9558,232,1240,1.2,0,25.2,15.7,71.0,992.5
2024-07-07T15:20:03.083000+00:00,9558,225,1240,1.5,0,25.2,15.7,72.0,992.6
2024-07-07T15:21:03.104000+00:00,9558,222,1240,1.8,0,25.2,15.8,69.0,992.4
2024-07-07T15:22:03.113000+00:00,9558,219,1240,1.7,0,25.4,15.8,69.0,992.5
2024-07-07T15:23:03.118000+00:00,9558,230,1240,1.4,0,25.5,15.9,69.0,992.5
2024-07-07T15:24:03.133000+00:00,9558,258,1240,1.2,0,25.3,15.9,68.0,992.4
2024-07-07T15:25:03.120000+00:00,9558,241,1240,0.7,0,25.2,15.8,69.0,992.5
2024-07-07T15:26:03.163000+00:00,9558,230,1240,1.9,0,24.9,15.8,68.0,992.5
2024-07-07T15:27:03.155000+00:00,9558,224,1240,2.1,0,24.8,15.8,69.0,992.4
2024-07-07T15:28:03.175000+00:00,9558,261,1240,1.7,0,25.0,15.9,70.0,992.4
2024-07-07T15:29:03.195000+00:00,9558,222,1240,1.0,0,26.1,15.9,71.0,992.4
2024-07-07T15:30:03.198000+00:00,9558,230,1240,1.6,0,26.4,16.0,69.0,992.5
2024-07-07T15:31:03.204000+00:00,9558,291,1240,1.6,0,26.2,16.0,68.0,992.4
2024-07-21T12:08:51.323000+00:00,9566,333,1241,1.0,0,43.7,27.4,51.0,982.0
2024-07-21T12:09:51.334000+00:00,9566,318,1241,1.4,0,45.1,27.4,52.0,982.0
2024-07-21T12:10:51.355000+00:00,9566,306,1241,1.6,0,46.0,27.5,51.0,982.0
2024-07-21T12:11:51.354000+00:00,9566,308,1241,1.3,0,46.0,27.5,51.0,982.1
2024-07-21T12:12:51.377000+00:00,9566,325,1241,1.9,0,45.4,27.4,51.0,982.0
2024-07-21T12:13:51.356000+00:00,9566,32,1241,1.5,0,45.8,27.5,51.0,982.0
2024-07-21T12:14:51.356000+00:00,9566,313,1241,1.3,0,45.8,27.5,52.0,982.0
2024-07-21T12:15:51.357000+00:00,9566,316,1241,1.0,0,46.1,27.5,51.0,982.0
2024-07-21T12:16:51.374000+00:00,9566,268,1241,1.6,0,46.0,27.6,52.0,982.0
2024-07-21T12:17:51.407000+00:00,9566,331,1241,1.2,0,47.7,27.6,52.0,982.0
2024-07-21T12:18:51.413000+00:00,9566,336,1241,0.8,0,46.9,27.7,51.0,982.0
2024-07-21T12:19:51.421000+00:00,9566,358,1241,1.3,0,47.6,27.6,51.0,982.0
2024-07-21T12:20:51.423000+00:00,9566,330,1241,1.6,0,47.4,27.7,50.0,981.9
2024-07-21T12:21:51.439000+00:00,9566,10,1241,1.9,0,45.3,27.6,50.0,981.9
2024-07-21T12:22:51.449000+00:00,9566,357,1241,2.4,0,44.0,27.6,50.0,981.9
2024-07-21T12:23:51.453000+00:00,9566,191,1241,1.5,0,44.3,27.6,51.0,982.0
2024-07-21T12:24:51.444000+00:00,9566,250,1241,1.1,0,45.6,27.7,51.0,982.0
2024-07-21T12:25:51.445000+00:00,9566,205,1241,0.9,0,45.6,27.6,51.0,982.0
2024-07-21T12:26:51.443000+00:00,9566,236,1241,0.5,0,47.3,27.8,51.0,982.0
2024-07-21T12:27:51.433000+00:00,9566,235,1241,0.8,0,47.3,28.0,49.0,982.0
2024-07-21T12:28:51.447000+00:00,9566,268,1241,1.4,0,47.2,28.1,50.0,981.9
2024-07-21T12:29:51.444000+00:00,9566,297,1241,1.4,0,47.2,28.2,49.0,981.9
2024-07-21T12:30:51.445000+00:00,9566,268,1241,0.7,0,47.7,28.3,49.0,981.9
2024-07-21T12:31:51.456000+00:00,9566,340,1241,1.6,0,49.0,28.4,51.0,981.9
2024-07-21T12:32:51.450000+00:00,9566,355,1241,1.3,0,49.7,28.3,51.0,981.8
2024-07-21T12:33:51.447000+00:00,9566,308,1241,1.1,0,49.0,28.2,50.0,981.9
2024-07-21T12:34:51.448000+00:00,9566,328,1241,1.6,0,47.0,28.2,49.0,981.9
2024-07-21T12:35:51.453000+00:00,9566,319,1241,1.3,0,43.3,28.1,48.0,981.9
2024-07-21T12:36:51.449000+00:00,9566,5,1241,1.3,0,40.7,28.1,48.0,981.8
2024-07-21T12:37:51.451000+00:00,9566,310,1241,1.3,0,42.7,28.1,49.0,981.9
2024-07-21T12:38:51.451000+00:00,9566,311,1241,1.5,0,42.7,28.0,49.0,981.9
2024-07-21T12:39:51.444000+00:00,9566,315,1241,1.5,0,41.4,28.0,49.0,981.8
2024-07-21T12:40:51.452000+00:00,9566,304,1241,1.4,0,40.8,28.0,48.0,981.8
2024-07-21T12:41:51.453000+00:00,9566,323,1241,1.0,0,40.9,28.0,48.0,981.9
2024-07-21T12:42:51.457000+00:00,9566,298,1241,1.3,0,43.7,28.0,48.0,981.7
2024-07-21T12:43:51.457000+00:00,9566,300,1241,1.4,0,43.7,28.0,48.0,981.8
2024-07-21T12:44:51.457000+00:00,9566,355,1241,1.0,0,43.5,28.1,48.0,981.8
2024-07-21T12:45:51.458000+00:00,9566,349,1241,1.4,0,44.1,28.3,47.0,981.8
2024-07-21T12:46:51.456000+00:00,9566,9,1241,1.0,0,44.5,28.4,47.0,981.8
2024-07-21T12:47:51.458000+00:00,9566,5,1241,0.6,0,44.5,28.3,47.0,981.8
2024-07-21T12:48:51.469000+00:00,9566,198,1241,1.8,0,44.8,28.3,46.0,981.8
2024-07-21T12:49:51.459000+00:00,9566,357,1241,1.9,0,45.0,28.2,50.0,981.8
2024-07-21T12:50:51.460000+00:00,9566,3,1241,1.9,0,40.7,28.1,47.0,981.7
2024-07-21T12:51:51.461000+00:00,9566,278,1241,1.7,0,40.7,28.1,47.0,981.8
2024-07-21T12:52:51.463000+00:00,9566,347,1241,1.4,0,42.1,28.1,48.0,981.8
2024-07-21T12:53:51.466000+00:00,9566,316,1241,1.9,0,43.3,28.1,48.0,981.8
2024-07-21T12:54:51.466000+00:00,9566,309,1241,1.2,0,43.6,28.2,48.0,981.8
2024-07-21T12:55:51.466000+00:00,9566,309,1241,1.8,0,43.5,28.4,46.0,981.9
2024-07-21T12:56:51.464000+00:00,9566,316,1241,1.5,0,43.6,28.5,46.0,981.8
2024-07-21T12:57:51.465000+00:00,9566,309,1241,1.3,0,43.6,28.5,47.0,981.8
2024-07-21T12:58:51.466000+00:00,9566,265,1241,1.0,0,42.9,28.5,46.0,981.8
2024-07-21T12:59:51.472000+00:00,9566,213,1241,0.9,0,43.2,28.5,47.0,981.8
2024-07-21T13:00:51.455000+00:00,9566,251,1241,0.7,0,43.3,28.5,48.0,981.8
2024-07-21T13:01:51.469000+00:00,9566,102,1241,0.6,0,45.2,28.6,45.0,981.7
2024-07-21T13:02:51.473000+00:00,9566,5,1241,0.4,0,45.5,28.9,45.0,981.7
2024-07-21T13:03:51.469000+00:00,9566,7,1241,1.0,0,45.5,28.9,45.0,981.7
2024-07-21T13:04:51.459000+00:00,9566,191,1241,1.9,0,44.6,29.0,45.0,981.7
2024-07-21T13:05:51.468000+00:00,9566,174,1241,0.8,0,44.6,28.9,45.0,981.7
2024-07-21T13:06:51.472000+00:00,9566,316,1241,1.1,0,45.2,29.0,46.0,981.7
2024-07-21T13:07:51.475000+00:00,9566,321,1241,1.7,0,46.8,28.8,48.0,981.7
2024-07-21T13:08:51.475000+00:00,9566,36,1241,1.5,0,46.8,28.8,45.0,981.6
2024-07-21T13:09:51.478000+00:00,9566,182,1241,0.7,0,46.6,29.0,46.0,981.7
2024-07-21T13:10:51.474000+00:00,9566,313,1241,1.3,0,46.7,28.9,46.0,981.6
2024-07-21T13:11:51.477000+00:00,9566,240,1241,1.4,0,47.4,28.9,46.0,981.6
2024-07-21T13:12:51.486000+00:00,9566,195,1241,1.6,0,47.5,28.9,46.0,981.6
2024-07-21T13:13:51.476000+00:00,9566,164,1241,1.6,0,47.3,28.9,47.0,981.7
2024-07-21T13:14:51.477000+00:00,9566,187,1241,1.9,0,46.8,28.8,46.0,981.6
2024-07-21T13:15:51.478000+00:00,9566,161,1241,2.3,0,46.5,28.8,47.0,981.6
2024-07-21T13:16:51.485000+00:00,9566,232,1241,1.5,0,46.2,28.9,48.0,981.5
2024-07-21T13:17:51.483000+00:00,9566,21,1241,1.3,0,45.0,28.9,47.0,981.5
2024-07-21T13:18:51.487000+00:00,9566,192,1241,0.6,0,43.9,29.0,47.0,981.5
2024-07-21T13:19:51.532000+00:00,9566,48,1241,1.4,0,43.4,29.0,47.0,981.6
2024-07-21T13:20:51.481000+00:00,9566,291,1241,0.7,0,42.9,28.9,48.0,981.5
2024-07-21T13:21:51.524000+00:00,9566,189,1241,1.3,0,44.1,28.9,47.0,981.5
2024-07-21T13:22:51.491000+00:00,9566,303,1241,1.8,0,44.1,28.8,48.0,981.6
2024-07-21T13:23:51.486000+00:00,9566,330,1241,1.4,0,43.0,28.9,48.0,981.5
2024-07-21T13:24:51.486000+00:00,9566,0,1241,1.2,0,42.7,28.9,48.0,981.5
2024-07-21T13:25:51.486000+00:00,9566,185,1241,0.7,0,44.4,28.9,48.0,981.6
2024-07-21T13:26:51.493000+00:00,9566,185,1241,0.7,0,44.4,28.9,48.0,981.6
2024-07-21T13:27:51.501000+00:00,9566,171,1241,0.3,0,45.2,28.9,47.0,981.5
2024-07-21T13:28:51.487000+00:00,9566,180,1241,1.1,0,45.1,29.0,47.0,981.4
2024-07-21T13:29:51.489000+00:00,9566,222,1241,1.2,0,44.5,29.3,47.0,981.5
2024-07-21T13:30:51.495000+00:00,9566,318,1241,1.4,0,44.5,29.3,47.0,981.4
2024-07-21T13:31:51.512000+00:00,9566,352,1241,1.1,0,44.1,29.3,46.0,981.5
2024-07-21T13:32:51.537000+00:00,9566,43,1241,1.1,0,43.6,29.2,46.0,981.5
2024-07-21T13:33:51.563000+00:00,9566,206,1241,0.6,0,43.4,29.2,46.0,981.5
2024-07-21T13:34:51.561000+00:00,9566,247,1241,0.6,0,42.3,29.2,46.0,981.5
2024-07-21T13:35:51.574000+00:00,9566,173,1241,0.7,0,42.1,29.1,46.0,981.6
2024-07-21T13:36:51.591000+00:00,9566,226,1241,0.9,0,41.0,29.1,47.0,981.5
2024-07-21T13:37:51.608000+00:00,9566,198,1241,0.8,0,40.9,29.0,47.0,981.5
2024-07-21T13:38:51.623000+00:00,9566,231,1241,0.6,0,40.8,28.9,47.0,981.5
2024-07-21T13:39:51.638000+00:00,9566,183,1241,1.3,0,40.9,28.8,48.0,981.6
2024-07-21T13:40:51.656000+00:00,9566,225,1241,1.6,0,40.5,28.7,48.0,981.6
2024-07-21T13:41:51.672000+00:00,9566,9,1241,1.4,0,40.9,28.7,48.0,981.6
2024-07-21T13:42:51.689000+00:00,9566,28,1241,1.5,0,41.0,28.6,48.0,981.6
2024-07-21T13:43:51.708000+00:00,9566,182,1241,0.9,0,41.0,28.7,48.0,981.6
2024-07-21T13:44:51.718000+00:00,9566,340,1241,0.8,0,40.8,28.7,47.0,981.5
2024-07-21T13:45:51.729000+00:00,9566,239,1241,0.4,0,40.7,28.6,47.0,981.6
2024-07-21T13:46:51.738000+00:00,9566,354,1241,0.6,0,40.4,28.6,47.0,981.5
2024-07-21T13:47:51.742000+00:00,9566,347,1241,1.0,0,40.7,28.7,47.0,981.5
2024-07-21T13:48:51.741000+00:00,9566,169,1241,0.4,0,40.9,28.7,46.0,981.6
2024-07-21T13:49:51.741000+00:00,9566,202,1241,1.2,0,40.9,28.8,47.0,981.7
2024-07-21T13:50:51.756000+00:00,9566,268,1241,1.1,0,41.6,28.9,47.0,981.6
2024-07-21T13:51:51.760000+00:00,9566,351,1241,1.4,0,42.5,29.1,47.0,981.5
2024-07-21T13:52:51.755000+00:00,9566,302,1241,1.2,0,43.8,29.3,47.0,981.6
2024-07-21T13:53:51.757000+00:00,9566,343,1241,1.1,0,44.5,29.3,46.0,981.6
2024-07-21T13:54:51.761000+00:00,9566,345,1241,1.2,0,44.5,29.4,44.0,981.5
2024-07-21T13:55:51.763000+00:00,9566,317,1241,0.6,0,44.8,29.4,45.0,981.6
2024-07-21T13:56:51.774000+00:00,9566,184,1241,1.0,0,45.6,29.4,45.0,981.5
2024-07-21T13:57:51.791000+00:00,9566,207,1241,1.3,0,46.3,29.5,45.0,981.6
2024-07-21T13:58:51.826000+00:00,9566,185,1241,1.2,0,46.3,29.5,45.0,981.6
2024-07-21T13:59:51.830000+00:00,9566,297,1241,0.9,0,46.1,29.6,45.0,981.6
2024-07-21T14:00:51.839000+00:00,9566,342,1241,1.1,0,46.2,29.7,44.0,981.6
2024-07-21T14:01:51.857000+00:00,9566,193,1241,2.3,0,46.4,29.7,45.0,981.7
2024-07-21T14:02:51.856000+00:00,9566,199,1241,1.3,0,46.6,29.8,47.0,981.6
2024-07-21T14:03:51.861000+00:00,9566,324,1241,0.9,0,46.7,29.8,46.0,981.7
2024-07-21T14:04:51.857000+00:00,9566,0,1241,0.8,0,46.6,29.6,45.0,981.6
2024-07-21T14:05:51.860000+00:00,9566,355,1241,1.3,0,46.6,29.7,45.0,981.7
2024-07-21T14:06:51.863000+00:00,9566,273,1241,1.7,0,47.0,29.6,45.0,981.6
2024-07-21T14:07:51.876000+00:00,9566,166,1241,1.0,0,47.1,29.6,45.0,981.5
2024-07-21T14:08:51.876000+00:00,9566,183,1241,1.7,0,46.6,29.7,45.0,981.7
2024-07-21T14:09:51.881000+00:00,9566,119,1241,1.7,0,46.1,29.7,45.0,981.6
2024-07-21T14:10:51.894000+00:00,9566,195,1241,2.1,0,45.1,29.5,46.0,981.6
2024-07-21T14:11:51.894000+00:00,9566,178,1241,2.2,0,45.1,29.4,46.0,981.6
2024-07-21T14:12:51.898000+00:00,9566,157,1241,1.2,0,46.1,29.3,46.0,981.6
2024-07-21T14:13:51.904000+00:00,9566,153,1241,1.8,0,46.4,29.2,46.0,981.5
2024-07-21T14:14:51.930000+00:00,9566,151,1241,1.4,0,46.4,29.2,45.0,981.6
2024-07-21T14:15:51.932000+00:00,9566,169,1241,0.9,0,44.9,29.2,45.0,981.5
2024-07-21T14:16:51.955000+00:00,9566,172,1241,1.5,0,44.9,29.1,45.0,981.6
2024-07-21T14:17:51.938000+00:00,9566,186,1241,1.4,0,45.2,29.1,45.0,981.6
2024-07-21T14:18:51.946000+00:00,9566,175,1241,1.5,0,45.1,29.1,44.0,981.6
2024-07-21T14:19:51.947000+00:00,9566,185,1241,0.9,0,44.2,29.0,45.0,981.6
2024-07-21T14:20:51.970000+00:00,9566,168,1241,1.4,0,43.9,29.0,45.0,981.5
2024-07-21T14:21:51.966000+00:00,9566,191,1241,2.2,0,44.9,29.1,45.0,981.5
2024-07-21T14:22:51.981000+00:00,9566,356,1241,1.2,0,45.4,29.3,45.0,981.6
2024-07-21T14:23:51.998000+00:00,9566,0,1241,2.2,0,45.8,29.4,44.0,981.5
2024-07-21T14:24:52.017000+00:00,9566,226,1241,1.4,0,46.3,29.4,45.0,981.6
2024-07-21T14:25:52.016000+00:00,9566,216,1241,1.2,0,46.4,29.6,45.0,981.5
2024-07-21T14:26:52.030000+00:00,9566,178,1241,0.8,0,46.4,29.7,45.0,981.6
2024-07-21T14:27:52.029000+00:00,9566,162,1241,1.9,0,46.5,29.8,46.0,981.5
2024-07-21T14:28:52.037000+00:00,9566,305,1241,1.6,0,46.9,29.8,46.0,981.5
2024-07-21T14:29:52.034000+00:00,9566,13,1241,0.7,0,46.8,30.0,43.0,981.6
2024-07-21T14:30:52.032000+00:00,9566,179,1241,0.6,0,46.7,30.1,44.0,981.5
2024-07-21T14:31:52.065000+00:00,9566,339,1241,1.7,0,47.3,30.1,44.0,981.5
2024-07-21T14:32:52.033000+00:00,9566,23,1241,1.9,0,47.6,30.1,44.0,981.5
2024-07-21T14:33:52.034000+00:00,9566,74,1241,1.2,0,47.8,30.0,44.0,981.5
2024-07-21T14:34:52.035000+00:00,9566,204,1241,0.6,0,48.2,30.0,44.0,981.5
2024-07-21T14:35:52.036000+00:00,9566,4,1241,0.8,0,48.2,30.0,44.0,981.5
2024-07-21T14:36:52.036000+00:00,9566,120,1241,0.4,0,48.2,30.0,43.0,981.5
2024-07-21T14:37:52.074000+00:00,9566,21,1241,0.6,0,48.3,30.1,43.0,981.5
2024-07-21T14:38:52.037000+00:00,9566,350,1241,1.2,0,48.1,30.3,42.0,981.5
2024-07-21T14:39:52.038000+00:00,9566,202,1241,1.2,0,48.1,30.3,42.0,981.4
2024-07-21T14:40:52.040000+00:00,9566,200,1241,1.5,0,47.6,30.1,44.0,981.5
2024-07-21T14:41:52.057000+00:00,9566,179,1241,1.7,0,47.6,30.0,43.0,981.6
2024-07-21T14:42:52.041000+00:00,9566,289,1241,1.4,0,47.9,30.0,44.0,981.5
2024-07-28T12:08:52.029000+00:00,9574,217,1242,0.5,0,42.1,21.0,52.0,978.1
2024-07-28T12:09:52.027000+00:00,9574,0,1242,1.1,0,42.1,20.6,53.0,978.0
2024-07-28T12:10:52.024000+00:00,9574,284,1242,0.7,0,42.2,20.6,52.0,978.0
2024-07-28T12:11:52.030000+00:00,9574,244,1242,1.4,0,42.0,20.7,51.0,978.1
2024-07-28T12:12:52.034000+00:00,9574,13,1242,1.2,0,41.1,20.7,51.0,978.1
2024-07-28T12:13:52.039000+00:00,9574,328,1242,1.5,0,41.1,20.6,51.0,978.1
2024-07-28T12:14:52.029000+00:00,9574,21,1242,1.8,0,40.5,20.8,50.0,978.1
2024-07-28T12:15:52.052000+00:00,9574,328,1242,1.3,0,39.9,20.9,50.0,978.1
2024-07-28T12:16:52.069000+00:00,9574,314,1242,1.3,0,40.1,20.9,51.0,978.2
2024-07-28T12:17:52.100000+00:00,9574,285,1242,0.9,0,40.5,20.9,51.0,978.1
2024-07-28T12:18:52.085000+00:00,9574,203,1242,1.2,0,40.9,21.0,51.0,978.2
2024-07-28T12:19:52.083000+00:00,9574,204,1242,0.9,0,41.5,20.9,50.0,978.1
2024-07-28T12:20:52.075000+00:00,9574,177,1242,0.9,0,41.5,20.8,51.0,978.0
2024-07-28T12:21:52.101000+00:00,9574,127,1242,0.9,0,41.5,20.8,51.0,978.1
2024-07-28T12:22:52.104000+00:00,9574,152,1242,1.4,0,41.8,20.9,51.0,978.0
2024-07-28T12:23:52.123000+00:00,9574,219,1242,1.4,0,41.9,21.0,50.0,978.1
2024-07-28T12:24:52.122000+00:00,9574,349,1242,1.2,0,41.9,21.0,53.0,978.1
2024-07-28T12:25:52.118000+00:00,9574,4,1242,2.6,0,42.3,21.0,50.0,978.1
2024-07-28T12:26:52.120000+00:00,9574,345,1242,2.4,0,42.4,21.1,49.0,978.2
2024-07-28T12:27:52.122000+00:00,9574,12,1242,1.7,0,42.3,21.2,50.0,978.2
2024-07-28T12:28:52.127000+00:00,9574,15,1242,1.0,0,42.4,21.3,51.0,978.2
2024-07-28T12:29:52.123000+00:00,9574,355,1242,1.2,0,42.4,21.5,51.0,978.2
2024-07-28T12:30:52.129000+00:00,9574,345,1242,0.8,0,42.3,21.4,50.0,978.2
2024-07-28T12:31:52.122000+00:00,9574,4,1242,1.5,0,42.3,21.4,51.0,978.2
2024-07-28T12:32:52.127000+00:00,9574,258,1242,0.8,0,42.4,21.4,52.0,978.1
2024-07-28T12:33:52.127000+00:00,9574,267,1242,0.7,0,42.6,21.3,51.0,978.1
2024-07-28T12:34:52.122000+00:00,9574,6,1242,1.8,0,42.6,21.2,52.0,978.1
2024-07-28T12:35:52.126000+00:00,9574,30,1242,2.3,0,42.6,21.2,50.0,978.2
2024-07-28T12:36:52.132000+00:00,9574,358,1242,1.3,0,42.6,21.0,51.0,978.2
2024-07-28T12:37:52.133000+00:00,9574,319,1242,2.0,0,42.2,20.9,50.0,978.2
2024-07-28T12:38:52.133000+00:00,9574,19,1242,1.7,0,40.1,20.7,51.0,978.2
2024-07-28T12:39:52.136000+00:00,9574,279,1242,2.5,0,39.4,20.6,51.0,978.2
2024-07-28T12:40:52.128000+00:00,9574,223,1242,0.8,0,39.7,20.6,52.0,978.2
2024-07-28T12:41:52.138000+00:00,9574,1,1242,0.9,0,40.9,20.8,53.0,978.1
2024-07-28T12:42:52.139000+00:00,9574,348,1242,0.9,0,41.6,21.0,51.0,978.3
2024-07-28T12:43:52.142000+00:00,9574,19,1242,2.2,0,41.2,21.0,50.0,978.2
2024-07-28T12:44:52.139000+00:00,9574,22,1242,1.6,0,40.2,21.0,51.0,978.3
2024-07-28T12:45:52.142000+00:00,9574,20,1242,2.1,0,39.8,20.8,52.0,978.2
2024-07-28T12:46:52.134000+00:00,9574,329,1242,2.0,0,39.1,20.7,52.0,978.1
2024-07-28T12:47:52.144000+00:00,9574,17,1242,2.6,0,38.2,20.7,51.0,978.2
2024-07-28T12:48:52.139000+00:00,9574,352,1242,2.3,0,38.0,20.8,51.0,978.2
2024-07-28T12:49:52.141000+00:00,9574,15,1242,2.6,0,37.8,20.8,51.0,978.2
2024-07-28T12:50:52.139000+00:00,9574,29,1242,2.2,0,37.7,20.8,51.0,978.2
2024-07-28T12:51:52.138000+00:00,9574,47,1242,1.9,0,37.7,20.9,52.0,978.2
2024-07-28T12:52:52.145000+00:00,9574,17,1242,1.6,0,39.5,20.9,51.0,978.2
2024-07-28T12:53:52.159000+00:00,9574,30,1242,0.8,0,40.4,21.0,52.0,978.2
2024-07-28T12:54:52.148000+00:00,9574,15,1242,1.1,0,40.9,21.0,52.0,978.2
2024-07-28T12:55:52.146000+00:00,9574,30,1242,2.7,0,41.5,21.1,49.0,978.1
2024-07-28T12:56:52.140000+00:00,9574,34,1242,2.9,0,42.0,21.1,49.0,978.2
2024-07-28T12:57:52.140000+00:00,9574,1,1242,3.1,0,42.0,20.9,49.0,978.2
2024-07-28T12:58:52.200000+00:00,9574,3,1242,2.6,0,42.0,20.9,50.0,978.2
2024-07-28T12:59:52.152000+00:00,9574,42,1242,1.5,0,42.3,20.8,50.0,978.1
2024-07-28T13:00:52.142000+00:00,9574,31,1242,1.6,0,42.4,20.9,50.0,978.1
2024-07-28T13:01:52.146000+00:00,9574,15,1242,2.2,0,42.4,20.9,49.0,978.2
2024-07-28T13:02:52.179000+00:00,9574,33,1242,2.2,0,42.3,20.9,49.0,978.1
2024-07-28T13:03:52.175000+00:00,9574,318,1242,2.0,0,42.3,20.9,50.0,978.3
2024-07-28T13:04:52.195000+00:00,9574,321,1242,1.3,0,42.6,21.0,49.0,978.2
2024-07-28T13:05:52.209000+00:00,9574,311,1242,1.8,0,42.4,21.0,48.0,978.1
2024-07-28T13:06:52.210000+00:00,9574,311,1242,1.8,0,42.4,21.0,48.0,978.1
2024-07-28T13:07:52.211000+00:00,9574,238,1242,0.7,0,42.4,21.0,49.0,978.2
2024-07-28T13:08:52.233000+00:00,9574,149,1242,1.2,0,42.6,21.2,49.0,978.2
2024-07-28T13:09:52.251000+00:00,9574,2,1242,0.6,0,42.7,21.3,47.0,978.2
2024-07-28T13:10:52.260000+00:00,9574,8,1242,2.2,0,42.7,21.3,48.0,978.2
2024-07-28T13:11:52.253000+00:00,9574,52,1242,1.3,0,42.6,21.1,48.0,978.1
2024-07-28T13:12:52.268000+00:00,9574,3,1242,1.2,0,42.4,21.0,49.0,978.2
2024-07-28T13:13:52.275000+00:00,9574,69,1242,1.4,0,42.7,21.1,50.0,978.2
2024-07-28T13:14:52.291000+00:00,9574,287,1242,1.1,0,42.7,21.3,50.0,978.3
2024-07-28T13:15:52.293000+00:00,9574,59,1242,1.3,0,42.7,21.3,50.0,978.1
2024-07-28T13:16:52.286000+00:00,9574,342,1242,0.6,0,42.6,21.4,49.0,978.0
2024-07-28T13:17:52.302000+00:00,9574,6,1242,2.8,0,42.7,21.5,48.0,978.0
2024-07-28T13:18:52.323000+00:00,9574,359,1242,2.9,0,42.9,21.5,48.0,978.0
2024-07-28T13:19:52.338000+00:00,9574,335,1242,3.3,0,43.1,21.4,49.0,978.1
2024-07-28T13:20:52.330000+00:00,9574,12,1242,2.9,0,43.1,21.5,48.0,978.0
2024-07-28T13:21:52.342000+00:00,9574,36,1242,2.2,0,43.3,21.4,49.0,978.0
2024-07-28T13:22:52.373000+00:00,9574,40,1242,1.9,0,43.3,21.4,49.0,977.9
2024-07-28T13:23:52.342000+00:00,9574,2,1242,2.3,0,43.3,21.6,51.0,978.0
2024-07-28T13:24:52.411000+00:00,9574,40,1242,3.2,0,42.9,21.4,50.0,978.1
2024-07-28T13:25:52.392000+00:00,9574,1,1242,2.4,0,42.9,21.5,51.0,978.1
2024-07-28T13:26:52.388000+00:00,9574,328,1242,2.0,0,42.9,21.6,52.0,978.1
2024-07-28T13:27:52.383000+00:00,9574,354,1242,1.4,0,42.8,21.6,51.0,978.1
2024-07-28T13:28:52.384000+00:00,9574,0,1242,2.2,0,42.6,21.6,50.0,978.1
2024-07-28T13:29:52.398000+00:00,9574,21,1242,1.1,0,43.0,21.7,50.0,978.1
2024-07-28T13:30:52.406000+00:00,9574,21,1242,1.1,0,43.0,21.7,50.0,978.1
2024-07-28T13:31:52.406000+00:00,9574,358,1242,2.0,0,43.0,21.7,48.0,978.1
2024-07-28T13:32:52.422000+00:00,9574,319,1242,1.5,0,42.8,21.8,48.0,978.1
2024-07-28T13:33:52.422000+00:00,9574,319,1242,1.5,0,42.8,21.8,48.0,978.1
2024-07-28T13:34:52.424000+00:00,9574,192,1242,1.2,0,43.3,21.9,49.0,978.1
2024-07-28T13:35:52.429000+00:00,9574,192,1242,1.2,0,43.3,22.0,49.0,978.1
2024-07-28T13:36:52.424000+00:00,9574,49,1242,1.7,0,43.3,22.0,50.0,978.0
2024-07-28T13:37:52.441000+00:00,9574,123,1242,0.6,0,43.2,22.0,49.0,978.0
2024-07-28T13:38:52.424000+00:00,9574,147,1242,1.4,0,42.8,22.0,47.0,978.0
2024-07-28T13:39:52.429000+00:00,9574,15,1242,0.4,0,42.6,21.7,48.0,978.1
2024-07-28T13:40:52.423000+00:00,9574,46,1242,1.0,0,42.7,21.6,48.0,977.8
2024-07-28T13:41:52.424000+00:00,9574,7,1242,1.6,0,43.0,21.5,47.0,977.9
2024-07-28T13:42:52.423000+00:00,9574,270,1242,1.7,0,43.4,21.7,48.0,978.0
2024-07-28T13:43:52.432000+00:00,9574,339,1242,1.5,0,43.3,21.7,47.0,978.0
2024-07-28T13:44:52.433000+00:00,9574,320,1242,0.8,0,43.5,21.8,47.0,978.0
2024-07-28T13:45:52.431000+00:00,9574,15,1242,1.4,0,43.3,21.8,47.0,978.0
2024-07-28T13:46:52.502000+00:00,9574,0,1242,2.1,0,43.5,21.8,48.0,978.0
2024-07-28T13:47:52.428000+00:00,9574,2,1242,3.1,0,43.5,21.7,47.0,977.9
2024-07-28T13:48:52.436000+00:00,9574,338,1242,1.3,0,43.5,21.6,49.0,978.0
2024-07-28T13:49:52.443000+00:00,9574,2,1242,0.6,0,43.4,21.5,50.0,977.9
2024-07-28T13:50:52.438000+00:00,9574,36,1242,1.4,0,44.1,21.6,50.0,978.0
2024-07-28T13:51:52.438000+00:00,9574,331,1242,2.4,0,44.1,21.8,49.0,977.9
2024-07-28T13:52:52.429000+00:00,9574,6,1242,1.9,0,43.5,21.9,50.0,978.0
2024-07-28T13:53:52.438000+00:00,9574,12,1242,1.6,0,43.4,21.9,49.0,978.0
2024-07-28T13:54:52.437000+00:00,9574,250,1242,2.2,0,43.5,21.7,49.0,978.0
2024-07-28T13:55:52.430000+00:00,9574,4,1242,1.1,0,43.6,21.4,49.0,978.0
2024-07-28T13:56:52.436000+00:00,9574,16,1242,1.9,0,43.7,21.3,49.0,978.0
2024-07-28T13:57:52.524000+00:00,9574,10,1242,2.6,0,43.8,21.3,49.0,978.1
2024-07-28T13:58:52.446000+00:00,9574,20,1242,2.6,0,44.0,21.5,48.0,977.9
2024-07-28T13:59:52.443000+00:00,9574,18,1242,3.2,0,44.1,21.7,49.0,978.0
2024-07-28T14:00:52.453000+00:00,9574,0,1242,2.1,0,44.0,21.8,49.0,977.9
2024-07-28T14:01:52.444000+00:00,9574,3,1242,2.2,0,44.0,21.9,50.0,978.0
2024-07-28T14:02:52.444000+00:00,9574,25,1242,2.1,0,43.6,21.9,50.0,977.9
2024-07-28T14:03:52.421000+00:00,9574,18,1242,2.8,0,43.5,21.9,50.0,978.0
2024-07-28T14:04:52.440000+00:00,9574,22,1242,1.9,0,43.4,21.9,50.0,978.0
2024-07-28T14:05:52.440000+00:00,9574,9,1242,2.2,0,42.4,21.8,50.0,978.1
2024-07-28T14:06:52.439000+00:00,9574,19,1242,2.2,0,41.7,21.8,49.0,978.1
2024-07-28T14:07:52.500000+00:00,9574,355,1242,1.8,0,41.8,21.6,49.0,978.1
2024-07-28T14:08:52.439000+00:00,9574,13,1242,1.9,0,42.5,21.5,48.0,978.1
2024-07-28T14:09:52.475000+00:00,9574,25,1242,1.2,0,42.8,21.3,49.0,978.1
2024-07-28T14:10:52.449000+00:00,9574,251,1242,1.4,0,42.9,21.4,49.0,978.1
2024-07-28T14:11:52.446000+00:00,9574,3,1242,0.5,0,43.2,21.7,48.0,978.1
2024-07-28T14:12:52.443000+00:00,9574,335,1242,1.4,0,43.1,21.9,47.0,978.2
2024-07-28T14:13:52.456000+00:00,9574,18,1242,1.4,0,43.1,21.9,48.0,978.1
2024-07-28T14:14:52.460000+00:00,9574,332,1242,2.4,0,43.2,21.9,47.0,978.1
2024-07-28T14:15:52.460000+00:00,9574,315,1242,1.9,0,43.2,22.1,48.0,978.1
2024-07-28T14:16:52.460000+00:00,9574,334,1242,2.0,0,42.6,22.0,49.0,978.0
2024-07-28T14:17:52.465000+00:00,9574,5,1242,2.0,0,42.8,22.0,49.0,978.2
2024-07-28T14:18:52.461000+00:00,9574,335,1242,1.6,0,42.6,22.0,48.0,978.1
2024-07-28T14:19:52.475000+00:00,9574,336,1242,1.7,0,42.3,21.8,47.0,978.2
2024-07-28T14:20:52.488000+00:00,9574,343,1242,1.2,0,42.3,21.6,48.0,978.0
2024-07-28T14:21:52.507000+00:00,9574,2,1242,1.7,0,42.5,21.5,48.0,978.1
2024-07-28T14:22:52.500000+00:00,9574,8,1242,1.6,0,42.6,21.4,48.0,978.0
2024-07-28T14:23:52.509000+00:00,9574,352,1242,1.9,0,42.9,21.4,48.0,978.1
2024-07-28T14:24:52.521000+00:00,9574,322,1242,1.5,0,42.9,21.4,46.0,978.1
2024-08-25T12:06:16.813000+00:00,9582,215,1243,4.8,0,31.6,18.7,65.0,1019.9
2024-08-25T12:07:16.813000+00:00,9582,225,1243,5.3,0,31.4,18.7,65.0,1019.9
2024-08-25T12:08:16.825000+00:00,9582,224,1243,5.1,0,31.2,18.7,65.0,1020.0
2024-08-25T12:09:16.835000+00:00,9582,210,1243,5.0,0,31.2,18.8,65.0,1019.9
2024-08-25T12:10:16.826000+00:00,9582,207,1243,4.8,0,31.2,18.8,66.0,1019.9
2024-08-25T12:11:16.824000+00:00,9582,215,1243,5.2,0,31.6,18.8,66.0,1020.0
2024-08-25T12:12:16.839000+00:00,9582,216,1243,5.7,0,31.6,18.9,65.0,1020.1
2024-08-25T12:13:16.833000+00:00,9582,216,1243,6.0,0,31.2,18.9,65.0,1020.0
2024-08-25T12:14:16.826000+00:00,9582,213,1243,5.7,0,31.0,18.8,66.0,1019.9
2024-08-25T12:15:16.836000+00:00,9582,208,1243,5.7,0,31.0,18.7,66.0,1020.0
2024-08-25T12:16:16.838000+00:00,9582,208,1243,5.3,0,31.0,18.6,66.0,1020.1
2024-08-25T12:17:16.860000+00:00,9582,219,1243,5.7,0,31.2,18.6,66.0,1020.0
2024-08-25T12:18:16.832000+00:00,9582,211,1243,4.8,0,31.2,18.5,64.0,1020.0
2024-08-25T12:19:16.836000+00:00,9582,231,1243,5.5,0,30.5,18.5,66.0,1020.1
2024-08-25T12:20:16.844000+00:00,9582,214,1243,5.0,0,30.5,18.5,65.0,1020.0
2024-08-25T12:21:16.857000+00:00,9582,210,1243,3.8,0,30.7,18.5,65.0,1019.9
2024-08-25T12:22:16.862000+00:00,9582,233,1243,4.3,0,31.2,18.5,66.0,1019.9
2024-08-25T12:23:16.858000+00:00,9582,234,1243,5.7,0,31.5,18.5,64.0,1020.0
2024-08-25T12:24:16.857000+00:00,9582,231,1243,4.1,0,31.1,18.5,64.0,1019.9
2024-08-25T12:25:16.865000+00:00,9582,225,1243,3.9,0,30.3,18.6,64.0,1020.0
2024-08-25T12:26:16.893000+00:00,9582,213,1243,4.2,0,29.9,18.6,64.0,1020.1
2024-08-25T12:27:16.892000+00:00,9582,230,1243,5.6,0,29.7,18.7,64.0,1019.9
2024-08-25T12:28:16.893000+00:00,9582,216,1243,4.4,0,30.6,18.7,65.0,1020.0
2024-08-25T12:29:16.891000+00:00,9582,222,1243,3.5,0,30.6,18.8,64.0,1019.9
2024-08-25T12:30:16.893000+00:00,9582,223,1243,4.6,0,30.2,18.8,65.0,1020.0
2024-08-25T12:31:16.895000+00:00,9582,228,1243,3.9,0,29.6,18.7,64.0,1020.0
2024-08-25T12:32:16.908000+00:00,9582,231,1243,3.8,0,29.5,18.5,64.0,1020.0
2024-08-25T12:33:16.923000+00:00,9582,232,1243,3.8,0,29.2,18.4,63.0,1020.1
2024-08-25T12:34:16.946000+00:00,9582,236,1243,4.9,0,28.7,18.3,65.0,1020.1
2024-08-25T12:35:16.985000+00:00,9582,229,1243,4.4,0,28.6,18.3,65.0,1020.1
2024-08-25T12:36:16.953000+00:00,9582,229,1243,3.4,0,28.5,18.3,65.0,1020.0
2024-08-25T12:37:16.979000+00:00,9582,228,1243,4.3,0,28.3,18.3,65.0,1020.0
2024-08-25T12:38:16.966000+00:00,9582,238,1243,5.4,0,28.0,18.3,65.0,1020.0
2024-08-25T12:39:16.974000+00:00,9582,201,1243,4.2,0,27.9,18.3,66.0,1020.0
2024-08-25T12:40:16.977000+00:00,9582,218,1243,2.4,0,28.0,18.2,66.0,1020.1
2024-08-25T12:41:16.990000+00:00,9582,220,1243,4.1,0,28.2,18.3,66.0,1020.0
2024-08-25T12:42:17.003000+00:00,9582,221,1243,4.6,0,28.2,18.3,66.0,1020.0
2024-08-25T12:43:16.979000+00:00,9582,195,1243,4.0,0,29.3,18.5,66.0,1020.0
2024-08-25T12:44:16.980000+00:00,9582,221,1243,4.5,0,29.3,18.5,67.0,1020.0
2024-08-25T12:45:16.982000+00:00,9582,229,1243,4.7,0,29.0,18.5,66.0,1020.0
2024-08-25T12:46:16.985000+00:00,9582,228,1243,5.2,0,28.5,18.5,66.0,1020.0
2024-08-25T12:47:16.985000+00:00,9582,183,1243,4.5,0,28.3,18.5,66.0,1020.0
2024-08-25T12:48:16.973000+00:00,9582,210,1243,4.7,0,28.7,18.6,67.0,1020.0
2024-08-25T12:49:16.985000+00:00,9582,232,1243,5.0,0,28.7,18.7,67.0,1020.0
2024-08-25T12:50:16.980000+00:00,9582,222,1243,5.2,0,28.6,18.7,67.0,1020.0
2024-08-25T12:51:16.984000+00:00,9582,226,1243,4.6,0,28.4,18.6,65.0,1020.1
2024-08-25T12:52:16.978000+00:00,9582,217,1243,3.2,0,28.3,18.6,65.0,1019.9
2024-08-25T12:53:16.981000+00:00,9582,240,1243,4.2,0,28.1,18.5,66.0,1020.1
2024-08-25T12:54:16.989000+00:00,9582,225,1243,3.9,0,28.0,18.5,66.0,1020.0
2024-08-25T12:55:16.976000+00:00,9582,212,1243,4.7,0,27.5,18.4,66.0,1020.0
2024-08-25T12:56:16.983000+00:00,9582,203,1243,3.8,0,27.5,18.3,66.0,1020.0
2024-08-25T12:57:16.992000+00:00,9582,244,1243,3.5,0,27.7,18.3,65.0,1020.0
2024-08-25T12:58:16.984000+00:00,9582,231,1243,3.9,0,28.0,18.3,65.0,1020.1
2024-08-25T12:59:16.985000+00:00,9582,238,1243,3.6,0,28.9,18.4,65.0,1020.0
2024-08-25T13:00:16.992000+00:00,9582,239,1243,3.6,0,29.4,18.5,66.0,1020.0
2024-08-25T13:01:16.988000+00:00,9582,219,1243,3.7,0,29.2,18.6,65.0,1020.0
2024-08-25T13:02:16.986000+00:00,9582,232,1243,2.8,0,29.2,18.6,64.0,1020.0
2024-08-25T13:03:16.996000+00:00,9582,208,1243,3.2,0,29.1,18.7,63.0,1020.0
2024-08-25T13:04:16.995000+00:00,9582,217,1243,3.9,0,28.9,18.7,62.0,1020.1
2024-08-25T13:05:16.999000+00:00,9582,221,1243,3.7,0,28.5,18.6,62.0,1019.9
2024-08-25T13:06:17.009000+00:00,9582,210,1243,3.7,0,28.5,18.6,63.0,1020.0
2024-08-25T13:07:17.005000+00:00,9582,224,1243,4.2,0,29.7,18.6,62.0,1019.9
2024-08-25T13:08:17.024000+00:00,9582,234,1243,4.1,0,30.0,18.9,64.0,1020.0
2024-08-25T13:09:17.049000+00:00,9582,205,1243,3.9,0,30.4,19.0,62.0,1019.9
2024-08-25T13:10:17.047000+00:00,9582,211,1243,5.8,0,30.9,19.0,60.0,1020.0
2024-08-25T13:11:17.038000+00:00,9582,205,1243,4.4,0,30.5,19.2,59.0,1019.9
2024-08-25T13:12:17.045000+00:00,9582,216,1243,4.7,0,30.9,19.3,58.0,1019.9
2024-08-25T13:13:17.045000+00:00,9582,213,1243,4.4,0,31.2,19.3,59.0,1020.0
2024-08-25T13:14:17.067000+00:00,9582,202,1243,4.5,0,31.2,19.3,57.0,1020.0
2024-08-25T13:15:17.077000+00:00,9582,221,1243,4.9,0,31.3,19.3,57.0,1019.9
2024-08-25T13:16:17.085000+00:00,9582,227,1243,5.2,0,31.3,19.3,59.0,1020.0
2024-08-25T13:17:17.105000+00:00,9582,233,1243,5.7,0,31.4,19.2,57.0,1020.1
2024-08-25T13:18:17.100000+00:00,9582,232,1243,5.6,0,31.4,19.1,56.0,1019.8
2024-08-25T13:19:17.108000+00:00,9582,230,1243,6.0,0,31.3,19.1,58.0,1020.0
2024-08-25T13:20:17.098000+00:00,9582,222,1243,4.5,0,30.8,19.1,60.0,1020.0
2024-08-25T13:21:17.085000+00:00,9582,227,1243,4.5,0,30.2,19.1,60.0,1019.9
2024-08-25T13:22:17.093000+00:00,9582,214,1243,4.2,0,30.2,19.0,61.0,1019.9
2024-08-25T13:23:17.117000+00:00,9582,210,1243,3.9,0,30.4,19.0,61.0,1020.0
2024-08-25T13:24:17.117000+00:00,9582,211,1243,3.9,0,30.6,19.0,62.0,1020.0
2024-08-25T13:25:17.124000+00:00,9582,213,1243,4.0,0,30.7,19.0,62.0,1019.9
2024-08-25T13:26:17.137000+00:00,9582,199,1243,4.6,0,31.2,19.0,60.0,1020.0
2024-08-25T13:27:17.144000+00:00,9582,223,1243,4.8,0,31.3,19.2,60.0,1019.9
2024-08-25T13:28:17.142000+00:00,9582,226,1243,4.1,0,31.5,19.2,61.0,1020.0
2024-08-25T13:29:17.129000+00:00,9582,218,1243,4.5,0,31.7,19.1,61.0,1020.1
2024-08-25T13:30:17.136000+00:00,9582,214,1243,4.6,0,31.6,19.3,60.0,1020.0
2024-08-25T13:31:17.130000+00:00,9582,227,1243,4.5,0,31.6,19.4,59.0,1020.0
2024-08-25T13:32:17.136000+00:00,9582,218,1243,4.1,0,31.7,19.4,58.0,1020.0
2024-08-25T13:33:17.143000+00:00,9582,234,1243,6.2,0,31.5,19.4,58.0,1020.0
2024-08-25T13:34:17.128000+00:00,9582,224,1243,5.5,0,31.3,19.4,60.0,1020.0
2024-08-25T13:35:17.146000+00:00,9582,228,1243,5.5,0,31.6,19.4,59.0,1020.0
2024-08-25T13:36:17.129000+00:00,9582,226,1243,4.5,0,31.6,19.4,59.0,1020.0
2024-08-25T13:37:17.152000+00:00,9582,208,1243,3.8,0,31.9,19.4,60.0,1020.0
2024-08-25T13:38:17.137000+00:00,9582,205,1243,4.4,0,32.0,19.4,60.0,1020.1
2024-08-25T13:39:17.145000+00:00,9582,218,1243,4.4,0,32.1,19.4,59.0,1020.0
2024-08-25T13:40:17.146000+00:00,9582,209,1243,4.3,0,32.0,19.3,59.0,1020.0
2024-08-25T13:41:17.137000+00:00,9582,216,1243,4.2,0,32.0,19.3,60.0,1020.0
2024-08-25T13:42:17.147000+00:00,9582,231,1243,4.7,0,31.8,19.3,61.0,1020.0
2024-08-25T13:43:17.162000+00:00,9582,229,1243,5.9,0,31.9,19.3,60.0,1020.1
2024-08-25T13:44:17.161000+00:00,9582,206,1243,4.8,0,32.0,19.4,60.0,1020.0
2024-08-25T13:45:17.181000+00:00,9582,206,1243,4.6,0,32.0,19.4,60.0,1020.0
2024-08-25T13:46:17.226000+00:00,9582,212,1243,6.0,0,32.0,19.5,59.0,1020.1
2024-08-25T13:47:17.180000+00:00,9582,215,1243,5.2,0,32.0,19.5,59.0,1020.0
2024-08-25T13:48:17.194000+00:00,9582,216,1243,5.6,0,32.0,19.4,58.0,1020.0
2024-08-25T13:49:17.196000+00:00,9582,215,1243,5.4,0,32.1,19.3,58.0,1020.0
2024-08-25T13:50:17.190000+00:00,9582,221,1243,4.6,0,31.9,19.3,56.0,1020.0
2024-08-25T13:51:17.189000+00:00,9582,225,1243,4.4,0,31.9,19.4,57.0,1020.0
2024-08-25T13:52:17.204000+00:00,9582,216,1243,4.8,0,31.9,19.4,57.0,1020.1
2024-08-25T13:53:17.372000+00:00,9582,226,1243,4.5,0,32.1,19.4,58.0,1020.0
2024-08-25T13:54:17.341000+00:00,9582,215,1243,4.2,0,32.1,19.5,59.0,1020.0
2024-08-25T13:55:17.366000+00:00,9582,207,1243,3.7,0,31.8,19.5,58.0,1020.0
2024-08-25T13:56:17.378000+00:00,9582,216,1243,4.6,0,31.6,19.5,58.0,1019.9
2024-08-25T13:57:17.380000+00:00,9582,221,1243,4.4,0,31.6,19.4,57.0,1019.9
2024-08-25T13:58:17.370000+00:00,9582,225,1243,3.8,0,31.7,19.3,58.0,1019.9
2024-08-25T13:59:17.376000+00:00,9582,209,1243,4.9,0,31.8,19.3,57.0,1019.9
2024-08-25T14:00:17.372000+00:00,9582,216,1243,4.6,0,31.8,19.4,57.0,1020.0
2024-08-25T14:01:17.377000+00:00,9582,221,1243,4.4,0,32.1,19.3,56.0,1019.9
2024-08-25T14:02:17.371000+00:00,9582,204,1243,4.7,0,32.1,19.3,56.0,1020.0
2024-08-25T14:03:17.411000+00:00,9582,209,1243,4.1,0,32.0,19.3,57.0,1020.0
2024-08-25T14:04:17.365000+00:00,9582,217,1243,3.8,0,32.3,19.2,57.0,1019.9
2024-08-25T14:05:17.381000+00:00,9582,206,1243,4.6,0,32.3,19.2,58.0,1019.9
2024-08-25T14:06:17.369000+00:00,9582,209,1243,4.6,0,32.1,19.2,59.0,1019.9
2024-08-25T14:07:17.378000+00:00,9582,205,1243,4.5,0,32.3,19.3,56.0,1019.9
2024-08-25T14:08:17.383000+00:00,9582,210,1243,5.2,0,32.3,19.3,55.0,1020.0
2024-08-25T14:09:17.419000+00:00,9582,224,1243,4.9,0,32.3,19.3,56.0,1019.9
2024-08-25T14:10:17.397000+00:00,9582,210,1243,5.1,0,32.4,19.3,57.0,1020.0
2024-08-25T14:11:17.401000+00:00,9582,208,1243,4.6,0,32.4,19.3,56.0,1020.0
2024-08-25T14:12:17.418000+00:00,9582,215,1243,4.7,0,32.1,19.3,57.0,1019.9
2024-08-25T14:13:17.430000+00:00,9582,224,1243,4.4,0,31.9,19.3,58.0,1019.9
2024-08-25T14:14:17.453000+00:00,9582,228,1243,5.8,0,31.9,19.4,57.0,1019.9
2024-08-25T14:15:17.458000+00:00,9582,215,1243,4.4,0,32.1,19.4,59.0,1020.0
2024-08-25T14:16:17.453000+00:00,9582,210,1243,4.2,0,32.1,19.4,57.0,1019.9
2024-08-25T14:17:17.491000+00:00,9582,219,1243,4.2,0,32.1,19.4,57.0,1019.9
2024-08-25T14:18:17.468000+00:00,9582,224,1243,5.3,0,32.1,19.4,58.0,1020.1
2024-08-25T14:19:17.476000+00:00,9582,219,1243,5.2,0,32.1,19.5,57.0,1019.8
2024-08-25T14:20:17.468000+00:00,9582,213,1243,4.7,0,32.3,19.5,56.0,1019.9
2024-08-25T14:21:17.470000+00:00,9582,220,1243,5.1,0,32.2,19.5,58.0,1019.9
2024-08-25T14:22:17.476000+00:00,9582,223,1243,5.3,0,32.0,19.6,58.0,1020.0
2024-08-25T14:23:17.486000+00:00,9582,229,1243,4.8,0,32.3,19.7,57.0,1020.0
2024-08-25T14:24:17.459000+00:00,9582,227,1243,5.2,0,32.1,19.6,56.0,1020.1
2024-08-25T14:25:17.480000+00:00,9582,208,1243,3.9,0,31.8,19.6,55.0,1020.0
2024-08-25T14:26:17.497000+00:00,9582,199,1243,4.2,0,31.7,19.5,56.0,1020.0
2024-08-25T14:27:17.519000+00:00,9582,218,1243,4.0,0,31.7,19.4,56.0,1020.0
2024-08-25T14:28:17.541000+00:00,9582,212,1243,4.1,0,31.8,19.3,57.0,1019.9
2024-08-25T14:29:17.585000+00:00,9582,213,1243,4.7,0,31.8,19.3,55.0,1020.1
2024-08-25T14:30:17.556000+00:00,9582,203,1243,4.3,0,31.8,19.3,57.0,1019.9
2024-08-25T14:31:17.562000+00:00,9582,203,1243,4.3,0,31.8,19.3,57.0,1019.9
2024-08-25T14:32:17.549000+00:00,9582,203,1243,4.3,0,31.8,19.3,57.0,1019.9
2024-08-25T14:33:17.573000+00:00,9582,203,1243,4.3,0,31.8,19.3,57.0,1019.9
2024-08-25T14:34:17.581000+00:00,9582,203,1243,4.3,0,31.8,19.3,57.0,1019.9
2024-08-25T14:35:17.576000+00:00,9582,203,1243,4.3,0,31.8,19.3,57.0,1019.9
2024-08-25T14:36:17.550000+00:00,9582,203,1243,4.3,0,31.8,19.3,57.0,1019.9
2024-08-25T14:37:17.555000+00:00,9582,233,1243,4.5,0,30.8,19.5,57.0,1020.0
2024-08-25T14:38:17.550000+00:00,9582,220,1243,5.9,0,30.7,19.3,58.0,1020.0
2024-09-01T12:08:10.059000+00:00,9590,318,1244,0.7,0,52.1,33.2,38.0,993.8
2024-09-01T12:09:10.057000+00:00,9590,207,1244,1.0,0,52.1,33.2,37.0,993.9
2024-09-01T12:10:10.059000+00:00,9590,230,1244,1.3,0,52.8,33.2,37.0,993.9
2024-09-01T12:11:10.064000+00:00,9590,200,1244,0.7,0,52.8,33.2,36.0,993.8
2024-09-01T12:12:10.069000+00:00,9590,182,1244,0.8,0,52.8,33.3,36.0,993.8
2024-09-01T12:13:10.086000+00:00,9590,318,1244,0.8,0,53.0,33.3,36.0,993.8
2024-09-01T12:14:10.105000+00:00,9590,349,1244,1.5,0,53.0,33.3,35.0,993.9
2024-09-01T12:15:10.121000+00:00,9590,0,1244,1.7,0,52.7,33.4,35.0,993.8
2024-09-01T12:16:10.123000+00:00,9590,230,1244,0.4,0,53.0,33.3,35.0,993.8
2024-09-01T12:17:10.132000+00:00,9590,229,1244,1.6,0,53.3,33.3,34.0,993.8
2024-09-01T12:18:10.143000+00:00,9590,177,1244,1.6,0,53.2,33.4,34.0,993.8
2024-09-01T12:19:10.146000+00:00,9590,198,1244,1.6,0,53.2,33.3,34.0,993.7
2024-09-01T12:20:10.148000+00:00,9590,177,1244,3.2,0,53.4,33.3,34.0,993.8
2024-09-01T12:21:10.155000+00:00,9590,233,1244,0.7,0,53.4,33.4,34.0,993.8
2024-09-01T12:22:10.141000+00:00,9590,40,1244,0.8,0,53.2,33.4,34.0,993.9
2024-09-01T12:23:10.139000+00:00,9590,225,1244,0.7,0,53.5,33.4,33.0,993.8
2024-09-01T12:24:10.152000+00:00,9590,220,1244,1.1,0,53.4,33.3,34.0,993.8
2024-09-01T12:25:10.173000+00:00,9590,214,1244,1.5,0,53.4,33.2,35.0,993.8
2024-09-01T12:26:10.161000+00:00,9590,195,1244,2.7,0,54.2,33.1,34.0,993.8
2024-09-01T12:27:10.167000+00:00,9590,202,1244,2.5,0,54.2,33.3,33.0,993.7
2024-09-01T12:28:10.164000+00:00,9590,232,1244,1.3,0,54.0,33.6,33.0,993.7
2024-09-01T12:29:10.166000+00:00,9590,226,1244,1.4,0,53.3,33.7,33.0,993.6
2024-09-01T12:30:10.169000+00:00,9590,200,1244,1.6,0,53.0,33.5,32.0,993.7
2024-09-01T12:31:10.176000+00:00,9590,196,1244,0.9,0,52.0,33.5,33.0,993.7
2024-09-01T12:32:10.188000+00:00,9590,222,1244,0.9,0,51.8,33.5,33.0,993.6
2024-09-01T12:33:10.213000+00:00,9590,163,1244,1.6,0,52.2,33.7,32.0,993.6
2024-09-01T12:34:10.207000+00:00,9590,195,1244,1.4,0,52.8,33.6,32.0,993.7
2024-09-01T12:35:10.217000+00:00,9590,195,1244,0.8,0,52.7,33.5,32.0,993.5
2024-09-01T12:36:10.225000+00:00,9590,181,1244,0.7,0,53.0,33.5,32.0,993.4
2024-09-01T12:37:10.253000+00:00,9590,243,1244,0.9,0,53.5,33.6,31.0,993.4
2024-09-01T12:38:10.247000+00:00,9590,350,1244,1.2,0,53.5,33.8,31.0,993.5
2024-09-01T12:39:10.270000+00:00,9590,312,1244,1.6,0,53.5,33.7,31.0,993.5
2024-09-01T12:40:10.287000+00:00,9590,324,1244,0.7,0,53.8,33.6,31.0,993.5
2024-09-01T12:41:10.280000+00:00,9590,156,1244,1.4,0,53.8,33.6,31.0,993.4
2024-09-01T12:42:10.278000+00:00,9590,119,1244,1.7,0,53.7,33.7,32.0,993.4
2024-09-01T12:43:10.272000+00:00,9590,121,1244,1.4,0,53.7,33.6,32.0,993.4
2024-09-01T12:44:10.279000+00:00,9590,198,1244,1.3,0,53.6,33.8,33.0,993.5
2024-09-01T12:45:10.283000+00:00,9590,239,1244,1.7,0,52.9,33.9,33.0,993.5
2024-09-01T12:46:10.292000+00:00,9590,215,1244,1.7,0,52.8,33.8,34.0,993.4
2024-09-01T12:47:10.290000+00:00,9590,185,1244,2.0,0,52.9,33.7,33.0,993.4
2024-09-01T12:48:10.293000+00:00,9590,206,1244,2.3,0,53.8,33.6,34.0,993.5
2024-09-01T12:49:10.283000+00:00,9590,202,1244,1.3,0,54.0,33.9,32.0,993.4
2024-09-01T12:50:10.287000+00:00,9590,0,1244,0.9,0,53.8,33.9,33.0,993.5
2024-09-01T12:51:10.293000+00:00,9590,214,1244,0.6,0,53.3,33.9,33.0,993.5
2024-09-01T12:52:10.282000+00:00,9590,220,1244,1.9,0,53.8,34.0,33.0,993.4
2024-09-01T12:53:10.296000+00:00,9590,240,1244,1.1,0,53.9,34.1,33.0,993.4
2024-09-01T12:54:10.295000+00:00,9590,265,1244,1.1,0,54.1,34.0,32.0,993.3
2024-09-01T12:55:10.289000+00:00,9590,352,1244,0.6,0,53.9,33.9,32.0,993.3
2024-09-01T12:56:10.300000+00:00,9590,270,1244,0.8,0,53.7,33.7,32.0,993.3
2024-09-01T12:57:10.296000+00:00,9590,205,1244,1.5,0,53.7,33.7,33.0,993.2
2024-09-01T12:58:10.303000+00:00,9590,196,1244,2.4,0,54.4,33.8,33.0,993.2
2024-09-01T12:59:10.302000+00:00,9590,201,1244,2.4,0,54.4,33.7,33.0,993.2
2024-09-01T13:00:10.295000+00:00,9590,198,1244,2.1,0,54.6,33.8,33.0,993.2
2024-09-01T13:01:10.304000+00:00,9590,190,1244,2.0,0,53.5,33.8,33.0,993.2
2024-09-01T13:02:10.293000+00:00,9590,192,1244,2.8,0,52.4,33.8,33.0,993.2
2024-09-01T13:03:10.298000+00:00,9590,194,1244,2.2,0,51.7,33.8,33.0,993.3
2024-09-01T13:04:10.302000+00:00,9590,191,1244,1.9,0,51.3,33.8,32.0,993.2
2024-09-01T13:05:10.311000+00:00,9590,218,1244,1.4,0,50.5,33.9,31.0,993.2
2024-09-01T13:06:10.306000+00:00,9590,183,1244,0.7,0,50.4,33.8,30.0,993.2
2024-09-01T13:07:10.293000+00:00,9590,185,1244,2.3,0,50.6,33.7,30.0,993.3
2024-09-01T13:08:10.301000+00:00,9590,201,1244,1.9,0,50.6,33.7,31.0,993.2
2024-09-01T13:09:10.296000+00:00,9590,192,1244,2.3,0,50.7,33.7,30.0,993.2
2024-09-01T13:10:10.306000+00:00,9590,194,1244,1.8,0,50.6,33.7,31.0,993.2
2024-09-01T13:11:10.313000+00:00,9590,192,1244,2.0,0,50.2,33.5,31.0,993.1
2024-09-01T13:12:10.314000+00:00,9590,170,1244,2.1,0,49.6,33.5,32.0,993.1
2024-09-01T13:13:10.347000+00:00,9590,0,1244,0.6,0,49.5,33.4,32.0,993.1
2024-09-01T13:14:10.325000+00:00,9590,200,1244,1.0,0,49.5,33.3,32.0,993.1
2024-09-01T13:15:10.326000+00:00,9590,239,1244,1.7,0,49.0,33.3,31.0,993.1
2024-09-01T13:16:10.329000+00:00,9590,219,1244,1.2,0,48.7,33.3,31.0,993.1
2024-09-01T13:17:10.334000+00:00,9590,196,1244,1.8,0,48.6,33.3,31.0,993.0
2024-09-01T13:18:10.343000+00:00,9590,197,1244,1.5,0,48.4,33.2,31.0,993.1
2024-09-01T13:19:10.350000+00:00,9590,232,1244,1.6,0,47.7,33.2,31.0,993.2
2024-09-01T13:20:10.357000+00:00,9590,183,1244,1.0,0,47.6,33.1,32.0,993.1
2024-09-01T13:21:10.367000+00:00,9590,177,1244,1.3,0,47.6,33.0,31.0,993.0
2024-09-01T13:22:10.367000+00:00,9590,188,1244,2.3,0,47.5,33.0,31.0,993.1
2024-09-01T13:23:10.365000+00:00,9590,197,1244,2.3,0,48.0,32.9,31.0,993.0
2024-09-01T13:24:10.361000+00:00,9590,197,1244,1.9,0,47.9,32.9,31.0,993.0
2024-09-01T13:25:10.372000+00:00,9590,197,1244,2.0,0,47.9,32.8,31.0,993.0
2024-09-01T13:26:10.377000+00:00,9590,195,1244,1.9,0,47.8,32.8,30.0,993.1
2024-09-01T13:27:10.391000+00:00,9590,178,1244,1.4,0,47.5,32.9,31.0,993.0
2024-09-01T13:28:10.414000+00:00,9590,195,1244,1.7,0,47.2,32.9,31.0,993.0
2024-09-01T13:29:10.420000+00:00,9590,200,1244,1.3,0,47.0,32.8,31.0,993.0
2024-09-01T13:30:10.419000+00:00,9590,192,1244,1.1,0,46.8,32.8,31.0,993.0
2024-09-01T13:31:10.416000+00:00,9590,200,1244,1.6,0,46.6,32.8,31.0,993.0
2024-09-01T13:32:10.473000+00:00,9590,183,1244,2.2,0,46.5,32.8,31.0,993.0
2024-09-01T13:33:10.413000+00:00,9590,196,1244,1.8,0,46.3,32.8,32.0,993.0
2024-09-01T13:34:10.422000+00:00,9590,188,1244,1.8,0,46.2,32.7,31.0,992.9
2024-09-01T13:35:10.437000+00:00,9590,177,1244,1.5,0,46.1,32.7,31.0,993.0
2024-09-01T13:36:10.436000+00:00,9590,190,1244,1.2,0,45.9,32.6,31.0,993.0
2024-09-01T13:37:10.432000+00:00,9590,198,1244,1.6,0,45.7,32.6,31.0,993.0
2024-09-01T13:38:10.455000+00:00,9590,194,1244,1.8,0,45.8,32.6,32.0,993.0
2024-09-01T13:39:10.458000+00:00,9590,190,1244,1.7,0,45.8,32.6,31.0,993.0
2024-09-01T13:40:10.450000+00:00,9590,191,1244,2.2,0,45.5,32.7,31.0,993.0
2024-09-01T13:41:10.450000+00:00,9590,212,1244,2.2,0,45.5,32.6,31.0,992.9
2024-09-01T13:42:10.451000+00:00,9590,187,1244,1.8,0,45.3,32.5,31.0,992.9
2024-09-01T13:43:10.457000+00:00,9590,180,1244,1.5,0,45.3,32.5,31.0,992.9
2024-09-01T13:44:10.461000+00:00,9590,178,1244,2.4,0,46.2,32.5,32.0,992.9
2024-09-01T13:45:10.461000+00:00,9590,189,1244,1.9,0,46.1,32.5,32.0,992.9
2024-09-01T13:46:10.462000+00:00,9590,205,1244,2.1,0,46.1,32.5,32.0,992.9
2024-09-01T13:47:10.453000+00:00,9590,196,1244,1.3,0,45.9,32.4,32.0,992.9
2024-09-01T13:48:10.456000+00:00,9590,194,1244,1.4,0,45.9,32.5,32.0,992.9
2024-09-01T13:49:10.460000+00:00,9590,198,1244,1.4,0,45.7,32.5,32.0,993.0
2024-09-01T13:50:10.463000+00:00,9590,192,1244,1.3,0,45.7,32.7,32.0,993.0
2024-09-01T13:51:10.464000+00:00,9590,202,1244,1.7,0,45.5,32.7,32.0,992.9
2024-09-01T13:52:10.453000+00:00,9590,186,1244,1.5,0,45.5,32.7,31.0,993.0
2024-09-01T13:53:10.452000+00:00,9590,201,1244,1.3,0,45.4,32.6,32.0,993.0
2024-09-01T13:54:10.466000+00:00,9590,200,1244,1.2,0,45.4,32.5,32.0,992.9
2024-09-01T13:55:10.472000+00:00,9590,202,1244,1.1,0,45.2,32.5,32.0,992.9
2024-09-01T13:56:10.464000+00:00,9590,187,1244,1.5,0,45.2,32.5,31.0,993.0
2024-09-01T13:57:10.457000+00:00,9590,196,1244,1.4,0,45.0,32.5,31.0,992.9
2024-09-01T13:58:10.467000+00:00,9590,195,1244,1.7,0,44.9,32.5,31.0,993.0
2024-09-01T13:59:10.480000+00:00,9590,218,1244,1.2,0,44.9,32.5,32.0,992.9
2024-09-01T14:00:10.475000+00:00,9590,195,1244,1.5,0,44.7,32.5,32.0,993.0
2024-09-01T14:01:10.467000+00:00,9590,201,1244,1.6,0,44.7,32.5,32.0,992.9
2024-09-01T14:02:10.474000+00:00,9590,180,1244,1.3,0,44.5,32.4,32.0,993.0
2024-09-01T14:03:10.489000+00:00,9590,167,1244,1.6,0,45.0,32.5,32.0,992.9
2024-09-01T14:04:10.466000+00:00,9590,197,1244,1.1,0,44.9,32.5,32.0,992.9
2024-09-01T14:05:10.479000+00:00,9590,168,1244,1.5,0,44.9,32.4,32.0,992.9
2024-09-01T14:06:10.467000+00:00,9590,205,1244,1.5,0,44.6,32.4,32.0,993.0
2024-09-01T14:07:10.478000+00:00,9590,199,1244,1.6,0,44.6,32.3,33.0,992.9
2024-09-01T14:08:10.474000+00:00,9590,222,1244,1.3,0,44.6,32.3,32.0,992.9
2024-09-01T14:09:10.467000+00:00,9590,192,1244,1.3,0,44.4,32.4,32.0,992.9
2024-09-01T14:10:10.470000+00:00,9590,185,1244,1.6,0,44.2,32.4,32.0,992.9
2024-09-01T14:11:10.482000+00:00,9590,200,1244,1.8,0,44.2,32.3,32.0,992.9
2024-09-01T14:12:10.481000+00:00,9590,190,1244,1.1,0,44.2,32.3,33.0,992.9
2024-09-01T14:13:10.475000+00:00,9590,205,1244,1.6,0,44.1,32.3,32.0,992.8
2024-09-01T14:14:10.482000+00:00,9590,196,1244,1.6,0,44.1,32.3,32.0,992.9
2024-09-01T14:15:10.511000+00:00,9590,200,1244,1.2,0,44.1,32.3,33.0,992.8
2024-09-01T14:16:10.533000+00:00,9590,213,1244,1.4,0,43.9,32.2,33.0,992.7
2024-09-01T14:17:10.547000+00:00,9590,207,1244,1.7,0,43.8,32.2,32.0,992.9
2024-09-01T14:18:10.566000+00:00,9590,218,1244,1.8,0,43.8,32.2,32.0,992.8
2024-09-01T14:19:10.581000+00:00,9590,220,1244,1.6,0,43.6,32.2,32.0,992.7
2024-09-01T14:20:10.588000+00:00,9590,229,1244,1.9,0,43.5,32.2,32.0,992.8
2024-09-15T10:08:21.878000+00:00,9598,63,1245,1.4,0,47.2,26.5,39.0,1017.7
2024-09-15T10:09:21.896000+00:00,9598,83,1245,0.8,0,47.2,26.6,39.0,1017.6
2024-09-15T10:10:21.913000+00:00,9598,141,1245,0.8,0,47.5,26.6,39.0,1017.6
2024-09-15T10:11:21.927000+00:00,9598,12,1245,2.4,0,47.5,26.9,38.0,1017.6
2024-09-15T10:12:21.929000+00:00,9598,267,1245,1.8,0,47.5,27.1,38.0,1017.7
2024-09-15T10:13:21.928000+00:00,9598,358,1245,1.1,0,46.6,27.0,37.0,1017.8
2024-09-15T10:14:21.929000+00:00,9598,148,1245,1.2,0,46.6,26.8,37.0,1017.6
2024-09-15T10:15:21.930000+00:00,9598,112,1245,1.6,0,46.6,26.6,38.0,1017.7
2024-09-15T10:16:21.935000+00:00,9598,80,1245,1.5,0,47.1,26.4,39.0,1017.6
2024-09-15T10:17:21.931000+00:00,9598,220,1245,1.6,0,47.0,26.4,39.0,1017.6
2024-09-15T10:18:21.932000+00:00,9598,62,1245,0.5,0,47.1,26.7,39.0,1017.8
2024-09-15T10:19:21.933000+00:00,9598,110,1245,2.6,0,47.0,26.7,38.0,1017.7
2024-09-15T10:20:21.936000+00:00,9598,339,1245,1.8,0,47.0,27.0,38.0,1017.7
2024-09-15T10:21:21.937000+00:00,9598,98,1245,1.2,0,46.1,26.9,39.0,1017.7
2024-09-15T10:22:21.937000+00:00,9598,244,1245,1.1,0,46.4,26.8,39.0,1017.8
2024-09-15T10:23:21.939000+00:00,9598,202,1245,1.5,0,47.1,26.9,38.0,1017.7
2024-09-15T10:24:21.938000+00:00,9598,179,1245,1.4,0,47.1,27.0,37.0,1017.7
2024-09-15T10:25:21.939000+00:00,9598,249,1245,0.5,0,47.4,26.9,38.0,1017.8
2024-09-15T10:26:21.941000+00:00,9598,186,1245,1.2,0,47.6,27.2,38.0,1017.7
2024-09-15T10:27:21.940000+00:00,9598,154,1245,1.6,0,47.5,27.5,38.0,1017.8
2024-09-15T10:28:21.939000+00:00,9598,220,1245,1.2,0,47.2,27.5,38.0,1017.7
2024-09-15T10:29:21.945000+00:00,9598,108,1245,1.6,0,46.6,27.4,39.0,1017.6
2024-09-15T10:30:21.941000+00:00,9598,144,1245,1.0,0,46.6,27.0,40.0,1017.6
2024-09-15T10:31:21.950000+00:00,9598,65,1245,1.7,0,45.6,27.0,41.0,1017.6
2024-09-15T10:32:21.942000+00:00,9598,112,1245,2.7,0,46.3,26.9,39.0,1017.5
2024-09-15T10:33:21.942000+00:00,9598,84,1245,2.9,0,46.3,26.7,39.0,1017.5
2024-09-15T10:34:21.945000+00:00,9598,88,1245,4.0,0,46.3,26.5,39.0,1017.7
2024-09-15T10:35:21.949000+00:00,9598,78,1245,2.9,0,46.3,26.6,40.0,1017.6
2024-09-15T10:36:21.957000+00:00,9598,81,1245,1.1,0,46.3,26.8,40.0,1017.6
2024-09-15T10:37:21.945000+00:00,9598,80,1245,1.8,0,45.7,27.1,40.0,1017.6
2024-09-15T10:38:21.946000+00:00,9598,232,1245,1.6,0,46.5,27.1,40.0,1017.7
2024-09-15T10:39:21.947000+00:00,9598,32,1245,0.9,0,46.5,26.9,40.0,1017.5
2024-09-15T10:40:21.949000+00:00,9598,151,1245,1.4,0,46.5,27.1,41.0,1017.5
2024-09-15T10:41:21.950000+00:00,9598,149,1245,1.4,0,46.5,27.3,41.0,1017.6
2024-09-15T10:42:21.953000+00:00,9598,219,1245,1.1,0,46.4,27.3,42.0,1017.6
2024-09-15T10:43:21.975000+00:00,9598,124,1245,0.8,0,46.7,27.5,42.0,1017.6
2024-09-15T10:44:21.952000+00:00,9598,53,1245,0.5,0,47.9,27.8,41.0,1017.5
2024-09-15T10:45:21.952000+00:00,9598,105,1245,1.4,0,46.7,28.2,39.0,1017.5
2024-09-15T10:46:21.954000+00:00,9598,128,1245,1.4,0,46.4,28.1,39.0,1017.6
2024-09-15T10:47:21.953000+00:00,9598,38,1245,0.8,0,46.4,27.7,40.0,1017.5
2024-09-15T10:48:21.959000+00:00,9598,122,1245,0.9,0,46.7,27.8,40.0,1017.6
2024-09-15T10:49:21.955000+00:00,9598,186,1245,0.8,0,45.9,27.3,43.0,1017.6
2024-09-15T10:50:21.954000+00:00,9598,215,1245,1.0,0,39.9,27.3,41.0,1017.6
2024-09-15T10:51:21.955000+00:00,9598,0,1245,0.9,0,39.3,27.1,41.0,1017.7
2024-09-15T10:52:21.956000+00:00,9598,101,1245,0.9,0,44.5,26.8,43.0,1017.6
2024-09-15T10:53:21.956000+00:00,9598,0,1245,1.3,0,45.6,26.9,43.0,1017.6
2024-09-15T10:54:21.990000+00:00,9598,111,1245,1.0,0,46.4,27.3,41.0,1017.6
2024-09-15T10:55:21.964000+00:00,9598,332,1245,1.5,0,46.1,27.0,42.0,1017.6
2024-09-15T10:56:21.958000+00:00,9598,27,1245,1.2,0,45.1,27.2,42.0,1017.5
2024-09-15T10:57:21.960000+00:00,9598,189,1245,1.0,0,45.3,26.9,42.0,1017.6
2024-09-15T10:58:21.961000+00:00,9598,219,1245,1.7,0,45.9,26.9,41.0,1017.6
2024-09-15T10:59:21.961000+00:00,9598,64,1245,1.2,0,46.7,27.3,39.0,1017.7
2024-09-15T11:00:21.962000+00:00,9598,74,1245,1.3,0,46.7,27.7,39.0,1017.7
2024-09-15T11:01:21.962000+00:00,9598,0,1245,1.4,0,44.8,27.2,39.0,1017.7
2024-09-15T11:02:21.963000+00:00,9598,240,1245,0.7,0,45.2,26.8,40.0,1017.8
2024-09-15T11:03:21.965000+00:00,9598,195,1245,1.0,0,45.2,26.8,40.0,1017.8
2024-09-15T11:04:21.964000+00:00,9598,204,1245,1.4,0,45.3,26.8,41.0,1017.7
2024-09-15T11:05:21.966000+00:00,9598,241,1245,0.8,0,45.3,26.8,41.0,1017.7
2024-09-15T11:06:21.968000+00:00,9598,249,1245,2.0,0,45.6,26.8,41.0,1017.6
2024-09-15T11:07:21.966000+00:00,9598,117,1245,1.7,0,45.6,26.8,41.0,1017.6
2024-09-15T11:08:21.972000+00:00,9598,0,1245,2.4,0,45.7,26.7,40.0,1017.4
2024-09-15T11:09:21.967000+00:00,9598,65,1245,1.0,0,45.7,26.9,37.0,1017.7
2024-09-15T11:10:21.968000+00:00,9598,76,1245,2.4,0,45.4,26.8,38.0,1017.7
2024-09-15T11:11:21.976000+00:00,9598,116,1245,1.5,0,44.9,26.8,37.0,1017.5
2024-09-15T11:12:21.979000+00:00,9598,66,1245,2.8,0,44.5,26.6,38.0,1017.6
2024-09-15T11:13:22.031000+00:00,9598,87,1245,1.7,0,44.5,26.4,39.0,1017.6
2024-09-15T11:14:21.972000+00:00,9598,118,1245,0.8,0,45.0,26.3,40.0,1017.7
2024-09-15T11:15:21.977000+00:00,9598,82,1245,2.4,0,44.9,26.5,39.0,1017.7
2024-09-15T11:16:21.973000+00:00,9598,130,1245,2.3,0,44.6,26.3,39.0,1017.6
2024-09-15T11:17:21.983000+00:00,9598,0,1245,1.8,0,44.7,26.2,40.0,1017.6
2024-09-15T11:18:21.992000+00:00,9598,97,1245,0.9,0,44.7,26.3,40.0,1017.7
2024-09-15T11:19:21.984000+00:00,9598,40,1245,1.6,0,44.4,26.2,40.0,1017.6
2024-09-15T11:20:21.987000+00:00,9598,104,1245,0.9,0,44.7,26.5,40.0,1017.7
2024-09-15T11:21:21.996000+00:00,9598,76,1245,1.5,0,44.8,26.7,38.0,1017.7
2024-09-15T11:22:22.069000+00:00,9598,61,1245,2.2,0,44.7,26.8,37.0,1017.6
2024-09-15T11:23:22.036000+00:00,9598,67,1245,0.8,0,44.7,26.7,37.0,1017.7
2024-09-15T11:24:22.030000+00:00,9598,59,1245,1.1,0,44.7,26.8,36.0,1017.8
2024-09-15T11:25:22.041000+00:00,9598,65,1245,0.9,0,44.8,26.9,37.0,1017.7
2024-09-15T11:26:22.026000+00:00,9598,72,1245,2.2,0,44.8,26.9,38.0,1017.7
2024-09-15T11:27:22.031000+00:00,9598,99,1245,0.8,0,44.3,26.8,38.0,1017.6
2024-09-15T11:28:22.030000+00:00,9598,43,1245,0.9,0,44.7,27.0,37.0,1017.6
2024-09-15T11:29:22.028000+00:00,9598,95,1245,1.4,0,44.7,27.0,36.0,1017.6
2024-09-15T11:30:22.032000+00:00,9598,137,1245,2.9,0,44.1,26.8,37.0,1017.6
2024-09-15T11:31:22.030000+00:00,9598,60,1245,2.3,0,44.1,26.5,37.0,1017.6
2024-09-15T11:32:22.034000+00:00,9598,193,1245,1.3,0,44.1,26.5,36.0,1017.7
2024-09-15T11:33:22.032000+00:00,9598,291,1245,1.5,0,44.0,26.5,36.0,1017.6
2024-09-15T11:34:22.032000+00:00,9598,44,1245,1.4,0,44.0,26.5,36.0,1017.5
2024-09-15T11:35:22.036000+00:00,9598,146,1245,1.2,0,43.8,26.5,36.0,1017.6
2024-09-15T11:36:22.035000+00:00,9598,89,1245,1.2,0,43.8,26.3,37.0,1017.7
2024-09-15T11:37:22.053000+00:00,9598,194,1245,1.7,0,44.0,26.4,36.0,1017.6
2024-09-15T11:38:22.059000+00:00,9598,0,1245,1.9,0,43.9,26.4,36.0,1017.6
2024-09-15T11:39:22.061000+00:00,9598,266,1245,1.2,0,43.9,26.5,36.0,1017.6
2024-09-15T11:40:22.129000+00:00,9598,6,1245,0.9,0,44.1,26.6,36.0,1017.6
2024-09-15T11:41:22.102000+00:00,9598,248,1245,1.1,0,44.4,26.9,34.0,1017.6
2024-09-15T11:42:22.094000+00:00,9598,78,1245,1.9,0,44.4,27.1,35.0,1017.5
2024-09-15T11:43:22.090000+00:00,9598,37,1245,1.3,0,43.2,26.9,36.0,1017.6
2024-09-15T11:44:22.133000+00:00,9598,75,1245,1.7,0,43.4,27.0,36.0,1017.6
2024-09-15T11:45:22.108000+00:00,9598,110,1245,1.5,0,44.2,27.0,37.0,1017.6
2024-09-15T11:46:22.130000+00:00,9598,107,1245,2.5,0,44.1,26.9,36.0,1017.7
2024-09-15T11:47:22.121000+00:00,9598,267,1245,2.6,0,43.6,26.7,36.0,1017.6
2024-09-15T11:48:22.141000+00:00,9598,134,1245,2.5,0,43.6,26.5,37.0,1017.6
2024-09-15T11:49:22.159000+00:00,9598,98,1245,2.6,0,42.8,26.2,38.0,1017.6
2024-09-15T11:50:22.170000+00:00,9598,84,1245,1.6,0,43.3,26.2,39.0,1017.6
2024-09-15T11:51:22.174000+00:00,9598,30,1245,2.9,0,43.3,26.3,38.0,1017.6
2024-09-15T11:52:22.171000+00:00,9598,245,1245,1.0,0,43.1,26.2,38.0,1017.6
2024-09-15T11:53:22.171000+00:00,9598,0,1245,0.7,0,43.3,26.5,38.0,1017.7
2024-09-15T11:54:22.176000+00:00,9598,238,1245,0.5,0,43.3,26.7,38.0,1017.6
2024-09-15T11:55:22.179000+00:00,9598,236,1245,0.7,0,43.3,26.8,38.0,1017.6
2024-09-15T11:56:22.174000+00:00,9598,65,1245,1.7,0,43.5,27.1,37.0,1017.6
2024-09-15T11:57:22.196000+00:00,9598,223,1245,1.4,0,43.1,27.0,37.0,1017.7
2024-09-15T11:58:22.199000+00:00,9598,352,1245,1.5,0,42.6,26.9,36.0,1017.6
2024-09-15T11:59:22.206000+00:00,9598,330,1245,1.3,0,43.2,26.7,36.0,1017.7
2024-09-15T12:00:22.224000+00:00,9598,216,1245,1.9,0,42.6,26.6,36.0,1017.6
2024-09-15T12:01:22.239000+00:00,9598,51,1245,1.2,0,42.6,26.7,36.0,1017.6
2024-09-15T12:02:22.261000+00:00,9598,116,1245,1.0,0,42.4,26.5,37.0,1017.6
2024-09-15T12:03:22.262000+00:00,9598,148,1245,1.5,0,42.4,26.5,37.0,1017.6
2024-09-15T12:04:22.257000+00:00,9598,76,1245,1.7,0,42.8,26.5,37.0,1017.7
2024-09-15T12:05:22.258000+00:00,9598,89,1245,1.4,0,42.8,26.6,37.0,1017.6
2024-09-15T12:06:22.261000+00:00,9598,193,1245,1.6,0,43.0,26.8,36.0,1017.6
2024-09-15T12:07:22.261000+00:00,9598,243,1245,1.0,0,43.1,26.9,36.0,1017.7
2024-09-15T12:08:22.261000+00:00,9598,214,1245,2.7,0,42.6,26.9,36.0,1017.6
2024-09-15T12:09:22.263000+00:00,9598,103,1245,1.6,0,42.6,26.5,38.0,1017.7
2024-09-15T12:10:22.260000+00:00,9598,83,1245,2.6,0,42.6,26.5,36.0,1017.6
2024-09-15T12:11:22.262000+00:00,9598,55,1245,1.5,0,42.7,26.4,35.0,1017.7
2024-09-15T12:12:22.266000+00:00,9598,19,1245,1.8,0,42.7,26.4,35.0,1017.6
2024-09-15T12:13:22.263000+00:00,9598,95,1245,1.6,0,42.3,26.4,36.0,1017.7
2024-09-15T12:14:22.264000+00:00,9598,106,1245,2.8,0,42.1,26.3,36.0,1017.6
2024-09-15T12:15:22.264000+00:00,9598,74,1245,3.1,0,41.8,26.0,38.0,1017.8
2024-09-15T12:16:22.265000+00:00,9598,102,1245,2.7,0,41.8,25.8,38.0,1017.6
2024-09-15T12:17:22.267000+00:00,9598,94,1245,3.8,0,41.6,25.7,38.0,1017.6
2024-09-15T12:18:22.269000+00:00,9598,98,1245,2.8,0,41.6,25.7,38.0,1017.6
2024-09-15T12:19:22.278000+00:00,9598,93,1245,2.2,0,41.8,25.7,36.0,1017.7
2024-09-15T12:20:22.268000+00:00,9598,0,1245,3.6,0,41.3,25.8,37.0,1017.8
2024-09-15T12:21:22.298000+00:00,9598,106,1245,1.7,0,41.3,25.7,38.0,1017.5
2024-09-15T12:22:22.272000+00:00,9598,70,1245,2.8,0,41.4,25.8,38.0,1017.6
2024-09-15T12:23:22.271000+00:00,9598,88,1245,2.1,0,41.4,25.8,38.0,1017.7
2024-09-15T12:24:22.273000+00:00,9598,90,1245,2.0,0,41.7,25.8,38.0,1017.7
2024-09-15T12:25:22.275000+00:00,9598,94,1245,2.4,0,41.6,25.9,35.0,1017.6
2024-09-15T12:26:22.272000+00:00,9598,208,1245,1.3,0,41.6,25.9,34.0,1017.6
2024-09-15T12:27:22.276000+00:00,9598,288,1245,0.9,0,41.6,25.9,32.0,1017.6
2024-09-15T12:28:22.273000+00:00,9598,16,1245,1.1,0,42.0,26.0,33.0,1017.7
2024-09-15T12:29:22.277000+00:00,9598,62,1245,0.7,0,42.0,26.4,33.0,1017.7
2024-09-15T12:30:22.275000+00:00,9598,76,1245,0.6,0,41.5,26.6,33.0,1017.7
2024-09-15T12:31:22.286000+00:00,9598,218,1245,0.8,0,41.3,26.6,34.0,1017.7
2024-09-15T12:32:22.279000+00:00,9598,15,1245,1.0,0,41.3,26.5,35.0,1017.7
2024-09-15T12:33:22.293000+00:00,9598,66,1245,1.1,0,41.3,26.6,36.0,1017.7
2024-09-15T12:34:22.290000+00:00,9598,99,1245,1.5,0,40.9,26.6,36.0,1017.7
2024-09-15T12:35:22.278000+00:00,9598,117,1245,0.9,0,40.8,26.5,37.0,1017.7
2024-09-15T12:36:22.288000+00:00,9598,77,1245,2.0,0,40.8,26.5,37.0,1017.7
2024-09-15T12:37:22.280000+00:00,9598,0,1245,1.2,0,40.7,26.4,39.0,1017.8
2024-09-15T12:38:22.282000+00:00,9598,99,1245,0.7,0,40.3,26.5,39.0,1017.7
2024-09-15T12:39:22.287000+00:00,9598,238,1245,0.6,0,41.1,26.4,40.0,1017.7
2024-09-22T11:07:46.576000+00:00,9606,0,1246,0.6,0,37.6,31.0,74.0,1006.9
2024-09-22T11:08:46.623000+00:00,9606,258,1246,0.0,0,37.7,30.9,74.0,1007.0
2024-09-22T11:09:46.565000+00:00,9606,300,1246,1.1,0,37.9,30.9,74.0,1007.0
2024-09-22T11:10:46.582000+00:00,9606,28,1246,0.8,0,37.9,30.9,75.0,1007.0
2024-09-22T11:11:46.584000+00:00,9606,287,1246,0.3,0,38.0,30.8,75.0,1007.1
2024-09-22T11:12:46.599000+00:00,9606,219,1246,0.8,0,38.5,30.8,75.0,1007.1
2024-09-22T11:13:46.627000+00:00,9606,217,1246,1.0,0,38.2,30.8,74.0,1007.0
2024-09-22T11:14:46.619000+00:00,9606,167,1246,0.7,0,37.6,30.8,75.0,1007.1
2024-09-22T11:15:46.643000+00:00,9606,0,1246,0.6,0,37.5,30.7,75.0,1007.1
2024-09-22T11:16:46.649000+00:00,9606,269,1246,0.0,0,37.3,30.7,75.0,1007.1
2024-09-22T11:17:46.658000+00:00,9606,282,1246,0.5,0,37.4,30.7,75.0,1007.1
2024-09-22T11:18:46.671000+00:00,9606,135,1246,0.5,0,37.7,30.7,75.0,1007.1
2024-09-22T11:19:46.675000+00:00,9606,110,1246,0.6,0,37.7,30.8,75.0,1007.1
2024-09-22T11:20:46.684000+00:00,9606,208,1246,0.7,0,38.3,30.7,75.0,1007.1
2024-09-22T11:21:46.693000+00:00,9606,138,1246,0.6,0,38.5,30.7,75.0,1007.2
2024-09-22T11:22:46.701000+00:00,9606,204,1246,1.0,0,38.2,30.8,75.0,1007.3
2024-09-22T11:23:46.703000+00:00,9606,212,1246,0.8,0,37.8,30.7,75.0,1007.2
2024-09-22T11:24:46.722000+00:00,9606,179,1246,0.9,0,38.2,30.9,74.0,1007.2
2024-09-22T11:25:46.715000+00:00,9606,179,1246,0.7,0,38.5,31.0,74.0,1007.2
2024-09-22T11:26:46.739000+00:00,9606,154,1246,0.5,0,38.1,31.0,73.0,1007.2
2024-09-22T11:27:46.752000+00:00,9606,0,1246,0.8,0,37.9,31.0,74.0,1007.3
2024-09-22T11:28:46.767000+00:00,9606,163,1246,0.7,0,37.9,31.0,74.0,1007.2
2024-09-22T11:29:46.794000+00:00,9606,218,1246,0.8,0,37.9,31.1,74.0,1007.2
2024-09-22T11:30:46.791000+00:00,9606,180,1246,1.0,0,37.8,31.1,74.0,1007.2
2024-09-22T11:31:46.804000+00:00,9606,161,1246,0.9,0,38.1,31.1,74.0,1007.2
2024-09-22T11:32:46.794000+00:00,9606,231,1246,1.0,0,37.6,31.1,74.0,1007.2
2024-09-22T11:33:46.797000+00:00,9606,244,1246,0.5,0,37.4,31.0,75.0,1007.3
2024-09-22T11:34:46.798000+00:00,9606,249,1246,0.9,0,37.5,31.0,75.0,1007.3
2024-09-22T11:35:46.812000+00:00,9606,267,1246,0.7,0,37.2,31.0,75.0,1007.3
2024-09-22T11:36:46.794000+00:00,9606,201,1246,0.8,0,37.0,30.9,75.0,1007.3
2024-09-22T11:37:46.797000+00:00,9606,0,1246,0.7,0,37.2,30.8,76.0,1007.3
2024-09-22T11:38:46.789000+00:00,9606,62,1246,0.4,0,37.2,30.8,76.0,1007.4
2024-09-22T11:39:46.804000+00:00,9606,226,1246,0.7,0,37.3,30.8,76.0,1007.3
2024-09-22T11:40:46.792000+00:00,9606,206,1246,0.5,0,37.6,30.7,76.0,1007.3
2024-09-22T11:41:46.790000+00:00,9606,0,1246,0.4,0,37.9,30.7,76.0,1007.4
2024-09-22T11:42:46.794000+00:00,9606,217,1246,0.0,0,37.6,30.7,75.0,1007.4
2024-09-22T11:43:46.789000+00:00,9606,229,1246,0.9,0,37.5,30.7,75.0,1007.4
2024-09-22T11:44:46.798000+00:00,9606,0,1246,1.0,0,37.3,30.6,76.0,1007.4
2024-09-22T11:45:46.803000+00:00,9606,0,1246,0.3,0,37.0,30.6,76.0,1007.5
2024-09-22T11:46:46.807000+00:00,9606,0,1246,0.5,0,37.2,30.6,76.0,1007.5
2024-09-22T11:47:46.800000+00:00,9606,287,1246,0.5,0,37.2,30.7,76.0,1007.5
2024-09-22T11:48:46.806000+00:00,9606,270,1246,1.1,0,37.2,30.6,76.0,1007.5
2024-09-22T11:49:46.797000+00:00,9606,36,1246,0.7,0,37.3,30.6,76.0,1007.5
2024-09-22T11:50:46.803000+00:00,9606,305,1246,0.6,0,37.3,30.7,76.0,1007.6
2024-09-22T11:51:46.806000+00:00,9606,282,1246,0.0,0,37.0,30.6,76.0,1007.5
2024-09-22T11:52:46.807000+00:00,9606,280,1246,0.5,0,37.3,30.6,76.0,1007.5
2024-09-22T11:53:46.811000+00:00,9606,295,1246,0.6,0,37.6,30.6,76.0,1007.6
2024-09-22T11:54:46.805000+00:00,9606,320,1246,0.6,0,37.0,30.6,76.0,1007.6
2024-09-22T11:55:46.810000+00:00,9606,82,1246,0.9,0,37.0,30.6,76.0,1007.6
2024-09-22T11:56:46.812000+00:00,9606,0,1246,0.4,0,37.1,30.6,76.0,1007.6
2024-09-22T11:57:46.808000+00:00,9606,0,1246,0.0,0,37.1,30.6,76.0,1007.6
2024-09-22T11:58:46.800000+00:00,9606,213,1246,0.0,0,37.7,30.7,76.0,1007.6
2024-09-22T11:59:46.808000+00:00,9606,232,1246,0.6,0,37.7,30.7,75.0,1007.7
2024-09-22T12:00:46.817000+00:00,9606,298,1246,0.4,0,37.6,30.7,75.0,1007.7
2024-09-22T12:01:46.816000+00:00,9606,329,1246,0.7,0,37.3,30.7,76.0,1007.6
2024-09-22T12:02:46.813000+00:00,9606,213,1246,0.8,0,37.3,30.7,75.0,1007.7
2024-09-22T12:03:46.815000+00:00,9606,216,1246,0.6,0,37.3,30.7,76.0,1007.7
2024-09-22T12:04:46.818000+00:00,9606,0,1246,0.4,0,37.3,30.8,75.0,1007.7
2024-09-22T12:05:46.821000+00:00,9606,239,1246,0.3,0,37.3,30.8,75.0,1007.7
2024-09-22T12:06:46.823000+00:00,9606,192,1246,0.9,0,37.4,30.8,75.0,1007.7
2024-09-22T12:07:46.821000+00:00,9606,200,1246,0.8,0,37.4,30.8,75.0,1007.7
2024-09-22T12:08:46.821000+00:00,9606,217,1246,1.4,0,37.4,30.9,75.0,1007.8
2024-09-22T12:09:46.815000+00:00,9606,203,1246,1.1,0,37.2,31.0,74.0,1007.8
2024-09-22T12:10:46.837000+00:00,9606,218,1246,0.7,0,37.0,31.1,75.0,1007.7
2024-09-22T12:11:46.854000+00:00,9606,195,1246,1.4,0,36.6,31.1,74.0,1007.8
2024-09-22T12:12:46.871000+00:00,9606,155,1246,1.3,0,36.8,31.1,75.0,1007.8
2024-09-22T12:13:46.887000+00:00,9606,180,1246,0.7,0,36.5,31.1,75.0,1007.9
2024-09-22T12:14:46.896000+00:00,9606,228,1246,1.0,0,36.5,31.1,75.0,1007.9
2024-09-22T12:15:46.915000+00:00,9606,0,1246,0.4,0,36.5,31.1,76.0,1007.8
2024-09-22T12:16:46.921000+00:00,9606,155,1246,0.9,0,36.9,31.0,75.0,1007.9
2024-09-22T12:17:46.908000+00:00,9606,251,1246,0.8,0,37.0,31.1,75.0,1007.8
2024-09-22T12:18:46.935000+00:00,9606,219,1246,1.1,0,37.1,31.1,75.0,1007.9
2024-09-22T12:19:46.943000+00:00,9606,245,1246,0.8,0,37.0,31.1,75.0,1008.0
2024-09-22T12:20:46.954000+00:00,9606,221,1246,1.1,0,36.9,31.1,75.0,1008.0
2024-09-22T12:21:46.952000+00:00,9606,183,1246,0.7,0,36.8,31.1,75.0,1007.9
2024-09-22T12:22:46.950000+00:00,9606,196,1246,1.6,0,36.8,31.1,75.0,1008.0
2024-09-22T12:23:46.951000+00:00,9606,220,1246,1.1,0,36.8,31.1,74.0,1008.0
2024-09-22T12:24:46.961000+00:00,9606,216,1246,1.1,0,36.3,31.1,74.0,1008.0
2024-09-22T12:25:47.130000+00:00,9606,195,1246,1.8,0,36.3,31.1,75.0,1008.1
2024-09-22T12:26:47.087000+00:00,9606,275,1246,1.1,0,36.3,31.2,74.0,1008.0
2024-09-22T12:27:47.106000+00:00,9606,192,1246,1.1,0,36.4,31.2,75.0,1008.0
2024-09-22T12:28:47.119000+00:00,9606,228,1246,1.1,0,36.5,31.1,74.0,1008.0
2024-09-22T12:29:47.144000+00:00,9606,224,1246,1.0,0,36.0,31.1,74.0,1008.0
2024-09-22T12:30:47.167000+00:00,9606,191,1246,1.4,0,35.9,31.1,74.0,1008.0
2024-09-22T12:31:47.178000+00:00,9606,161,1246,1.1,0,35.7,31.0,75.0,1007.9
2024-09-22T12:32:47.175000+00:00,9606,217,1246,1.3,0,35.8,31.0,75.0,1008.0
2024-09-22T12:33:47.176000+00:00,9606,179,1246,1.3,0,35.8,31.0,75.0,1008.1
2024-09-22T12:34:47.194000+00:00,9606,257,1246,1.1,0,36.1,30.9,75.0,1008.1
2024-09-22T12:35:47.200000+00:00,9606,215,1246,1.0,0,36.1,30.9,75.0,1008.2
2024-09-22T12:36:47.203000+00:00,9606,209,1246,1.5,0,35.8,30.8,75.0,1008.2
2024-09-22T12:37:47.215000+00:00,9606,218,1246,1.6,0,36.4,30.8,76.0,1008.3
2024-09-22T12:38:47.222000+00:00,9606,217,1246,1.3,0,36.6,30.8,75.0,1008.3
2024-09-22T12:39:47.226000+00:00,9606,198,1246,1.2,0,36.4,30.8,74.0,1008.4
2024-09-22T12:40:47.230000+00:00,9606,218,1246,1.3,0,36.0,30.8,74.0,1008.4
2024-09-22T12:41:47.251000+00:00,9606,184,1246,1.4,0,36.0,30.8,75.0,1008.3
2024-09-22T12:42:47.263000+00:00,9606,231,1246,1.2,0,36.0,30.8,74.0,1008.4
2024-09-22T12:43:47.285000+00:00,9606,223,1246,1.2,0,36.1,30.8,75.0,1008.4
2024-09-22T12:44:47.301000+00:00,9606,186,1246,2.0,0,36.1,30.8,75.0,1008.4
2024-09-22T12:45:47.273000+00:00,9606,190,1246,1.4,0,36.1,30.8,75.0,1008.4
2024-09-22T12:46:47.307000+00:00,9606,202,1246,1.3,0,36.1,30.8,75.0,1008.4
2024-09-22T12:47:47.293000+00:00,9606,245,1246,1.6,0,35.9,30.8,75.0,1008.4
2024-09-22T12:48:47.313000+00:00,9606,239,1246,0.7,0,35.5,30.8,75.0,1008.4
2024-09-22T12:49:47.329000+00:00,9606,214,1246,0.7,0,35.9,30.8,76.0,1008.4
2024-09-22T12:50:47.341000+00:00,9606,227,1246,1.2,0,35.8,30.8,74.0,1008.3
2024-09-22T12:51:47.349000+00:00,9606,183,1246,1.1,0,35.7,30.8,74.0,1008.3
2024-09-22T12:52:47.347000+00:00,9606,207,1246,1.4,0,35.8,30.7,74.0,1008.3
2024-09-22T12:53:47.363000+00:00,9606,215,1246,1.1,0,35.8,30.6,74.0,1008.3
2024-09-22T12:54:47.380000+00:00,9606,234,1246,0.8,0,35.8,30.7,74.0,1008.3
2024-09-22T12:55:47.403000+00:00,9606,159,1246,1.3,0,35.8,30.6,74.0,1008.3
2024-09-22T12:56:47.405000+00:00,9606,204,1246,1.2,0,35.8,30.7,74.0,1008.4
2024-09-22T12:57:47.403000+00:00,9606,185,1246,1.0,0,36.1,30.8,74.0,1008.4
2024-09-22T12:58:47.414000+00:00,9606,228,1246,1.3,0,36.1,30.8,73.0,1008.4
2024-09-22T12:59:47.454000+00:00,9606,193,1246,0.7,0,35.5,30.8,74.0,1008.4
2024-09-22T13:00:47.447000+00:00,9606,212,1246,1.1,0,35.5,30.8,74.0,1008.5
2024-09-22T13:01:47.449000+00:00,9606,223,1246,1.1,0,36.0,30.8,74.0,1008.5
2024-09-22T13:02:47.456000+00:00,9606,212,1246,1.7,0,35.8,30.7,74.0,1008.5
2024-09-22T13:03:47.458000+00:00,9606,210,1246,1.2,0,35.8,30.7,74.0,1008.4
2024-09-22T13:04:47.452000+00:00,9606,225,1246,1.3,0,35.7,30.8,74.0,1008.4
2024-09-22T13:05:47.455000+00:00,9606,183,1246,1.1,0,35.5,30.8,74.0,1008.4
2024-09-22T13:06:47.472000+00:00,9606,187,1246,1.2,0,35.5,30.8,73.0,1008.5
2024-09-22T13:07:47.477000+00:00,9606,192,1246,1.3,0,35.5,30.8,74.0,1008.5
2024-09-22T13:08:47.464000+00:00,9606,207,1246,1.6,0,35.5,30.8,74.0,1008.6
2024-09-22T13:09:47.457000+00:00,9606,214,1246,1.5,0,35.5,30.8,74.0,1008.5
2024-09-22T13:10:47.478000+00:00,9606,164,1246,1.3,0,35.2,30.8,74.0,1008.5
2024-09-22T13:11:47.465000+00:00,9606,192,1246,1.5,0,35.3,30.8,74.0,1008.6
2024-09-22T13:12:47.515000+00:00,9606,209,1246,1.6,0,35.4,30.8,74.0,1008.7
2024-09-22T13:13:47.511000+00:00,9606,197,1246,1.2,0,35.5,30.8,74.0,1008.6
2024-09-22T13:14:47.510000+00:00,9606,213,1246,1.5,0,35.5,30.7,74.0,1008.6
2024-09-22T13:15:47.502000+00:00,9606,0,1246,1.1,0,35.2,30.7,74.0,1008.5
2024-09-22T13:16:47.518000+00:00,9606,230,1246,0.7,0,34.9,30.6,74.0,1008.6
2024-09-22T13:17:47.532000+00:00,9606,218,1246,0.9,0,34.9,30.6,75.0,1008.7
2024-09-22T13:18:47.549000+00:00,9606,196,1246,1.0,0,35.0,30.6,75.0,1008.8
2024-09-22T13:19:47.556000+00:00,9606,164,1246,1.5,0,35.2,30.7,75.0,1008.6
2024-09-22T13:20:47.554000+00:00,9606,186,1246,0.9,0,35.2,30.7,74.0,1008.6
2024-09-22T13:21:47.572000+00:00,9606,216,1246,1.2,0,35.2,30.6,74.0,1008.8
2024-09-22T13:22:47.594000+00:00,9606,202,1246,1.0,0,35.3,30.7,75.0,1008.7
2024-09-22T13:23:47.613000+00:00,9606,277,1246,0.9,0,35.2,30.6,74.0,1008.8
2024-09-22T13:24:47.634000+00:00,9606,174,1246,1.1,0,35.1,30.6,74.0,1008.8
2024-09-22T13:25:47.625000+00:00,9606,228,1246,1.0,0,35.0,30.6,74.0,1008.9
2024-09-22T13:26:47.615000+00:00,9606,185,1246,1.1,0,35.0,30.6,74.0,1008.8
2024-09-22T13:27:47.631000+00:00,9606,233,1246,0.9,0,35.0,30.6,74.0,1008.8
2024-09-22T13:28:47.628000+00:00,9606,216,1246,1.0,0,35.0,30.6,74.0,1008.9
2024-09-22T13:29:47.621000+00:00,9606,190,1246,1.2,0,34.9,30.5,74.0,1009.0
2024-09-22T13:30:47.632000+00:00,9606,224,1246,1.0,0,34.9,30.5,73.0,1009.0
2024-09-22T13:31:47.622000+00:00,9606,221,1246,1.5,0,35.2,30.5,74.0,1009.0
2024-09-22T13:32:47.633000+00:00,9606,187,1246,1.3,0,35.3,30.5,74.0,1008.9
2024-09-22T13:33:47.630000+00:00,9606,214,1246,1.3,0,35.5,30.6,74.0,1008.9
2024-09-22T13:34:47.633000+00:00,9606,288,1246,1.0,0,34.9,30.5,74.0,1009.1
2024-09-22T13:35:47.626000+00:00,9606,178,1246,0.3,0,34.9,30.5,74.0,1009.0
2024-09-22T13:36:47.634000+00:00,9606,192,1246,1.0,0,35.0,30.5,74.0,1009.0
2024-09-22T13:37:47.625000+00:00,9606,300,1246,0.6,0,35.0,30.5,74.0,1009.0
2024-09-22T13:38:47.637000+00:00,9606,155,1246,1.1,0,34.4,30.5,75.0,1009.0
2024-09-22T13:39:47.626000+00:00,9606,72,1246,1.0,0,34.4,30.5,74.0,1009.1
2024-09-22T13:40:47.633000+00:00,9606,226,1246,1.1,0,35.0,30.5,74.0,1009.1
2024-09-22T13:41:47.639000+00:00,9606,199,1246,1.4,0,35.0,30.6,74.0,1009.0
2024-09-22T13:42:47.632000+00:00,9606,205,1246,1.6,0,35.0,30.6,74.0,1009.1
2024-09-22T13:43:47.631000+00:00,9606,200,1246,1.4,0,35.0,30.5,74.0,1009.0
2024-09-22T13:44:47.644000+00:00,9606,189,1246,1.2,0,34.9,30.5,73.0,1009.1
2024-09-22T13:45:47.652000+00:00,9606,198,1246,1.3,0,34.7,30.4,74.0,1009.1
2024-09-22T13:46:47.686000+00:00,9606,262,1246,1.4,0,34.7,30.4,74.0,1009.1
2024-10-20T18:07:24.132000+00:00,9617,105,1247,1.1,0,44.7,26.8,41.0,1008.0
2024-10-20T18:08:24.133000+00:00,9617,316,1247,0.9,0,44.6,26.8,41.0,1007.9
2024-10-20T18:09:24.134000+00:00,9617,198,1247,1.1,0,44.5,26.7,40.0,1007.9
2024-10-20T18:10:24.137000+00:00,9617,299,1247,1.8,0,44.4,26.7,41.0,1007.8
2024-10-20T18:11:24.136000+00:00,9617,192,1247,0.6,0,44.4,26.7,41.0,1008.0
2024-10-20T18:12:24.136000+00:00,9617,310,1247,1.2,0,44.5,26.7,40.0,1007.9
2024-10-20T18:13:24.128000+00:00,9617,315,1247,1.8,0,44.4,26.7,41.0,1007.9
2024-10-20T18:14:24.143000+00:00,9617,312,1247,0.9,0,44.4,26.7,41.0,1007.8
2024-10-20T18:15:24.143000+00:00,9617,311,1247,1.4,0,44.3,26.7,41.0,1007.8
2024-10-20T18:16:24.141000+00:00,9617,277,1247,1.3,0,44.1,26.8,42.0,1007.8
2024-10-20T18:17:24.143000+00:00,9617,189,1247,0.7,0,44.3,27.0,41.0,1007.8
2024-10-20T18:18:24.143000+00:00,9617,147,1247,1.3,0,45.1,27.2,40.0,1007.7
2024-10-20T18:19:24.145000+00:00,9617,170,1247,2.5,0,45.2,27.3,38.0,1007.7
2024-10-20T18:20:24.143000+00:00,9617,170,1247,2.5,0,45.1,27.2,39.0,1007.7
2024-10-20T18:21:24.145000+00:00,9617,177,1247,3.8,0,45.1,27.1,39.0,1007.7
2024-10-20T18:22:24.151000+00:00,9617,174,1247,4.1,0,45.4,27.2,38.0,1007.7
2024-10-20T18:23:24.145000+00:00,9617,179,1247,3.7,0,45.5,27.4,38.0,1007.6
2024-10-20T18:24:24.153000+00:00,9617,166,1247,4.2,0,45.3,27.5,39.0,1007.6
2024-10-20T18:25:24.145000+00:00,9617,173,1247,3.3,0,45.4,27.5,38.0,1007.5
2024-10-20T18:26:24.147000+00:00,9617,191,1247,2.9,0,45.4,27.5,38.0,1007.5
2024-10-20T18:27:24.154000+00:00,9617,173,1247,2.7,0,45.5,27.3,38.0,1007.5
2024-10-20T18:28:24.148000+00:00,9617,177,1247,3.2,0,45.7,27.2,39.0,1007.5
2024-10-20T18:29:24.149000+00:00,9617,75,1247,2.1,0,46.1,27.2,39.0,1007.5
2024-10-20T18:30:24.152000+00:00,9617,209,1247,1.0,0,46.2,27.3,38.0,1007.4
2024-10-20T18:31:24.152000+00:00,9617,227,1247,1.7,0,46.2,27.2,38.0,1007.4
2024-10-20T18:32:24.163000+00:00,9617,241,1247,1.0,0,45.8,27.2,38.0,1007.4
2024-10-20T18:33:24.150000+00:00,9617,187,1247,0.6,0,45.7,27.3,38.0,1007.4
2024-10-20T18:34:24.150000+00:00,9617,261,1247,1.1,0,45.6,27.3,38.0,1007.3
2024-10-20T18:35:24.152000+00:00,9617,324,1247,1.3,0,45.6,27.3,38.0,1007.3
2024-10-20T18:36:24.152000+00:00,9617,91,1247,0.9,0,45.9,27.2,38.0,1007.4
2024-10-20T18:37:24.157000+00:00,9617,181,1247,0.9,0,46.4,27.3,38.0,1007.3
2024-10-20T18:38:24.156000+00:00,9617,217,1247,1.7,0,46.4,27.3,37.0,1007.3
2024-10-20T18:39:24.154000+00:00,9617,195,1247,1.3,0,46.4,27.4,38.0,1007.3
2024-10-20T18:40:24.155000+00:00,9617,213,1247,1.0,0,46.3,27.3,38.0,1007.2
2024-10-20T18:41:24.145000+00:00,9617,288,1247,1.3,0,46.2,27.3,38.0,1007.2
2024-10-20T18:42:24.156000+00:00,9617,291,1247,1.2,0,46.0,27.3,38.0,1007.2
2024-10-20T18:43:24.160000+00:00,9617,308,1247,2.3,0,46.0,27.2,38.0,1007.1
2024-10-20T18:44:24.159000+00:00,9617,315,1247,1.4,0,45.7,27.1,39.0,1007.2
2024-10-20T18:45:24.158000+00:00,9617,7,1247,1.2,0,45.7,27.1,39.0,1007.2
2024-10-20T18:46:24.163000+00:00,9617,0,1247,1.1,0,45.7,27.3,39.0,1007.2
2024-10-20T18:47:24.161000+00:00,9617,279,1247,1.0,0,46.0,27.4,38.0,1007.1
2024-10-20T18:48:24.148000+00:00,9617,339,1247,1.0,0,46.0,27.5,38.0,1007.1
2024-10-20T18:49:24.167000+00:00,9617,329,1247,1.7,0,46.0,27.4,38.0,1007.1
2024-10-20T18:50:24.163000+00:00,9617,303,1247,1.2,0,45.7,27.6,38.0,1007.1
2024-10-20T18:51:24.162000+00:00,9617,235,1247,1.2,0,46.5,27.7,38.0,1007.0
2024-10-20T18:52:24.163000+00:00,9617,215,1247,1.2,0,46.7,27.7,38.0,1007.0
2024-10-20T18:53:24.159000+00:00,9617,197,1247,1.3,0,46.5,27.5,38.0,1007.0
2024-10-20T18:54:24.165000+00:00,9617,226,1247,1.0,0,46.5,27.5,38.0,1006.9
2024-10-20T18:55:24.167000+00:00,9617,191,1247,1.7,0,47.0,27.6,37.0,1006.9
2024-10-20T18:56:24.156000+00:00,9617,190,1247,1.9,0,47.0,27.6,37.0,1006.9
2024-10-20T18:57:24.167000+00:00,9617,36,1247,2.1,0,47.0,27.6,37.0,1006.9
2024-10-20T18:58:24.167000+00:00,9617,329,1247,0.7,0,47.1,27.7,37.0,1006.9
2024-10-20T18:59:24.176000+00:00,9617,319,1247,1.4,0,46.9,27.7,37.0,1006.8
2024-10-20T19:00:24.184000+00:00,9617,248,1247,1.4,0,46.9,27.7,37.0,1006.8
2024-10-20T19:01:24.186000+00:00,9617,198,1247,1.1,0,47.0,27.6,37.0,1006.8
2024-10-20T19:02:24.213000+00:00,9617,192,1247,1.7,0,46.9,27.5,37.0,1006.8
2024-10-20T19:03:24.217000+00:00,9617,234,1247,1.1,0,46.5,27.5,38.0,1006.7
2024-10-20T19:04:24.221000+00:00,9617,303,1247,0.9,0,46.4,27.6,38.0,1006.7
2024-10-20T19:05:24.213000+00:00,9617,117,1247,0.5,0,46.7,27.8,38.0,1006.7
2024-10-20T19:06:24.220000+00:00,9617,189,1247,0.7,0,47.0,28.0,37.0,1006.7
2024-10-20T19:07:24.228000+00:00,9617,0,1247,1.8,0,47.2,28.1,37.0,1006.6
2024-10-20T19:08:24.220000+00:00,9617,185,1247,1.6,0,47.2,28.3,37.0,1006.7
2024-10-20T19:09:24.231000+00:00,9617,194,1247,2.4,0,47.0,28.3,37.0,1006.6
2024-10-20T19:10:24.224000+00:00,9617,180,1247,1.4,0,47.1,28.3,36.0,1006.5
2024-10-20T19:11:24.227000+00:00,9617,220,1247,1.7,0,47.4,28.2,36.0,1006.5
2024-10-20T19:12:24.225000+00:00,9617,191,1247,2.9,0,47.4,28.1,35.0,1006.5
2024-10-20T19:13:24.225000+00:00,9617,83,1247,2.1,0,47.6,28.0,35.0,1006.4
2024-10-20T19:14:24.227000+00:00,9617,229,1247,1.4,0,47.8,28.0,34.0,1006.6
2024-10-20T19:15:24.228000+00:00,9617,323,1247,1.3,0,47.9,28.0,33.0,1006.5
2024-10-20T19:16:24.227000+00:00,9617,352,1247,1.8,0,47.4,28.1,33.0,1006.5
2024-10-20T19:17:24.231000+00:00,9617,295,1247,1.7,0,47.2,28.1,33.0,1006.5
2024-10-20T19:18:24.230000+00:00,9617,304,1247,1.6,0,47.2,28.1,34.0,1006.5
2024-10-20T19:19:24.237000+00:00,9617,317,1247,2.8,0,46.9,28.0,35.0,1006.4
2024-10-20T19:20:24.262000+00:00,9617,300,1247,2.6,0,46.9,28.1,36.0,1006.6
2024-10-20T19:21:24.278000+00:00,9617,339,1247,2.0,0,46.7,28.1,37.0,1006.4
2024-10-20T19:22:24.275000+00:00,9617,286,1247,1.5,0,46.7,28.1,37.0,1006.5
2024-10-20T19:23:24.280000+00:00,9617,4,1247,1.8,0,47.0,28.2,37.0,1006.5
2024-10-20T19:24:24.283000+00:00,9617,335,1247,0.7,0,47.0,28.2,36.0,1006.4
2024-10-20T19:25:24.298000+00:00,9617,322,1247,1.4,0,47.1,28.2,36.0,1006.4
2024-10-20T19:26:24.314000+00:00,9617,306,1247,1.9,0,47.1,28.1,36.0,1006.4
2024-10-20T19:27:24.315000+00:00,9617,315,1247,1.5,0,47.1,28.0,36.0,1006.4
2024-10-20T19:28:24.314000+00:00,9617,289,1247,1.6,0,47.4,28.1,35.0,1006.4
2024-10-20T19:29:24.315000+00:00,9617,4,1247,0.9,0,47.8,28.3,35.0,1006.2
2024-10-20T19:30:24.317000+00:00,9617,308,1247,1.2,0,47.4,28.4,35.0,1006.2
2024-10-20T19:31:24.317000+00:00,9617,306,1247,1.6,0,47.5,28.4,35.0,1006.2
2024-10-20T19:32:24.317000+00:00,9617,268,1247,1.5,0,47.4,28.4,35.0,1006.2
2024-10-20T19:33:24.308000+00:00,9617,351,1247,1.9,0,47.8,28.4,35.0,1006.2
2024-10-20T19:34:24.320000+00:00,9617,0,1247,1.8,0,47.6,28.4,35.0,1006.2
2024-10-20T19:35:24.320000+00:00,9617,174,1247,0.5,0,47.6,28.4,34.0,1006.3
2024-10-20T19:36:24.320000+00:00,9617,206,1247,2.6,0,47.6,28.3,35.0,1006.2
2024-10-20T19:37:24.332000+00:00,9617,194,1247,2.9,0,47.2,28.2,36.0,1006.2
2024-10-20T19:38:24.323000+00:00,9617,181,1247,1.0,0,47.2,28.3,36.0,1006.2
2024-10-20T19:39:24.323000+00:00,9617,178,1247,1.1,0,47.1,28.4,36.0,1006.1
2024-10-20T19:40:24.326000+00:00,9617,0,1247,0.7,0,47.1,28.5,36.0,1006.1
2024-10-20T19:41:24.325000+00:00,9617,175,1247,1.2,0,47.3,28.4,36.0,1006.2
2024-10-20T19:42:24.324000+00:00,9617,184,1247,2.3,0,47.4,28.5,36.0,1006.1
2024-10-20T19:43:24.326000+00:00,9617,273,1247,1.8,0,47.4,28.4,36.0,1006.2
2024-10-20T19:44:24.326000+00:00,9617,305,1247,1.4,0,47.8,28.4,35.0,1006.1
2024-10-20T19:45:24.330000+00:00,9617,286,1247,2.2,0,47.8,28.5,34.0,1006.2
2024-10-20T19:46:24.326000+00:00,9617,307,1247,1.4,0,47.7,28.4,34.0,1006.1
2024-10-20T19:47:24.329000+00:00,9617,198,1247,1.6,0,47.8,28.5,33.0,1006.1
2024-10-20T19:48:24.330000+00:00,9617,260,1247,1.6,0,48.0,28.5,33.0,1006.1
2024-10-20T19:49:24.338000+00:00,9617,179,1247,1.1,0,48.0,28.5,33.0,1006.2
2024-10-20T19:50:24.345000+00:00,9617,271,1247,2.8,0,47.6,28.4,33.0,1006.0
2024-10-20T19:51:24.350000+00:00,9617,195,1247,1.1,0,47.3,28.5,33.0,1006.1
2024-10-20T19:52:24.364000+00:00,9617,194,1247,1.9,0,47.5,28.5,34.0,1006.0
2024-10-20T19:53:24.379000+00:00,9617,346,1247,1.2,0,47.5,28.6,34.0,1005.9
2024-10-20T19:54:24.380000+00:00,9617,268,1247,0.8,0,47.2,28.7,33.0,1005.9
2024-10-20T19:55:24.400000+00:00,9617,0,1247,0.7,0,47.5,28.8,33.0,1005.9
2024-10-20T19:56:24.412000+00:00,9617,285,1247,1.0,0,47.7,29.0,32.0,1005.8
2024-10-20T19:57:24.413000+00:00,9617,329,1247,1.7,0,47.7,28.9,32.0,1005.8
2024-10-20T19:58:24.430000+00:00,9617,335,1247,1.5,0,47.7,28.9,32.0,1005.8
2024-10-20T19:59:24.431000+00:00,9617,254,1247,0.7,0,47.4,28.8,32.0,1005.8
2024-10-20T20:00:24.447000+00:00,9617,331,1247,1.9,0,47.7,28.7,32.0,1005.8
2024-10-20T20:01:24.465000+00:00,9617,320,1247,1.5,0,47.5,28.7,32.0,1005.8
2024-10-20T20:02:24.464000+00:00,9617,333,1247,2.8,0,47.4,28.8,33.0,1005.7
2024-10-20T20:03:24.464000+00:00,9617,286,1247,1.8,0,47.1,28.8,33.0,1005.8
2024-10-20T20:04:24.471000+00:00,9617,320,1247,0.8,0,47.1,28.8,33.0,1005.7
2024-10-20T20:05:24.477000+00:00,9617,107,1247,0.8,0,47.0,28.8,33.0,1005.7
2024-10-20T20:06:24.467000+00:00,9617,307,1247,0.9,0,47.2,28.9,33.0,1005.8
2024-10-20T20:07:24.469000+00:00,9617,0,1247,0.7,0,47.2,28.9,33.0,1005.9
2024-10-20T20:08:24.469000+00:00,9617,222,1247,0.5,0,46.9,28.9,33.0,1005.7
2024-10-20T20:09:24.471000+00:00,9617,302,1247,1.0,0,47.1,28.9,33.0,1005.8
2024-10-20T20:10:24.469000+00:00,9617,331,1247,1.8,0,47.1,29.0,33.0,1005.8
2024-10-20T20:11:24.473000+00:00,9617,319,1247,1.9,0,46.9,29.0,33.0,1005.7
2024-10-20T20:12:24.472000+00:00,9617,309,1247,1.4,0,46.9,29.0,32.0,1005.7
2024-10-20T20:13:24.473000+00:00,9617,343,1247,2.5,0,47.3,28.9,32.0,1005.7
2024-10-20T20:14:24.479000+00:00,9617,23,1247,1.2,0,47.4,28.9,32.0,1005.7
2024-10-20T20:15:24.476000+00:00,9617,337,1247,0.9,0,47.4,28.9,32.0,1005.7
2024-10-20T20:16:24.479000+00:00,9617,340,1247,1.4,0,46.8,29.0,32.0,1005.8
2024-10-20T20:17:24.477000+00:00,9617,0,1247,1.1,0,46.4,29.0,33.0,1005.8
2024-10-20T20:18:24.480000+00:00,9617,184,1247,0.9,0,46.2,29.0,33.0,1005.8
2024-10-20T20:19:24.476000+00:00,9617,0,1247,1.5,0,46.4,29.0,33.0,1005.7
2024-10-20T20:20:24.477000+00:00,9617,302,1247,0.5,0,46.5,29.0,33.0,1005.7
2024-10-20T20:21:24.477000+00:00,9617,287,1247,0.4,0,47.2,29.0,32.0,1005.7
2024-10-20T20:22:24.479000+00:00,9617,157,1247,1.4,0,47.0,29.1,32.0,1005.7
2024-10-20T20:23:24.482000+00:00,9617,163,1247,1.8,0,47.0,29.1,32.0,1005.7
2024-10-20T20:24:24.480000+00:00,9617,175,1247,2.2,0,46.8,29.1,32.0,1005.6
2024-10-20T20:25:24.484000+00:00,9617,184,1247,2.1,0,46.7,29.1,32.0,1005.7
2024-10-20T20:26:24.482000+00:00,9617,232,1247,1.3,0,46.8,29.1,33.0,1005.7
2024-10-20T20:27:24.483000+00:00,9617,275,1247,0.8,0,46.7,29.0,33.0,1005.7
2024-10-20T20:28:24.484000+00:00,9617,309,1247,1.3,0,46.6,28.9,32.0,1005.7
2024-10-20T20:29:24.483000+00:00,9617,0,1247,0.7,0,47.0,29.0,32.0,1005.6
2024-10-20T20:30:24.488000+00:00,9617,0,1247,0.0,0,46.7,29.3,31.0,1005.6
2024-10-20T20:31:24.484000+00:00,9617,272,1247,0.3,0,46.4,29.3,31.0,1005.6
2024-10-20T20:32:24.486000+00:00,9617,180,1247,1.3,0,46.5,29.2,31.0,1005.5
2024-10-20T20:33:24.486000+00:00,9617,238,1247,0.7,0,46.5,29.2,31.0,1005.6
2024-10-20T20:34:24.505000+00:00,9617,314,1247,1.1,0,46.4,29.2,31.0,1005.6
2024-10-20T20:35:24.488000+00:00,9617,286,1247,1.7,0,46.0,29.1,31.0,1005.5
2024-10-20T20:36:24.488000+00:00,9617,300,1247,1.4,0,46.0,29.3,32.0,1005.4
2024-10-20T20:37:24.504000+00:00,9617,322,1247,1.2,0,46.1,29.3,32.0,1005.5
2024-10-20T20:38:24.512000+00:00,9617,285,1247,1.3,0,46.1,29.2,32.0,1005.5
2024-10-20T20:39:24.545000+00:00,9617,235,1247,1.0,0,45.9,29.2,32.0,1005.4
2024-10-20T20:40:24.538000+00:00,9617,197,1247,1.6,0,46.0,29.2,32.0,1005.5
2024-10-20T20:41:24.539000+00:00,9617,72,1247,1.0,0,46.0,29.2,32.0,1005.4
2024-10-27T19:08:22.800000+00:00,9625,311,1248,2.3,0,33.1,18.1,55.0,786.5
2024-10-27T19:09:22.810000+00:00,9625,324,1248,2.6,0,32.8,18.2,55.0,786.5
2024-10-27T19:10:22.827000+00:00,9625,324,1248,2.4,0,32.8,18.1,55.0,786.5
2024-10-27T19:11:22.830000+00:00,9625,329,1248,1.8,0,32.9,18.1,56.0,786.4
2024-10-27T19:12:22.829000+00:00,9625,322,1248,2.5,0,32.9,18.1,55.0,786.4
2024-10-27T19:13:22.829000+00:00,9625,328,1248,2.5,0,32.9,18.1,54.0,786.4
2024-10-27T19:14:22.829000+00:00,9625,313,1248,2.6,0,32.8,18.1,55.0,786.3
2024-10-27T19:15:22.829000+00:00,9625,324,1248,2.5,0,32.7,18.0,55.0,786.3
2024-10-27T19:16:22.835000+00:00,9625,321,1248,2.0,0,33.0,18.1,55.0,786.3
2024-10-27T19:17:22.832000+00:00,9625,287,1248,2.5,0,32.5,18.2,55.0,786.3
2024-10-27T19:18:22.831000+00:00,9625,285,1248,1.7,0,32.5,18.3,55.0,786.2
2024-10-27T19:19:22.832000+00:00,9625,310,1248,1.2,0,32.5,18.3,54.0,786.3
2024-10-27T19:20:22.838000+00:00,9625,341,1248,2.1,0,32.9,18.4,54.0,786.2
2024-10-27T19:21:22.832000+00:00,9625,315,1248,1.4,0,33.1,18.4,54.0,786.2
2024-10-27T19:22:22.829000+00:00,9625,303,1248,1.5,0,33.1,18.5,54.0,786.2
2024-10-27T19:23:22.835000+00:00,9625,281,1248,3.6,0,33.1,18.6,54.0,786.2
2024-10-27T19:24:22.838000+00:00,9625,298,1248,2.5,0,32.9,18.7,54.0,786.2
2024-10-27T19:25:22.855000+00:00,9625,294,1248,2.7,0,32.8,18.8,54.0,786.3
2024-10-27T19:26:22.869000+00:00,9625,340,1248,3.2,0,32.8,18.7,54.0,786.1
2024-10-27T19:27:22.884000+00:00,9625,303,1248,1.5,0,32.7,18.7,55.0,786.1
2024-10-27T19:28:22.886000+00:00,9625,303,1248,2.2,0,32.8,18.8,54.0,786.1
2024-10-27T19:29:22.903000+00:00,9625,299,1248,1.5,0,32.9,18.8,55.0,786.1
2024-10-27T19:30:22.918000+00:00,9625,280,1248,1.5,0,33.7,18.9,54.0,786.0
2024-10-27T19:31:22.936000+00:00,9625,319,1248,3.0,0,34.2,19.0,53.0,786.0
2024-10-27T19:32:22.935000+00:00,9625,296,1248,2.5,0,35.5,19.1,53.0,786.0
2024-10-27T19:33:22.936000+00:00,9625,318,1248,2.1,0,36.0,19.2,53.0,786.0
2024-10-27T19:34:22.940000+00:00,9625,337,1248,1.8,0,36.3,19.3,52.0,786.1
2024-10-27T19:35:22.953000+00:00,9625,352,1248,1.8,0,35.8,19.4,52.0,785.9
2024-10-27T19:36:22.972000+00:00,9625,334,1248,1.8,0,36.5,19.4,52.0,785.9
2024-10-27T19:37:22.970000+00:00,9625,320,1248,1.0,0,37.1,19.5,52.0,785.9
2024-10-27T19:38:22.972000+00:00,9625,313,1248,1.5,0,37.3,19.5,51.0,785.9
2024-10-27T19:39:22.973000+00:00,9625,283,1248,2.8,0,38.2,19.6,52.0,785.9
2024-10-27T19:40:22.974000+00:00,9625,166,1248,1.1,0,38.2,19.6,52.0,785.9
2024-10-27T19:41:22.976000+00:00,9625,105,1248,1.2,0,38.3,19.7,51.0,785.8
2024-10-27T19:42:22.973000+00:00,9625,296,1248,1.5,0,38.7,19.7,50.0,785.9
2024-10-27T19:43:22.976000+00:00,9625,304,1248,1.7,0,39.3,19.8,51.0,785.9
2024-10-27T19:44:22.975000+00:00,9625,331,1248,1.8,0,39.2,19.8,51.0,785.7
2024-10-27T19:45:22.977000+00:00,9625,329,1248,1.3,0,38.8,19.8,51.0,785.8
2024-10-27T19:46:22.978000+00:00,9625,330,1248,1.6,0,38.8,19.8,52.0,785.8
2024-10-27T19:47:22.977000+00:00,9625,294,1248,2.3,0,39.6,19.8,51.0,785.8
2024-10-27T19:48:22.978000+00:00,9625,262,1248,3.2,0,39.9,19.8,51.0,785.6
2024-10-27T19:49:22.979000+00:00,9625,295,1248,2.3,0,40.0,19.8,51.0,785.8
2024-10-27T19:50:22.981000+00:00,9625,273,1248,2.4,0,40.0,19.8,51.0,785.8
2024-10-27T19:51:22.990000+00:00,9625,287,1248,2.4,0,39.0,19.7,51.0,785.8
2024-10-27T19:52:22.982000+00:00,9625,288,1248,2.1,0,38.6,19.6,52.0,785.7
2024-10-27T19:53:22.983000+00:00,9625,247,1248,1.5,0,38.6,19.6,52.0,785.7
2024-10-27T19:54:22.984000+00:00,9625,49,1248,0.8,0,38.4,19.6,52.0,785.6
2024-10-27T19:55:22.984000+00:00,9625,170,1248,1.0,0,38.4,19.6,52.0,785.6
2024-10-27T19:56:22.986000+00:00,9625,357,1248,1.2,0,37.8,19.6,52.0,785.5
2024-10-27T19:57:22.985000+00:00,9625,350,1248,1.2,0,37.8,19.8,52.0,785.5
2024-10-27T19:58:22.988000+00:00,9625,329,1248,2.1,0,37.9,19.7,52.0,785.5
2024-10-27T19:59:22.986000+00:00,9625,322,1248,2.7,0,37.7,19.7,51.0,785.5
2024-10-27T20:00:22.989000+00:00,9625,334,1248,2.5,0,37.4,19.7,51.0,785.5
2024-10-27T20:01:23.011000+00:00,9625,329,1248,2.2,0,36.9,19.5,51.0,785.6
2024-10-27T20:02:23.025000+00:00,9625,310,1248,1.5,0,36.7,19.5,52.0,785.4
2024-10-27T20:03:23.024000+00:00,9625,330,1248,1.3,0,36.9,19.7,51.0,785.5
2024-10-27T20:04:23.037000+00:00,9625,282,1248,1.3,0,37.0,19.8,50.0,785.5
2024-10-27T20:05:23.038000+00:00,9625,325,1248,0.9,0,37.0,19.9,50.0,785.5
2024-10-27T20:06:23.043000+00:00,9625,293,1248,2.4,0,36.7,19.9,50.0,785.4
2024-10-27T20:07:23.039000+00:00,9625,318,1248,2.9,0,36.6,20.0,50.0,785.4
2024-10-27T20:08:23.040000+00:00,9625,329,1248,2.9,0,36.2,20.0,50.0,785.4
2024-10-27T20:09:23.040000+00:00,9625,291,1248,2.7,0,36.1,20.0,50.0,785.5
2024-10-27T20:10:23.042000+00:00,9625,323,1248,2.2,0,36.0,19.9,51.0,785.2
2024-10-27T20:11:23.041000+00:00,9625,52,1248,0.9,0,36.1,20.0,52.0,785.3
2024-10-27T20:12:23.042000+00:00,9625,301,1248,0.6,0,36.1,20.0,52.0,785.3
2024-10-27T20:13:23.044000+00:00,9625,289,1248,1.0,0,36.0,20.0,51.0,785.3
2024-10-27T20:14:23.044000+00:00,9625,293,1248,1.3,0,35.7,20.0,50.0,785.3
2024-10-27T20:15:23.044000+00:00,9625,301,1248,2.5,0,35.7,20.1,51.0,785.3
2024-10-27T20:16:23.069000+00:00,9625,315,1248,2.0,0,36.2,20.1,51.0,785.3
2024-10-27T20:17:23.077000+00:00,9625,298,1248,1.7,0,37.2,20.2,51.0,785.3
2024-10-27T20:18:23.092000+00:00,9625,301,1248,2.9,0,37.7,20.3,50.0,785.3
2024-10-27T20:19:23.112000+00:00,9625,273,1248,2.8,0,36.5,20.4,51.0,785.2
2024-10-27T20:20:23.133000+00:00,9625,246,1248,2.4,0,36.5,20.2,51.0,785.2
2024-10-27T20:21:23.132000+00:00,9625,267,1248,1.8,0,36.6,20.1,50.0,785.2
2024-10-27T20:22:23.127000+00:00,9625,276,1248,1.5,0,36.9,20.1,50.0,785.1
2024-10-27T20:23:23.146000+00:00,9625,330,1248,1.2,0,37.0,20.2,51.0,785.2
2024-10-27T20:24:23.160000+00:00,9625,308,1248,1.5,0,36.7,20.2,50.0,785.2
2024-10-27T20:25:23.176000+00:00,9625,321,1248,3.6,0,36.5,20.1,50.0,785.3
2024-10-27T20:26:23.192000+00:00,9625,271,1248,1.8,0,35.6,20.1,50.0,785.2
2024-10-27T20:27:23.193000+00:00,9625,299,1248,2.3,0,34.8,20.1,50.0,785.1
2024-10-27T20:28:23.196000+00:00,9625,321,1248,1.4,0,34.8,20.1,51.0,785.2
2024-10-27T20:29:23.199000+00:00,9625,307,1248,1.9,0,34.8,20.0,51.0,785.1
2024-10-27T20:30:23.197000+00:00,9625,331,1248,3.2,0,34.7,20.0,51.0,785.1
2024-10-27T20:31:23.212000+00:00,9625,316,1248,2.3,0,35.6,20.1,51.0,785.1
2024-10-27T20:32:23.229000+00:00,9625,336,1248,2.6,0,36.6,20.3,50.0,785.0
2024-10-27T20:33:23.232000+00:00,9625,325,1248,2.3,0,37.3,20.4,49.0,784.9
2024-10-27T20:34:23.258000+00:00,9625,332,1248,2.1,0,37.4,20.5,49.0,785.0
2024-10-27T20:35:23.234000+00:00,9625,345,1248,2.4,0,37.8,20.5,49.0,785.0
2024-10-27T20:36:23.233000+00:00,9625,314,1248,2.1,0,37.8,20.4,49.0,785.0
2024-10-27T20:37:23.247000+00:00,9625,289,1248,2.1,0,37.8,20.5,49.0,784.9
2024-10-27T20:38:23.265000+00:00,9625,308,1248,2.2,0,38.0,20.6,49.0,785.0
2024-10-27T20:39:23.266000+00:00,9625,282,1248,1.3,0,38.1,20.8,49.0,785.0
2024-10-27T20:40:23.266000+00:00,9625,278,1248,2.7,0,38.6,20.9,48.0,784.9
2024-10-27T20:41:23.267000+00:00,9625,337,1248,2.5,0,38.6,21.0,48.0,784.9
2024-10-27T20:42:23.267000+00:00,9625,296,1248,2.6,0,38.4,21.0,48.0,785.1
2024-10-27T20:43:23.288000+00:00,9625,280,1248,2.4,0,38.7,21.0,48.0,784.9
2024-10-27T20:44:23.289000+00:00,9625,276,1248,2.1,0,39.0,21.0,48.0,785.0
2024-10-27T20:45:23.270000+00:00,9625,259,1248,1.2,0,39.3,21.1,49.0,784.9
2024-10-27T20:46:23.273000+00:00,9625,269,1248,1.5,0,39.3,21.0,49.0,784.9
2024-10-27T20:47:23.275000+00:00,9625,304,1248,0.9,0,39.5,21.0,49.0,784.8
2024-10-27T20:48:23.274000+00:00,9625,332,1248,1.3,0,39.5,21.0,48.0,784.9
2024-10-27T20:49:23.271000+00:00,9625,281,1248,0.8,0,39.7,21.1,48.0,784.8
2024-10-27T20:50:23.277000+00:00,9625,0,1248,1.1,0,39.7,21.0,48.0,784.8
2024-10-27T20:51:23.277000+00:00,9625,280,1248,1.3,0,40.0,21.1,47.0,784.8
2024-10-27T20:52:23.278000+00:00,9625,274,1248,2.0,0,40.2,21.1,47.0,784.7
2024-10-27T20:53:23.278000+00:00,9625,274,1248,2.0,0,40.2,21.2,47.0,784.7
2024-10-27T20:54:23.282000+00:00,9625,274,1248,2.0,0,40.2,21.1,47.0,784.7
2024-10-27T20:55:23.295000+00:00,9625,286,1248,2.0,0,39.9,21.0,47.0,784.7
2024-10-27T20:56:23.280000+00:00,9625,280,1248,1.9,0,39.7,21.1,47.0,784.8
2024-10-27T20:57:23.282000+00:00,9625,334,1248,1.7,0,39.6,21.2,47.0,784.9
2024-10-27T20:58:23.281000+00:00,9625,280,1248,2.4,0,39.5,21.2,47.0,784.9
2024-10-27T20:59:23.280000+00:00,9625,269,1248,2.2,0,38.4,21.1,47.0,784.8
2024-10-27T21:00:23.281000+00:00,9625,295,1248,1.6,0,37.8,21.0,48.0,784.8
2024-10-27T21:01:23.282000+00:00,9625,281,1248,2.5,0,38.2,20.9,48.0,784.7
2024-10-27T21:02:23.285000+00:00,9625,283,1248,1.0,0,38.1,20.9,49.0,784.8
2024-10-27T21:03:23.284000+00:00,9625,316,1248,1.5,0,38.5,20.8,48.0,784.7
2024-10-27T21:04:23.287000+00:00,9625,296,1248,2.1,0,38.1,20.7,48.0,784.7
2024-10-27T21:05:23.286000+00:00,9625,305,1248,2.3,0,37.5,20.5,49.0,784.7
2024-10-27T21:06:23.288000+00:00,9625,321,1248,2.2,0,36.6,20.5,49.0,784.7
2024-10-27T21:07:23.300000+00:00,9625,336,1248,2.8,0,35.8,20.4,49.0,784.7
2024-10-27T21:08:23.290000+00:00,9625,280,1248,2.2,0,35.6,20.4,49.0,784.7
2024-10-27T21:09:23.289000+00:00,9625,293,1248,1.7,0,35.3,20.4,48.0,784.6
2024-10-27T21:10:23.289000+00:00,9625,284,1248,1.3,0,34.8,20.4,48.0,784.7
2024-10-27T21:11:23.290000+00:00,9625,318,1248,3.8,0,34.5,20.3,48.0,784.7
2024-10-27T21:12:23.292000+00:00,9625,286,1248,2.7,0,34.0,20.3,49.0,784.6
2024-10-27T21:13:23.295000+00:00,9625,287,1248,2.9,0,33.8,20.2,49.0,784.7
2024-10-27T21:14:23.290000+00:00,9625,333,1248,1.7,0,33.5,20.2,50.0,784.7
2024-10-27T21:15:23.302000+00:00,9625,294,1248,1.6,0,33.1,20.2,50.0,784.7
2024-10-27T21:16:23.294000+00:00,9625,286,1248,1.6,0,33.1,20.2,50.0,784.7
2024-10-27T21:17:23.313000+00:00,9625,284,1248,2.8,0,33.1,20.1,51.0,784.6
2024-10-27T21:18:23.300000+00:00,9625,291,1248,3.7,0,32.8,20.1,51.0,784.7
2024-10-27T21:19:23.295000+00:00,9625,266,1248,3.1,0,32.6,20.0,51.0,784.7
2024-10-27T21:20:23.307000+00:00,9625,221,1248,2.2,0,32.4,20.0,52.0,784.7
2024-10-27T21:21:23.296000+00:00,9625,289,1248,1.3,0,32.3,20.0,52.0,784.7
2024-10-27T21:22:23.297000+00:00,9625,294,1248,2.7,0,32.3,20.0,51.0,784.6
2024-10-27T21:23:23.303000+00:00,9625,305,1248,2.9,0,32.2,20.0,51.0,784.7
2024-10-27T21:24:23.297000+00:00,9625,291,1248,2.7,0,32.1,20.0,51.0,784.7
2024-10-27T21:25:23.348000+00:00,9625,284,1248,2.4,0,32.1,20.0,51.0,784.7
2024-10-27T21:26:23.299000+00:00,9625,0,1248,2.8,0,31.6,20.0,52.0,784.6
2024-10-27T21:27:23.300000+00:00,9625,294,1248,2.5,0,31.6,20.0,52.0,784.7
2024-10-27T21:28:23.300000+00:00,9625,274,1248,2.9,0,31.4,20.0,52.0,784.6
2024-10-27T21:29:23.300000+00:00,9625,351,1248,2.3,0,31.3,20.0,52.0,784.6
2024-10-27T21:30:23.301000+00:00,9625,340,1248,2.9,0,31.3,20.0,52.0,784.5
2024-10-27T21:31:23.302000+00:00,9625,295,1248,2.8,0,31.1,19.9,52.0,784.5
2024-10-27T21:32:23.306000+00:00,9625,320,1248,3.9,0,31.1,19.9,53.0,784.6
2024-10-27T21:33:23.308000+00:00,9625,314,1248,3.5,0,31.1,19.8,53.0,784.5
2024-10-27T21:34:23.303000+00:00,9625,297,1248,4.2,0,31.0,19.8,53.0,784.5
2024-10-27T21:35:23.305000+00:00,9625,289,1248,3.9,0,31.0,19.8,53.0,784.6
2024-10-27T21:36:23.309000+00:00,9625,321,1248,2.8,0,31.0,19.8,53.0,784.5
2024-10-27T21:37:23.306000+00:00,9625,277,1248,2.4,0,31.2,19.9,53.0,784.4
2024-10-27T21:38:23.308000+00:00,9625,83,1248,2.1,0,31.2,19.9,53.0,784.4
2024-10-27T21:39:23.365000+00:00,9625,317,1248,1.5,0,30.9,19.9,53.0,784.5
2024-10-27T21:40:23.310000+00:00,9625,288,1248,3.7,0,30.9,19.9,52.0,784.4
2024-10-27T21:41:23.311000+00:00,9625,332,1248,3.6,0,31.0,19.8,53.0,784.5
2024-10-27T21:42:23.315000+00:00,9625,298,1248,2.8,0,30.9,19.7,53.0,784.4
2024-10-27T21:43:23.313000+00:00,9625,274,1248,2.7,0,30.7,19.7,53.0,784.5
2024-10-27T21:44:23.318000+00:00,9625,285,1248,2.3,0,30.6,19.8,53.0,784.6
2024-10-27T21:45:29.883000+00:00,9625,296,1248,3.0,0,30.8,19.7,53.0,784.6
2024-10-27T21:46:23.687000+00:00,9625,296,1248,3.0,0,30.8,19.7,53.0,784.6
2024-11-03T14:38:25.648000+00:00,9636,0,1249,0.4,1,27.3,22.2,86.0,927.4
2024-11-03T14:39:25.648000+00:00,9636,191,1249,0.0,1,26.2,22.3,87.0,927.3
2024-11-03T14:40:25.648000+00:00,9636,182,1249,0.8,1,26.4,22.1,86.0,927.4
2024-11-03T14:41:25.651000+00:00,9636,210,1249,0.5,1,26.4,22.1,87.0,927.4
2024-11-03T14:42:25.655000+00:00,9636,0,1249,0.4,1,26.2,22.1,87.0,927.3
2024-11-03T14:43:25.660000+00:00,9636,215,1249,0.0,1,26.2,22.1,87.0,927.4
2024-11-03T14:44:25.666000+00:00,9636,205,1249,0.8,1,26.4,22.2,88.0,927.3
2024-11-03T14:45:25.649000+00:00,9636,242,1249,0.9,1,26.4,22.0,86.0,927.4
2024-11-03T14:46:25.665000+00:00,9636,210,1249,0.8,1,26.4,22.1,87.0,927.3
2024-11-03T14:47:25.650000+00:00,9636,240,1249,0.5,1,26.5,22.3,88.0,927.3
2024-11-03T14:48:25.669000+00:00,9636,216,1249,0.6,1,26.8,22.2,87.0,927.2
2024-11-03T14:49:25.652000+00:00,9636,208,1249,0.7,1,26.9,22.2,87.0,927.2
2024-11-03T14:50:25.669000+00:00,9636,201,1249,0.6,1,27.2,22.3,87.0,927.3
2024-11-03T14:51:25.662000+00:00,9636,234,1249,1.0,1,27.4,22.2,87.0,927.2
2024-11-03T14:52:25.663000+00:00,9636,179,1249,0.7,1,27.4,22.3,88.0,927.3
2024-11-03T14:53:25.666000+00:00,9636,195,1249,0.7,1,27.4,22.3,87.0,927.2
2024-11-03T14:54:25.658000+00:00,9636,227,1249,0.6,1,27.9,22.4,87.0,927.2
2024-11-03T14:55:25.675000+00:00,9636,339,1249,0.4,1,27.7,22.4,87.0,927.1
2024-11-03T14:56:25.671000+00:00,9636,348,1249,0.5,1,27.6,22.5,87.0,927.2
2024-11-03T14:57:25.676000+00:00,9636,313,1249,0.0,0,27.7,22.6,87.0,927.1
2024-11-03T14:58:25.671000+00:00,9636,317,1249,0.4,0,27.8,22.6,88.0,927.2
2024-11-03T14:59:25.657000+00:00,9636,295,1249,0.6,1,28.3,22.6,87.0,927.1
2024-11-03T15:00:25.671000+00:00,9636,0,1249,0.0,0,28.2,22.6,87.0,927.1
2024-11-03T15:01:25.672000+00:00,9636,0,1249,0.0,0,28.0,22.6,87.0,927.1
2024-11-03T15:02:25.695000+00:00,9636,170,1249,0.4,0,28.2,22.7,86.0,927.0
2024-11-03T15:03:25.696000+00:00,9636,30,1249,0.3,0,28.5,22.6,88.0,927.1
2024-11-03T15:04:25.690000+00:00,9636,11,1249,0.9,0,28.7,22.7,84.0,927.0
2024-11-03T15:05:25.689000+00:00,9636,37,1249,0.6,0,29.1,22.6,85.0,927.1
2024-11-03T15:06:25.696000+00:00,9636,178,1249,0.5,0,29.1,22.6,84.0,927.1
2024-11-03T15:07:25.735000+00:00,9636,303,1249,0.8,0,29.1,22.7,82.0,927.1
2024-11-03T15:08:25.710000+00:00,9636,220,1249,0.5,0,29.1,22.9,85.0,927.0
2024-11-03T15:09:25.716000+00:00,9636,275,1249,0.6,0,29.1,22.9,82.0,927.1
2024-11-03T15:10:25.736000+00:00,9636,0,1249,0.7,0,29.0,22.8,82.0,927.0
2024-11-03T15:11:25.757000+00:00,9636,214,1249,0.0,0,29.4,22.9,84.0,927.0
2024-11-03T15:12:25.762000+00:00,9636,0,1249,0.4,0,29.5,22.9,82.0,927.0
2024-11-03T15:13:25.775000+00:00,9636,330,1249,0.0,0,29.4,23.0,83.0,927.0
2024-11-03T15:14:25.790000+00:00,9636,288,1249,0.9,0,29.4,23.0,80.0,927.0
2024-11-03T15:15:25.799000+00:00,9636,272,1249,0.5,0,29.4,23.0,81.0,927.0
2024-11-03T15:16:25.803000+00:00,9636,221,1249,0.7,0,29.4,23.0,82.0,926.9
2024-11-03T15:17:25.805000+00:00,9636,193,1249,0.5,0,29.4,23.0,82.0,926.9
2024-11-03T15:18:25.802000+00:00,9636,239,1249,0.0,0,29.3,23.0,80.0,926.9
2024-11-03T15:19:25.804000+00:00,9636,266,1249,0.5,0,29.0,23.1,80.0,926.9
2024-11-03T15:20:25.800000+00:00,9636,241,1249,0.8,0,28.5,23.1,80.0,926.9
2024-11-03T15:21:25.800000+00:00,9636,218,1249,0.5,0,28.6,23.3,82.0,926.9
2024-11-03T15:22:25.817000+00:00,9636,197,1249,1.0,0,28.5,23.2,82.0,926.9
2024-11-03T15:23:25.801000+00:00,9636,214,1249,1.1,0,28.5,23.2,81.0,926.9
2024-11-03T15:24:25.817000+00:00,9636,221,1249,0.6,0,28.5,23.3,82.0,926.9
2024-11-03T15:25:25.820000+00:00,9636,215,1249,0.8,0,28.8,23.3,82.0,926.8
2024-11-03T15:26:25.812000+00:00,9636,184,1249,1.2,0,28.8,23.4,80.0,926.9
2024-11-03T15:27:25.813000+00:00,9636,206,1249,1.1,0,28.5,23.3,80.0,926.8
2024-11-03T15:28:25.818000+00:00,9636,207,1249,1.1,0,28.4,23.2,82.0,926.9
2024-11-03T15:29:25.819000+00:00,9636,207,1249,1.0,0,28.4,23.2,81.0,926.9
2024-11-03T15:30:25.820000+00:00,9636,233,1249,0.6,0,28.6,23.3,81.0,926.8
2024-11-03T15:31:25.820000+00:00,9636,195,1249,0.7,0,28.6,23.3,81.0,926.8
2024-11-03T15:32:25.822000+00:00,9636,192,1249,0.8,0,28.2,23.3,81.0,926.8
2024-11-03T15:33:25.814000+00:00,9636,216,1249,0.7,0,27.9,23.3,80.0,926.7
2024-11-03T15:34:25.822000+00:00,9636,133,1249,0.5,0,27.9,23.3,80.0,926.8
2024-11-03T15:35:25.823000+00:00,9636,145,1249,0.8,0,27.9,23.2,81.0,926.7
2024-11-03T15:36:25.821000+00:00,9636,200,1249,1.0,0,27.1,23.1,80.0,926.7
2024-11-03T15:37:25.817000+00:00,9636,183,1249,1.5,0,26.9,23.1,80.0,926.7
2024-11-03T15:38:25.829000+00:00,9636,199,1249,1.6,0,26.0,23.0,79.0,926.6
2024-11-03T15:39:25.821000+00:00,9636,181,1249,1.7,0,25.9,23.0,80.0,926.7
2024-11-03T15:40:25.821000+00:00,9636,177,1249,1.3,0,25.6,22.9,81.0,926.7
2024-11-03T15:41:25.826000+00:00,9636,203,1249,1.2,0,25.4,22.8,81.0,926.6
2024-11-03T15:42:25.822000+00:00,9636,200,1249,0.9,0,25.4,22.8,81.0,926.6
2024-11-03T15:43:25.822000+00:00,9636,181,1249,1.1,0,25.5,22.7,82.0,926.6
2024-11-03T15:44:25.830000+00:00,9636,187,1249,0.9,0,25.5,22.5,81.0,926.5
2024-11-03T15:45:25.824000+00:00,9636,187,1249,1.2,0,25.2,22.5,79.0,926.5
2024-11-03T15:46:25.838000+00:00,9636,189,1249,0.8,0,25.2,22.5,80.0,926.5
2024-11-03T15:47:25.824000+00:00,9636,203,1249,0.9,0,25.4,22.5,80.0,926.6
2024-11-03T15:48:25.823000+00:00,9636,0,1249,0.7,0,25.4,22.5,79.0,926.5
2024-11-03T15:49:25.819000+00:00,9636,197,1249,0.6,0,25.1,22.5,79.0,926.6
2024-11-03T15:50:25.826000+00:00,9636,259,1249,0.9,1,25.1,22.5,78.0,926.6
2024-11-03T15:51:25.830000+00:00,9636,173,1249,0.5,1,25.0,22.4,78.0,926.6
2024-11-03T15:52:25.830000+00:00,9636,265,1249,0.7,1,24.6,22.4,78.0,926.6
2024-11-03T15:53:25.832000+00:00,9636,72,1249,1.2,1,24.6,22.4,78.0,926.7
2024-11-03T15:54:25.838000+00:00,9636,187,1249,0.9,1,24.5,22.3,78.0,926.5
2024-11-03T15:55:25.838000+00:00,9636,188,1249,1.1,1,24.4,22.2,77.0,926.6
2024-11-03T15:56:25.839000+00:00,9636,201,1249,0.7,1,24.6,22.2,78.0,926.6
2024-11-03T15:57:25.842000+00:00,9636,227,1249,0.7,1,24.8,22.2,79.0,926.5
2024-11-03T15:58:25.843000+00:00,9636,191,1249,1.1,1,24.9,22.2,78.0,926.6
2024-11-03T15:59:25.842000+00:00,9636,330,1249,0.7,1,24.9,22.1,77.0,926.6
2024-11-03T16:00:25.829000+00:00,9636,268,1249,0.7,1,24.9,22.1,78.0,926.5
2024-11-03T16:01:25.896000+00:00,9636,213,1249,1.0,1,25.0,22.2,78.0,926.5
2024-11-03T16:02:25.831000+00:00,9636,170,1249,0.9,1,25.0,22.1,77.0,926.6
2024-11-03T16:03:25.849000+00:00,9636,227,1249,1.1,1,25.0,22.1,77.0,926.5
2024-11-03T16:04:25.844000+00:00,9636,189,1249,1.1,1,24.9,22.1,76.0,926.5
2024-11-03T16:05:25.843000+00:00,9636,81,1249,1.0,1,24.8,22.1,75.0,926.5
2024-11-03T16:06:25.854000+00:00,9636,0,1249,0.7,1,24.8,22.2,75.0,926.6
2024-11-03T16:07:25.870000+00:00,9636,188,1249,0.6,1,25.0,22.2,76.0,926.5
2024-11-03T16:08:25.851000+00:00,9636,137,1249,0.8,1,25.2,22.3,76.0,926.5
2024-11-03T16:09:25.871000+00:00,9636,331,1249,0.5,1,25.3,22.3,76.0,926.5
2024-11-03T16:10:25.898000+00:00,9636,330,1249,0.6,1,25.4,22.3,75.0,926.5
2024-11-03T16:11:25.899000+00:00,9636,42,1249,1.1,1,25.3,22.3,75.0,926.5
2024-11-03T16:12:25.913000+00:00,9636,264,1249,0.7,1,25.3,22.2,76.0,926.4
2024-11-03T16:13:25.925000+00:00,9636,0,1249,0.8,1,25.3,22.1,75.0,926.5
2024-11-03T16:14:25.957000+00:00,9636,171,1249,0.5,1,25.1,22.1,76.0,926.5
2024-11-03T16:15:25.944000+00:00,9636,338,1249,0.5,1,25.1,22.0,76.0,926.5
2024-11-03T16:16:25.949000+00:00,9636,207,1249,0.6,1,25.1,22.0,77.0,926.5
2024-11-03T16:17:25.971000+00:00,9636,0,1249,0.4,1,24.9,22.0,77.0,926.6
2024-11-03T16:18:25.972000+00:00,9636,154,1249,0.4,1,24.9,22.0,79.0,926.4
2024-11-03T16:19:25.973000+00:00,9636,343,1249,1.1,1,24.9,22.0,81.0,926.4
2024-11-03T16:20:25.976000+00:00,9636,141,1249,1.0,1,24.9,22.0,81.0,926.4
2024-11-03T16:21:25.956000+00:00,9636,144,1249,0.4,1,24.9,22.0,82.0,926.3
2024-11-03T16:22:25.975000+00:00,9636,149,1249,0.7,1,24.9,22.0,83.0,926.4
2024-11-03T16:23:25.974000+00:00,9636,291,1249,0.4,1,25.0,22.0,83.0,926.3
2024-11-03T16:24:25.989000+00:00,9636,189,1249,0.7,1,24.9,21.9,85.0,926.5
2024-11-03T16:25:25.975000+00:00,9636,23,1249,0.5,1,24.9,21.9,85.0,926.4
2024-11-03T16:26:25.976000+00:00,9636,353,1249,0.4,1,24.7,21.9,85.0,926.5
2024-11-03T16:27:26.016000+00:00,9636,353,1249,0.7,1,24.6,21.8,86.0,926.4
2024-11-03T16:28:26+00:00,9636,21,1249,1.4,1,24.4,21.7,86.0,926.5
2024-11-03T16:29:25.984000+00:00,9636,40,1249,1.0,1,24.2,21.6,86.0,926.6
2024-11-03T16:30:26.017000+00:00,9636,341,1249,1.0,1,24.1,21.5,87.0,926.6
2024-11-03T16:31:26.032000+00:00,9636,26,1249,0.7,1,24.0,21.4,87.0,926.6
2024-11-03T16:32:26.018000+00:00,9636,354,1249,0.7,1,24.0,21.3,88.0,926.6
2024-11-03T16:33:26.034000+00:00,9636,65,1249,0.8,1,23.8,21.1,88.0,926.7
2024-11-03T16:34:26.036000+00:00,9636,0,1249,0.9,1,23.5,21.0,88.0,926.6
2024-11-03T16:35:26.034000+00:00,9636,332,1249,0.8,1,23.3,20.9,89.0,926.6
2024-11-03T16:36:26.033000+00:00,9636,1,1249,0.6,1,23.2,20.8,89.0,926.5
2024-11-03T16:37:26.058000+00:00,9636,8,1249,0.7,1,23.3,20.8,89.0,926.5
2024-11-03T16:38:26.063000+00:00,9636,50,1249,0.7,1,23.7,20.6,90.0,926.6
2024-11-03T16:39:26.073000+00:00,9636,169,1249,0.9,1,24.0,20.6,89.0,926.5
2024-11-03T16:40:26.095000+00:00,9636,227,1249,0.4,1,24.2,20.5,89.0,926.6
2024-11-03T16:41:26.091000+00:00,9636,275,1249,0.5,1,24.5,20.5,89.0,926.5
2024-11-03T16:42:26.080000+00:00,9636,320,1249,0.6,1,24.6,20.5,89.0,926.5
2024-11-03T16:43:26.079000+00:00,9636,346,1249,0.6,1,24.7,20.5,89.0,926.5
2024-11-03T16:44:26.097000+00:00,9636,143,1249,0.6,1,24.7,20.5,89.0,926.4
2024-11-03T16:45:26.095000+00:00,9636,193,1249,0.5,1,24.7,20.6,89.0,926.4
2024-11-03T16:46:26.100000+00:00,9636,218,1249,0.7,1,25.1,20.5,90.0,926.4
2024-11-03T16:47:26.097000+00:00,9636,212,1249,0.8,1,25.1,20.6,89.0,926.4
2024-11-03T16:48:26.114000+00:00,9636,205,1249,0.9,1,25.0,20.6,89.0,926.4
2024-11-03T16:49:26.097000+00:00,9636,195,1249,0.8,1,25.0,20.6,90.0,926.3
2024-11-03T16:50:26.110000+00:00,9636,170,1249,0.9,1,25.1,20.6,90.0,926.3
2024-11-03T16:51:26.115000+00:00,9636,0,1249,1.0,1,25.2,20.6,89.0,926.4
2024-11-03T16:52:26.114000+00:00,9636,0,1249,0.7,1,25.2,20.5,90.0,926.3
2024-11-03T16:53:26.125000+00:00,9636,329,1249,1.3,1,25.2,20.5,90.0,926.3
2024-11-03T16:54:26.127000+00:00,9636,301,1249,1.0,0,25.1,20.6,90.0,926.1
2024-11-03T16:55:26.140000+00:00,9636,190,1249,0.8,1,25.1,20.6,91.0,926.3
2024-11-03T16:56:26.123000+00:00,9636,199,1249,0.4,1,25.1,20.6,90.0,926.3
2024-11-03T16:57:26.140000+00:00,9636,252,1249,0.8,1,25.4,20.6,90.0,926.2
2024-11-03T16:58:26.146000+00:00,9636,181,1249,0.7,1,25.5,20.6,90.0,926.3
2024-11-03T16:59:26.164000+00:00,9636,223,1249,0.5,1,25.5,20.8,90.0,926.3
2024-11-03T17:00:26.162000+00:00,9636,191,1249,0.9,1,25.4,20.7,90.0,926.2
2024-11-03T17:01:26.163000+00:00,9636,257,1249,0.9,1,25.2,20.7,89.0,926.2
2024-11-03T17:02:26.163000+00:00,9636,220,1249,0.3,1,25.2,20.6,90.0,926.2
2024-11-03T17:03:26.184000+00:00,9636,239,1249,0.7,1,25.3,20.6,90.0,926.2
2024-11-03T17:04:26.201000+00:00,9636,236,1249,1.1,1,25.2,20.6,90.0,926.1
2024-11-03T17:05:26.224000+00:00,9636,279,1249,0.7,1,25.1,20.6,90.0,926.2
2024-11-03T17:06:26.229000+00:00,9636,301,1249,0.8,1,25.1,20.6,90.0,926.2
2024-11-03T17:07:26.233000+00:00,9636,181,1249,0.5,1,25.1,20.6,91.0,926.1
2024-11-03T17:08:26.231000+00:00,9636,308,1249,0.4,1,24.7,20.6,90.0,926.2
2024-11-03T17:09:26.241000+00:00,9636,205,1249,0.7,1,24.6,20.6,91.0,926.2
2024-11-03T17:10:26.230000+00:00,9636,274,1249,0.6,1,24.3,20.5,91.0,926.2
2024-11-03T17:11:26.243000+00:00,9636,278,1249,0.3,1,24.3,20.5,91.0,926.1
2024-11-03T17:12:26.227000+00:00,9636,97,1249,0.6,1,24.2,20.5,92.0,926.1
2024-11-03T17:13:26.241000+00:00,9636,0,1249,0.4,1,24.3,20.5,91.0,926.1
2024-11-03T17:14:26.244000+00:00,9636,328,1249,0.0,1,24.3,20.5,91.0,926.1
2024-11-03T17:15:26.242000+00:00,9636,226,1249,1.0,1,24.6,20.5,91.0,926.1
2024-11-03T17:16:26.235000+00:00,9636,258,1249,1.2,0,24.5,20.5,90.0,926.0
2024-11-03T17:17:26.251000+00:00,9636,218,1249,0.8,0,24.7,20.4,91.0,926.0
2024-11-03T17:18:26.247000+00:00,9636,168,1249,0.4,0,24.7,20.5,91.0,926.0
2024-11-03T17:19:26.255000+00:00,9636,215,1249,0.8,1,24.8,20.4,91.0,926.0
2024-11-03T17:20:26.302000+00:00,9636,0,1249,0.6,1,24.7,20.4,90.0,926.0
2024-11-03T17:21:26.267000+00:00,9636,189,1249,1.0,0,24.8,20.5,91.0,925.9
2024-11-03T17:22:26.267000+00:00,9636,212,1249,0.7,1,24.8,20.5,90.0,925.8
2024-11-03T17:23:26.272000+00:00,9636,12,1249,0.8,1,24.8,20.5,90.0,925.8
2024-11-03T17:24:26.284000+00:00,9636,224,1249,0.7,1,24.8,20.5,91.0,925.8
2024-11-03T17:25:26.269000+00:00,9636,209,1249,0.7,1,25.1,20.5,90.0,925.7
2024-11-03T17:26:26.275000+00:00,9636,156,1249,1.0,1,25.3,20.5,90.0,925.8
2024-11-03T17:27:26.500000+00:00,9636,228,1249,0.7,1,25.3,20.6,90.0,925.8
2024-11-03T17:28:26.270000+00:00,9636,215,1249,1.1,1,25.6,20.6,90.0,925.7
2024-11-03T17:29:26.274000+00:00,9636,281,1249,0.4,1,25.3,20.6,90.0,925.7
2024-11-03T17:30:26.282000+00:00,9636,340,1249,0.6,1,25.3,20.6,90.0,925.7
2024-11-03T17:31:26.272000+00:00,9636,180,1249,0.9,1,25.1,20.6,90.0,925.8
2024-11-03T17:32:26.277000+00:00,9636,178,1249,1.0,0,24.9,20.7,90.0,925.7
2024-11-03T17:33:26.271000+00:00,9636,198,1249,0.9,0,24.9,20.8,90.0,925.7
2024-11-03T17:34:26.288000+00:00,9636,166,1249,1.4,0,24.6,20.7,89.0,925.7
2024-11-03T17:35:26.288000+00:00,9636,199,1249,1.3,0,24.6,20.7,90.0,925.7
2024-11-03T17:36:26.287000+00:00,9636,198,1249,1.2,0,24.7,20.5,90.0,925.7
2024-11-03T17:37:26.289000+00:00,9636,190,1249,0.8,0,24.6,20.5,90.0,925.7
2024-11-03T17:38:26.285000+00:00,9636,0,1249,0.4,0,24.6,20.5,90.0,925.7
2024-11-03T17:39:26.289000+00:00,9636,162,1249,0.9,0,24.6,20.4,89.0,925.6
2024-11-03T17:40:26.289000+00:00,9636,182,1249,1.0,0,24.7,20.4,90.0,925.7
2024-11-03T17:41:26.290000+00:00,9636,237,1249,0.8,0,24.5,20.4,90.0,925.6
2024-11-03T17:42:26.280000+00:00,9636,158,1249,1.6,0,24.4,20.5,89.0,925.5
2024-11-03T17:43:26.290000+00:00,9636,180,1249,0.9,0,24.4,20.5,89.0,925.7
2024-11-03T17:44:26.291000+00:00,9636,222,1249,1.2,0,24.4,20.5,89.0,925.7
2024-11-03T17:45:26.293000+00:00,9636,178,1249,0.7,0,24.5,20.4,90.0,925.6
2024-11-03T17:46:26.293000+00:00,9636,312,1249,0.0,0,24.5,20.4,90.0,925.6
2024-11-03T17:47:26.292000+00:00,9636,181,1249,0.7,0,24.7,20.4,90.0,925.5
2024-11-03T17:48:26.292000+00:00,9636,202,1249,1.0,0,24.7,20.4,90.0,925.5
2024-11-03T17:49:26.303000+00:00,9636,200,1249,0.9,0,24.6,20.5,90.0,925.5
2024-11-03T17:50:26.295000+00:00,9636,337,1249,0.6,0,24.5,20.5,89.0,925.5
2024-11-03T17:51:26.311000+00:00,9636,140,1249,0.5,0,24.5,20.5,90.0,925.5
2024-11-03T17:52:26.293000+00:00,9636,0,1249,0.6,0,24.5,20.5,89.0,925.6
2024-11-03T17:53:26.312000+00:00,9636,0,1249,0.7,0,24.5,20.5,89.0,925.5
2024-11-03T17:54:26.293000+00:00,9636,223,1249,0.0,0,24.2,20.5,89.0,925.5
2024-11-03T17:55:26.294000+00:00,9636,176,1249,1.1,0,24.1,20.5,89.0,925.5
2024-11-03T17:56:26.294000+00:00,9636,176,1249,1.8,0,24.0,20.5,89.0,925.4
2024-11-03T17:57:26.313000+00:00,9636,0,1249,0.7,0,24.0,20.5,89.0,925.4
2024-11-03T17:58:26.311000+00:00,9636,160,1249,0.4,0,24.1,20.5,89.0,925.4
2024-11-24T05:07:34.128000+00:00,9644,245,1250,2.4,0,18.2,18.6,49.0,935.7
2024-11-24T05:08:34.129000+00:00,9644,223,1250,2.8,0,18.3,18.5,49.0,935.7
2024-11-24T05:09:34.131000+00:00,9644,220,1250,1.4,0,18.4,18.6,49.0,935.8
2024-11-24T05:10:34.132000+00:00,9644,244,1250,2.6,0,18.3,18.6,49.0,935.8
2024-11-24T05:11:34.133000+00:00,9644,228,1250,4.0,0,18.1,18.6,49.0,935.7
2024-11-24T05:12:34.136000+00:00,9644,228,1250,3.8,0,18.1,18.5,49.0,935.8
2024-11-24T05:13:34.137000+00:00,9644,216,1250,2.9,0,18.3,18.5,49.0,935.8
2024-11-24T05:14:34.134000+00:00,9644,262,1250,1.8,0,18.3,18.5,49.0,935.8
2024-11-24T05:15:34.134000+00:00,9644,270,1250,2.2,0,18.4,18.5,49.0,935.7
2024-11-24T05:16:34.137000+00:00,9644,241,1250,2.9,0,18.5,18.5,49.0,935.9
2024-11-24T05:17:34.137000+00:00,9644,209,1250,2.4,0,18.5,18.5,49.0,935.8
2024-11-24T05:18:34.137000+00:00,9644,230,1250,2.8,0,18.7,18.5,49.0,935.8
2024-11-24T05:19:34.138000+00:00,9644,225,1250,1.6,0,18.6,18.5,49.0,935.8
2024-11-24T05:20:34.140000+00:00,9644,193,1250,1.3,0,18.6,18.5,49.0,935.8
2024-11-24T05:21:34.140000+00:00,9644,223,1250,2.5,0,18.5,18.4,49.0,935.8
2024-11-24T05:22:34.144000+00:00,9644,0,1250,2.5,0,18.4,18.4,49.0,935.8
2024-11-24T05:23:34.141000+00:00,9644,251,1250,1.1,0,18.8,18.4,49.0,935.7
2024-11-24T05:24:34.148000+00:00,9644,220,1250,2.3,0,18.4,18.4,49.0,935.7
2024-11-24T05:25:34.145000+00:00,9644,256,1250,2.4,0,18.4,18.4,49.0,935.5
2024-11-24T05:26:34.163000+00:00,9644,237,1250,2.2,0,18.4,18.4,49.0,935.6
2024-11-24T05:27:34.165000+00:00,9644,221,1250,1.9,0,18.5,18.4,49.0,935.5
2024-11-24T05:28:34.160000+00:00,9644,131,1250,2.5,0,18.7,18.4,49.0,935.5
2024-11-24T05:29:34.161000+00:00,9644,349,1250,2.1,0,18.4,18.4,49.0,935.4
2024-11-24T05:30:34.162000+00:00,9644,228,1250,1.5,0,18.6,18.3,50.0,935.6
2024-11-24T05:31:34.163000+00:00,9644,228,1250,2.1,0,18.6,18.4,49.0,935.5
2024-11-24T05:32:34.163000+00:00,9644,355,1250,4.2,0,18.8,18.4,49.0,935.5
2024-11-24T05:33:34.180000+00:00,9644,263,1250,2.9,0,18.8,18.3,49.0,935.5
2024-11-24T05:34:34.197000+00:00,9644,251,1250,2.5,0,18.8,18.3,49.0,935.5
2024-11-24T05:35:34.195000+00:00,9644,254,1250,2.9,0,19.9,18.3,49.0,935.6
2024-11-24T05:36:34.199000+00:00,9644,126,1250,3.6,0,18.6,18.3,49.0,935.6
2024-11-24T05:37:34.200000+00:00,9644,239,1250,2.3,0,18.6,18.3,49.0,935.5
2024-11-24T05:38:34.215000+00:00,9644,272,1250,2.3,0,18.6,18.3,49.0,935.6
2024-11-24T05:39:34.231000+00:00,9644,270,1250,1.9,0,18.6,18.2,49.0,935.5
2024-11-24T05:40:34.249000+00:00,9644,241,1250,1.6,0,18.6,18.2,49.0,935.6
2024-11-24T05:41:34.251000+00:00,9644,222,1250,2.1,0,18.6,18.3,49.0,935.7
2024-11-24T05:42:34.274000+00:00,9644,201,1250,2.0,0,18.6,18.3,49.0,935.7
2024-11-24T05:43:34.281000+00:00,9644,260,1250,1.2,0,18.6,18.2,49.0,935.8
2024-11-24T05:44:34.286000+00:00,9644,229,1250,4.1,0,18.6,18.2,49.0,935.8
2024-11-24T05:45:34.281000+00:00,9644,204,1250,3.9,0,18.6,18.2,49.0,935.6
2024-11-24T05:46:34.283000+00:00,9644,259,1250,3.6,0,18.6,18.1,50.0,935.5
2024-11-24T05:47:34.287000+00:00,9644,232,1250,3.5,0,18.5,18.1,50.0,935.6
2024-11-24T05:48:34.286000+00:00,9644,219,1250,3.8,0,18.5,18.1,49.0,935.6
2024-11-24T05:49:34.285000+00:00,9644,199,1250,3.2,0,18.6,18.1,50.0,935.6
2024-11-24T05:50:34.286000+00:00,9644,210,1250,2.3,0,18.6,18.1,50.0,935.5
2024-11-24T05:51:34.287000+00:00,9644,210,1250,2.9,0,18.5,18.1,50.0,935.6
2024-11-24T05:52:34.286000+00:00,9644,195,1250,2.5,0,18.5,18.0,50.0,935.6
2024-11-24T05:53:34.294000+00:00,9644,195,1250,2.5,0,18.5,18.0,50.0,935.6
2024-11-24T05:54:34.290000+00:00,9644,162,1250,1.9,0,18.5,18.0,50.0,935.6
2024-11-24T05:55:34.295000+00:00,9644,258,1250,0.9,0,18.5,18.0,50.0,935.7
2024-11-24T05:56:34.300000+00:00,9644,246,1250,2.7,0,18.5,18.0,50.0,935.7
2024-11-24T05:57:34.290000+00:00,9644,253,1250,2.9,0,18.5,18.0,50.0,935.7
2024-11-24T05:58:34.292000+00:00,9644,263,1250,3.0,0,18.4,17.9,50.0,935.9
2024-11-24T05:59:34.292000+00:00,9644,255,1250,4.0,0,18.1,17.9,50.0,935.8
2024-11-24T06:00:34.297000+00:00,9644,261,1250,3.0,0,18.1,17.9,50.0,935.9
2024-11-24T06:01:34.293000+00:00,9644,205,1250,1.5,0,18.1,17.9,50.0,935.9
2024-11-24T06:02:34.294000+00:00,9644,301,1250,0.8,0,18.4,17.9,51.0,935.7
2024-11-24T06:03:34.295000+00:00,9644,273,1250,2.7,0,18.3,17.9,50.0,935.7
2024-11-24T06:04:34.295000+00:00,9644,297,1250,2.7,0,18.0,18.0,51.0,935.8
2024-11-24T06:05:34.308000+00:00,9644,274,1250,1.2,0,18.2,18.0,50.0,936.0
2024-11-24T06:06:34.302000+00:00,9644,138,1250,2.1,0,18.2,18.0,50.0,935.9
2024-11-24T06:07:34.304000+00:00,9644,263,1250,1.1,0,18.0,18.0,50.0,935.9
2024-11-24T06:08:34.304000+00:00,9644,216,1250,2.2,0,17.9,18.0,50.0,935.9
2024-11-24T06:09:34.319000+00:00,9644,243,1250,2.7,0,17.9,18.0,50.0,936.0
2024-11-24T06:10:34.332000+00:00,9644,227,1250,2.7,0,17.8,17.9,50.0,935.9
2024-11-24T06:11:34.332000+00:00,9644,245,1250,3.3,0,17.7,18.0,51.0,935.9
2024-11-24T06:12:34.338000+00:00,9644,255,1250,2.0,0,17.7,17.9,51.0,935.9
2024-11-24T06:13:34.340000+00:00,9644,241,1250,3.1,0,17.7,17.9,50.0,935.7
2024-11-24T06:14:34.345000+00:00,9644,208,1250,2.7,0,17.7,17.9,50.0,935.9
2024-11-24T06:15:34.361000+00:00,9644,256,1250,2.9,0,17.6,17.9,50.0,935.9
2024-11-24T06:16:34.351000+00:00,9644,242,1250,3.9,0,17.6,17.9,50.0,936.0
2024-11-24T06:17:34.373000+00:00,9644,256,1250,3.1,0,17.6,17.9,51.0,936.0
2024-11-24T06:18:34.384000+00:00,9644,244,1250,2.2,0,17.6,17.9,50.0,935.9
2024-11-24T06:19:34.387000+00:00,9644,261,1250,2.0,0,17.7,17.9,50.0,936.0
2024-11-24T06:20:34.409000+00:00,9644,271,1250,3.1,0,17.6,17.9,51.0,935.9
2024-11-24T06:21:34.420000+00:00,9644,254,1250,1.8,0,17.6,17.8,51.0,936.0
2024-11-24T06:22:34.425000+00:00,9644,258,1250,1.7,0,17.7,17.9,51.0,936.0
2024-11-24T06:23:34.434000+00:00,9644,132,1250,2.4,0,17.5,17.9,50.0,936.0
2024-11-24T06:24:34.439000+00:00,9644,223,1250,2.1,0,17.5,17.9,50.0,935.8
2024-11-24T06:25:34.442000+00:00,9644,244,1250,3.0,0,17.5,17.8,50.0,936.0
2024-11-24T06:26:34.436000+00:00,9644,257,1250,2.5,0,17.5,17.8,50.0,936.1
2024-11-24T06:27:34.440000+00:00,9644,252,1250,2.5,0,17.5,17.7,50.0,936.0
2024-11-24T06:28:34.454000+00:00,9644,233,1250,2.6,0,17.5,17.7,50.0,936.1
2024-11-24T06:29:34.469000+00:00,9644,273,1250,3.9,0,17.4,17.7,50.0,936.0
2024-11-24T06:30:34.475000+00:00,9644,242,1250,3.7,0,17.4,17.7,50.0,936.2
2024-11-24T06:31:34.487000+00:00,9644,227,1250,3.2,0,17.4,17.7,50.0,936.2
2024-11-24T06:32:34.490000+00:00,9644,234,1250,3.0,0,17.3,17.6,50.0,936.2
2024-11-24T06:33:34.487000+00:00,9644,255,1250,2.1,0,17.3,17.7,50.0,936.2
2024-11-24T06:34:34.489000+00:00,9644,243,1250,3.1,0,17.3,17.6,50.0,936.0
2024-11-24T06:35:34.497000+00:00,9644,258,1250,2.4,0,17.4,17.6,49.0,935.9
2024-11-24T06:36:34.493000+00:00,9644,251,1250,2.1,0,17.5,17.7,49.0,936.0
2024-11-24T06:37:34.507000+00:00,9644,256,1250,3.3,0,17.4,17.6,49.0,935.9
2024-11-24T06:38:34.527000+00:00,9644,243,1250,3.4,0,17.4,17.6,49.0,936.1
2024-11-24T06:39:34.538000+00:00,9644,242,1250,2.4,0,17.2,17.6,49.0,936.0
2024-11-24T06:40:34.556000+00:00,9644,218,1250,3.7,0,17.3,17.6,48.0,935.8
2024-11-24T06:41:34.578000+00:00,9644,227,1250,3.1,0,17.3,17.6,48.0,936.1
2024-11-24T06:42:34.574000+00:00,9644,246,1250,3.4,0,17.2,17.6,49.0,935.9
2024-11-24T06:43:34.574000+00:00,9644,212,1250,3.5,0,17.1,17.5,49.0,936.0
2024-11-24T06:44:34.580000+00:00,9644,219,1250,3.3,0,17.2,17.6,48.0,936.0
2024-11-24T06:45:34.581000+00:00,9644,230,1250,4.7,0,17.2,17.6,48.0,936.1
2024-11-24T06:46:34.585000+00:00,9644,262,1250,3.3,0,17.1,17.6,48.0,936.0
2024-11-24T06:47:34.579000+00:00,9644,247,1250,2.5,0,17.2,17.6,48.0,936.0
2024-11-24T06:48:34.589000+00:00,9644,197,1250,4.9,0,17.1,17.5,47.0,936.0
2024-11-24T06:49:34.577000+00:00,9644,238,1250,3.0,0,17.1,17.5,46.0,936.1
2024-11-24T06:50:34.582000+00:00,9644,235,1250,2.9,0,17.0,17.6,47.0,936.2
2024-11-24T06:51:34.578000+00:00,9644,214,1250,4.1,0,17.0,17.5,47.0,936.1
2024-11-24T06:52:34.585000+00:00,9644,203,1250,4.2,0,17.1,17.5,47.0,936.0
2024-11-24T06:53:34.584000+00:00,9644,222,1250,3.4,0,17.1,17.5,46.0,936.0
2024-11-24T06:54:34.601000+00:00,9644,216,1250,4.5,0,17.1,17.5,46.0,936.0
2024-11-24T06:55:34.618000+00:00,9644,270,1250,2.8,0,17.0,17.5,46.0,936.1
2024-11-24T06:56:34.630000+00:00,9644,231,1250,3.2,0,17.0,17.5,46.0,936.3
2024-11-24T06:57:34.634000+00:00,9644,229,1250,3.2,0,17.0,17.4,45.0,936.1
2024-11-24T06:58:34.647000+00:00,9644,243,1250,3.5,0,17.0,17.4,45.0,936.0
2024-11-24T06:59:34.647000+00:00,9644,216,1250,1.7,0,17.0,17.3,45.0,936.1
2024-11-24T07:00:34.664000+00:00,9644,227,1250,3.5,0,17.0,17.3,44.0,936.1
2024-11-24T07:01:34.684000+00:00,9644,258,1250,3.0,0,17.0,17.4,44.0,936.1
2024-11-24T07:02:34.688000+00:00,9644,265,1250,4.4,0,16.9,17.3,44.0,936.0
2024-11-24T07:03:34.689000+00:00,9644,245,1250,2.7,0,16.9,17.4,44.0,936.1
2024-11-24T07:04:34.718000+00:00,9644,232,1250,5.2,0,17.0,17.4,44.0,936.2
2024-11-24T07:05:34.682000+00:00,9644,226,1250,3.4,0,16.9,17.3,43.0,936.1
2024-11-24T07:06:34.684000+00:00,9644,246,1250,4.0,0,16.9,17.3,43.0,936.0
2024-11-24T07:07:34.701000+00:00,9644,207,1250,4.3,0,16.8,17.3,43.0,936.0
2024-11-24T07:08:34.717000+00:00,9644,202,1250,3.4,0,16.8,17.3,43.0,936.0
2024-11-24T07:09:34.718000+00:00,9644,237,1250,3.4,0,16.9,17.3,43.0,936.0
2024-11-24T07:10:34.721000+00:00,9644,240,1250,3.2,0,16.8,17.2,43.0,935.9
2024-11-24T07:11:34.730000+00:00,9644,229,1250,3.2,0,16.8,17.2,43.0,936.2
2024-11-24T07:12:34.721000+00:00,9644,231,1250,2.9,0,16.8,17.3,43.0,936.0
2024-11-24T07:13:34.723000+00:00,9644,245,1250,4.7,0,16.8,17.2,43.0,936.1
2024-11-24T07:14:34.719000+00:00,9644,245,1250,3.8,0,16.8,17.2,43.0,936.1
2024-11-24T07:15:34.723000+00:00,9644,300,1250,3.2,0,16.8,17.1,43.0,936.1
2024-11-24T07:16:34.725000+00:00,9644,254,1250,3.0,0,16.8,17.1,43.0,936.0
2024-11-24T07:17:34.714000+00:00,9644,234,1250,4.0,0,16.7,17.1,43.0,936.1
2024-11-24T07:18:34.725000+00:00,9644,215,1250,4.4,0,16.7,17.1,43.0,936.2
2024-11-24T07:19:34.743000+00:00,9644,263,1250,5.0,0,16.7,17.0,43.0,936.2
2024-11-24T07:20:34.757000+00:00,9644,249,1250,3.8,0,16.7,17.1,43.0,936.2
2024-11-24T07:21:34.778000+00:00,9644,197,1250,3.4,0,16.7,17.1,43.0,936.2
2024-11-24T07:22:34.785000+00:00,9644,274,1250,4.0,0,16.7,17.1,43.0,936.1
2024-11-24T07:23:34.804000+00:00,9644,238,1250,3.2,0,16.7,17.1,43.0,936.2
2024-11-24T07:24:34.824000+00:00,9644,234,1250,4.0,0,16.7,17.1,43.0,936.1
2024-11-24T07:25:34.840000+00:00,9644,209,1250,3.5,0,16.7,17.0,43.0,936.2
2024-11-24T07:26:34.854000+00:00,9644,258,1250,3.4,0,16.7,17.1,42.0,936.2
2024-11-24T07:27:34.864000+00:00,9644,262,1250,2.4,0,16.7,17.1,42.0,936.2
2024-11-24T07:28:34.859000+00:00,9644,254,1250,2.9,0,16.6,17.0,42.0,936.3
2024-11-24T07:29:34.856000+00:00,9644,221,1250,2.9,0,16.6,17.0,42.0,936.1
2024-12-01T15:09:39.254000+00:00,9655,358,1251,2.3,0,23.8,19.7,57.0,1015.2
2024-12-01T15:10:39.246000+00:00,9655,8,1251,2.6,0,23.8,19.7,56.0,1015.2
2024-12-01T15:11:39.247000+00:00,9655,4,1251,2.5,0,23.8,19.7,57.0,1015.1
2024-12-01T15:12:39.247000+00:00,9655,6,1251,2.4,0,23.8,19.6,57.0,1015.2
2024-12-01T15:13:39.249000+00:00,9655,341,1251,2.4,0,23.8,19.6,57.0,1015.2
2024-12-01T15:14:39.251000+00:00,9655,351,1251,2.7,0,23.8,19.6,57.0,1015.2
2024-12-01T15:15:39.266000+00:00,9655,0,1251,2.3,0,23.8,19.6,57.0,1015.2
2024-12-01T15:16:39.266000+00:00,9655,8,1251,2.5,0,23.8,19.6,57.0,1015.2
2024-12-01T15:17:39.282000+00:00,9655,11,1251,2.9,0,23.7,19.6,57.0,1015.3
2024-12-01T15:18:39.288000+00:00,9655,10,1251,3.1,0,23.7,19.6,57.0,1015.3
2024-12-01T15:19:39.286000+00:00,9655,0,1251,2.6,0,23.7,19.6,57.0,1015.3
2024-12-01T15:20:39.284000+00:00,9655,16,1251,2.7,0,23.7,19.6,57.0,1015.2
2024-12-01T15:21:39.289000+00:00,9655,341,1251,2.4,0,23.7,19.6,57.0,1015.3
2024-12-01T15:22:39.305000+00:00,9655,4,1251,2.5,0,23.6,19.5,57.0,1015.3
2024-12-01T15:23:39.287000+00:00,9655,359,1251,2.4,0,23.6,19.5,57.0,1015.3
2024-12-01T15:24:39.291000+00:00,9655,349,1251,2.9,0,23.6,19.5,57.0,1015.2
2024-12-01T15:25:39.291000+00:00,9655,22,1251,2.3,0,23.7,19.5,56.0,1015.3
2024-12-01T15:26:39.290000+00:00,9655,355,1251,2.2,0,23.6,19.6,56.0,1015.4
2024-12-01T15:27:39.302000+00:00,9655,12,1251,1.9,0,23.7,19.6,56.0,1015.3
2024-12-01T15:28:39.291000+00:00,9655,347,1251,2.5,0,23.7,19.6,55.0,1015.2
2024-12-01T15:29:39.291000+00:00,9655,14,1251,1.9,0,23.7,19.6,55.0,1015.3
2024-12-01T15:30:39.291000+00:00,9655,1,1251,2.4,0,23.6,19.6,55.0,1015.3
2024-12-01T15:31:39.294000+00:00,9655,2,1251,2.5,0,23.6,19.5,55.0,1015.3
2024-12-01T15:32:39.304000+00:00,9655,10,1251,2.9,0,23.5,19.5,55.0,1015.4
2024-12-01T15:33:39.296000+00:00,9655,4,1251,2.5,0,23.5,19.5,56.0,1015.3
2024-12-01T15:34:39.301000+00:00,9655,14,1251,2.6,0,23.5,19.5,56.0,1015.3
2024-12-01T15:35:39.302000+00:00,9655,12,1251,2.9,0,23.4,19.5,56.0,1015.3
2024-12-01T15:36:39.296000+00:00,9655,5,1251,2.9,0,23.4,19.5,56.0,1015.4
2024-12-01T15:37:39.297000+00:00,9655,25,1251,3.2,0,23.4,19.4,56.0,1015.3
2024-12-01T15:38:39.298000+00:00,9655,3,1251,2.5,0,23.4,19.4,56.0,1015.4
2024-12-01T15:39:39.298000+00:00,9655,16,1251,2.5,0,23.4,19.4,56.0,1015.4
2024-12-01T15:40:39.299000+00:00,9655,6,1251,2.9,0,23.4,19.4,55.0,1015.3
2024-12-01T15:41:39.300000+00:00,9655,339,1251,3.0,0,23.4,19.4,55.0,1015.5
2024-12-01T15:42:39.300000+00:00,9655,13,1251,2.5,0,23.4,19.4,55.0,1015.3
2024-12-01T15:43:39.301000+00:00,9655,11,1251,2.5,0,23.3,19.4,55.0,1015.3
2024-12-01T15:44:39.303000+00:00,9655,346,1251,2.2,0,23.3,19.4,55.0,1015.3
2024-12-01T15:45:39.305000+00:00,9655,12,1251,1.9,0,23.3,19.4,55.0,1015.5
2024-12-01T15:46:39.303000+00:00,9655,7,1251,2.7,0,23.3,19.3,55.0,1015.5
2024-12-01T15:47:39.319000+00:00,9655,6,1251,2.2,0,23.3,19.3,55.0,1015.4
2024-12-01T15:48:39.335000+00:00,9655,3,1251,2.5,0,23.3,19.3,55.0,1015.5
2024-12-01T15:49:39.337000+00:00,9655,3,1251,2.3,0,23.3,19.3,55.0,1015.5
2024-12-01T15:50:39.341000+00:00,9655,8,1251,2.2,0,23.3,19.3,55.0,1015.5
2024-12-01T15:51:39.353000+00:00,9655,1,1251,2.4,0,23.2,19.3,55.0,1015.4
2024-12-01T15:52:39.353000+00:00,9655,3,1251,2.4,0,23.2,19.3,55.0,1015.5
2024-12-01T15:53:39.373000+00:00,9655,5,1251,2.1,0,23.2,19.3,55.0,1015.5
2024-12-01T15:54:39.373000+00:00,9655,5,1251,2.0,0,23.3,19.3,55.0,1015.5
2024-12-01T15:55:39.386000+00:00,9655,12,1251,2.0,0,23.2,19.2,55.0,1015.5
2024-12-01T15:56:39.393000+00:00,9655,14,1251,2.1,0,23.2,19.2,55.0,1015.4
2024-12-01T15:57:39.431000+00:00,9655,12,1251,2.3,0,23.2,19.2,55.0,1015.4
2024-12-01T15:58:39.405000+00:00,9655,5,1251,2.1,0,23.2,19.2,55.0,1015.5
2024-12-01T15:59:39.421000+00:00,9655,357,1251,1.9,0,23.1,19.2,55.0,1015.5
2024-12-01T16:00:39.426000+00:00,9655,3,1251,2.0,0,23.1,19.2,55.0,1015.5
2024-12-01T16:01:39.441000+00:00,9655,0,1251,2.0,0,23.1,19.1,55.0,1015.5
2024-12-01T16:02:39.439000+00:00,9655,5,1251,1.7,0,23.1,19.1,55.0,1015.5
2024-12-01T16:03:39.439000+00:00,9655,18,1251,1.8,0,23.0,19.1,55.0,1015.5
2024-12-01T16:04:39.440000+00:00,9655,14,1251,2.1,0,23.1,19.1,54.0,1015.5
2024-12-01T16:05:39.441000+00:00,9655,8,1251,2.4,0,23.0,19.1,55.0,1015.5
2024-12-01T16:06:39.443000+00:00,9655,1,1251,2.5,0,23.1,19.1,54.0,1015.5
2024-12-01T16:07:39.443000+00:00,9655,20,1251,1.8,0,23.0,19.1,54.0,1015.6
2024-12-01T16:08:39.443000+00:00,9655,30,1251,1.8,0,23.0,19.1,55.0,1015.5
2024-12-01T16:09:39.443000+00:00,9655,338,1251,1.5,0,23.0,19.0,54.0,1015.5
2024-12-01T16:10:39.448000+00:00,9655,356,1251,1.3,0,23.0,19.0,54.0,1015.5
2024-12-01T16:11:39.444000+00:00,9655,1,1251,0.8,0,23.0,19.0,54.0,1015.5
2024-12-01T16:12:39.448000+00:00,9655,8,1251,1.4,0,23.0,19.0,54.0,1015.5
2024-12-01T16:13:39.447000+00:00,9655,12,1251,2.2,0,22.9,19.0,54.0,1015.6
2024-12-01T16:14:39.438000+00:00,9655,23,1251,1.3,0,22.9,19.0,54.0,1015.6
2024-12-01T16:15:39.459000+00:00,9655,27,1251,1.0,0,22.9,19.0,54.0,1015.5
2024-12-01T16:16:39.458000+00:00,9655,13,1251,0.9,0,22.9,19.0,54.0,1015.5
2024-12-01T16:17:39.454000+00:00,9655,0,1251,1.0,0,22.9,19.0,54.0,1015.5
2024-12-01T16:18:39.452000+00:00,9655,16,1251,0.6,0,22.9,19.0,54.0,1015.5
2024-12-01T16:19:39.451000+00:00,9655,336,1251,1.3,0,22.9,19.0,54.0,1015.5
2024-12-01T16:20:39.452000+00:00,9655,41,1251,1.0,0,22.7,19.0,55.0,1015.5
2024-12-01T16:21:39.457000+00:00,9655,4,1251,0.6,0,22.7,19.0,55.0,1015.5
2024-12-01T16:22:39.455000+00:00,9655,321,1251,1.3,0,22.7,19.0,55.0,1015.6
2024-12-01T16:23:39.456000+00:00,9655,27,1251,1.4,0,22.7,19.0,54.0,1015.6
2024-12-01T16:24:39.460000+00:00,9655,334,1251,1.4,0,22.6,19.0,55.0,1015.6
2024-12-01T16:25:39.456000+00:00,9655,0,1251,0.8,0,22.7,19.0,55.0,1015.6
2024-12-01T16:26:39.454000+00:00,9655,95,1251,0.9,0,22.8,18.9,55.0,1015.6
2024-12-01T16:27:39.454000+00:00,9655,15,1251,1.0,0,22.7,19.0,55.0,1015.6
2024-12-01T16:28:39.460000+00:00,9655,16,1251,0.9,0,22.7,18.9,55.0,1015.6
2024-12-01T16:29:39.462000+00:00,9655,39,1251,1.1,0,22.5,18.9,55.0,1015.6
2024-12-01T16:30:39.458000+00:00,9655,4,1251,0.9,0,22.5,18.9,55.0,1015.6
2024-12-01T16:31:39.465000+00:00,9655,22,1251,1.7,0,22.6,18.9,55.0,1015.6
2024-12-01T16:32:39.462000+00:00,9655,341,1251,1.4,0,22.6,18.9,55.0,1015.5
2024-12-01T16:33:39.460000+00:00,9655,32,1251,1.3,0,22.5,18.9,55.0,1015.6
2024-12-01T16:34:39.463000+00:00,9655,0,1251,1.6,0,22.5,18.9,55.0,1015.6
2024-12-01T16:35:39.470000+00:00,9655,17,1251,1.1,0,22.5,18.9,55.0,1015.5
2024-12-01T16:36:39.466000+00:00,9655,239,1251,1.2,0,22.5,18.8,55.0,1015.7
2024-12-01T16:37:39.468000+00:00,9655,347,1251,0.7,0,22.7,18.8,55.0,1015.7
2024-12-01T16:38:39.467000+00:00,9655,0,1251,1.3,0,22.7,18.8,55.0,1015.6
2024-12-01T16:39:39.469000+00:00,9655,66,1251,0.5,0,22.7,18.8,55.0,1015.6
2024-12-01T16:40:39.471000+00:00,9655,0,1251,0.5,0,22.6,18.8,55.0,1015.6
2024-12-01T16:41:39.466000+00:00,9655,15,1251,1.0,0,22.6,18.8,55.0,1015.6
2024-12-01T16:42:39.466000+00:00,9655,77,1251,0.9,0,22.6,18.8,55.0,1015.7
2024-12-01T16:43:39.467000+00:00,9655,3,1251,1.2,0,22.5,18.8,55.0,1015.6
2024-12-01T16:44:39.471000+00:00,9655,338,1251,1.0,0,22.5,18.7,56.0,1015.6
2024-12-01T16:45:39.468000+00:00,9655,330,1251,1.6,0,22.4,18.7,56.0,1015.6
2024-12-01T16:46:39.472000+00:00,9655,33,1251,0.9,0,22.3,18.7,56.0,1015.7
2024-12-01T16:47:39.472000+00:00,9655,33,1251,1.5,0,22.2,18.7,56.0,1015.7
2024-12-01T16:48:39.474000+00:00,9655,25,1251,1.2,0,22.5,18.6,56.0,1015.7
2024-12-01T16:49:39.472000+00:00,9655,28,1251,1.2,0,22.5,18.6,56.0,1015.7
2024-12-01T16:50:39.482000+00:00,9655,300,1251,1.3,0,22.4,18.6,56.0,1015.6
2024-12-01T16:51:39.472000+00:00,9655,36,1251,1.4,0,22.3,18.6,56.0,1015.6
2024-12-01T16:52:39.483000+00:00,9655,11,1251,1.4,0,22.3,18.6,57.0,1015.7
2024-12-01T16:53:39.473000+00:00,9655,25,1251,1.2,0,22.3,18.5,57.0,1015.7
2024-12-01T16:54:39.480000+00:00,9655,12,1251,1.1,0,22.1,18.5,57.0,1015.6
2024-12-01T16:55:39.482000+00:00,9655,355,1251,1.4,0,22.1,18.5,57.0,1015.7
2024-12-01T16:56:39.476000+00:00,9655,28,1251,0.8,0,22.1,18.5,57.0,1015.7
2024-12-01T16:57:39.481000+00:00,9655,302,1251,0.9,0,22.1,18.5,58.0,1015.7
2024-12-01T16:58:39.479000+00:00,9655,141,1251,1.2,0,22.1,18.5,58.0,1015.6
2024-12-01T16:59:39.483000+00:00,9655,355,1251,1.1,0,22.2,18.5,58.0,1015.6
2024-12-01T17:00:39.483000+00:00,9655,0,1251,1.5,0,22.1,18.4,59.0,1015.7
2024-12-01T17:01:39.482000+00:00,9655,350,1251,0.9,0,22.1,18.4,59.0,1015.6
2024-12-01T17:02:39.495000+00:00,9655,56,1251,1.1,0,22.3,18.4,59.0,1015.7
2024-12-01T17:03:39.500000+00:00,9655,340,1251,1.3,0,22.2,18.5,59.0,1015.7
2024-12-01T17:04:39.512000+00:00,9655,50,1251,1.1,0,22.2,18.5,59.0,1015.7
2024-12-01T17:05:39.535000+00:00,9655,14,1251,1.1,0,22.2,18.5,59.0,1015.7
2024-12-01T17:06:39.530000+00:00,9655,29,1251,1.3,0,22.2,18.5,59.0,1015.6
2024-12-01T17:07:39.537000+00:00,9655,35,1251,1.7,0,22.3,18.4,60.0,1015.6
2024-12-01T17:08:39.546000+00:00,9655,315,1251,0.9,0,22.1,18.4,60.0,1015.6
2024-12-01T17:09:39.562000+00:00,9655,72,1251,0.9,0,22.1,18.4,60.0,1015.6
2024-12-01T17:10:39.581000+00:00,9655,44,1251,1.6,0,22.1,18.4,61.0,1015.7
2024-12-01T17:11:39.584000+00:00,9655,0,1251,1.1,0,22.1,18.4,61.0,1015.6
2024-12-01T17:12:39.580000+00:00,9655,33,1251,0.8,0,22.1,18.4,61.0,1015.7
2024-12-01T17:13:39.581000+00:00,9655,212,1251,1.4,0,22.1,18.4,61.0,1015.7
2024-12-01T17:14:39.598000+00:00,9655,334,1251,1.1,0,22.0,18.4,61.0,1015.6
2024-12-01T17:15:39.605000+00:00,9655,14,1251,1.7,0,22.0,18.3,62.0,1015.6
2024-12-01T17:16:39.620000+00:00,9655,91,1251,0.7,0,22.0,18.3,62.0,1015.7
2024-12-01T17:17:39.615000+00:00,9655,31,1251,1.4,0,22.0,18.3,62.0,1015.6
2024-12-01T17:18:39.639000+00:00,9655,334,1251,1.3,0,22.0,18.3,62.0,1015.6
2024-12-01T17:19:39.619000+00:00,9655,58,1251,1.4,0,22.0,18.3,63.0,1015.6
2024-12-01T17:20:39.679000+00:00,9655,345,1251,1.3,0,22.0,18.3,63.0,1015.5
2024-12-01T17:21:39.619000+00:00,9655,2,1251,1.2,0,21.9,18.3,63.0,1015.5
2024-12-01T17:22:39.619000+00:00,9655,341,1251,0.9,0,21.9,18.3,63.0,1015.5
2024-12-01T17:23:39.622000+00:00,9655,17,1251,1.0,0,22.0,18.3,63.0,1015.5
2024-12-01T17:24:39.621000+00:00,9655,347,1251,1.4,0,22.0,18.3,63.0,1015.5
2024-12-01T17:25:39.625000+00:00,9655,325,1251,1.2,0,21.9,18.3,64.0,1015.5
2024-12-01T17:26:39.621000+00:00,9655,41,1251,1.0,0,22.0,18.3,64.0,1015.5
2024-12-01T17:27:39.626000+00:00,9655,162,1251,1.2,0,21.9,18.3,64.0,1015.5
2024-12-01T17:28:39.632000+00:00,9655,357,1251,0.9,0,22.0,18.3,64.0,1015.4
2024-12-01T17:29:39.623000+00:00,9655,318,1251,1.4,0,22.0,18.3,64.0,1015.5
2024-12-01T17:30:39.632000+00:00,9655,13,1251,1.3,0,22.0,18.2,64.0,1015.5
2024-12-01T17:31:39.625000+00:00,9655,304,1251,1.5,0,22.0,18.2,64.0,1015.5
2024-12-01T17:32:39.626000+00:00,9655,28,1251,0.8,0,22.0,18.3,64.0,1015.6
2024-12-01T17:33:39.626000+00:00,9655,347,1251,1.6,0,22.0,18.3,64.0,1015.4
2024-12-01T17:34:39.629000+00:00,9655,1,1251,1.3,0,22.0,18.3,64.0,1015.5
2024-12-01T17:35:39.631000+00:00,9655,332,1251,1.4,0,21.9,18.3,64.0,1015.5
2024-12-01T17:36:39.631000+00:00,9655,354,1251,1.0,0,22.0,18.3,65.0,1015.5
2024-12-01T17:37:39.630000+00:00,9655,38,1251,1.5,0,21.9,18.3,65.0,1015.6
2024-12-01T17:38:39.629000+00:00,9655,1,1251,0.9,0,22.0,18.3,65.0,1015.6
2024-12-01T17:39:39.635000+00:00,9655,56,1251,1.8,0,21.9,18.3,64.0,1015.5
2024-12-08T12:07:44.039000+00:00,9662,292,1252,1.0,0,37.2,27.8,42.0,1017.3
2024-12-08T12:08:44.037000+00:00,9662,304,1252,2.7,0,37.1,27.8,43.0,1017.3
2024-12-08T12:09:44.041000+00:00,9662,324,1252,2.5,0,36.8,27.7,43.0,1017.2
2024-12-08T12:10:44.057000+00:00,9662,277,1252,2.0,0,36.8,27.7,43.0,1017.2
2024-12-08T12:11:44.070000+00:00,9662,308,1252,1.7,0,36.7,27.6,44.0,1017.2
2024-12-08T12:12:44.074000+00:00,9662,103,1252,2.4,0,36.2,27.6,44.0,1017.1
2024-12-08T12:13:44.073000+00:00,9662,315,1252,2.1,0,36.1,27.6,44.0,1017.3
2024-12-08T12:14:44.074000+00:00,9662,287,1252,2.4,0,36.1,27.6,44.0,1017.0
2024-12-08T12:15:44.078000+00:00,9662,310,1252,1.0,0,36.1,27.6,44.0,1017.1
2024-12-08T12:16:44.089000+00:00,9662,109,1252,2.5,0,36.1,27.7,43.0,1017.0
2024-12-08T12:17:44.091000+00:00,9662,266,1252,2.1,0,35.5,27.8,43.0,1017.1
2024-12-08T12:18:44.091000+00:00,9662,314,1252,1.7,0,35.5,27.7,43.0,1017.2
2024-12-08T12:19:44.108000+00:00,9662,319,1252,1.8,0,35.5,27.6,44.0,1017.1
2024-12-08T12:20:44.125000+00:00,9662,320,1252,1.3,0,35.1,27.5,44.0,1017.1
2024-12-08T12:21:44.129000+00:00,9662,317,1252,2.3,0,33.2,27.6,44.0,1017.1
2024-12-08T12:22:44.142000+00:00,9662,0,1252,1.8,0,33.1,27.5,45.0,1017.1
2024-12-08T12:23:44.162000+00:00,9662,294,1252,1.6,0,33.1,27.5,45.0,1017.1
2024-12-08T12:24:44.165000+00:00,9662,0,1252,1.4,0,33.8,27.5,45.0,1017.1
2024-12-08T12:25:44.170000+00:00,9662,311,1252,2.9,0,34.5,27.5,46.0,1017.1
2024-12-08T12:26:44.162000+00:00,9662,315,1252,2.3,0,34.5,27.4,46.0,1017.1
2024-12-08T12:27:44.163000+00:00,9662,287,1252,2.1,0,34.6,27.4,47.0,1017.1
2024-12-08T12:28:44.162000+00:00,9662,296,1252,1.0,0,34.6,27.4,47.0,1017.0
2024-12-08T12:29:44.178000+00:00,9662,203,1252,1.5,0,33.8,27.5,47.0,1017.0
2024-12-08T12:30:44.178000+00:00,9662,297,1252,1.5,0,33.9,27.5,46.0,1017.1
2024-12-08T12:31:44.195000+00:00,9662,309,1252,0.9,0,33.9,27.5,45.0,1017.0
2024-12-08T12:32:44.210000+00:00,9662,177,1252,1.9,0,34.0,27.5,45.0,1017.1
2024-12-08T12:33:44.219000+00:00,9662,122,1252,1.0,0,34.1,27.5,45.0,1017.0
2024-12-08T12:34:44.214000+00:00,9662,108,1252,2.1,0,34.5,27.5,44.0,1017.0
2024-12-08T12:35:44.233000+00:00,9662,125,1252,2.2,0,34.2,27.5,44.0,1017.0
2024-12-08T12:36:44.229000+00:00,9662,110,1252,1.9,0,32.0,27.4,44.0,1017.1
2024-12-08T12:37:44.247000+00:00,9662,110,1252,3.5,0,31.8,27.4,45.0,1017.0
2024-12-08T12:38:44.247000+00:00,9662,113,1252,3.6,0,32.5,27.3,45.0,1017.0
2024-12-08T12:39:44.248000+00:00,9662,115,1252,2.8,0,32.5,27.3,46.0,1017.1
2024-12-08T12:40:44.254000+00:00,9662,107,1252,2.9,0,31.2,27.2,46.0,1017.1
2024-12-08T12:41:44.236000+00:00,9662,44,1252,1.7,0,30.9,27.3,46.0,1017.1
2024-12-08T12:42:44.252000+00:00,9662,110,1252,1.9,0,31.3,27.3,46.0,1017.1
2024-12-08T12:43:44.251000+00:00,9662,30,1252,2.7,0,31.2,27.3,45.0,1017.0
2024-12-08T12:44:44.251000+00:00,9662,111,1252,2.2,0,30.8,27.2,45.0,1017.0
2024-12-08T12:45:44.250000+00:00,9662,96,1252,1.0,0,31.8,27.2,46.0,1017.1
2024-12-08T12:46:44.254000+00:00,9662,0,1252,0.6,0,33.9,27.1,45.0,1017.1
2024-12-08T12:47:44.253000+00:00,9662,125,1252,1.1,0,34.0,27.2,45.0,1017.0
2024-12-08T12:48:44.253000+00:00,9662,111,1252,2.0,0,32.6,27.3,45.0,1017.0
2024-12-08T12:49:44.254000+00:00,9662,100,1252,3.6,0,32.2,27.2,45.0,1016.9
2024-12-08T12:50:44.269000+00:00,9662,110,1252,3.2,0,33.1,27.2,46.0,1017.1
2024-12-08T12:51:44.270000+00:00,9662,110,1252,1.3,0,33.7,27.1,47.0,1017.1
2024-12-08T12:52:44.286000+00:00,9662,117,1252,2.2,0,33.0,27.1,47.0,1017.1
2024-12-08T12:53:44.303000+00:00,9662,116,1252,1.4,0,33.0,27.1,47.0,1017.1
2024-12-08T12:54:44.319000+00:00,9662,87,1252,1.8,0,33.0,27.1,47.0,1017.1
2024-12-08T12:55:44.340000+00:00,9662,99,1252,1.0,0,32.8,27.1,47.0,1017.1
2024-12-08T12:56:44.351000+00:00,9662,122,1252,1.3,0,32.8,27.1,47.0,1017.1
2024-12-08T12:57:44.351000+00:00,9662,97,1252,1.9,0,32.7,27.1,47.0,1017.1
2024-12-08T12:58:44.355000+00:00,9662,97,1252,1.8,0,32.7,27.0,47.0,1017.1
2024-12-08T12:59:44.353000+00:00,9662,134,1252,2.6,0,32.1,27.0,47.0,1017.1
2024-12-08T13:00:44.360000+00:00,9662,110,1252,2.6,0,32.0,27.1,48.0,1017.3
2024-12-08T13:01:44.373000+00:00,9662,103,1252,1.8,0,32.0,27.0,49.0,1017.3
2024-12-08T13:02:44.373000+00:00,9662,104,1252,2.3,0,32.1,27.0,49.0,1017.1
2024-12-08T13:03:44.376000+00:00,9662,117,1252,2.0,0,32.1,27.0,49.0,1017.2
2024-12-08T13:04:44.377000+00:00,9662,54,1252,1.5,0,32.2,27.0,49.0,1017.2
2024-12-08T13:05:44.394000+00:00,9662,111,1252,1.3,0,32.2,27.0,49.0,1017.2
2024-12-08T13:06:44.391000+00:00,9662,91,1252,2.0,0,31.8,26.9,49.0,1017.2
2024-12-08T13:07:44.396000+00:00,9662,112,1252,1.4,0,31.8,27.0,49.0,1017.2
2024-12-08T13:08:44.415000+00:00,9662,115,1252,2.6,0,31.8,26.9,49.0,1017.3
2024-12-08T13:09:44.383000+00:00,9662,0,1252,1.4,0,31.9,26.9,50.0,1017.2
2024-12-08T13:10:44.397000+00:00,9662,112,1252,0.8,0,31.7,26.9,50.0,1017.3
2024-12-08T13:11:44.400000+00:00,9662,113,1252,1.2,0,31.8,26.8,50.0,1017.4
2024-12-08T13:12:44.403000+00:00,9662,277,1252,1.7,0,31.8,26.9,50.0,1017.4
2024-12-08T13:13:44.403000+00:00,9662,0,1252,0.9,0,31.8,26.8,50.0,1017.3
2024-12-08T13:14:44.402000+00:00,9662,117,1252,1.3,0,31.9,26.9,51.0,1017.3
2024-12-08T13:15:44.398000+00:00,9662,277,1252,1.8,0,31.5,26.9,51.0,1017.4
2024-12-08T13:16:44.405000+00:00,9662,96,1252,1.4,0,31.6,26.8,51.0,1017.4
2024-12-08T13:17:44.397000+00:00,9662,116,1252,1.7,0,31.7,26.8,51.0,1017.4
2024-12-08T13:18:44.405000+00:00,9662,113,1252,1.4,0,31.7,26.9,51.0,1017.4
2024-12-08T13:19:44.396000+00:00,9662,126,1252,2.0,0,31.2,26.9,51.0,1017.4
2024-12-08T13:20:44.403000+00:00,9662,250,1252,2.1,0,31.5,26.8,51.0,1017.4
2024-12-08T13:21:44.404000+00:00,9662,278,1252,1.7,0,31.6,26.8,52.0,1017.4
2024-12-08T13:22:44.407000+00:00,9662,112,1252,1.5,0,31.6,26.8,52.0,1017.4
2024-12-08T13:23:44.407000+00:00,9662,99,1252,2.5,0,31.5,26.8,52.0,1017.5
2024-12-08T13:24:44.483000+00:00,9662,129,1252,1.8,0,31.3,26.8,51.0,1017.5
2024-12-08T13:25:44.489000+00:00,9662,110,1252,1.6,0,31.3,26.8,52.0,1017.4
2024-12-08T13:26:44.500000+00:00,9662,110,1252,1.6,0,31.3,26.8,52.0,1017.4
2024-12-08T13:27:44.506000+00:00,9662,112,1252,2.2,0,31.3,26.7,52.0,1017.4
2024-12-08T13:28:44.520000+00:00,9662,276,1252,1.8,0,31.2,26.7,52.0,1017.5
2024-12-08T13:29:44.543000+00:00,9662,122,1252,1.1,0,31.2,26.6,52.0,1017.5
2024-12-08T13:30:44.535000+00:00,9662,129,1252,1.0,0,31.3,26.7,52.0,1017.4
2024-12-08T13:31:44.539000+00:00,9662,173,1252,1.6,0,31.3,26.7,52.0,1017.4
2024-12-08T13:32:44.533000+00:00,9662,107,1252,1.1,0,31.4,26.6,52.0,1017.5
2024-12-08T13:33:44.535000+00:00,9662,226,1252,1.3,0,31.3,26.7,52.0,1017.5
2024-12-08T13:34:44.542000+00:00,9662,0,1252,1.5,0,31.2,26.6,53.0,1017.5
2024-12-08T13:35:44.536000+00:00,9662,117,1252,1.1,0,31.3,26.6,53.0,1017.5
2024-12-08T13:36:44.539000+00:00,9662,108,1252,2.2,0,31.0,26.6,53.0,1017.5
2024-12-08T13:37:44.543000+00:00,9662,111,1252,1.4,0,31.0,26.5,53.0,1017.5
2024-12-08T13:38:44.539000+00:00,9662,106,1252,1.6,0,31.1,26.6,53.0,1017.5
2024-12-08T13:39:44.543000+00:00,9662,104,1252,1.8,0,31.1,26.5,53.0,1017.6
2024-12-08T13:40:44.545000+00:00,9662,44,1252,0.8,0,30.9,26.5,54.0,1017.6
2024-12-08T13:41:44.548000+00:00,9662,110,1252,1.0,0,30.9,26.5,54.0,1017.6
2024-12-08T13:42:44.551000+00:00,9662,110,1252,1.3,0,30.9,26.5,54.0,1017.5
2024-12-08T13:43:44.545000+00:00,9662,111,1252,1.8,0,30.8,26.5,54.0,1017.6
2024-12-08T13:44:44.544000+00:00,9662,122,1252,1.7,0,30.8,26.4,55.0,1017.7
2024-12-08T13:45:44.543000+00:00,9662,112,1252,1.2,0,30.7,26.4,55.0,1017.7
2024-12-08T13:46:44.550000+00:00,9662,102,1252,1.4,0,30.8,26.4,55.0,1017.6
2024-12-08T13:47:44.548000+00:00,9662,118,1252,1.7,0,30.8,26.4,55.0,1017.6
2024-12-08T13:48:44.554000+00:00,9662,110,1252,2.8,0,30.8,26.4,56.0,1017.7
2024-12-08T13:49:44.560000+00:00,9662,111,1252,2.1,0,30.6,26.4,56.0,1017.6
2024-12-08T13:50:44.549000+00:00,9662,103,1252,1.8,0,30.5,26.4,56.0,1017.7
2024-12-08T13:51:44.546000+00:00,9662,111,1252,2.6,0,30.5,26.4,56.0,1017.6
2024-12-08T13:52:44.551000+00:00,9662,105,1252,3.0,0,30.5,26.3,57.0,1017.6
2024-12-08T13:53:44.549000+00:00,9662,141,1252,1.8,0,30.6,26.3,57.0,1017.7
2024-12-08T13:54:44.551000+00:00,9662,145,1252,1.2,0,30.4,26.3,57.0,1017.7
2024-12-08T13:55:44.556000+00:00,9662,74,1252,2.5,0,30.3,26.3,57.0,1017.6
2024-12-08T13:56:44.552000+00:00,9662,106,1252,2.4,0,30.4,26.3,57.0,1017.8
2024-12-08T13:57:44.560000+00:00,9662,132,1252,1.7,0,30.3,26.3,57.0,1017.8
2024-12-08T13:58:44.560000+00:00,9662,112,1252,2.0,0,30.3,26.3,58.0,1017.7
2024-12-08T13:59:44.553000+00:00,9662,109,1252,2.1,0,30.3,26.3,58.0,1017.7
2024-12-08T14:00:44.553000+00:00,9662,98,1252,1.7,0,30.4,26.2,58.0,1017.7
2024-12-08T14:01:44.577000+00:00,9662,114,1252,1.1,0,30.1,26.2,58.0,1017.7
2024-12-08T14:02:44.570000+00:00,9662,104,1252,3.3,0,30.2,26.2,58.0,1017.8
2024-12-08T14:03:44.577000+00:00,9662,107,1252,2.3,0,30.2,26.1,58.0,1017.8
2024-12-08T14:04:44.575000+00:00,9662,65,1252,1.9,0,30.1,26.1,58.0,1017.8
2024-12-08T14:05:44.588000+00:00,9662,94,1252,0.8,0,30.2,26.2,58.0,1017.8
2024-12-08T14:06:44.602000+00:00,9662,117,1252,1.9,0,30.0,26.1,58.0,1017.7
2024-12-08T14:07:44.606000+00:00,9662,113,1252,2.1,0,30.1,26.1,58.0,1017.6
2024-12-08T14:08:44.605000+00:00,9662,196,1252,1.7,0,30.1,26.1,58.0,1017.8
2024-12-08T14:09:44.608000+00:00,9662,116,1252,1.5,0,30.1,26.1,58.0,1017.8
2024-12-08T14:10:44.624000+00:00,9662,111,1252,2.4,0,30.0,26.1,58.0,1017.8
2024-12-08T14:11:44.633000+00:00,9662,115,1252,3.2,0,30.0,26.1,58.0,1017.7
2024-12-08T14:12:44.646000+00:00,9662,113,1252,3.0,0,29.8,26.0,58.0,1017.8
2024-12-08T14:13:44.659000+00:00,9662,111,1252,2.2,0,29.7,26.0,59.0,1017.8
2024-12-08T14:14:44.664000+00:00,9662,111,1252,1.6,0,29.7,26.0,59.0,1017.8
2024-12-08T14:15:44.661000+00:00,9662,0,1252,2.5,0,29.7,26.0,59.0,1017.9
2024-12-08T14:16:44.666000+00:00,9662,111,1252,1.7,0,29.6,26.0,59.0,1017.8
2024-12-08T14:17:44.681000+00:00,9662,74,1252,2.1,0,29.5,26.0,59.0,1017.9
2024-12-08T14:18:44.678000+00:00,9662,109,1252,2.1,0,29.6,26.0,59.0,1017.9
2024-12-08T14:19:44.678000+00:00,9662,142,1252,2.0,0,29.4,26.0,59.0,1017.9
2024-12-08T14:20:44.703000+00:00,9662,109,1252,2.8,0,29.4,25.9,59.0,1017.9
2024-12-08T14:21:44.696000+00:00,9662,82,1252,3.0,0,29.4,25.9,59.0,1017.9
2024-12-08T14:22:44.700000+00:00,9662,113,1252,2.7,0,29.4,25.9,59.0,1018.0
2024-12-08T14:23:44.711000+00:00,9662,116,1252,2.9,0,29.4,25.9,60.0,1017.8
2024-12-08T14:24:44.704000+00:00,9662,109,1252,2.0,0,29.3,25.9,60.0,1017.8
2024-12-08T14:25:44.697000+00:00,9662,117,1252,3.2,0,29.3,25.9,60.0,1017.9
2024-12-08T14:26:44.698000+00:00,9662,106,1252,2.4,0,29.4,25.9,60.0,1018.0
2024-12-08T14:27:44.709000+00:00,9662,110,1252,2.1,0,29.4,25.9,60.0,1018.0
2024-12-08T14:28:44.707000+00:00,9662,104,1252,2.4,0,29.4,25.9,60.0,1018.0
2024-12-08T14:29:44.703000+00:00,9662,111,1252,1.9,0,29.3,25.9,60.0,1018.0
2024-12-08T14:30:44.728000+00:00,9662,122,1252,2.6,0,29.3,25.9,60.0,1018.0
2024-12-08T14:31:44.720000+00:00,9662,84,1252,2.4,0,29.4,25.9,60.0,1018.0
2024-12-08T14:32:44.720000+00:00,9662,34,1252,1.2,0,29.4,25.8,60.0,1018.0
2024-12-08T14:33:44.734000+00:00,9662,116,1252,1.2,0,29.1,25.8,60.0,1018.0
2024-12-08T14:34:44.784000+00:00,9662,116,1252,1.2,0,29.1,25.8,60.0,1018.0
2025-03-16T03:07:30.394000+00:00,9693,211,1254,2.6,1,18.8,15.8,91.0,1009.2
2025-03-16T03:08:30.395000+00:00,9693,273,1254,2.6,1,18.8,15.7,92.0,1009.2
2025-03-16T03:09:30.381000+00:00,9693,271,1254,2.2,1,18.8,15.7,92.0,1009.0
2025-03-16T03:10:30.395000+00:00,9693,261,1254,5.3,1,18.8,15.7,90.0,1009.1
2025-03-16T03:11:30.396000+00:00,9693,246,1254,5.6,1,18.8,15.7,90.0,1009.4
2025-03-16T03:12:30.385000+00:00,9693,264,1254,3.9,1,18.8,15.6,90.0,1009.2
2025-03-16T03:13:30.400000+00:00,9693,283,1254,4.8,1,18.8,15.6,90.0,1009.2
2025-03-16T03:14:30.385000+00:00,9693,267,1254,3.2,1,18.8,15.6,90.0,1009.1
2025-03-16T03:15:30.401000+00:00,9693,252,1254,3.7,1,18.7,15.6,90.0,1009.3
2025-03-16T03:16:30.403000+00:00,9693,274,1254,3.4,0,18.7,15.6,89.0,1009.1
2025-03-16T03:17:30.402000+00:00,9693,265,1254,4.4,0,18.7,15.6,89.0,1009.3
2025-03-16T03:18:30.425000+00:00,9693,269,1254,4.6,0,18.7,15.6,89.0,1009.1
2025-03-16T03:19:30.433000+00:00,9693,264,1254,4.3,0,18.7,15.6,88.0,1009.2
2025-03-16T03:20:30.444000+00:00,9693,275,1254,5.1,0,18.7,15.6,88.0,1009.1
2025-03-16T03:21:30.430000+00:00,9693,254,1254,3.8,0,18.7,15.6,88.0,1009.4
2025-03-16T03:22:30.449000+00:00,9693,256,1254,3.2,0,18.7,15.7,88.0,1009.3
2025-03-16T03:23:30.451000+00:00,9693,261,1254,3.7,0,18.7,15.7,88.0,1009.2
2025-03-16T03:24:30.440000+00:00,9693,267,1254,2.9,0,18.7,15.6,88.0,1009.2
2025-03-16T03:25:30.428000+00:00,9693,265,1254,5.6,0,18.7,15.6,87.0,1009.1
2025-03-16T03:26:30.433000+00:00,9693,258,1254,4.1,0,18.7,15.6,87.0,1009.2
2025-03-16T03:27:30.461000+00:00,9693,268,1254,4.1,0,18.7,15.6,87.0,1009.3
2025-03-16T03:28:30.450000+00:00,9693,245,1254,4.5,0,18.7,15.6,87.0,1009.3
2025-03-16T03:29:30.462000+00:00,9693,267,1254,6.6,0,18.7,15.6,87.0,1009.3
2025-03-16T03:30:30.480000+00:00,9693,280,1254,5.3,0,18.7,15.6,86.0,1009.4
2025-03-16T03:31:30.476000+00:00,9693,257,1254,4.0,1,18.7,15.5,86.0,1009.2
2025-03-16T03:32:30.491000+00:00,9693,267,1254,6.9,1,18.7,15.4,86.0,1009.3
2025-03-16T03:33:30.507000+00:00,9693,269,1254,5.1,1,18.7,15.4,87.0,1009.6
2025-03-16T03:34:30.534000+00:00,9693,255,1254,5.9,1,18.7,15.4,88.0,1009.3
2025-03-16T03:35:30.538000+00:00,9693,249,1254,4.4,1,18.7,15.3,87.0,1009.4
2025-03-16T03:36:30.588000+00:00,9693,254,1254,4.3,1,18.7,15.3,88.0,1009.5
2025-03-16T03:37:30.536000+00:00,9693,257,1254,4.0,1,18.7,15.2,88.0,1009.8
2025-03-16T03:38:30.538000+00:00,9693,250,1254,3.3,1,18.5,15.1,87.0,1009.5
2025-03-16T03:39:30.540000+00:00,9693,250,1254,6.0,0,18.5,15.1,87.0,1009.8
2025-03-16T03:40:30.543000+00:00,9693,255,1254,3.0,0,18.5,15.1,87.0,1009.7
2025-03-16T03:41:30.544000+00:00,9693,261,1254,5.9,1,18.5,15.1,87.0,1009.6
2025-03-16T03:42:30.540000+00:00,9693,261,1254,5.9,1,18.5,15.1,87.0,1009.6
2025-03-16T03:43:30.561000+00:00,9693,249,1254,4.8,1,18.3,15.2,87.0,1009.7
2025-03-16T03:44:30.568000+00:00,9693,263,1254,4.0,1,18.3,15.2,87.0,1009.6
2025-03-16T03:45:30.579000+00:00,9693,263,1254,4.0,1,18.3,15.2,87.0,1009.6
2025-03-16T03:46:30.584000+00:00,9693,285,1254,4.3,1,18.3,15.2,87.0,1009.6
2025-03-16T03:47:30.579000+00:00,9693,264,1254,4.7,1,18.3,15.2,87.0,1009.5
2025-03-16T03:48:30.588000+00:00,9693,221,1254,4.5,1,18.3,15.2,87.0,1009.4
2025-03-16T03:49:30.589000+00:00,9693,258,1254,2.9,0,18.3,15.2,87.0,1009.2
2025-03-16T03:50:30.594000+00:00,9693,250,1254,6.1,0,18.6,15.3,86.0,1009.5
2025-03-16T03:51:30.590000+00:00,9693,250,1254,4.6,0,18.6,15.2,87.0,1009.5
2025-03-16T03:52:30.597000+00:00,9693,253,1254,5.1,0,18.6,15.3,86.0,1009.6
2025-03-16T03:53:30.630000+00:00,9693,280,1254,5.1,0,18.6,15.2,85.0,1009.3
2025-03-16T03:54:30.630000+00:00,9693,286,1254,3.8,0,18.7,15.3,83.0,1009.4
2025-03-16T03:55:30.647000+00:00,9693,268,1254,4.2,0,18.7,15.2,83.0,1009.5
2025-03-16T03:56:30.651000+00:00,9693,277,1254,4.1,0,18.7,15.2,82.0,1009.4
2025-03-16T03:57:30.663000+00:00,9693,259,1254,3.4,0,18.7,15.2,81.0,1009.5
2025-03-16T03:58:30.648000+00:00,9693,276,1254,3.6,0,18.7,15.2,81.0,1009.5
2025-03-16T03:59:30.677000+00:00,9693,269,1254,3.4,0,18.7,15.1,80.0,1009.5
2025-03-16T04:00:30.653000+00:00,9693,273,1254,2.7,0,18.7,15.3,80.0,1009.6
2025-03-16T04:01:30.677000+00:00,9693,295,1254,3.3,0,18.9,15.3,79.0,1009.5
2025-03-16T04:02:30.711000+00:00,9693,285,1254,2.1,0,18.9,15.3,78.0,1009.4
2025-03-16T04:03:30.730000+00:00,9693,271,1254,4.0,0,18.9,15.4,76.0,1009.5
2025-03-16T04:04:30.727000+00:00,9693,256,1254,3.7,0,18.9,15.4,76.0,1009.5
2025-03-16T04:05:30.732000+00:00,9693,297,1254,4.6,0,18.9,15.4,74.0,1009.5
2025-03-16T04:06:30.713000+00:00,9693,275,1254,4.1,0,18.9,15.4,73.0,1009.5
2025-03-16T04:07:30.714000+00:00,9693,282,1254,4.3,0,18.9,15.4,73.0,1009.4
2025-03-16T04:08:30.714000+00:00,9693,263,1254,3.3,0,18.9,15.5,73.0,1009.5
2025-03-16T04:09:30.752000+00:00,9693,281,1254,2.0,0,19.0,15.6,75.0,1009.5
2025-03-16T04:10:30.767000+00:00,9693,208,1254,5.6,0,19.0,15.6,74.0,1009.5
2025-03-16T04:11:30.766000+00:00,9693,249,1254,3.6,0,19.0,15.6,74.0,1009.6
2025-03-16T04:12:30.788000+00:00,9693,286,1254,3.1,0,19.0,15.6,74.0,1009.7
2025-03-16T04:13:30.773000+00:00,9693,254,1254,4.3,0,19.0,15.6,75.0,1009.8
2025-03-16T04:14:30.785000+00:00,9693,257,1254,5.1,0,19.0,15.6,74.0,1009.8
2025-03-16T04:15:30.796000+00:00,9693,230,1254,5.6,0,19.0,15.7,74.0,1009.8
2025-03-16T04:16:30.790000+00:00,9693,254,1254,5.1,0,19.0,15.8,73.0,1009.8
2025-03-16T04:17:30.803000+00:00,9693,257,1254,3.8,0,19.0,15.7,74.0,1009.8
2025-03-16T04:18:30.825000+00:00,9693,253,1254,3.9,0,19.2,15.7,74.0,1010.2
2025-03-16T04:19:30.804000+00:00,9693,268,1254,3.5,0,19.2,15.8,74.0,1010.0
2025-03-16T04:20:30.825000+00:00,9693,264,1254,3.7,0,19.2,15.8,75.0,1009.9
2025-03-16T04:21:30.822000+00:00,9693,251,1254,5.2,1,19.2,15.8,75.0,1010.0
2025-03-16T04:22:30.840000+00:00,9693,301,1254,4.6,1,19.2,15.8,75.0,1009.9
2025-03-16T04:23:30.873000+00:00,9693,263,1254,3.0,0,19.2,15.8,76.0,1009.9
2025-03-16T04:24:30.865000+00:00,9693,266,1254,5.1,1,19.2,15.8,75.0,1010.0
2025-03-16T04:25:30.882000+00:00,9693,270,1254,4.9,1,19.2,15.8,73.0,1009.9
2025-03-16T04:26:30.890000+00:00,9693,278,1254,3.3,1,19.0,15.8,74.0,1009.8
2025-03-16T04:27:30.880000+00:00,9693,273,1254,3.9,1,19.0,15.8,76.0,1009.9
2025-03-16T04:28:30.906000+00:00,9693,264,1254,3.4,1,19.0,15.8,76.0,1009.9
2025-03-16T04:29:30.925000+00:00,9693,260,1254,3.5,1,19.0,15.9,76.0,1010.1
2025-03-16T04:30:30.910000+00:00,9693,260,1254,2.6,0,19.0,15.8,76.0,1009.9
2025-03-16T04:31:30.910000+00:00,9693,265,1254,3.9,0,19.0,15.8,75.0,1010.0
2025-03-16T04:32:30.936000+00:00,9693,258,1254,3.7,0,19.0,15.8,75.0,1009.9
2025-03-16T04:33:30.915000+00:00,9693,262,1254,3.3,0,19.0,15.9,76.0,1010.0
2025-03-16T04:34:30.932000+00:00,9693,255,1254,4.7,0,19.1,15.9,75.0,1009.9
2025-03-16T04:35:30.940000+00:00,9693,241,1254,4.5,0,19.1,15.9,75.0,1009.8
2025-03-16T04:36:30.944000+00:00,9693,288,1254,1.9,0,19.1,15.9,76.0,1010.0
2025-03-16T04:37:30.970000+00:00,9693,209,1254,3.4,0,19.1,15.9,74.0,1009.9
2025-03-16T04:38:30.954000+00:00,9693,282,1254,4.1,0,19.1,15.9,74.0,1010.1
2025-03-16T04:39:30.954000+00:00,9693,253,1254,2.5,0,19.1,15.9,76.0,1010.0
2025-03-16T04:40:30.957000+00:00,9693,239,1254,4.3,0,19.1,15.9,74.0,1010.1
2025-03-16T04:41:30.967000+00:00,9693,259,1254,3.6,0,19.1,16.0,74.0,1010.2
2025-03-16T04:42:30.971000+00:00,9693,217,1254,2.6,0,19.3,16.0,75.0,1010.1
2025-03-16T04:43:30.999000+00:00,9693,240,1254,3.1,0,19.3,15.9,74.0,1010.0
2025-03-16T04:44:30.989000+00:00,9693,254,1254,3.3,0,19.3,16.0,75.0,1010.1
2025-03-16T04:45:31.015000+00:00,9693,175,1254,3.4,1,19.3,16.0,74.0,1010.1
2025-03-16T04:46:31.024000+00:00,9693,268,1254,2.8,1,19.3,16.0,75.0,1010.2
2025-03-16T04:47:31.059000+00:00,9693,250,1254,2.3,0,19.3,16.0,75.0,1009.9
2025-03-16T04:48:31.061000+00:00,9693,245,1254,2.6,1,19.3,16.0,73.0,1010.0
2025-03-16T04:49:31.073000+00:00,9693,268,1254,2.2,1,19.3,16.0,74.0,1010.0
2025-03-16T04:50:31.125000+00:00,9693,249,1254,2.6,1,19.4,16.1,74.0,1009.9
2025-03-16T04:51:31.135000+00:00,9693,282,1254,3.8,1,19.4,16.0,73.0,1010.2
2025-03-16T04:52:31.100000+00:00,9693,229,1254,3.9,1,19.4,16.0,74.0,1010.1
2025-03-16T04:53:31.100000+00:00,9693,273,1254,1.9,1,19.4,16.1,75.0,1010.2
2025-03-16T04:54:31.095000+00:00,9693,252,1254,3.0,1,19.4,16.0,74.0,1010.1
2025-03-16T04:55:31.082000+00:00,9693,278,1254,3.7,1,19.4,16.0,74.0,1010.1
2025-03-16T04:56:31.076000+00:00,9693,232,1254,2.5,1,19.4,16.0,75.0,1010.2
2025-03-16T04:57:31.098000+00:00,9693,242,1254,3.8,1,19.2,16.0,76.0,1010.3
2025-03-16T04:58:31.095000+00:00,9693,231,1254,3.4,1,19.2,15.9,75.0,1010.3
2025-03-16T04:59:31.089000+00:00,9693,283,1254,2.4,1,19.2,15.9,76.0,1010.2
2025-03-16T05:00:31.103000+00:00,9693,275,1254,2.0,1,19.2,15.9,76.0,1010.2
2025-03-16T05:01:31.100000+00:00,9693,257,1254,2.6,0,19.2,15.8,77.0,1010.1
2025-03-16T05:02:31.107000+00:00,9693,257,1254,3.6,0,19.2,15.7,75.0,1010.1
2025-03-16T05:03:31.105000+00:00,9693,257,1254,3.7,0,19.2,15.7,76.0,1010.1
2025-03-16T05:04:31.100000+00:00,9693,208,1254,2.4,1,19.2,15.7,78.0,1010.2
2025-03-16T05:05:31.103000+00:00,9693,270,1254,3.1,0,19.2,15.8,77.0,1010.2
2025-03-16T05:06:31.095000+00:00,9693,249,1254,3.2,0,19.1,15.7,77.0,1010.1
2025-03-16T05:07:31.101000+00:00,9693,229,1254,2.5,0,19.1,15.7,77.0,1010.2
2025-03-16T05:08:31.103000+00:00,9693,261,1254,2.3,0,19.1,15.7,78.0,1010.1
2025-03-16T05:09:31.136000+00:00,9693,250,1254,2.7,0,19.1,15.7,77.0,1010.1
2025-03-16T05:10:31.131000+00:00,9693,218,1254,3.1,0,19.1,15.7,77.0,1010.1
2025-03-16T05:11:31.143000+00:00,9693,256,1254,2.5,0,19.1,15.8,77.0,1010.1
2025-03-16T05:12:31.153000+00:00,9693,245,1254,2.1,0,19.1,15.8,77.0,1010.1
2025-03-16T05:13:31.157000+00:00,9693,248,1254,4.4,0,19.1,15.8,71.0,1010.1
2025-03-16T05:14:31.157000+00:00,9693,232,1254,4.3,0,19.0,15.9,71.0,1010.1
2025-03-16T05:15:31.196000+00:00,9693,267,1254,1.2,0,19.0,15.9,71.0,1009.8
2025-03-16T05:16:31.241000+00:00,9693,251,1254,3.6,0,19.0,16.1,71.0,1010.1
2025-03-16T05:17:31.252000+00:00,9693,296,1254,2.9,0,19.0,16.1,71.0,1010.1
2025-03-16T05:18:31.234000+00:00,9693,253,1254,4.9,0,19.0,16.1,70.0,1010.2
2025-03-16T05:19:31.237000+00:00,9693,267,1254,2.5,0,19.0,16.1,72.0,1010.2
2025-03-16T05:20:31.236000+00:00,9693,282,1254,3.9,0,19.0,16.1,71.0,1010.3
2025-03-16T05:21:31.239000+00:00,9693,259,1254,3.7,0,19.2,16.1,71.0,1010.3
2025-03-16T05:22:31.240000+00:00,9693,268,1254,3.1,0,19.2,16.2,70.0,1010.3
2025-03-16T05:23:31.241000+00:00,9693,239,1254,3.3,0,19.2,16.2,71.0,1010.3
2025-03-16T05:24:31.238000+00:00,9693,277,1254,4.0,0,19.2,16.3,71.0,1010.3
2025-03-16T05:25:31.269000+00:00,9693,253,1254,3.2,0,19.2,16.3,69.0,1010.3
2025-03-16T05:26:31.280000+00:00,9693,254,1254,3.9,0,19.2,16.3,68.0,1010.3
2025-03-16T05:27:31.279000+00:00,9693,258,1254,3.5,0,19.2,16.3,70.0,1010.3
2025-03-16T05:28:31.293000+00:00,9693,270,1254,4.6,0,19.2,16.4,69.0,1010.3
2025-03-16T05:29:31.280000+00:00,9693,265,1254,3.7,0,19.2,16.4,68.0,1009.8
2025-03-16T05:30:31.327000+00:00,9693,284,1254,4.8,0,19.2,16.4,68.0,1010.3
2025-03-16T05:31:31.340000+00:00,9693,255,1254,3.6,0,19.3,16.4,69.0,1010.3
2025-03-16T05:32:31.340000+00:00,9693,232,1254,4.7,0,19.3,16.5,70.0,1010.4
2025-03-16T05:33:31.317000+00:00,9693,262,1254,3.9,0,19.3,16.5,69.0,1010.4
2025-03-16T05:34:31.341000+00:00,9693,222,1254,5.1,0,19.3,16.6,68.0,1010.6
2025-03-16T05:35:31.344000+00:00,9693,280,1254,2.2,0,19.3,16.6,71.0,1010.7
2025-03-16T05:36:31.344000+00:00,9693,201,1254,1.3,0,19.3,16.6,75.0,1010.5
2025-03-16T05:37:31.345000+00:00,9693,166,1254,2.5,1,19.3,16.4,76.0,1010.4
2025-03-16T05:38:31.347000+00:00,9693,0,1254,3.5,1,19.3,16.1,77.0,1010.3
2025-03-16T05:39:31.324000+00:00,9693,141,1254,1.4,1,19.3,15.9,80.0,1010.3
2025-03-16T05:40:31.362000+00:00,9693,144,1254,1.8,1,19.3,15.7,80.0,1010.4
2025-03-16T05:41:31.361000+00:00,9693,132,1254,2.1,1,19.3,15.5,80.0,1010.4
2025-03-16T05:42:31.365000+00:00,9693,176,1254,1.6,1,19.3,15.3,80.0,1010.5
2025-03-16T05:43:31.378000+00:00,9693,166,1254,1.3,1,18.8,15.2,81.0,1010.5
2025-03-16T05:44:31.401000+00:00,9693,140,1254,1.3,1,18.8,15.1,81.0,1010.5
2025-03-16T05:45:31.405000+00:00,9693,238,1254,0.7,1,18.8,15.1,83.0,1010.6
2025-03-16T05:46:31.447000+00:00,9693,146,1254,2.2,0,18.8,15.1,82.0,1010.6
2025-03-16T05:47:31.446000+00:00,9693,96,1254,1.3,0,18.8,15.1,83.0,1010.6
2025-03-16T05:48:31.432000+00:00,9693,0,1254,2.2,0,18.8,15.1,83.0,1010.6
2025-03-16T05:49:31.475000+00:00,9693,196,1254,1.5,0,18.8,15.2,83.0,1010.6
2025-03-16T05:50:31.511000+00:00,9693,2,1254,1.8,0,18.8,15.1,81.0,1010.5
2025-03-16T05:51:31.492000+00:00,9693,139,1254,1.5,0,18.8,15.1,80.0,1010.7
2025-03-16T05:52:31.492000+00:00,9693,161,1254,1.4,0,18.7,15.1,78.0,1010.6
2025-03-16T05:53:31.584000+00:00,9693,161,1254,1.6,0,18.7,15.2,77.0,1010.4
2025-03-16T05:54:31.538000+00:00,9693,154,1254,2.3,0,18.7,15.4,77.0,1010.6
2025-03-16T05:55:31.539000+00:00,9693,228,1254,2.6,0,18.7,15.6,75.0,1010.6
2025-03-16T05:56:31.569000+00:00,9693,159,1254,1.3,0,18.7,15.8,76.0,1010.4
2025-03-16T05:57:31.598000+00:00,9693,199,1254,1.5,0,18.7,15.9,74.0,1010.5
2025-03-16T05:58:31.610000+00:00,9693,214,1254,1.2,0,18.7,16.0,71.0,1010.5
2025-03-16T05:59:31.614000+00:00,9693,156,1254,0.8,0,18.7,16.1,72.0,1010.4
2025-03-16T06:00:31.624000+00:00,9693,170,1254,1.4,0,18.7,16.1,72.0,1010.4
2025-03-16T06:01:31.643000+00:00,9693,216,1254,2.4,0,18.7,16.2,72.0,1010.6
2025-03-16T06:02:31.628000+00:00,9693,215,1254,2.8,0,18.7,16.2,71.0,1010.4
2025-03-16T06:03:31.638000+00:00,9693,215,1254,2.8,0,18.7,16.2,71.0,1010.4
2025-03-16T06:04:31.640000+00:00,9693,215,1254,2.8,0,18.7,16.2,71.0,1010.4
2025-03-23T06:05:20.723000+00:00,9998,230,1255,2.7,0,42.2,27.5,16.0,1011.2
2025-03-23T06:06:20.723000+00:00,9998,258,1255,2.6,0,42.2,27.5,16.0,1011.3
2025-03-23T06:07:20.744000+00:00,9998,244,1255,2.1,0,42.5,27.6,16.0,1011.3
2025-03-23T06:08:20.754000+00:00,9998,254,1255,2.1,0,42.6,27.6,16.0,1011.3
2025-03-23T06:09:20.776000+00:00,9998,248,1255,3.3,0,42.7,27.7,16.0,1011.3
2025-03-23T06:10:20.774000+00:00,9998,247,1255,3.2,0,42.9,27.7,15.0,1011.4
2025-03-23T06:11:20.775000+00:00,9998,256,1255,2.4,0,43.0,27.8,15.0,1011.2
2025-03-23T06:12:20.794000+00:00,9998,242,1255,1.9,0,43.0,27.8,15.0,1011.2
2025-03-23T06:13:20.794000+00:00,9998,229,1255,1.5,0,43.0,27.8,15.0,1011.2
2025-03-23T06:14:20.776000+00:00,9998,250,1255,0.9,0,43.0,27.8,15.0,1011.1
2025-03-23T06:15:20.778000+00:00,9998,232,1255,0.7,0,42.5,27.9,15.0,1011.1
2025-03-23T06:16:20.785000+00:00,9998,233,1255,1.5,0,42.4,28.0,15.0,1011.3
2025-03-23T06:17:20.800000+00:00,9998,261,1255,2.1,0,42.5,28.1,15.0,1011.2
2025-03-23T06:18:20.797000+00:00,9998,240,1255,2.2,0,42.7,28.1,15.0,1011.2
2025-03-23T06:19:20.790000+00:00,9998,239,1255,1.4,0,42.7,28.1,15.0,1011.1
2025-03-23T06:20:20.799000+00:00,9998,237,1255,2.7,0,42.7,28.0,14.0,1011.1
2025-03-23T06:21:20.799000+00:00,9998,237,1255,2.3,0,42.4,27.9,15.0,1011.0
2025-03-23T06:22:20.783000+00:00,9998,253,1255,2.2,0,42.4,27.7,15.0,1011.0
2025-03-23T06:23:20.797000+00:00,9998,265,1255,1.9,0,41.9,27.8,15.0,1011.0
2025-03-23T06:24:20.802000+00:00,9998,239,1255,2.2,0,41.8,27.7,15.0,1011.0
2025-03-23T06:25:20.802000+00:00,9998,220,1255,2.1,0,41.2,27.7,15.0,1011.0
2025-03-23T06:26:20.805000+00:00,9998,222,1255,2.0,0,40.5,27.8,15.0,1010.9
2025-03-23T06:27:20.803000+00:00,9998,240,1255,2.8,0,40.2,27.8,15.0,1010.9
2025-03-23T06:28:20.802000+00:00,9998,237,1255,2.4,0,39.9,27.7,16.0,1010.8
2025-03-23T06:29:20.802000+00:00,9998,235,1255,2.3,0,39.9,27.6,16.0,1010.9
2025-03-23T06:30:20.822000+00:00,9998,247,1255,2.2,0,40.2,27.6,16.0,1010.8
2025-03-23T06:31:20.847000+00:00,9998,252,1255,2.1,0,40.2,27.6,16.0,1010.8
2025-03-23T06:32:20.842000+00:00,9998,235,1255,2.9,0,39.4,27.5,16.0,1010.9
2025-03-23T06:33:20.843000+00:00,9998,249,1255,2.3,0,38.9,27.6,16.0,1010.8
2025-03-23T06:34:20.859000+00:00,9998,248,1255,1.6,0,38.6,27.6,16.0,1010.7
2025-03-23T06:35:20.859000+00:00,9998,239,1255,2.7,0,38.6,27.5,16.0,1010.8
2025-03-23T06:36:20.876000+00:00,9998,244,1255,2.7,0,38.5,27.4,16.0,1010.8
2025-03-23T06:37:20.874000+00:00,9998,266,1255,2.3,0,38.5,27.2,17.0,1010.7
2025-03-23T06:38:20.891000+00:00,9998,249,1255,2.4,0,38.5,27.2,17.0,1010.8
2025-03-23T06:39:20.899000+00:00,9998,244,1255,2.3,0,38.3,27.3,17.0,1010.8
2025-03-23T06:40:20.903000+00:00,9998,258,1255,2.5,0,38.2,27.3,17.0,1010.8
2025-03-23T06:41:20.902000+00:00,9998,245,1255,2.1,0,38.0,27.3,17.0,1010.7
2025-03-23T06:42:20.908000+00:00,9998,280,1255,2.2,0,37.9,27.3,17.0,1010.7
2025-03-23T06:43:20.908000+00:00,9998,244,1255,2.8,0,37.8,27.3,17.0,1010.6
2025-03-23T06:44:20.912000+00:00,9998,234,1255,1.3,0,37.8,27.2,18.0,1010.6
2025-03-23T06:45:20.912000+00:00,9998,257,1255,1.0,0,37.7,27.1,18.0,1010.6
2025-03-23T06:46:20.916000+00:00,9998,231,1255,1.6,0,37.2,27.3,17.0,1010.6
2025-03-23T06:47:20.941000+00:00,9998,240,1255,1.8,0,37.2,27.4,18.0,1010.5
2025-03-23T06:48:20.954000+00:00,9998,246,1255,1.9,0,37.2,27.4,17.0,1010.5
2025-03-23T06:49:20.942000+00:00,9998,252,1255,1.7,0,36.8,27.4,17.0,1010.6
2025-03-23T06:50:20.956000+00:00,9998,268,1255,2.2,0,37.4,27.4,17.0,1010.6
2025-03-23T06:51:20.939000+00:00,9998,280,1255,3.3,0,37.5,27.4,17.0,1010.5
2025-03-23T06:52:20.940000+00:00,9998,234,1255,2.9,0,37.4,27.4,17.0,1010.6
2025-03-23T06:53:20.940000+00:00,9998,260,1255,2.2,0,37.4,27.3,17.0,1010.5
2025-03-23T06:54:20.946000+00:00,9998,251,1255,3.0,0,37.4,27.2,17.0,1010.6
2025-03-23T06:55:20.944000+00:00,9998,251,1255,4.0,0,37.3,27.3,17.0,1010.5
2025-03-23T06:56:20.942000+00:00,9998,241,1255,3.1,0,37.2,27.3,17.0,1010.5
2025-03-23T06:57:20.964000+00:00,9998,249,1255,2.9,0,36.8,27.3,17.0,1010.4
2025-03-23T06:58:20.949000+00:00,9998,240,1255,2.7,0,35.0,27.3,17.0,1010.5
2025-03-23T06:59:20.945000+00:00,9998,238,1255,2.6,0,36.1,27.3,18.0,1010.4
2025-03-23T07:00:20.948000+00:00,9998,242,1255,2.1,0,36.1,27.3,18.0,1010.4
2025-03-23T07:01:20.966000+00:00,9998,272,1255,2.0,0,36.0,27.3,18.0,1010.3
2025-03-23T07:02:20.946000+00:00,9998,257,1255,1.7,0,35.9,27.3,18.0,1010.4
2025-03-23T07:03:20.949000+00:00,9998,261,1255,1.8,0,35.9,27.3,18.0,1010.4
2025-03-23T07:04:20.964000+00:00,9998,249,1255,1.8,0,35.8,27.3,18.0,1010.4
2025-03-23T07:05:20.956000+00:00,9998,264,1255,2.2,0,35.6,27.3,18.0,1010.4
2025-03-23T07:06:20.951000+00:00,9998,233,1255,2.7,0,35.6,27.4,18.0,1010.4
2025-03-23T07:07:20.962000+00:00,9998,254,1255,2.9,0,35.5,27.4,18.0,1010.4
2025-03-23T07:08:20.955000+00:00,9998,259,1255,3.0,0,35.1,27.3,18.0,1010.4
2025-03-23T07:09:20.968000+00:00,9998,258,1255,3.0,0,35.0,27.3,18.0,1010.4
2025-03-23T07:10:20.993000+00:00,9998,243,1255,3.0,0,35.0,27.4,18.0,1010.3
2025-03-23T07:11:21.022000+00:00,9998,238,1255,2.0,0,34.9,27.3,18.0,1010.3
2025-03-23T07:12:21.025000+00:00,9998,0,1255,2.4,0,34.9,27.3,18.0,1010.3
2025-03-23T07:13:21.043000+00:00,9998,252,1255,1.8,0,35.0,27.3,18.0,1010.3
2025-03-23T07:14:21.053000+00:00,9998,207,1255,1.2,0,35.0,27.3,18.0,1010.2
2025-03-23T07:15:21.059000+00:00,9998,257,1255,2.1,0,35.3,27.4,18.0,1010.2
2025-03-23T07:16:21.078000+00:00,9998,248,1255,1.0,0,35.4,27.4,18.0,1010.3
2025-03-23T07:17:21.077000+00:00,9998,244,1255,2.8,0,35.4,27.5,17.0,1010.3
2025-03-23T07:18:21.079000+00:00,9998,216,1255,2.3,0,35.3,27.5,18.0,1010.3
2025-03-23T07:19:21.096000+00:00,9998,252,1255,2.2,0,35.3,27.5,18.0,1010.2
2025-03-23T07:20:21.098000+00:00,9998,179,1255,3.2,0,35.0,27.5,17.0,1010.3
2025-03-23T07:21:21.097000+00:00,9998,237,1255,1.9,0,35.0,27.5,18.0,1010.3
2025-03-23T07:22:21.093000+00:00,9998,252,1255,2.7,0,34.6,27.6,17.0,1010.2
2025-03-23T07:23:21.099000+00:00,9998,248,1255,1.9,0,34.5,27.6,18.0,1010.2
2025-03-23T07:24:21.098000+00:00,9998,239,1255,2.3,0,34.4,27.5,18.0,1010.2
2025-03-23T07:25:21.100000+00:00,9998,253,1255,3.0,0,34.4,27.4,18.0,1010.2
2025-03-23T07:26:21.101000+00:00,9998,245,1255,2.8,0,34.2,27.4,18.0,1010.2
2025-03-23T07:27:21.099000+00:00,9998,254,1255,2.8,0,34.1,27.3,18.0,1010.2
2025-03-23T07:28:21.108000+00:00,9998,245,1255,3.1,0,34.0,27.2,18.0,1010.2
2025-03-23T07:29:21.129000+00:00,9998,234,1255,2.3,0,33.9,27.2,18.0,1010.1
2025-03-23T07:30:21.147000+00:00,9998,247,1255,2.0,0,33.9,27.1,18.0,1010.2
2025-03-23T07:31:21.158000+00:00,9998,248,1255,2.0,0,34.6,27.2,18.0,1010.1
2025-03-23T07:32:21.160000+00:00,9998,229,1255,1.6,0,34.7,27.2,18.0,1010.1
2025-03-23T07:33:21.182000+00:00,9998,250,1255,2.5,0,34.8,27.3,18.0,1010.1
2025-03-23T07:34:21.185000+00:00,9998,188,1255,1.2,0,34.8,27.3,19.0,1010.1
2025-03-23T07:35:21.185000+00:00,9998,246,1255,2.1,0,34.8,27.3,19.0,1010.2
2025-03-23T07:36:21.201000+00:00,9998,256,1255,2.3,0,35.0,27.4,18.0,1010.1
2025-03-23T07:37:21.190000+00:00,9998,261,1255,3.0,0,35.2,27.4,19.0,1010.1
2025-03-23T07:38:21.204000+00:00,9998,237,1255,4.3,0,35.3,27.4,18.0,1010.1
2025-03-23T07:39:21.205000+00:00,9998,242,1255,3.3,0,35.6,27.4,18.0,1010.1
2025-03-23T07:40:21.206000+00:00,9998,243,1255,2.8,0,35.6,27.4,18.0,1010.1
2025-03-23T07:41:21.213000+00:00,9998,247,1255,2.3,0,35.6,27.4,19.0,1010.1
2025-03-23T07:42:21.194000+00:00,9998,246,1255,2.5,0,35.6,27.4,19.0,1010.0
2025-03-23T07:43:21.194000+00:00,9998,263,1255,1.8,0,35.6,27.4,19.0,1010.1
2025-03-23T07:44:21.215000+00:00,9998,260,1255,2.0,0,35.4,27.4,19.0,1010.1
2025-03-23T07:45:21.235000+00:00,9998,257,1255,2.8,0,35.3,27.4,19.0,1010.1
2025-03-23T07:46:21.236000+00:00,9998,247,1255,3.1,0,35.0,27.5,19.0,1010.1
2025-03-23T07:47:21.240000+00:00,9998,248,1255,3.6,0,34.7,27.5,19.0,1010.1
2025-03-23T07:48:21.225000+00:00,9998,243,1255,3.2,0,34.4,27.3,19.0,1010.1
2025-03-23T07:49:21.279000+00:00,9998,241,1255,3.2,0,34.3,27.1,19.0,1010.2
2025-03-23T07:50:21.248000+00:00,9998,246,1255,3.2,0,34.1,27.1,19.0,1010.2
2025-03-23T07:51:21.292000+00:00,9998,250,1255,2.9,0,33.9,27.0,19.0,1010.2
2025-03-23T07:52:21.276000+00:00,9998,256,1255,2.2,0,33.8,26.9,20.0,1010.2
2025-03-23T07:53:21.286000+00:00,9998,232,1255,2.5,0,33.7,26.9,20.0,1010.2
2025-03-23T07:54:21.294000+00:00,9998,245,1255,2.0,0,33.7,26.9,20.0,1010.1
2025-03-23T07:55:21.290000+00:00,9998,258,1255,3.2,0,33.5,27.0,20.0,1010.1
2025-03-23T07:56:21.291000+00:00,9998,254,1255,3.5,0,33.3,26.9,20.0,1010.2
2025-03-23T07:57:21.295000+00:00,9998,269,1255,2.8,0,33.2,26.8,20.0,1010.1
2025-03-23T07:58:21.290000+00:00,9998,264,1255,2.4,0,33.2,26.8,20.0,1010.1
2025-03-23T07:59:21.356000+00:00,9998,246,1255,2.5,0,33.1,26.8,20.0,1010.1
2025-03-23T08:00:21.315000+00:00,9998,261,1255,1.8,0,33.0,26.8,20.0,1010.1
2025-03-23T08:01:21.319000+00:00,9998,239,1255,1.6,0,33.0,26.8,20.0,1010.2
2025-03-23T08:02:21.333000+00:00,9998,249,1255,2.9,0,32.9,26.8,20.0,1010.2
2025-03-23T08:03:21.337000+00:00,9998,268,1255,2.6,0,32.9,26.8,20.0,1010.1
2025-03-23T08:04:21.344000+00:00,9998,261,1255,2.1,0,32.8,26.8,20.0,1010.1
2025-03-23T08:05:21.325000+00:00,9998,256,1255,1.2,0,32.7,26.8,21.0,1010.2
2025-03-23T08:06:21.343000+00:00,9998,267,1255,2.6,0,32.7,26.8,20.0,1010.2
2025-03-23T08:07:21.347000+00:00,9998,279,1255,1.3,0,32.6,26.8,20.0,1010.1
2025-03-23T08:08:21.350000+00:00,9998,266,1255,1.6,0,32.5,26.8,21.0,1010.1
2025-03-23T08:09:21.347000+00:00,9998,269,1255,1.3,0,32.4,26.8,21.0,1010.1
2025-03-23T08:10:21.359000+00:00,9998,258,1255,1.2,0,32.3,26.8,21.0,1010.2
2025-03-23T08:11:21.360000+00:00,9998,201,1255,1.1,0,32.2,26.8,20.0,1010.2
2025-03-23T08:12:21.358000+00:00,9998,277,1255,0.9,0,32.2,26.8,21.0,1010.1
2025-03-23T08:13:21.368000+00:00,9998,212,1255,1.5,0,32.1,26.7,21.0,1010.1
2025-03-23T08:14:21.375000+00:00,9998,255,1255,1.2,0,32.1,26.7,21.0,1010.1
2025-03-23T08:15:21.369000+00:00,9998,264,1255,2.3,0,32.1,26.7,20.0,1010.1
2025-03-23T08:16:21.359000+00:00,9998,267,1255,2.1,0,32.0,26.6,20.0,1010.1
2025-03-23T08:17:21.376000+00:00,9998,233,1255,2.2,0,31.9,26.6,21.0,1010.1
2025-03-23T08:18:21.393000+00:00,9998,237,1255,2.5,0,31.8,26.6,21.0,1010.1
2025-03-23T08:19:21.407000+00:00,9998,271,1255,2.1,0,31.7,26.5,21.0,1010.1
2025-03-23T08:20:21.404000+00:00,9998,254,1255,2.1,0,31.7,26.5,21.0,1010.1
2025-03-23T08:21:21.407000+00:00,9998,265,1255,1.7,0,31.7,26.5,21.0,1010.2
2025-03-23T08:22:21.408000+00:00,9998,0,1255,1.1,0,31.6,26.6,21.0,1010.2
2025-03-23T08:23:21.431000+00:00,9998,269,1255,1.0,0,31.6,26.6,21.0,1010.2
2025-03-23T08:24:21.432000+00:00,9998,0,1255,0.9,0,31.6,26.5,21.0,1010.2
2025-03-23T08:25:21.436000+00:00,9998,44,1255,0.7,0,31.5,26.6,21.0,1010.1
2025-03-23T08:26:21.457000+00:00,9998,256,1255,1.3,0,31.4,26.6,21.0,1010.0
2025-03-23T08:27:21.453000+00:00,9998,224,1255,1.5,0,31.3,26.6,21.0,1010.0
2025-03-23T08:28:21.462000+00:00,9998,254,1255,1.0,0,31.3,26.5,21.0,1010.1
2025-03-23T08:29:21.484000+00:00,9998,247,1255,0.6,0,31.2,26.5,21.0,1010.1
2025-03-23T08:30:21.486000+00:00,9998,265,1255,1.2,0,31.2,26.5,21.0,1010.2
2025-03-23T08:31:21.485000+00:00,9998,221,1255,1.9,0,31.2,26.6,21.0,1010.1
2025-03-23T08:32:21.498000+00:00,9998,245,1255,1.8,0,31.0,26.5,21.0,1010.2
2025-03-23T08:33:21.485000+00:00,9998,259,1255,1.5,0,30.8,26.5,21.0,1010.2
2025-03-23T08:34:21.485000+00:00,9998,219,1255,2.6,0,30.7,26.5,21.0,1010.3
2025-03-23T08:35:21.490000+00:00,9998,259,1255,1.1,0,30.7,26.5,22.0,1010.2
2025-03-23T08:36:21.508000+00:00,9998,288,1255,1.0,0,30.7,26.4,22.0,1010.2
2025-03-23T08:37:21.507000+00:00,9998,262,1255,2.2,0,30.6,26.4,22.0,1010.2
2025-03-23T08:38:21.507000+00:00,9998,238,1255,2.1,0,30.5,26.4,22.0,1010.1
2025-04-06T04:08:06.132000+00:00,10006,324,1256,1.1,0,22.5,14.6,76.0,1009.9
2025-04-06T04:09:06.133000+00:00,10006,121,1256,0.4,0,22.6,14.5,75.0,1009.9
2025-04-06T04:10:06.117000+00:00,10006,132,1256,1.5,0,22.8,14.4,75.0,1009.9
2025-04-06T04:11:06.133000+00:00,10006,136,1256,0.6,0,23.0,14.5,76.0,1010.0
2025-04-06T04:12:06.134000+00:00,10006,152,1256,0.9,0,22.9,14.6,74.0,1009.9
2025-04-06T04:13:06.119000+00:00,10006,196,1256,1.6,0,23.0,14.6,75.0,1009.9
2025-04-06T04:14:06.135000+00:00,10006,113,1256,1.3,0,23.0,14.6,74.0,1009.8
2025-04-06T04:15:06.135000+00:00,10006,167,1256,1.1,0,22.9,14.6,74.0,1009.8
2025-04-06T04:16:06.136000+00:00,10006,157,1256,0.8,0,22.9,14.6,75.0,1009.9
2025-04-06T04:17:06.152000+00:00,10006,170,1256,1.6,0,23.0,14.6,75.0,1009.9
2025-04-06T04:18:06.136000+00:00,10006,184,1256,1.7,0,23.0,14.7,73.0,1009.9
2025-04-06T04:19:06.168000+00:00,10006,175,1256,1.3,0,22.7,14.6,74.0,1009.8
2025-04-06T04:20:06.131000+00:00,10006,0,1256,1.0,0,22.7,14.5,74.0,1009.9
2025-04-06T04:21:06.147000+00:00,10006,343,1256,0.4,0,22.5,14.5,76.0,1009.8
2025-04-06T04:22:06.141000+00:00,10006,194,1256,0.7,0,22.3,14.5,75.0,1009.8
2025-04-06T04:23:06.161000+00:00,10006,246,1256,1.8,0,22.2,14.5,74.0,1009.8
2025-04-06T04:24:06.161000+00:00,10006,340,1256,2.1,0,21.9,14.5,74.0,1009.8
2025-04-06T04:25:06.161000+00:00,10006,355,1256,1.1,0,21.2,14.5,74.0,1009.8
2025-04-06T04:26:06.243000+00:00,10006,6,1256,1.3,0,20.9,14.5,74.0,1009.8
2025-04-06T04:27:06.181000+00:00,10006,286,1256,1.1,0,20.9,14.4,75.0,1009.8
2025-04-06T04:28:06.186000+00:00,10006,201,1256,0.9,0,21.0,14.4,76.0,1009.7
2025-04-06T04:29:06.184000+00:00,10006,242,1256,1.7,0,21.0,14.4,76.0,1009.8
2025-04-06T04:30:06.200000+00:00,10006,322,1256,0.5,0,20.8,14.4,76.0,1009.8
2025-04-06T04:31:06.191000+00:00,10006,156,1256,1.3,0,20.8,14.4,75.0,1009.8
2025-04-06T04:32:06.209000+00:00,10006,219,1256,1.2,0,20.9,14.4,75.0,1009.8
2025-04-06T04:33:06.209000+00:00,10006,231,1256,1.4,0,20.8,14.4,74.0,1009.8
2025-04-06T04:34:06.225000+00:00,10006,292,1256,1.1,0,20.5,14.3,75.0,1009.8
2025-04-06T04:35:06.222000+00:00,10006,4,1256,0.9,0,20.2,14.2,75.0,1009.7
2025-04-06T04:36:06.238000+00:00,10006,326,1256,1.3,0,20.1,14.2,75.0,1009.7
2025-04-06T04:37:06.239000+00:00,10006,336,1256,0.9,0,20.2,14.2,76.0,1009.7
2025-04-06T04:38:06.258000+00:00,10006,324,1256,1.4,0,20.4,14.2,76.0,1009.7
2025-04-06T04:39:06.277000+00:00,10006,324,1256,0.6,0,20.4,14.2,76.0,1009.6
2025-04-06T04:40:06.262000+00:00,10006,310,1256,1.1,0,20.5,14.2,76.0,1009.6
2025-04-06T04:41:06.263000+00:00,10006,281,1256,1.0,0,20.5,14.2,75.0,1009.6
2025-04-06T04:42:06.279000+00:00,10006,340,1256,0.9,0,20.5,14.2,75.0,1009.6
2025-04-06T04:43:06.279000+00:00,10006,3,1256,1.2,0,20.6,14.2,76.0,1009.6
2025-04-06T04:44:06.289000+00:00,10006,17,1256,1.1,0,20.7,14.3,76.0,1009.5
2025-04-06T04:45:06.306000+00:00,10006,0,1256,0.8,0,21.2,14.3,76.0,1009.5
2025-04-06T04:46:06.328000+00:00,10006,100,1256,0.6,0,21.5,14.4,75.0,1009.4
2025-04-06T04:47:06.353000+00:00,10006,169,1256,0.7,0,21.7,14.4,75.0,1009.5
2025-04-06T04:48:06.369000+00:00,10006,0,1256,0.7,0,21.7,14.5,74.0,1009.5
2025-04-06T04:49:06.385000+00:00,10006,349,1256,0.7,0,21.7,14.4,75.0,1009.5
2025-04-06T04:50:06.385000+00:00,10006,232,1256,1.2,0,21.7,14.4,74.0,1009.5
2025-04-06T04:51:06.383000+00:00,10006,334,1256,1.6,0,21.5,14.5,74.0,1009.5
2025-04-06T04:52:06.376000+00:00,10006,319,1256,1.5,0,21.3,14.5,74.0,1009.4
2025-04-06T04:53:06.373000+00:00,10006,323,1256,1.5,0,21.3,14.4,75.0,1009.5
2025-04-06T04:54:06.387000+00:00,10006,343,1256,1.1,0,21.5,14.4,75.0,1009.4
2025-04-06T04:55:06.386000+00:00,10006,335,1256,0.5,0,21.5,14.3,76.0,1009.5
2025-04-06T04:56:06.416000+00:00,10006,323,1256,1.0,0,21.6,14.4,75.0,1009.3
2025-04-06T04:57:06.432000+00:00,10006,288,1256,1.4,0,21.4,14.4,75.0,1009.3
2025-04-06T04:58:06.417000+00:00,10006,0,1256,1.2,0,21.4,14.4,75.0,1009.4
2025-04-06T04:59:06.418000+00:00,10006,322,1256,1.3,0,21.3,14.4,76.0,1009.4
2025-04-06T05:00:06.434000+00:00,10006,318,1256,0.9,0,21.3,14.3,77.0,1009.5
2025-04-06T05:01:06.450000+00:00,10006,290,1256,1.2,0,21.3,14.4,76.0,1009.4
2025-04-06T05:02:06.476000+00:00,10006,357,1256,2.1,0,21.1,14.4,76.0,1009.4
2025-04-06T05:03:06.470000+00:00,10006,218,1256,1.6,0,21.0,14.3,76.0,1009.5
2025-04-06T05:04:06.470000+00:00,10006,231,1256,0.9,0,21.0,14.3,77.0,1009.5
2025-04-06T05:05:06.461000+00:00,10006,217,1256,0.9,0,21.0,14.3,77.0,1009.4
2025-04-06T05:06:06.462000+00:00,10006,118,1256,0.7,0,20.8,14.2,77.0,1009.5
2025-04-06T05:07:06.462000+00:00,10006,319,1256,1.5,0,20.8,14.3,77.0,1009.5
2025-04-06T05:08:06.478000+00:00,10006,223,1256,1.1,0,20.9,14.2,77.0,1009.5
2025-04-06T05:09:06.479000+00:00,10006,239,1256,1.1,0,20.9,14.3,77.0,1009.5
2025-04-06T05:10:06.463000+00:00,10006,317,1256,1.5,0,20.7,14.3,77.0,1009.4
2025-04-06T05:11:06.479000+00:00,10006,15,1256,1.3,0,20.6,14.2,77.0,1009.4
2025-04-06T05:12:06.495000+00:00,10006,60,1256,1.1,0,20.7,14.3,77.0,1009.2
2025-04-06T05:13:06.496000+00:00,10006,349,1256,1.7,0,20.6,14.3,78.0,1009.3
2025-04-06T05:14:06.512000+00:00,10006,339,1256,1.4,0,20.6,14.3,78.0,1009.3
2025-04-06T05:15:06.519000+00:00,10006,341,1256,2.3,0,20.7,14.3,77.0,1009.2
2025-04-06T05:16:06.535000+00:00,10006,204,1256,1.7,0,20.6,14.3,78.0,1009.3
2025-04-06T05:17:06.516000+00:00,10006,238,1256,1.2,0,20.7,14.3,78.0,1009.2
2025-04-06T05:18:06.526000+00:00,10006,336,1256,1.7,0,20.7,14.3,77.0,1009.2
2025-04-06T05:19:06.527000+00:00,10006,345,1256,1.7,0,20.6,14.3,78.0,1009.2
2025-04-06T05:20:06.540000+00:00,10006,342,1256,0.8,0,20.6,14.3,78.0,1009.2
2025-04-06T05:21:06.553000+00:00,10006,256,1256,1.1,0,20.2,14.3,78.0,1009.2
2025-04-06T05:22:06.539000+00:00,10006,346,1256,1.0,0,20.4,14.3,78.0,1009.2
2025-04-06T05:23:06.539000+00:00,10006,333,1256,1.0,0,20.4,14.3,78.0,1009.2
2025-04-06T05:24:06.554000+00:00,10006,333,1256,1.0,0,20.4,14.3,78.0,1009.2
2025-04-06T05:25:06.561000+00:00,10006,333,1256,1.0,0,20.4,14.3,78.0,1009.2
2025-04-06T05:26:06.561000+00:00,10006,333,1256,1.3,0,20.3,14.3,77.0,1009.2
2025-04-06T05:27:06.546000+00:00,10006,256,1256,1.5,0,20.3,14.4,77.0,1009.2
2025-04-06T05:28:06.594000+00:00,10006,71,1256,1.8,0,20.1,14.5,76.0,1009.2
2025-04-06T05:29:06.572000+00:00,10006,213,1256,1.6,0,19.9,14.5,76.0,1009.2
2025-04-06T05:30:06.573000+00:00,10006,203,1256,1.4,0,20.0,14.4,76.0,1009.1
2025-04-06T05:31:06.573000+00:00,10006,281,1256,1.9,0,20.0,14.4,77.0,1009.1
2025-04-06T05:32:06.574000+00:00,10006,189,1256,1.3,0,20.1,14.4,77.0,1009.1
2025-04-06T05:33:06.635000+00:00,10006,321,1256,1.2,0,20.1,14.4,77.0,1009.2
2025-04-06T05:34:06.573000+00:00,10006,322,1256,0.9,0,20.1,14.4,76.0,1009.3
2025-04-06T05:35:06.566000+00:00,10006,349,1256,1.0,0,20.0,14.5,77.0,1009.2
2025-04-06T05:36:06.553000+00:00,10006,181,1256,0.9,0,20.0,14.4,77.0,1009.1
2025-04-06T05:37:06.566000+00:00,10006,342,1256,1.4,0,20.0,14.4,77.0,1009.1
2025-04-06T05:38:06.567000+00:00,10006,290,1256,1.1,0,20.0,14.4,77.0,1009.2
2025-04-06T05:39:06.614000+00:00,10006,346,1256,1.0,0,20.0,14.5,77.0,1009.2
2025-04-06T05:40:06.630000+00:00,10006,332,1256,0.9,0,19.9,14.5,77.0,1009.2
2025-04-06T05:41:06.615000+00:00,10006,264,1256,1.6,0,19.7,14.5,77.0,1009.1
2025-04-06T05:42:06.613000+00:00,10006,246,1256,0.7,0,19.6,14.4,77.0,1009.1
2025-04-06T05:43:06.601000+00:00,10006,316,1256,1.6,0,19.6,14.4,77.0,1009.1
2025-04-06T05:44:06.617000+00:00,10006,350,1256,1.8,0,19.6,14.4,78.0,1009.1
2025-04-06T05:45:06.617000+00:00,10006,274,1256,1.1,0,19.6,14.4,77.0,1009.1
2025-04-06T05:46:06.649000+00:00,10006,207,1256,0.7,0,19.4,14.4,78.0,1009.1
2025-04-06T05:47:06.650000+00:00,10006,325,1256,0.5,0,19.5,14.5,78.0,1009.2
2025-04-06T05:48:06.641000+00:00,10006,268,1256,0.7,0,19.5,14.5,78.0,1009.1
2025-04-06T05:49:06.657000+00:00,10006,334,1256,0.6,0,19.6,14.5,78.0,1009.2
2025-04-06T05:50:06.664000+00:00,10006,330,1256,0.7,0,19.7,14.6,77.0,1009.1
2025-04-06T05:51:06.664000+00:00,10006,333,1256,0.7,0,19.7,14.6,77.0,1009.1
2025-04-06T05:52:06.682000+00:00,10006,355,1256,1.2,0,19.5,14.5,77.0,1009.0
2025-04-06T05:53:06.665000+00:00,10006,335,1256,1.2,0,19.5,14.6,77.0,1009.0
2025-04-06T05:54:06.681000+00:00,10006,47,1256,1.4,0,19.4,14.6,77.0,1009.0
2025-04-06T05:55:06.660000+00:00,10006,312,1256,1.2,0,19.4,14.6,77.0,1009.0
2025-04-06T05:56:06.688000+00:00,10006,352,1256,0.9,0,19.4,14.5,78.0,1009.0
2025-04-06T05:57:06.673000+00:00,10006,217,1256,1.1,0,19.4,14.6,77.0,1009.0
2025-04-06T05:58:06.689000+00:00,10006,339,1256,1.4,0,19.5,14.5,78.0,1009.0
2025-04-06T05:59:06.693000+00:00,10006,287,1256,1.4,0,19.4,14.5,78.0,1009.0
2025-04-06T06:00:06.693000+00:00,10006,293,1256,0.9,0,19.3,14.4,78.0,1008.9
2025-04-06T06:01:06.709000+00:00,10006,333,1256,1.4,0,19.3,14.4,77.0,1008.9
2025-04-06T06:02:06.709000+00:00,10006,171,1256,1.2,0,19.3,14.5,78.0,1009.0
2025-04-06T06:03:06.710000+00:00,10006,275,1256,1.9,0,19.2,14.5,77.0,1009.0
2025-04-06T06:04:06.738000+00:00,10006,307,1256,0.7,0,19.2,14.5,78.0,1008.9
2025-04-06T06:05:06.717000+00:00,10006,312,1256,0.8,0,19.3,14.4,78.0,1009.0
2025-04-06T06:06:06.733000+00:00,10006,340,1256,0.5,0,19.2,14.5,77.0,1008.9
2025-04-06T06:07:06.756000+00:00,10006,315,1256,1.6,0,19.4,14.5,77.0,1008.9
2025-04-06T06:08:06.759000+00:00,10006,0,1256,1.6,0,19.4,14.5,77.0,1008.9
2025-04-06T06:09:06.743000+00:00,10006,337,1256,1.2,0,19.4,14.5,78.0,1008.9
2025-04-06T06:10:06.769000+00:00,10006,332,1256,1.4,0,19.4,14.5,78.0,1008.9
2025-04-06T06:11:06.769000+00:00,10006,332,1256,1.1,0,19.4,14.5,77.0,1008.9
2025-04-06T06:12:06.770000+00:00,10006,308,1256,1.1,0,19.4,14.5,77.0,1008.9
2025-04-06T06:13:06.749000+00:00,10006,301,1256,1.1,0,19.4,14.5,77.0,1008.8
2025-04-06T06:14:06.765000+00:00,10006,311,1256,1.1,0,19.4,14.5,77.0,1008.9
2025-04-06T06:15:06.781000+00:00,10006,299,1256,1.5,0,19.4,14.5,77.0,1008.8
2025-04-06T06:16:06.791000+00:00,10006,264,1256,1.4,0,19.4,14.6,77.0,1008.8
2025-04-06T06:17:06.776000+00:00,10006,0,1256,1.3,0,19.2,14.5,77.0,1008.8
2025-04-06T06:18:06.792000+00:00,10006,317,1256,1.0,0,19.2,14.6,77.0,1008.9
2025-04-06T06:19:06.817000+00:00,10006,348,1256,1.2,0,19.2,14.5,77.0,1008.9
2025-04-06T06:20:06.799000+00:00,10006,302,1256,1.4,0,19.3,14.6,77.0,1008.9
2025-04-06T06:21:06.846000+00:00,10006,329,1256,1.2,0,19.4,14.6,77.0,1008.8
2025-04-06T06:22:06.831000+00:00,10006,301,1256,2.4,0,19.4,14.6,77.0,1008.8
2025-04-06T06:23:06.831000+00:00,10006,325,1256,1.3,0,19.3,14.6,77.0,1008.8
2025-04-06T06:24:06.827000+00:00,10006,339,1256,1.7,0,19.2,14.7,77.0,1008.7
2025-04-06T06:25:06.820000+00:00,10006,6,1256,2.1,0,19.0,14.6,76.0,1008.8
2025-04-06T06:26:06.821000+00:00,10006,326,1256,2.1,0,19.1,14.6,77.0,1008.8
2025-04-06T06:27:06.806000+00:00,10006,334,1256,1.2,0,19.0,14.6,77.0,1008.9
2025-04-13T14:08:28.808000+00:00,10014,29,1257,2.9,0,34.5,27.9,45.0,1007.9
2025-04-13T14:09:28.836000+00:00,10014,9,1257,2.9,0,34.4,27.8,45.0,1007.9
2025-04-13T14:10:28.840000+00:00,10014,9,1257,2.7,0,34.6,27.9,45.0,1007.9
2025-04-13T14:11:28.856000+00:00,10014,25,1257,3.2,0,34.4,27.9,45.0,1007.9
2025-04-13T14:12:28.874000+00:00,10014,17,1257,2.9,0,34.4,27.8,45.0,1007.8
2025-04-13T14:13:28.873000+00:00,10014,13,1257,2.7,0,34.5,27.7,45.0,1007.9
2025-04-13T14:14:28.893000+00:00,10014,26,1257,2.7,0,34.5,27.7,45.0,1007.8
2025-04-13T14:15:28.875000+00:00,10014,12,1257,2.7,0,34.8,27.7,45.0,1007.8
2025-04-13T14:16:28.895000+00:00,10014,26,1257,3.0,0,34.4,27.6,46.0,1007.9
2025-04-13T14:17:28.884000+00:00,10014,26,1257,3.4,0,34.1,27.5,46.0,1007.8
2025-04-13T14:18:29.021000+00:00,10014,30,1257,2.9,0,34.0,27.5,46.0,1008.0
2025-04-13T14:19:28.892000+00:00,10014,26,1257,3.3,0,34.0,27.5,46.0,1008.0
2025-04-13T14:20:28.893000+00:00,10014,23,1257,3.1,0,34.0,27.5,45.0,1007.8
2025-04-13T14:21:28.912000+00:00,10014,17,1257,3.4,0,33.8,27.5,45.0,1007.9
2025-04-13T14:22:28.905000+00:00,10014,20,1257,2.8,0,33.7,27.6,45.0,1007.9
2025-04-13T14:23:28.904000+00:00,10014,22,1257,2.0,0,33.8,27.6,46.0,1007.9
2025-04-13T14:24:28.926000+00:00,10014,42,1257,2.0,0,33.6,27.6,46.0,1007.9
2025-04-13T14:25:28.919000+00:00,10014,18,1257,1.8,0,33.6,27.5,46.0,1007.9
2025-04-13T14:26:28.935000+00:00,10014,19,1257,2.1,0,33.4,27.5,46.0,1007.9
2025-04-13T14:27:28.952000+00:00,10014,18,1257,2.5,0,33.4,27.5,46.0,1007.8
2025-04-13T14:28:28.944000+00:00,10014,13,1257,1.6,0,33.6,27.5,46.0,1007.9
2025-04-13T14:29:28.977000+00:00,10014,9,1257,2.6,0,33.4,27.5,46.0,1007.9
2025-04-13T14:30:28.999000+00:00,10014,34,1257,2.1,0,33.3,27.5,46.0,1007.9
2025-04-13T14:31:28.994000+00:00,10014,27,1257,1.5,0,32.9,27.5,46.0,1008.0
2025-04-13T14:32:29.025000+00:00,10014,6,1257,2.5,0,31.6,27.6,46.0,1008.0
2025-04-13T14:33:29.034000+00:00,10014,0,1257,2.4,0,33.4,27.6,45.0,1008.0
2025-04-13T14:34:29.032000+00:00,10014,32,1257,2.7,0,33.8,27.5,45.0,1007.9
2025-04-13T14:35:29.059000+00:00,10014,34,1257,2.3,0,33.5,27.5,45.0,1007.9
2025-04-13T14:36:29.073000+00:00,10014,14,1257,2.1,0,33.6,27.5,45.0,1007.8
2025-04-13T14:37:29.081000+00:00,10014,28,1257,1.8,0,33.6,27.4,46.0,1007.9
2025-04-13T14:38:29.080000+00:00,10014,23,1257,1.6,0,33.5,27.4,46.0,1007.9
2025-04-13T14:39:29.079000+00:00,10014,21,1257,1.5,0,33.4,27.3,46.0,1007.9
2025-04-13T14:40:29.082000+00:00,10014,28,1257,1.8,0,33.4,27.3,46.0,1007.9
2025-04-13T14:41:29.083000+00:00,10014,31,1257,1.5,0,33.5,27.3,46.0,1007.9
2025-04-13T14:42:29.072000+00:00,10014,11,1257,2.1,0,33.4,27.3,46.0,1007.9
2025-04-13T14:43:29.083000+00:00,10014,19,1257,2.3,0,33.1,27.3,46.0,1007.9
2025-04-13T14:44:29.083000+00:00,10014,34,1257,1.8,0,33.1,27.3,46.0,1007.9
2025-04-13T14:45:29.112000+00:00,10014,8,1257,1.9,0,33.3,27.4,45.0,1007.9
2025-04-13T14:46:29.121000+00:00,10014,5,1257,2.2,0,33.5,27.4,44.0,1007.9
2025-04-13T14:47:29.156000+00:00,10014,59,1257,2.5,0,33.4,27.3,43.0,1007.9
2025-04-13T14:48:29.134000+00:00,10014,26,1257,3.0,0,33.4,27.3,43.0,1007.8
2025-04-13T14:49:29.137000+00:00,10014,8,1257,2.5,0,33.2,27.3,43.0,1007.9
2025-04-13T14:50:29.134000+00:00,10014,16,1257,2.8,0,33.1,27.2,43.0,1007.8
2025-04-13T14:51:29.158000+00:00,10014,11,1257,2.2,0,33.0,27.2,43.0,1007.9
2025-04-13T14:52:29.138000+00:00,10014,29,1257,3.0,0,33.0,27.3,43.0,1007.9
2025-04-13T14:53:29.168000+00:00,10014,14,1257,2.6,0,32.8,27.2,43.0,1007.9
2025-04-13T14:54:29.171000+00:00,10014,18,1257,2.7,0,32.7,27.1,43.0,1007.9
2025-04-13T14:55:29.180000+00:00,10014,30,1257,2.0,0,32.7,27.1,44.0,1008.0
2025-04-13T14:56:29.169000+00:00,10014,31,1257,1.8,0,32.6,27.2,44.0,1008.0
2025-04-13T14:57:29.155000+00:00,10014,35,1257,2.1,0,32.6,27.3,44.0,1008.0
2025-04-13T14:58:29.155000+00:00,10014,24,1257,2.4,0,32.5,27.3,45.0,1007.9
2025-04-13T14:59:29.170000+00:00,10014,51,1257,3.2,0,32.3,27.3,44.0,1008.0
2025-04-13T15:00:29.173000+00:00,10014,24,1257,2.9,0,32.2,27.2,44.0,1008.0
2025-04-13T15:01:29.170000+00:00,10014,35,1257,2.9,0,32.4,27.2,44.0,1008.0
2025-04-13T15:02:29.174000+00:00,10014,30,1257,2.7,0,32.2,27.2,44.0,1008.1
2025-04-13T15:03:29.178000+00:00,10014,21,1257,2.6,0,32.2,27.2,44.0,1008.1
2025-04-13T15:04:29.180000+00:00,10014,37,1257,3.6,0,31.9,27.2,44.0,1008.0
2025-04-13T15:05:29.168000+00:00,10014,20,1257,3.2,0,31.9,27.2,44.0,1008.0
2025-04-13T15:06:29.179000+00:00,10014,30,1257,2.7,0,31.9,27.1,45.0,1008.0
2025-04-13T15:07:29.201000+00:00,10014,19,1257,2.8,0,31.8,27.1,45.0,1008.0
2025-04-13T15:08:29.201000+00:00,10014,31,1257,1.4,0,31.9,27.1,45.0,1008.0
2025-04-13T15:09:29.212000+00:00,10014,23,1257,2.2,0,31.9,27.1,46.0,1008.1
2025-04-13T15:10:29.230000+00:00,10014,344,1257,2.1,0,31.6,27.0,46.0,1008.0
2025-04-13T15:11:29.216000+00:00,10014,24,1257,1.9,0,31.8,27.0,46.0,1008.0
2025-04-13T15:12:29.224000+00:00,10014,17,1257,1.2,0,31.9,27.0,46.0,1008.0
2025-04-13T15:13:29.224000+00:00,10014,17,1257,2.4,0,31.9,27.0,46.0,1008.0
2025-04-13T15:14:29.218000+00:00,10014,26,1257,2.4,0,32.0,27.0,46.0,1008.1
2025-04-13T15:15:29.235000+00:00,10014,34,1257,2.6,0,32.0,27.0,46.0,1008.1
2025-04-13T15:16:29.232000+00:00,10014,36,1257,1.5,0,32.0,27.0,46.0,1008.0
2025-04-13T15:17:29.218000+00:00,10014,38,1257,2.6,0,32.0,27.0,45.0,1008.0
2025-04-13T15:18:29.232000+00:00,10014,16,1257,2.3,0,31.9,27.0,45.0,1008.1
2025-04-13T15:19:29.224000+00:00,10014,16,1257,1.9,0,31.8,27.0,45.0,1008.1
2025-04-13T15:20:29.246000+00:00,10014,14,1257,2.5,0,31.7,27.0,46.0,1008.0
2025-04-13T15:21:29.236000+00:00,10014,5,1257,2.2,0,31.5,27.0,46.0,1008.1
2025-04-13T15:22:29.264000+00:00,10014,21,1257,1.9,0,31.5,26.9,46.0,1008.0
2025-04-13T15:23:29.239000+00:00,10014,38,1257,1.0,0,31.9,26.9,46.0,1008.0
2025-04-13T15:24:29.230000+00:00,10014,36,1257,1.2,0,31.9,26.9,46.0,1008.1
2025-04-13T15:25:29.244000+00:00,10014,39,1257,1.1,0,31.9,26.9,46.0,1008.0
2025-04-13T15:26:29.238000+00:00,10014,16,1257,1.8,0,31.7,26.9,46.0,1008.1
2025-04-13T15:27:29.258000+00:00,10014,14,1257,2.0,0,31.7,26.9,47.0,1008.1
2025-04-13T15:28:29.260000+00:00,10014,49,1257,1.5,0,31.7,26.8,47.0,1008.1
2025-04-13T15:29:29.242000+00:00,10014,16,1257,2.7,0,31.4,26.8,47.0,1008.0
2025-04-13T15:30:29.279000+00:00,10014,23,1257,2.6,0,31.2,26.8,48.0,1008.0
2025-04-13T15:31:29.292000+00:00,10014,38,1257,2.6,0,31.1,26.8,48.0,1008.1
2025-04-13T15:32:29.327000+00:00,10014,25,1257,2.2,0,31.2,26.7,48.0,1008.1
2025-04-13T15:33:29.297000+00:00,10014,6,1257,2.3,0,31.2,26.7,48.0,1008.1
2025-04-13T15:34:29.321000+00:00,10014,28,1257,2.1,0,31.1,26.8,48.0,1008.1
2025-04-13T15:35:29.316000+00:00,10014,26,1257,2.3,0,31.1,26.7,48.0,1008.1
2025-04-13T15:36:29.323000+00:00,10014,43,1257,2.3,0,31.1,26.7,47.0,1008.2
2025-04-13T15:37:29.330000+00:00,10014,26,1257,2.2,0,31.0,26.7,48.0,1008.1
2025-04-13T15:38:29.325000+00:00,10014,24,1257,1.8,0,31.1,26.7,47.0,1008.2
2025-04-13T15:39:29.338000+00:00,10014,247,1257,1.1,0,31.2,26.7,47.0,1008.2
2025-04-13T15:40:29.349000+00:00,10014,40,1257,0.7,0,31.2,26.7,47.0,1008.3
2025-04-13T15:41:29.361000+00:00,10014,10,1257,1.7,0,31.2,26.8,47.0,1008.3
2025-04-13T15:42:29.378000+00:00,10014,16,1257,2.0,0,31.1,26.7,47.0,1008.2
2025-04-13T15:43:29.379000+00:00,10014,57,1257,1.9,0,31.1,26.7,46.0,1008.2
2025-04-13T15:44:29.374000+00:00,10014,45,1257,2.4,0,31.1,26.7,46.0,1008.2
2025-04-13T15:45:29.379000+00:00,10014,37,1257,2.1,0,31.1,26.7,46.0,1008.1
2025-04-13T15:46:29.405000+00:00,10014,35,1257,2.2,0,31.1,26.7,46.0,1008.2
2025-04-13T15:47:29.417000+00:00,10014,6,1257,2.0,0,30.8,26.7,47.0,1008.1
2025-04-13T15:48:29.396000+00:00,10014,38,1257,2.3,0,30.9,26.7,47.0,1008.1
2025-04-13T15:49:29.426000+00:00,10014,358,1257,1.2,0,31.0,26.7,47.0,1008.1
2025-04-13T15:50:29.427000+00:00,10014,14,1257,2.7,0,31.1,26.7,46.0,1008.2
2025-04-13T15:51:29.430000+00:00,10014,32,1257,1.8,0,31.0,26.7,47.0,1008.2
2025-04-13T15:52:29.447000+00:00,10014,57,1257,1.1,0,31.2,26.7,47.0,1008.3
2025-04-13T15:53:29.467000+00:00,10014,61,1257,1.4,0,31.3,26.8,46.0,1008.3
2025-04-13T15:54:29.466000+00:00,10014,37,1257,1.9,0,31.4,26.8,46.0,1008.3
2025-04-13T15:55:29.463000+00:00,10014,60,1257,1.0,0,31.0,26.8,46.0,1008.3
2025-04-13T15:56:29.451000+00:00,10014,43,1257,2.0,0,30.9,26.8,46.0,1008.2
2025-04-13T15:57:29.453000+00:00,10014,14,1257,1.8,0,30.9,26.9,45.0,1008.3
2025-04-13T15:58:29.457000+00:00,10014,45,1257,2.5,0,30.8,26.9,46.0,1008.3
2025-04-13T15:59:29.468000+00:00,10014,62,1257,1.9,0,30.8,26.8,46.0,1008.3
2025-04-13T16:00:29.469000+00:00,10014,34,1257,1.6,0,30.8,26.8,46.0,1008.3
2025-04-13T16:01:29.451000+00:00,10014,11,1257,2.1,0,30.9,26.7,46.0,1008.4
2025-04-13T16:02:29.467000+00:00,10014,52,1257,2.9,0,30.6,26.7,46.0,1008.4
2025-04-13T16:03:29.472000+00:00,10014,22,1257,1.9,0,30.6,26.7,46.0,1008.3
2025-04-13T16:04:29.494000+00:00,10014,50,1257,2.0,0,30.8,26.6,46.0,1008.4
2025-04-13T16:05:29.520000+00:00,10014,11,1257,1.2,0,31.0,26.7,46.0,1008.4
2025-04-13T16:06:29.521000+00:00,10014,62,1257,1.7,0,30.9,26.7,46.0,1008.2
2025-04-13T16:07:29.520000+00:00,10014,22,1257,2.4,0,30.7,26.7,45.0,1008.3
2025-04-13T16:08:29.507000+00:00,10014,44,1257,1.3,0,30.8,26.8,46.0,1008.3
2025-04-13T16:09:29.523000+00:00,10014,2,1257,1.8,0,30.7,26.8,45.0,1008.4
2025-04-13T16:10:29.518000+00:00,10014,28,1257,1.9,0,30.7,26.8,45.0,1008.4
2025-04-13T16:11:29.527000+00:00,10014,34,1257,2.5,0,30.5,26.8,45.0,1008.4
2025-04-13T16:12:29.522000+00:00,10014,37,1257,1.9,0,30.6,26.8,46.0,1008.4
2025-04-13T16:13:29.549000+00:00,10014,46,1257,1.9,0,30.6,26.7,46.0,1008.5
2025-04-13T16:14:29.529000+00:00,10014,22,1257,1.6,0,30.6,26.7,46.0,1008.4
2025-04-13T16:15:29.543000+00:00,10014,31,1257,1.7,0,30.6,26.8,46.0,1008.4
2025-04-13T16:16:29.543000+00:00,10014,17,1257,1.8,0,30.6,26.7,46.0,1008.4
2025-04-13T16:17:29.566000+00:00,10014,18,1257,2.3,0,30.6,26.7,46.0,1008.4
2025-04-13T16:18:29.550000+00:00,10014,46,1257,2.1,0,30.7,26.8,45.0,1008.4
2025-04-13T16:19:29.582000+00:00,10014,35,1257,2.0,0,30.5,26.8,46.0,1008.4
2025-04-13T16:20:29.589000+00:00,10014,42,1257,2.3,0,30.6,26.8,45.0,1008.4
2025-04-13T16:21:29.589000+00:00,10014,37,1257,1.9,0,30.6,26.8,45.0,1008.4
2025-04-13T16:22:29.575000+00:00,10014,33,1257,1.8,0,30.5,26.8,45.0,1008.4
2025-04-13T16:23:29.593000+00:00,10014,25,1257,1.6,0,30.5,26.8,45.0,1008.3
2025-04-13T16:24:29.611000+00:00,10014,49,1257,1.7,0,30.7,26.8,45.0,1008.4
2025-04-13T16:25:29.615000+00:00,10014,53,1257,1.8,0,30.4,26.8,45.0,1008.4
2025-04-13T16:26:29.604000+00:00,10014,48,1257,1.0,0,30.7,26.8,45.0,1008.4
2025-04-13T16:27:29.601000+00:00,10014,58,1257,1.5,0,30.5,26.8,45.0,1008.4
2025-04-13T16:28:29.618000+00:00,10014,24,1257,1.5,0,30.4,26.9,45.0,1008.4
2025-04-13T16:29:29.614000+00:00,10014,32,1257,2.2,0,30.4,26.9,44.0,1008.4
2025-04-13T16:30:29.598000+00:00,10014,8,1257,1.8,0,30.4,26.9,44.0,1008.4
2025-04-13T16:31:29.605000+00:00,10014,42,1257,1.8,0,30.2,26.9,44.0,1008.4
2025-04-13T16:32:29.618000+00:00,10014,353,1257,1.8,0,30.2,26.9,44.0,1008.4
2025-04-13T16:33:29.624000+00:00,10014,8,1257,1.5,0,30.4,26.9,44.0,1008.4
2025-04-13T16:34:29.617000+00:00,10014,33,1257,1.9,0,30.5,26.9,44.0,1008.4
2025-04-13T16:35:29.618000+00:00,10014,54,1257,1.6,0,30.3,26.9,44.0,1008.4
2025-04-13T16:36:29.606000+00:00,10014,44,1257,1.2,0,30.3,26.9,43.0,1008.4
2025-04-13T16:37:29.612000+00:00,10014,57,1257,1.8,0,30.3,26.9,43.0,1008.5
2025-04-13T16:38:29.623000+00:00,10014,44,1257,1.4,0,30.4,26.9,43.0,1008.4
2025-04-13T16:39:29.621000+00:00,10014,21,1257,1.7,0,30.4,26.9,43.0,1008.5
2025-04-13T16:40:29.624000+00:00,10014,53,1257,1.8,0,30.4,26.9,42.0,1008.4
2025-04-13T16:41:29.622000+00:00,10014,27,1257,1.6,0,30.3,26.9,43.0,1008.4
2025-04-13T16:42:29.624000+00:00,10014,244,1257,1.2,0,30.5,26.9,42.0,1008.5
2025-04-13T16:43:29.631000+00:00,10014,6,1257,1.5,0,30.6,26.9,41.0,1008.4
2025-04-13T16:44:29.612000+00:00,10014,9,1257,2.3,0,30.5,26.9,42.0,1008.4
2025-04-13T16:45:29.626000+00:00,10014,27,1257,1.9,0,30.2,26.9,42.0,1008.4
2025-04-20T16:07:00.731000+00:00,10022,315,1258,1.2,0,39.4,28.7,71.0,1006.3
2025-04-20T16:08:00.728000+00:00,10022,284,1258,1.4,0,39.4,28.7,71.0,1006.3
2025-04-20T16:09:00.727000+00:00,10022,261,1258,0.9,0,39.4,28.7,70.0,1006.4
2025-04-20T16:10:00.741000+00:00,10022,265,1258,0.9,0,39.4,28.7,71.0,1006.3
2025-04-20T16:11:00.736000+00:00,10022,283,1258,1.8,0,39.2,28.7,70.0,1006.3
2025-04-20T16:12:00.736000+00:00,10022,265,1258,2.2,0,39.2,28.7,70.0,1006.3
2025-04-20T16:13:00.743000+00:00,10022,284,1258,1.6,0,39.0,28.6,71.0,1006.4
2025-04-20T16:14:00.736000+00:00,10022,285,1258,1.3,0,39.0,28.6,71.0,1006.4
2025-04-20T16:15:00.741000+00:00,10022,287,1258,1.1,0,38.9,28.6,71.0,1006.3
2025-04-20T16:16:00.741000+00:00,10022,290,1258,0.9,0,38.9,28.6,71.0,1006.3
2025-04-20T16:17:00.751000+00:00,10022,283,1258,0.9,0,39.1,28.6,71.0,1006.4
2025-04-20T16:18:00.744000+00:00,10022,335,1258,1.0,0,39.2,28.6,71.0,1006.4
2025-04-20T16:19:00.747000+00:00,10022,287,1258,0.8,0,39.2,28.5,71.0,1006.4
2025-04-20T16:20:00.741000+00:00,10022,338,1258,1.4,0,39.1,28.5,70.0,1006.4
2025-04-20T16:21:00.745000+00:00,10022,321,1258,1.4,0,39.1,28.5,69.0,1006.3
2025-04-20T16:22:00.751000+00:00,10022,348,1258,1.4,0,38.8,28.5,69.0,1006.3
2025-04-20T16:23:00.740000+00:00,10022,317,1258,0.9,0,39.0,28.6,69.0,1006.3
2025-04-20T16:24:00.746000+00:00,10022,255,1258,1.2,0,39.0,28.7,68.0,1006.3
2025-04-20T16:25:00.752000+00:00,10022,353,1258,1.2,0,39.0,28.7,68.0,1006.3
2025-04-20T16:26:00.772000+00:00,10022,302,1258,1.1,0,38.6,28.8,69.0,1006.4
2025-04-20T16:27:00.775000+00:00,10022,282,1258,1.1,0,38.4,28.8,69.0,1006.4
2025-04-20T16:28:00.769000+00:00,10022,303,1258,1.2,0,38.3,28.8,70.0,1006.4
2025-04-20T16:29:00.773000+00:00,10022,278,1258,1.1,0,38.6,28.7,70.0,1006.4
2025-04-20T16:30:00.758000+00:00,10022,268,1258,2.0,0,38.6,28.7,70.0,1006.4
2025-04-20T16:31:00.786000+00:00,10022,285,1258,1.3,0,38.5,28.7,71.0,1006.4
2025-04-20T16:32:00.786000+00:00,10022,272,1258,1.3,0,38.4,28.6,71.0,1006.4
2025-04-20T16:33:00.795000+00:00,10022,273,1258,1.0,0,38.6,28.6,71.0,1006.4
2025-04-20T16:34:00.801000+00:00,10022,323,1258,1.1,0,38.7,28.6,71.0,1006.4
2025-04-20T16:35:00.858000+00:00,10022,285,1258,0.9,0,38.7,28.6,71.0,1006.4
2025-04-20T16:36:00.817000+00:00,10022,284,1258,0.9,0,38.7,28.6,71.0,1006.5
2025-04-20T16:37:00.836000+00:00,10022,301,1258,0.9,0,38.8,28.6,71.0,1006.5
2025-04-20T16:38:00.828000+00:00,10022,265,1258,1.1,0,38.8,28.6,71.0,1006.5
2025-04-20T16:39:00.852000+00:00,10022,287,1258,1.3,0,38.7,28.6,71.0,1006.3
2025-04-20T16:40:00.857000+00:00,10022,337,1258,1.3,0,38.7,28.6,72.0,1006.4
2025-04-20T16:41:00.858000+00:00,10022,287,1258,0.8,0,38.5,28.5,72.0,1006.4
2025-04-20T16:42:00.878000+00:00,10022,30,1258,0.5,0,38.5,28.5,72.0,1006.4
2025-04-20T16:43:00.890000+00:00,10022,234,1258,1.1,0,38.6,28.5,71.0,1006.4
2025-04-20T16:44:00.877000+00:00,10022,263,1258,0.8,0,38.7,28.5,71.0,1006.5
2025-04-20T16:45:00.877000+00:00,10022,329,1258,1.3,0,38.7,28.5,71.0,1006.4
2025-04-20T16:46:00.936000+00:00,10022,289,1258,0.8,0,38.2,28.5,70.0,1006.4
2025-04-20T16:47:00.887000+00:00,10022,266,1258,1.2,0,38.4,28.5,71.0,1006.5
2025-04-20T16:48:00.891000+00:00,10022,267,1258,1.1,0,38.3,28.5,71.0,1006.5
2025-04-20T16:49:00.895000+00:00,10022,275,1258,1.4,0,38.3,28.6,72.0,1006.4
2025-04-20T16:50:00.892000+00:00,10022,290,1258,1.5,0,38.0,28.6,72.0,1006.5
2025-04-20T16:51:00.892000+00:00,10022,279,1258,1.9,0,37.6,28.6,73.0,1006.4
2025-04-20T16:52:00.895000+00:00,10022,284,1258,1.5,0,37.6,28.5,74.0,1006.4
2025-04-20T16:53:00.904000+00:00,10022,281,1258,1.5,0,37.4,28.5,74.0,1006.5
2025-04-20T16:54:00.893000+00:00,10022,268,1258,1.3,0,37.6,28.4,74.0,1006.6
2025-04-20T16:55:00.902000+00:00,10022,287,1258,1.3,0,37.9,28.4,74.0,1006.5
2025-04-20T16:56:00.903000+00:00,10022,285,1258,1.1,0,38.2,28.3,74.0,1006.5
2025-04-20T16:57:00.897000+00:00,10022,298,1258,1.2,0,37.9,28.4,74.0,1006.5
2025-04-20T16:58:00.897000+00:00,10022,277,1258,1.0,0,37.9,28.4,74.0,1006.6
2025-04-20T16:59:00.900000+00:00,10022,282,1258,0.8,0,37.9,28.4,73.0,1006.5
2025-04-20T17:00:00.898000+00:00,10022,290,1258,1.1,0,38.1,28.4,73.0,1006.5
2025-04-20T17:01:00.898000+00:00,10022,298,1258,0.7,0,38.1,28.4,72.0,1006.5
2025-04-20T17:02:00.894000+00:00,10022,266,1258,0.7,0,38.4,28.5,71.0,1006.5
2025-04-20T17:03:00.896000+00:00,10022,274,1258,0.8,0,38.4,28.5,71.0,1006.5
2025-04-20T17:04:00.902000+00:00,10022,269,1258,0.9,0,38.1,28.5,70.0,1006.6
2025-04-20T17:05:00.896000+00:00,10022,345,1258,1.1,0,38.2,28.5,70.0,1006.5
2025-04-20T17:06:00.910000+00:00,10022,318,1258,0.8,0,38.4,28.6,69.0,1006.6
2025-04-20T17:07:00.895000+00:00,10022,274,1258,0.8,0,38.4,28.6,69.0,1006.5
2025-04-20T17:08:00.897000+00:00,10022,0,1258,0.6,0,37.9,28.7,69.0,1006.6
2025-04-20T17:09:00.905000+00:00,10022,268,1258,1.0,0,38.1,28.7,68.0,1006.7
2025-04-20T17:10:00.896000+00:00,10022,300,1258,1.2,0,38.3,28.8,67.0,1006.7
2025-04-20T17:11:00.907000+00:00,10022,300,1258,0.8,0,38.6,28.8,67.0,1006.7
2025-04-20T17:12:00.920000+00:00,10022,330,1258,1.0,0,38.1,28.9,67.0,1006.6
2025-04-20T17:13:00.908000+00:00,10022,158,1258,0.4,0,38.1,28.9,67.0,1006.7
2025-04-20T17:14:00.899000+00:00,10022,0,1258,1.2,0,38.3,28.9,67.0,1006.7
2025-04-20T17:15:00.912000+00:00,10022,139,1258,0.0,0,38.3,28.9,67.0,1006.8
2025-04-20T17:16:00.912000+00:00,10022,213,1258,1.5,0,38.2,28.9,66.0,1006.7
2025-04-20T17:17:00.903000+00:00,10022,258,1258,0.9,0,38.2,29.0,66.0,1006.7
2025-04-20T17:18:00.903000+00:00,10022,258,1258,0.9,0,38.2,29.1,66.0,1006.7
2025-04-20T17:19:00.907000+00:00,10022,280,1258,0.8,0,38.1,29.1,65.0,1006.7
2025-04-20T17:20:00.915000+00:00,10022,265,1258,1.3,0,38.2,29.2,65.0,1006.8
2025-04-20T17:21:00.920000+00:00,10022,176,1258,1.2,0,38.0,29.2,66.0,1006.7
2025-04-20T17:22:00.905000+00:00,10022,280,1258,1.1,0,38.0,29.2,66.0,1006.8
2025-04-20T17:23:00.916000+00:00,10022,264,1258,0.9,0,38.0,29.3,66.0,1006.9
2025-04-20T17:24:00.915000+00:00,10022,251,1258,1.0,0,37.4,29.2,66.0,1006.8
2025-04-20T17:25:00.915000+00:00,10022,0,1258,0.8,0,37.3,29.3,65.0,1006.9
2025-04-20T17:26:00.915000+00:00,10022,149,1258,0.4,0,37.1,29.2,66.0,1007.0
2025-04-20T17:27:00.925000+00:00,10022,270,1258,0.9,0,37.1,29.2,66.0,1007.0
2025-04-20T17:28:00.912000+00:00,10022,260,1258,0.9,0,37.9,29.2,65.0,1006.9
2025-04-20T17:29:00.920000+00:00,10022,0,1258,0.0,0,37.3,29.2,65.0,1006.9
2025-04-20T17:30:00.923000+00:00,10022,280,1258,0.4,0,37.5,29.3,65.0,1006.9
2025-04-20T17:31:00.923000+00:00,10022,85,1258,0.7,0,37.7,29.2,65.0,1006.9
2025-04-20T17:32:00.925000+00:00,10022,271,1258,0.7,0,37.7,29.3,64.0,1006.9
2025-04-20T17:33:00.913000+00:00,10022,152,1258,0.8,0,37.7,29.3,64.0,1006.9
2025-04-20T17:34:00.915000+00:00,10022,152,1258,0.8,0,37.7,29.3,64.0,1006.9
2025-04-20T17:35:00.931000+00:00,10022,271,1258,1.1,0,37.3,29.4,64.0,1007.0
2025-04-20T17:36:00.926000+00:00,10022,229,1258,0.9,0,37.7,29.4,62.0,1006.9
2025-04-20T17:37:00.926000+00:00,10022,169,1258,0.9,0,37.7,29.4,63.0,1007.0
2025-04-20T17:38:00.923000+00:00,10022,0,1258,0.5,0,37.7,29.5,64.0,1007.0
2025-04-20T17:39:00.920000+00:00,10022,220,1258,0.5,0,38.2,29.5,63.0,1007.1
2025-04-20T17:40:00.930000+00:00,10022,156,1258,0.5,0,37.8,29.5,63.0,1007.0
2025-04-20T17:41:00.933000+00:00,10022,124,1258,1.5,0,37.9,29.5,58.0,1006.9
2025-04-20T17:42:00.932000+00:00,10022,148,1258,0.6,0,38.1,29.6,57.0,1007.1
2025-04-20T17:43:00.932000+00:00,10022,128,1258,1.6,0,38.1,29.6,56.0,1007.0
2025-04-20T17:44:00.946000+00:00,10022,96,1258,0.9,0,38.1,29.7,56.0,1007.1
2025-04-20T17:45:00.925000+00:00,10022,176,1258,0.5,0,37.6,29.8,55.0,1007.0
2025-04-20T17:46:00.927000+00:00,10022,110,1258,1.0,0,37.5,29.9,54.0,1007.1
2025-04-20T17:47:00.976000+00:00,10022,0,1258,1.2,0,37.6,29.9,54.0,1007.2
2025-04-20T17:48:00.945000+00:00,10022,65,1258,0.6,0,37.7,29.9,54.0,1007.1
2025-04-20T17:49:00.937000+00:00,10022,48,1258,1.8,0,37.7,29.9,54.0,1007.1
2025-04-20T17:50:00.927000+00:00,10022,171,1258,1.6,0,37.3,30.0,53.0,1007.2
2025-04-20T17:51:00.946000+00:00,10022,110,1258,1.3,0,37.2,30.0,53.0,1007.0
2025-04-20T17:52:00.939000+00:00,10022,148,1258,1.5,0,37.4,30.0,54.0,1007.1
2025-04-20T17:53:00.941000+00:00,10022,153,1258,1.5,0,37.4,30.0,53.0,1007.1
2025-04-20T17:54:00.946000+00:00,10022,182,1258,0.4,0,37.3,30.1,52.0,1007.1
2025-04-20T17:55:00.937000+00:00,10022,141,1258,1.1,0,37.1,30.1,52.0,1007.1
2025-04-20T17:56:00.945000+00:00,10022,178,1258,1.2,0,36.9,30.3,51.0,1007.1
2025-04-20T17:57:00.943000+00:00,10022,197,1258,0.8,0,36.7,30.3,52.0,1007.1
2025-04-20T17:58:00.939000+00:00,10022,0,1258,0.8,0,36.6,30.4,52.0,1007.1
2025-04-20T17:59:00.946000+00:00,10022,0,1258,0.9,0,36.6,30.5,51.0,1007.2
2025-04-20T18:00:00.947000+00:00,10022,239,1258,0.3,0,36.9,30.5,52.0,1007.1
2025-04-20T18:01:00.946000+00:00,10022,157,1258,0.9,0,37.0,30.7,51.0,1007.1
2025-04-20T18:02:00.947000+00:00,10022,178,1258,1.2,0,37.0,31.0,50.0,1007.1
2025-04-20T18:03:00.955000+00:00,10022,121,1258,1.6,0,37.0,31.1,49.0,1007.1
2025-04-20T18:04:00.944000+00:00,10022,150,1258,1.0,0,36.9,31.3,48.0,1007.2
2025-04-20T18:05:00.941000+00:00,10022,236,1258,0.7,0,36.7,31.4,48.0,1007.1
2025-04-20T18:06:00.941000+00:00,10022,163,1258,1.1,0,36.6,31.4,48.0,1007.2
2025-04-20T18:07:00.948000+00:00,10022,176,1258,1.0,0,36.6,31.5,48.0,1007.3
2025-04-20T18:08:00.955000+00:00,10022,265,1258,1.3,0,36.7,31.5,48.0,1007.2
2025-04-20T18:09:00.944000+00:00,10022,58,1258,0.6,0,36.5,31.5,48.0,1007.2
2025-04-20T18:10:00.949000+00:00,10022,132,1258,0.7,0,36.6,31.5,48.0,1007.3
2025-04-20T18:11:00.961000+00:00,10022,135,1258,1.0,0,36.7,31.6,48.0,1007.2
2025-04-20T18:12:00.946000+00:00,10022,337,1258,1.5,0,36.7,31.6,47.0,1007.3
2025-04-20T18:13:00.958000+00:00,10022,150,1258,1.2,0,36.4,31.6,47.0,1007.1
2025-04-20T18:14:00.957000+00:00,10022,161,1258,1.3,0,36.5,31.7,47.0,1007.2
2025-04-20T18:15:00.960000+00:00,10022,141,1258,0.8,0,36.5,31.6,47.0,1007.2
2025-04-20T18:16:00.970000+00:00,10022,121,1258,1.6,0,36.4,31.6,47.0,1007.2
2025-04-20T18:17:00.958000+00:00,10022,162,1258,1.5,0,36.3,31.6,47.0,1007.2
2025-04-20T18:18:00.961000+00:00,10022,78,1258,1.3,0,36.3,31.6,47.0,1007.2
2025-04-20T18:19:00.948000+00:00,10022,127,1258,0.7,0,36.3,31.6,47.0,1007.2
2025-04-20T18:20:00.960000+00:00,10022,183,1258,0.7,0,36.1,31.6,47.0,1007.3
2025-04-20T18:21:00.952000+00:00,10022,148,1258,1.3,0,36.2,31.6,48.0,1007.3
2025-04-20T18:22:00.997000+00:00,10022,35,1258,0.8,0,36.2,31.7,48.0,1007.2
2025-04-20T18:23:00.959000+00:00,10022,0,1258,0.5,0,36.2,31.6,48.0,1007.2
2025-04-20T18:24:00.960000+00:00,10022,0,1258,0.3,0,36.0,31.6,48.0,1007.3
2025-04-20T18:25:00.963000+00:00,10022,153,1258,0.4,0,35.9,31.6,48.0,1007.2
2025-04-20T18:26:00.961000+00:00,10022,267,1258,1.1,0,36.0,31.6,48.0,1007.2
2025-04-20T18:27:00.970000+00:00,10022,275,1258,0.5,0,36.2,31.6,48.0,1007.2
2025-04-20T18:28:01.027000+00:00,10022,301,1258,1.3,0,36.1,31.6,48.0,1007.3
2025-05-04T19:06:44.804000+00:00,10033,34,1259,0.8,0,39.9,26.5,68.0,1012.0
2025-05-04T19:07:44.839000+00:00,10033,12,1259,1.6,0,40.6,26.5,67.0,1012.1
2025-05-04T19:08:44.869000+00:00,10033,343,1259,1.9,0,40.7,26.6,68.0,1012.2
2025-05-04T19:09:44.857000+00:00,10033,308,1259,1.2,0,41.7,26.7,68.0,1012.1
2025-05-04T19:10:44.860000+00:00,10033,313,1259,1.4,0,42.2,26.8,68.0,1012.3
2025-05-04T19:11:44.893000+00:00,10033,329,1259,0.8,0,42.1,26.9,69.0,1012.2
2025-05-04T19:12:44.903000+00:00,10033,283,1259,1.6,0,42.6,26.9,66.0,1012.3
2025-05-04T19:13:44.912000+00:00,10033,311,1259,1.2,0,43.2,27.0,67.0,1012.3
2025-05-04T19:14:44.912000+00:00,10033,309,1259,2.0,0,43.2,27.0,66.0,1012.2
2025-05-04T19:15:44.923000+00:00,10033,285,1259,1.8,0,43.1,27.1,66.0,1012.1
2025-05-04T19:16:44.942000+00:00,10033,328,1259,1.0,0,43.2,27.1,67.0,1012.1
2025-05-04T19:17:44.943000+00:00,10033,103,1259,0.8,0,42.7,27.2,65.0,1012.1
2025-05-04T19:18:44.943000+00:00,10033,108,1259,1.3,0,43.0,27.3,65.0,1012.1
2025-05-04T19:19:44.947000+00:00,10033,67,1259,0.9,0,43.0,27.4,65.0,1012.1
2025-05-04T19:20:44.962000+00:00,10033,80,1259,0.8,0,42.9,27.6,66.0,1012.2
2025-05-04T19:21:44.984000+00:00,10033,98,1259,1.4,0,44.1,27.8,65.0,1012.2
2025-05-04T19:22:44.979000+00:00,10033,66,1259,1.5,0,44.5,28.0,63.0,1012.4
2025-05-04T19:23:44.986000+00:00,10033,0,1259,0.7,0,44.5,27.9,63.0,1012.5
2025-05-04T19:24:44.984000+00:00,10033,89,1259,0.4,0,45.2,27.9,59.0,1012.5
2025-05-04T19:25:44.986000+00:00,10033,7,1259,1.4,0,44.6,27.8,60.0,1012.5
2025-05-04T19:26:45.008000+00:00,10033,3,1259,1.4,0,43.3,27.7,59.0,1012.6
2025-05-04T19:27:45.010000+00:00,10033,339,1259,1.1,0,42.8,27.6,59.0,1012.5
2025-05-04T19:28:45.039000+00:00,10033,43,1259,0.8,0,41.9,27.6,59.0,1012.5
2025-05-04T19:29:45.047000+00:00,10033,95,1259,1.6,0,43.2,27.5,59.0,1012.5
2025-05-04T19:30:45.047000+00:00,10033,64,1259,2.4,0,40.7,27.3,60.0,1012.5
2025-05-04T19:31:45.024000+00:00,10033,70,1259,1.2,0,39.8,27.2,61.0,1012.6
2025-05-04T19:32:45.041000+00:00,10033,65,1259,1.7,0,39.8,27.1,59.0,1012.5
2025-05-04T19:33:45.039000+00:00,10033,354,1259,2.0,0,40.8,27.0,62.0,1012.5
2025-05-04T19:34:45.064000+00:00,10033,121,1259,1.3,0,43.2,26.9,63.0,1012.6
2025-05-04T19:35:45.064000+00:00,10033,105,1259,1.7,0,43.9,26.9,63.0,1012.5
2025-05-04T19:36:45.077000+00:00,10033,120,1259,2.0,0,43.6,26.9,64.0,1012.6
2025-05-04T19:37:45.080000+00:00,10033,109,1259,2.0,0,43.6,27.0,63.0,1012.6
2025-05-04T19:38:45.115000+00:00,10033,95,1259,2.4,0,42.8,27.1,63.0,1012.7
2025-05-04T19:39:45.128000+00:00,10033,82,1259,1.6,0,42.6,27.1,63.0,1012.8
2025-05-04T19:40:45.128000+00:00,10033,0,1259,0.9,0,41.8,27.1,64.0,1012.7
2025-05-04T19:41:45.102000+00:00,10033,0,1259,1.0,0,41.8,27.1,64.0,1012.8
2025-05-04T19:42:45.129000+00:00,10033,358,1259,0.7,0,42.0,27.0,63.0,1012.8
2025-05-04T19:43:45.125000+00:00,10033,351,1259,1.0,0,41.7,26.9,63.0,1012.7
2025-05-04T19:44:45.136000+00:00,10033,349,1259,2.3,0,40.7,26.8,64.0,1012.7
2025-05-04T19:45:45.152000+00:00,10033,10,1259,1.4,0,40.3,26.7,65.0,1012.7
2025-05-04T19:46:45.170000+00:00,10033,99,1259,0.5,0,40.3,26.5,65.0,1012.8
2025-05-04T19:47:45.174000+00:00,10033,105,1259,1.2,0,40.3,26.5,66.0,1012.8
2025-05-04T19:48:45.160000+00:00,10033,337,1259,0.5,0,40.3,26.4,65.0,1012.7
2025-05-04T19:49:45.195000+00:00,10033,330,1259,1.8,0,40.3,26.4,65.0,1012.7
2025-05-04T19:50:45.195000+00:00,10033,2,1259,1.8,0,40.2,26.4,65.0,1012.7
2025-05-04T19:51:45.217000+00:00,10033,307,1259,1.3,0,40.2,26.3,65.0,1012.8
2025-05-04T19:52:45.217000+00:00,10033,324,1259,1.2,0,37.4,26.3,64.0,1012.7
2025-05-04T19:53:45.246000+00:00,10033,68,1259,1.1,0,37.4,26.2,63.0,1012.6
2025-05-04T19:54:45.256000+00:00,10033,104,1259,1.3,0,39.8,26.1,64.0,1012.6
2025-05-04T19:55:45.245000+00:00,10033,0,1259,0.6,0,39.8,26.1,64.0,1012.6
2025-05-04T19:56:45.258000+00:00,10033,161,1259,0.7,0,39.4,26.1,65.0,1012.5
2025-05-04T19:57:45.268000+00:00,10033,245,1259,0.3,0,40.0,26.1,65.0,1012.6
2025-05-04T19:58:45.288000+00:00,10033,310,1259,0.4,0,40.8,26.2,64.0,1012.6
2025-05-04T19:59:45.299000+00:00,10033,0,1259,0.4,0,40.9,26.3,64.0,1012.5
2025-05-04T20:00:45.299000+00:00,10033,15,1259,0.6,0,40.9,26.3,64.0,1012.5
2025-05-04T20:01:45.299000+00:00,10033,283,1259,1.2,0,39.8,26.3,65.0,1012.5
2025-05-04T20:02:45.301000+00:00,10033,283,1259,1.2,0,39.8,26.3,65.0,1012.5
2025-05-04T20:03:45.310000+00:00,10033,243,1259,1.2,0,39.7,26.3,65.0,1012.5
2025-05-04T20:04:45.321000+00:00,10033,147,1259,1.3,0,40.0,26.4,64.0,1012.4
2025-05-04T20:05:45.337000+00:00,10033,105,1259,1.2,0,40.3,26.4,64.0,1012.3
2025-05-04T20:06:45.342000+00:00,10033,89,1259,1.2,0,40.1,26.5,62.0,1012.4
2025-05-04T20:07:45.348000+00:00,10033,219,1259,0.8,0,39.8,26.7,63.0,1012.3
2025-05-04T20:08:45.351000+00:00,10033,10,1259,0.7,0,39.1,26.7,62.0,1012.3
2025-05-04T20:09:45.337000+00:00,10033,4,1259,0.4,0,39.0,26.6,63.0,1012.4
2025-05-04T20:10:45.361000+00:00,10033,10,1259,1.4,0,38.6,26.5,63.0,1012.5
2025-05-04T20:11:45.377000+00:00,10033,229,1259,1.3,0,38.5,26.4,64.0,1012.5
2025-05-04T20:12:45.377000+00:00,10033,0,1259,0.0,0,38.4,26.4,64.0,1012.5
2025-05-04T20:13:45.381000+00:00,10033,355,1259,1.0,0,38.5,26.5,65.0,1012.6
2025-05-04T20:14:45.386000+00:00,10033,346,1259,0.8,0,38.9,26.6,64.0,1012.5
2025-05-04T20:15:45.399000+00:00,10033,0,1259,0.7,0,38.9,26.6,63.0,1012.6
2025-05-04T20:16:45.401000+00:00,10033,189,1259,0.9,0,38.9,26.6,63.0,1012.5
2025-05-04T20:17:45.389000+00:00,10033,302,1259,1.0,0,38.9,26.7,62.0,1012.4
2025-05-04T20:18:45.385000+00:00,10033,40,1259,1.0,0,39.0,26.7,61.0,1012.6
2025-05-04T20:19:45.384000+00:00,10033,324,1259,1.4,0,38.9,26.7,62.0,1012.6
2025-05-04T20:20:45.390000+00:00,10033,338,1259,1.3,0,38.5,26.6,62.0,1012.6
2025-05-04T20:21:45.392000+00:00,10033,95,1259,1.1,0,38.5,26.6,62.0,1012.6
2025-05-04T20:22:45.381000+00:00,10033,356,1259,1.1,0,38.4,26.6,62.0,1012.5
2025-05-04T20:23:45.409000+00:00,10033,296,1259,0.5,0,38.2,26.8,62.0,1012.5
2025-05-04T20:24:45.407000+00:00,10033,28,1259,1.4,0,38.2,26.7,62.0,1012.5
2025-05-04T20:25:45.417000+00:00,10033,270,1259,1.4,0,38.1,26.6,62.0,1012.4
2025-05-04T20:26:45.463000+00:00,10033,235,1259,0.8,0,37.6,26.6,63.0,1012.4
2025-05-04T20:27:45.456000+00:00,10033,193,1259,0.8,0,37.6,26.5,63.0,1012.4
2025-05-04T20:28:45.462000+00:00,10033,282,1259,0.6,0,37.7,26.5,63.0,1012.3
2025-05-04T20:29:45.458000+00:00,10033,306,1259,0.6,0,37.7,26.6,62.0,1012.5
2025-05-04T20:30:45.448000+00:00,10033,332,1259,0.7,0,37.6,26.5,63.0,1012.4
2025-05-04T20:31:45.459000+00:00,10033,247,1259,0.7,0,37.6,26.7,63.0,1012.5
2025-05-04T20:32:45.447000+00:00,10033,283,1259,0.6,0,37.8,26.8,61.0,1012.5
2025-05-04T20:33:45.458000+00:00,10033,343,1259,0.7,0,38.0,26.8,61.0,1012.4
2025-05-04T20:34:45.465000+00:00,10033,291,1259,0.8,0,37.9,26.8,61.0,1012.5
2025-05-04T20:35:45.476000+00:00,10033,306,1259,0.6,0,37.6,26.6,61.0,1012.3
2025-05-04T20:36:45.501000+00:00,10033,318,1259,0.9,0,37.6,26.5,61.0,1012.3
2025-05-04T20:37:45.498000+00:00,10033,267,1259,0.9,0,37.8,26.6,61.0,1012.2
2025-05-04T20:38:45.491000+00:00,10033,266,1259,0.7,0,37.8,26.7,61.0,1012.1
2025-05-04T20:39:45.512000+00:00,10033,204,1259,0.4,0,37.8,26.8,60.0,1012.0
2025-05-04T20:40:45.510000+00:00,10033,159,1259,0.0,0,37.9,26.8,59.0,1012.0
2025-05-04T20:41:45.555000+00:00,10033,259,1259,0.8,0,37.7,26.8,59.0,1012.0
2025-05-04T20:42:45.564000+00:00,10033,250,1259,0.8,0,37.7,26.8,59.0,1011.9
2025-05-04T20:43:45.564000+00:00,10033,326,1259,0.9,0,37.5,26.8,60.0,1011.9
2025-05-04T20:44:45.581000+00:00,10033,336,1259,0.8,0,37.3,26.7,60.0,1011.9
2025-05-04T20:45:45.574000+00:00,10033,314,1259,0.8,0,37.2,26.6,60.0,1011.9
2025-05-04T20:46:45.594000+00:00,10033,323,1259,1.3,0,37.0,26.6,59.0,1011.8
2025-05-04T20:47:45.603000+00:00,10033,316,1259,1.7,0,36.9,26.6,59.0,1011.8
2025-05-04T20:48:45.625000+00:00,10033,293,1259,1.4,0,36.6,26.6,60.0,1012.0
2025-05-04T20:49:45.598000+00:00,10033,302,1259,0.9,1,36.4,26.6,61.0,1012.0
2025-05-04T20:50:45.620000+00:00,10033,315,1259,1.0,1,36.4,26.6,61.0,1011.9
2025-05-04T20:51:45.630000+00:00,10033,331,1259,1.0,1,36.4,26.5,60.0,1011.9
2025-05-04T20:52:45.627000+00:00,10033,324,1259,1.1,0,36.0,26.5,60.0,1012.2
2025-05-04T20:53:45.616000+00:00,10033,288,1259,1.2,0,36.0,26.5,60.0,1012.1
2025-05-04T20:54:45.616000+00:00,10033,335,1259,0.7,1,36.4,26.4,59.0,1012.2
2025-05-04T20:55:45.627000+00:00,10033,300,1259,1.4,1,35.8,26.4,60.0,1012.1
2025-05-04T20:56:45.621000+00:00,10033,300,1259,1.1,0,35.5,26.3,61.0,1012.3
2025-05-04T20:57:45.622000+00:00,10033,329,1259,0.9,0,36.1,26.2,61.0,1012.3
2025-05-04T20:58:45.633000+00:00,10033,311,1259,0.9,0,36.1,26.2,61.0,1012.3
2025-05-04T20:59:45.641000+00:00,10033,322,1259,1.2,0,35.9,26.1,61.0,1012.3
2025-05-04T21:00:45.621000+00:00,10033,309,1259,1.1,0,35.8,26.1,62.0,1012.3
2025-05-04T21:01:45.630000+00:00,10033,309,1259,1.8,0,35.5,26.1,63.0,1012.2
2025-05-04T21:02:45.619000+00:00,10033,306,1259,1.5,0,35.7,26.1,62.0,1012.2
2025-05-04T21:03:45.620000+00:00,10033,301,1259,0.9,0,36.0,26.1,62.0,1012.3
2025-05-04T21:04:45.642000+00:00,10033,301,1259,0.9,0,36.0,26.2,62.0,1012.3
2025-05-04T21:05:45.642000+00:00,10033,335,1259,1.0,0,35.7,26.2,63.0,1012.3
2025-05-04T21:06:45.639000+00:00,10033,309,1259,1.0,0,35.7,26.2,63.0,1012.3
2025-05-04T21:07:45.642000+00:00,10033,351,1259,1.2,0,35.5,26.2,63.0,1012.4
2025-05-04T21:08:45.646000+00:00,10033,307,1259,0.9,0,35.1,26.2,64.0,1012.3
2025-05-04T21:09:45.656000+00:00,10033,353,1259,0.8,0,34.9,26.1,64.0,1012.2
2025-05-04T21:10:45.663000+00:00,10033,345,1259,0.0,0,34.9,26.1,64.0,1012.2
2025-05-04T21:11:45.660000+00:00,10033,305,1259,0.5,0,35.2,26.0,65.0,1012.2
2025-05-04T21:12:45.660000+00:00,10033,318,1259,0.9,0,35.3,26.0,64.0,1012.1
2025-05-04T21:13:45.684000+00:00,10033,0,1259,0.6,0,35.6,26.0,64.0,1012.1
2025-05-04T21:14:45.697000+00:00,10033,211,1259,0.0,0,35.8,26.0,63.0,1012.1
2025-05-04T21:15:45.699000+00:00,10033,65,1259,0.4,0,35.7,26.0,64.0,1011.9
2025-05-04T21:16:45.684000+00:00,10033,5,1259,0.8,0,35.4,26.0,64.0,1011.7
2025-05-04T21:17:45.692000+00:00,10033,296,1259,1.0,0,35.3,26.1,64.0,1011.7
2025-05-04T21:18:45.694000+00:00,10033,313,1259,1.1,0,35.3,26.0,64.0,1011.6
2025-05-04T21:19:45.707000+00:00,10033,291,1259,1.1,0,35.3,26.0,64.0,1011.7
2025-05-04T21:20:45.699000+00:00,10033,276,1259,1.3,0,35.0,26.1,64.0,1011.6
2025-05-04T21:21:45.736000+00:00,10033,294,1259,0.9,0,35.0,26.0,65.0,1011.7
2025-05-04T21:22:45.727000+00:00,10033,317,1259,0.5,0,35.1,26.0,64.0,1011.7
2025-05-04T21:23:45.753000+00:00,10033,339,1259,1.1,0,35.0,26.0,64.0,1011.7
2025-05-04T21:24:45.737000+00:00,10033,341,1259,0.7,0,34.9,26.0,64.0,1011.8
2025-05-04T21:25:45.747000+00:00,10033,346,1259,1.0,0,34.9,25.9,64.0,1011.8
2025-05-04T21:26:45.766000+00:00,10033,321,1259,0.9,0,35.0,26.0,64.0,1011.9
2025-05-04T21:27:45.754000+00:00,10033,321,1259,1.3,0,34.8,26.0,64.0,1011.9
2025-05-04T21:28:45.776000+00:00,10033,0,1259,1.1,0,34.9,25.9,64.0,1011.9
2025-05-04T21:29:45.785000+00:00,10033,327,1259,0.7,0,34.9,25.9,64.0,1012.0
2025-05-04T21:30:45.802000+00:00,10033,318,1259,0.8,0,34.9,25.9,64.0,1011.9
2025-05-04T21:31:45.817000+00:00,10033,329,1259,0.9,0,34.9,26.0,64.0,1012.0
2025-05-04T21:32:45.819000+00:00,10033,324,1259,1.4,0,34.9,26.0,64.0,1012.0
2025-05-04T21:33:45.814000+00:00,10033,329,1259,0.9,0,34.9,26.0,65.0,1012.0
2025-05-04T21:34:45.829000+00:00,10033,336,1259,1.1,0,34.9,25.9,65.0,1011.9
2025-05-18T12:08:08.577000+00:00,9987,292,1260,3.4,0,45.1,23.8,40.0,1010.2
2025-05-18T12:09:08.575000+00:00,9987,285,1260,3.4,0,45.0,23.7,39.0,1010.2
2025-05-18T12:10:08.568000+00:00,9987,297,1260,3.5,0,44.6,23.5,39.0,1010.1
2025-05-18T12:11:08.578000+00:00,9987,311,1260,3.4,0,45.0,23.4,39.0,1010.2
2025-05-18T12:12:08.579000+00:00,9987,291,1260,4.0,0,44.7,23.5,39.0,1010.2
2025-05-18T12:13:08.578000+00:00,9987,328,1260,3.0,0,44.7,23.5,38.0,1010.2
2025-05-18T12:14:08.573000+00:00,9987,314,1260,2.3,0,44.6,23.6,39.0,1010.1
2025-05-18T12:15:08.562000+00:00,9987,296,1260,3.5,0,45.5,23.6,39.0,1010.1
2025-05-18T12:16:08.571000+00:00,9987,283,1260,3.8,0,45.6,23.6,39.0,1010.2
2025-05-18T12:17:08.590000+00:00,9987,342,1260,3.4,0,45.2,23.8,38.0,1010.2
2025-05-18T12:18:08.575000+00:00,9987,287,1260,3.1,0,45.0,23.8,38.0,1010.1
2025-05-18T12:19:08.582000+00:00,9987,271,1260,3.1,0,45.0,23.7,38.0,1010.2
2025-05-18T12:20:08.582000+00:00,9987,305,1260,3.5,0,45.0,23.8,37.0,1010.2
2025-05-18T12:21:08.589000+00:00,9987,309,1260,2.7,0,45.0,23.8,37.0,1010.2
2025-05-18T12:22:08.603000+00:00,9987,287,1260,2.8,0,45.1,23.8,38.0,1010.1
2025-05-18T12:23:08.605000+00:00,9987,283,1260,2.8,0,45.1,23.9,39.0,1010.1
2025-05-18T12:24:08.578000+00:00,9987,292,1260,3.0,0,45.5,23.9,39.0,1010.0
2025-05-18T12:25:08.588000+00:00,9987,327,1260,3.6,0,45.6,23.9,38.0,1010.1
2025-05-18T12:26:08.606000+00:00,9987,298,1260,4.5,0,45.5,24.0,37.0,1010.1
2025-05-18T12:27:08.623000+00:00,9987,276,1260,3.2,0,45.2,24.0,37.0,1010.1
2025-05-18T12:28:08.637000+00:00,9987,287,1260,2.4,0,45.3,24.0,38.0,1010.1
2025-05-18T12:29:08.623000+00:00,9987,329,1260,2.9,0,45.6,24.0,38.0,1010.1
2025-05-18T12:30:08.642000+00:00,9987,284,1260,3.2,0,45.9,24.0,38.0,1010.1
2025-05-18T12:31:08.635000+00:00,9987,317,1260,2.2,0,45.9,24.1,38.0,1010.0
2025-05-18T12:32:08.653000+00:00,9987,310,1260,3.2,0,45.8,24.2,37.0,1010.2
2025-05-18T12:33:08.644000+00:00,9987,326,1260,3.5,0,45.7,24.2,37.0,1009.9
2025-05-18T12:34:08.670000+00:00,9987,288,1260,3.4,0,44.6,24.0,38.0,1010.1
2025-05-18T12:35:08.680000+00:00,9987,270,1260,3.1,0,44.6,23.9,37.0,1010.0
2025-05-18T12:36:08.681000+00:00,9987,256,1260,3.0,0,45.2,23.8,37.0,1010.1
2025-05-18T12:37:08.693000+00:00,9987,288,1260,3.0,0,45.2,23.6,39.0,1010.0
2025-05-18T12:38:08.687000+00:00,9987,267,1260,2.6,0,45.8,23.6,39.0,1009.9
2025-05-18T12:39:08.687000+00:00,9987,268,1260,2.9,0,45.8,23.5,39.0,1010.0
2025-05-18T12:40:08.690000+00:00,9987,312,1260,3.6,0,45.9,23.6,38.0,1010.0
2025-05-18T12:41:08.685000+00:00,9987,314,1260,3.9,0,45.5,23.8,37.0,1010.0
2025-05-18T12:42:08.713000+00:00,9987,288,1260,3.3,0,45.3,23.9,37.0,1010.1
2025-05-18T12:43:08.765000+00:00,9987,356,1260,2.7,0,45.0,23.9,39.0,1010.0
2025-05-18T12:44:08.721000+00:00,9987,264,1260,3.7,0,45.6,23.8,39.0,1010.2
2025-05-18T12:45:08.722000+00:00,9987,288,1260,3.2,0,45.9,23.8,39.0,1010.0
2025-05-18T12:46:08.722000+00:00,9987,320,1260,4.1,0,45.6,23.9,38.0,1010.0
2025-05-18T12:47:08.723000+00:00,9987,295,1260,5.0,0,45.0,24.0,38.0,1010.1
2025-05-18T12:48:08.714000+00:00,9987,313,1260,3.5,0,45.4,24.0,39.0,1010.2
2025-05-18T12:49:08.719000+00:00,9987,296,1260,3.1,0,45.4,24.0,39.0,1009.9
2025-05-18T12:50:08.747000+00:00,9987,291,1260,3.4,0,45.4,24.0,39.0,1010.1
2025-05-18T12:51:08.760000+00:00,9987,293,1260,2.6,0,45.3,23.9,40.0,1010.1
2025-05-18T12:52:08.754000+00:00,9987,291,1260,3.8,0,45.1,23.7,40.0,1010.0
2025-05-18T12:53:08.773000+00:00,9987,296,1260,3.9,0,45.2,23.8,39.0,1010.1
2025-05-18T12:54:08.768000+00:00,9987,288,1260,3.5,0,45.2,23.8,38.0,1010.0
2025-05-18T12:55:08.778000+00:00,9987,274,1260,4.7,0,44.8,23.9,37.0,1010.1
2025-05-18T12:56:08.771000+00:00,9987,279,1260,1.4,0,45.0,23.9,39.0,1009.9
2025-05-18T12:57:08.799000+00:00,9987,296,1260,2.8,0,45.1,23.9,39.0,1010.0
2025-05-18T12:58:08.800000+00:00,9987,298,1260,3.8,0,45.4,23.8,39.0,1009.8
2025-05-18T12:59:08.798000+00:00,9987,267,1260,3.9,0,45.3,24.0,39.0,1009.9
2025-05-18T13:00:08.821000+00:00,9987,307,1260,2.2,0,45.1,24.1,39.0,1009.9
2025-05-18T13:01:08.842000+00:00,9987,281,1260,3.7,0,45.1,24.1,39.0,1009.8
2025-05-18T13:02:08.839000+00:00,9987,278,1260,4.4,0,45.4,24.0,38.0,1010.1
2025-05-18T13:03:08.850000+00:00,9987,286,1260,4.7,0,44.8,24.0,39.0,1009.9
2025-05-18T13:04:08.867000+00:00,9987,298,1260,3.4,0,45.0,24.0,39.0,1009.9
2025-05-18T13:05:08.884000+00:00,9987,266,1260,3.5,0,45.2,24.0,39.0,1010.0
2025-05-18T13:06:08.867000+00:00,9987,296,1260,3.8,0,45.3,24.1,39.0,1010.0
2025-05-18T13:07:08.870000+00:00,9987,280,1260,2.6,0,45.4,24.0,39.0,1009.9
2025-05-18T13:08:08.855000+00:00,9987,286,1260,4.1,0,44.8,24.1,38.0,1009.9
2025-05-18T13:09:08.868000+00:00,9987,241,1260,4.6,0,44.7,24.0,38.0,1010.0
2025-05-18T13:10:08.871000+00:00,9987,286,1260,3.0,0,43.4,23.9,38.0,1010.0
2025-05-18T13:11:08.898000+00:00,9987,279,1260,1.5,0,43.4,23.9,40.0,1010.0
2025-05-18T13:12:08.885000+00:00,9987,277,1260,2.4,0,43.5,23.8,40.0,1009.9
2025-05-18T13:13:08.864000+00:00,9987,317,1260,4.3,0,43.2,23.9,39.0,1009.8
2025-05-18T13:14:08.867000+00:00,9987,284,1260,3.3,0,43.1,24.0,39.0,1010.1
2025-05-18T13:15:08.896000+00:00,9987,309,1260,3.6,0,43.2,24.1,39.0,1009.8
2025-05-18T13:16:08.877000+00:00,9987,120,1260,3.0,0,43.2,24.0,40.0,1009.8
2025-05-18T13:17:08.875000+00:00,9987,251,1260,2.2,0,43.2,24.0,38.0,1009.8
2025-05-18T13:18:08.865000+00:00,9987,297,1260,3.1,0,42.7,24.2,39.0,1009.7
2025-05-18T13:19:08.904000+00:00,9987,297,1260,4.1,0,42.9,24.2,39.0,1009.7
2025-05-18T13:20:08.970000+00:00,9987,315,1260,4.6,0,42.9,24.1,38.0,1010.0
2025-05-18T13:21:08.951000+00:00,9987,286,1260,3.9,0,42.7,24.1,38.0,1009.9
2025-05-18T13:22:08.918000+00:00,9987,342,1260,3.7,0,42.5,24.1,39.0,1009.8
2025-05-18T13:23:08.977000+00:00,9987,302,1260,2.6,0,42.7,24.1,39.0,1009.7
2025-05-18T13:24:08.928000+00:00,9987,305,1260,2.5,0,42.8,24.0,39.0,1009.8
2025-05-18T13:25:08.932000+00:00,9987,300,1260,3.1,0,42.5,24.0,39.0,1009.6
2025-05-18T13:26:08.949000+00:00,9987,353,1260,3.1,0,42.5,24.2,39.0,1009.8
2025-05-18T13:27:08.942000+00:00,9987,235,1260,3.5,0,42.5,24.1,39.0,1009.8
2025-05-18T13:28:08.949000+00:00,9987,290,1260,1.6,0,42.3,24.3,39.0,1009.9
2025-05-18T13:29:08.984000+00:00,9987,284,1260,4.8,0,41.7,24.3,39.0,1009.9
2025-05-18T13:30:08.959000+00:00,9987,243,1260,3.2,0,41.7,24.1,39.0,1009.9
2025-05-18T13:31:08.979000+00:00,9987,314,1260,3.2,0,41.7,24.0,40.0,1010.0
2025-05-18T13:32:09.024000+00:00,9987,329,1260,2.9,0,41.6,23.9,40.0,1009.8
2025-05-18T13:33:08.969000+00:00,9987,265,1260,2.1,0,41.8,23.9,40.0,1009.9
2025-05-18T13:34:08.976000+00:00,9987,285,1260,2.7,0,41.7,23.8,38.0,1009.9
2025-05-18T13:35:08.971000+00:00,9987,268,1260,3.3,0,41.7,23.8,40.0,1009.8
2025-05-18T13:36:08.982000+00:00,9987,288,1260,1.8,0,41.6,23.8,40.0,1009.7
2025-05-18T13:37:08.990000+00:00,9987,328,1260,2.5,0,41.8,23.8,39.0,1009.6
2025-05-18T13:38:08.984000+00:00,9987,132,1260,2.7,0,41.4,24.0,38.0,1009.7
2025-05-18T13:39:09.015000+00:00,9987,63,1260,2.5,0,41.5,24.2,40.0,1009.6
2025-05-18T13:40:09.011000+00:00,9987,344,1260,2.6,0,41.8,24.1,38.0,1009.6
2025-05-18T13:41:09.021000+00:00,9987,318,1260,1.4,0,41.8,24.0,39.0,1009.7
2025-05-18T13:42:09.028000+00:00,9987,289,1260,2.9,0,41.8,24.2,37.0,1009.6
2025-05-18T13:43:09.032000+00:00,9987,286,1260,2.4,0,41.7,24.3,38.0,1009.6
2025-05-18T13:44:09.042000+00:00,9987,276,1260,3.0,0,40.9,24.2,37.0,1009.7
2025-05-18T13:45:09.004000+00:00,9987,294,1260,3.8,0,40.9,24.3,37.0,1009.7
2025-05-18T13:46:09.013000+00:00,9987,288,1260,3.4,0,41.3,24.2,37.0,1009.6
2025-05-18T13:47:09.018000+00:00,9987,282,1260,3.8,0,41.6,24.0,38.0,1009.7
2025-05-18T13:48:09.025000+00:00,9987,292,1260,2.0,0,41.9,24.0,38.0,1009.8
2025-05-18T13:49:09.018000+00:00,9987,216,1260,3.2,0,41.9,23.9,38.0,1009.7
2025-05-18T13:50:09.019000+00:00,9987,328,1260,2.8,0,41.6,24.0,37.0,1009.7
2025-05-18T13:51:09.032000+00:00,9987,286,1260,3.9,0,41.4,24.2,38.0,1009.6
2025-05-18T13:52:09.018000+00:00,9987,286,1260,4.2,0,41.3,24.2,38.0,1009.6
2025-05-18T13:53:09.020000+00:00,9987,90,1260,3.0,0,41.2,24.1,38.0,1009.7
2025-05-18T13:54:09.022000+00:00,9987,244,1260,3.5,0,40.9,24.1,39.0,1009.7
2025-05-18T13:55:09.024000+00:00,9987,322,1260,3.0,0,39.9,24.1,39.0,1009.7
2025-05-18T13:56:09.017000+00:00,9987,288,1260,2.1,0,38.9,24.0,39.0,1009.7
2025-05-18T13:57:09.022000+00:00,9987,123,1260,3.1,0,38.6,23.9,39.0,1009.7
2025-05-18T13:58:09.047000+00:00,9987,331,1260,2.4,0,39.3,23.9,39.0,1009.5
2025-05-18T13:59:09.036000+00:00,9987,318,1260,2.9,0,39.8,23.7,38.0,1009.3
2025-05-18T14:00:09.038000+00:00,9987,272,1260,3.9,0,39.3,23.8,38.0,1009.6
2025-05-18T14:01:09.022000+00:00,9987,300,1260,3.1,0,38.7,24.0,38.0,1009.5
2025-05-18T14:02:09.037000+00:00,9987,292,1260,3.4,0,38.7,24.0,38.0,1009.6
2025-05-18T14:03:09.046000+00:00,9987,296,1260,1.9,0,39.4,24.0,38.0,1009.5
2025-05-18T14:04:09.053000+00:00,9987,251,1260,2.5,0,39.7,24.0,38.0,1009.6
2025-05-18T14:05:09.038000+00:00,9987,228,1260,3.1,0,39.7,24.1,38.0,1009.6
2025-05-18T14:06:09.041000+00:00,9987,291,1260,2.9,0,40.1,24.1,38.0,1009.5
2025-05-18T14:07:09.035000+00:00,9987,288,1260,2.6,0,40.1,24.1,37.0,1009.6
2025-05-18T14:08:09.039000+00:00,9987,291,1260,4.1,0,39.4,24.1,38.0,1009.7
2025-05-18T14:09:09.036000+00:00,9987,284,1260,3.2,0,39.5,24.0,38.0,1009.5
2025-05-18T14:10:09.040000+00:00,9987,323,1260,3.5,0,39.6,24.0,38.0,1009.5
2025-05-18T14:11:09.027000+00:00,9987,283,1260,3.3,0,40.1,24.0,37.0,1009.4
2025-05-18T14:12:09.042000+00:00,9987,332,1260,2.6,0,40.1,24.0,38.0,1009.4
2025-05-18T14:13:09.029000+00:00,9987,289,1260,3.3,0,40.5,24.2,38.0,1009.4
2025-05-18T14:14:09.030000+00:00,9987,315,1260,3.2,0,40.5,24.3,38.0,1009.5
2025-05-18T14:15:09.040000+00:00,9987,238,1260,3.8,0,40.2,24.3,37.0,1009.5
2025-05-18T14:16:09.028000+00:00,9987,294,1260,3.3,0,40.1,24.3,38.0,1009.5
2025-05-18T14:17:09.034000+00:00,9987,305,1260,4.1,0,39.7,24.3,37.0,1009.6
2025-05-18T14:18:09.053000+00:00,9987,302,1260,4.4,0,39.7,24.3,38.0,1009.3
2025-05-18T14:19:09.066000+00:00,9987,313,1260,4.7,0,39.6,24.3,38.0,1009.5
2025-05-18T14:20:09.077000+00:00,9987,287,1260,4.7,0,39.6,24.2,38.0,1009.6
2025-05-18T14:21:09.080000+00:00,9987,296,1260,4.9,0,39.6,24.1,38.0,1009.3
2025-05-18T14:22:09.114000+00:00,9987,284,1260,3.2,0,39.7,24.0,38.0,1009.5
2025-05-18T14:23:09.112000+00:00,9987,273,1260,3.0,0,39.7,24.0,39.0,1009.4
2025-05-18T14:24:09.153000+00:00,9987,329,1260,3.3,0,39.9,24.1,38.0,1009.3
2025-05-18T14:25:09.150000+00:00,9987,308,1260,4.0,0,39.9,24.0,37.0,1009.5
2025-05-18T14:26:09.174000+00:00,9987,324,1260,3.7,0,39.7,24.0,37.0,1009.3
2025-05-18T14:27:09.160000+00:00,9987,287,1260,3.1,0,39.3,24.0,37.0,1009.4
2025-05-18T14:28:09.161000+00:00,9987,282,1260,3.9,0,39.3,24.0,36.0,1009.5
2025-05-18T14:29:09.173000+00:00,9987,282,1260,3.8,0,39.5,24.0,38.0,1009.4
2025-05-18T14:30:09.171000+00:00,9987,336,1260,2.0,0,39.5,24.0,38.0,1009.3
2025-05-18T14:31:09.169000+00:00,9987,298,1260,3.9,0,39.4,23.9,37.0,1009.3
2025-05-18T14:32:09.170000+00:00,9987,310,1260,3.3,0,39.4,24.0,37.0,1009.3
2025-05-18T14:33:09.172000+00:00,9987,297,1260,3.3,0,39.0,23.9,37.0,1009.4
2025-05-18T14:34:09.173000+00:00,9987,328,1260,2.9,0,38.9,23.9,37.0,1009.5
2025-05-18T14:35:09.185000+00:00,9987,301,1260,1.7,0,38.6,23.8,37.0,1009.3
2025-05-18T14:36:09.182000+00:00,9987,276,1260,3.9,0,38.7,23.6,38.0,1009.2
2025-05-18T14:37:09.176000+00:00,9987,0,1260,3.2,0,38.7,23.7,38.0,1009.3
2025-05-25T12:07:18.971000+00:00,9979,298,1261,1.0,0,42.6,21.5,55.0,1017.3
2025-05-25T12:08:18.969000+00:00,9979,176,1261,0.7,0,43.6,21.6,54.0,1017.3
2025-05-25T12:09:19+00:00,9979,180,1261,2.2,0,43.5,21.6,54.0,1017.3
2025-05-25T12:10:19+00:00,9979,0,1261,1.2,0,43.3,21.4,55.0,1017.2
2025-05-25T12:11:19.017000+00:00,9979,341,1261,0.4,0,43.2,21.3,55.0,1017.1
2025-05-25T12:12:19.027000+00:00,9979,319,1261,1.1,0,43.0,21.4,55.0,1017.2
2025-05-25T12:13:19.024000+00:00,9979,327,1261,1.6,0,43.0,21.5,54.0,1017.2
2025-05-25T12:14:19.033000+00:00,9979,330,1261,2.2,0,43.0,21.5,56.0,1017.1
2025-05-25T12:15:19.028000+00:00,9979,334,1261,1.1,0,43.0,21.6,56.0,1017.2
2025-05-25T12:16:19.064000+00:00,9979,331,1261,1.1,0,44.1,21.8,53.0,1017.0
2025-05-25T12:17:19.072000+00:00,9979,315,1261,0.9,0,44.1,21.8,51.0,1017.1
2025-05-25T12:18:19.072000+00:00,9979,332,1261,1.4,0,43.5,21.6,53.0,1017.1
2025-05-25T12:19:19.088000+00:00,9979,345,1261,1.3,0,43.2,21.5,54.0,1017.1
2025-05-25T12:20:19.077000+00:00,9979,333,1261,1.0,0,42.7,21.5,55.0,1017.0
2025-05-25T12:21:19.075000+00:00,9979,302,1261,1.8,0,43.2,21.5,56.0,1017.1
2025-05-25T12:22:19.067000+00:00,9979,330,1261,1.2,0,44.2,21.6,55.0,1017.1
2025-05-25T12:23:19.073000+00:00,9979,337,1261,1.4,0,44.4,21.6,55.0,1017.0
2025-05-25T12:24:19.084000+00:00,9979,323,1261,1.5,0,44.5,21.8,54.0,1017.0
2025-05-25T12:25:19.078000+00:00,9979,242,1261,1.3,0,44.5,21.9,54.0,1017.0
2025-05-25T12:26:19.067000+00:00,9979,0,1261,0.9,0,44.1,21.7,54.0,1017.0
2025-05-25T12:27:19.073000+00:00,9979,327,1261,0.6,0,43.7,21.7,55.0,1017.0
2025-05-25T12:28:19.082000+00:00,9979,335,1261,0.6,0,44.1,21.9,54.0,1016.9
2025-05-25T12:29:19.092000+00:00,9979,327,1261,1.7,0,44.2,21.8,54.0,1017.0
2025-05-25T12:30:19.111000+00:00,9979,305,1261,1.5,0,43.9,21.8,54.0,1016.9
2025-05-25T12:31:19.114000+00:00,9979,325,1261,0.8,0,43.9,21.8,55.0,1017.0
2025-05-25T12:32:19.117000+00:00,9979,216,1261,0.9,0,43.9,22.1,52.0,1017.0
2025-05-25T12:33:19.114000+00:00,9979,2,1261,0.8,0,44.5,22.1,52.0,1017.1
2025-05-25T12:34:19.115000+00:00,9979,321,1261,0.9,0,44.5,22.0,53.0,1017.1
2025-05-25T12:35:19.104000+00:00,9979,325,1261,0.9,0,43.5,21.9,54.0,1017.0
2025-05-25T12:36:19.105000+00:00,9979,328,1261,0.7,0,43.5,22.0,54.0,1017.1
2025-05-25T12:37:19.117000+00:00,9979,252,1261,1.1,0,43.7,21.8,54.0,1017.0
2025-05-25T12:38:19.129000+00:00,9979,302,1261,1.3,0,43.7,21.7,54.0,1017.0
2025-05-25T12:39:19.112000+00:00,9979,0,1261,1.0,0,43.4,21.5,56.0,1017.0
2025-05-25T12:40:19.124000+00:00,9979,221,1261,0.7,0,42.7,21.5,56.0,1017.0
2025-05-25T12:41:19.121000+00:00,9979,332,1261,0.3,0,43.0,21.4,56.0,1017.0
2025-05-25T12:42:19.115000+00:00,9979,335,1261,1.1,0,43.3,21.4,55.0,1017.0
2025-05-25T12:43:19.125000+00:00,9979,328,1261,0.4,0,43.3,21.5,53.0,1017.1
2025-05-25T12:44:19.118000+00:00,9979,335,1261,1.5,0,42.9,21.6,53.0,1017.0
2025-05-25T12:45:19.118000+00:00,9979,338,1261,0.9,0,42.2,21.7,53.0,1017.1
2025-05-25T12:46:19.125000+00:00,9979,240,1261,1.3,0,42.1,21.8,53.0,1017.1
2025-05-25T12:47:19.116000+00:00,9979,145,1261,0.5,0,42.6,21.8,53.0,1017.1
2025-05-25T12:48:19.127000+00:00,9979,0,1261,0.8,0,43.3,21.9,52.0,1017.0
2025-05-25T12:49:19.125000+00:00,9979,330,1261,1.0,0,44.0,22.1,51.0,1016.9
2025-05-25T12:50:19.133000+00:00,9979,328,1261,0.9,0,44.8,22.1,49.0,1016.9
2025-05-25T12:51:19.125000+00:00,9979,230,1261,0.7,0,44.8,22.0,50.0,1016.9
2025-05-25T12:52:19.126000+00:00,9979,191,1261,0.5,0,44.4,22.1,50.0,1017.0
2025-05-25T12:53:19.124000+00:00,9979,192,1261,0.7,0,44.4,22.1,49.0,1017.0
2025-05-25T12:54:19.140000+00:00,9979,222,1261,0.6,0,44.1,22.1,50.0,1016.9
2025-05-25T12:55:19.141000+00:00,9979,189,1261,0.4,0,44.1,22.0,50.0,1017.1
2025-05-25T12:56:19.135000+00:00,9979,335,1261,1.4,0,43.7,21.9,51.0,1017.0
2025-05-25T12:57:19.129000+00:00,9979,355,1261,1.0,0,43.5,21.9,52.0,1016.9
2025-05-25T12:58:19.130000+00:00,9979,339,1261,1.7,0,44.5,21.9,51.0,1016.9
2025-05-25T12:59:19.149000+00:00,9979,330,1261,1.8,0,44.7,21.9,51.0,1016.9
2025-05-25T13:00:19.130000+00:00,9979,329,1261,1.5,0,44.6,21.9,51.0,1016.9
2025-05-25T13:01:19.131000+00:00,9979,295,1261,1.8,0,44.6,21.9,51.0,1016.9
2025-05-25T13:02:19.147000+00:00,9979,318,1261,1.1,0,45.0,21.9,51.0,1016.9
2025-05-25T13:03:19.132000+00:00,9979,345,1261,0.8,0,45.2,22.0,51.0,1016.8
2025-05-25T13:04:19.138000+00:00,9979,44,1261,1.2,0,43.9,22.0,51.0,1016.9
2025-05-25T13:05:19.148000+00:00,9979,331,1261,0.9,0,42.7,21.9,53.0,1016.9
2025-05-25T13:06:19.139000+00:00,9979,205,1261,0.9,0,42.7,21.7,53.0,1016.9
2025-05-25T13:07:19.155000+00:00,9979,346,1261,1.6,0,43.2,21.8,52.0,1016.9
2025-05-25T13:08:19.203000+00:00,9979,0,1261,1.0,0,43.2,21.9,51.0,1016.9
2025-05-25T13:09:19.215000+00:00,9979,190,1261,0.8,0,42.7,22.0,53.0,1016.9
2025-05-25T13:10:19.275000+00:00,9979,318,1261,0.5,0,41.3,22.0,55.0,1016.9
2025-05-25T13:11:19.251000+00:00,9979,171,1261,0.9,0,42.0,21.9,54.0,1016.8
2025-05-25T13:12:19.282000+00:00,9979,294,1261,1.1,0,42.2,21.9,54.0,1016.9
2025-05-25T13:13:19.267000+00:00,9979,341,1261,1.0,0,43.1,22.0,54.0,1016.9
2025-05-25T13:14:19.278000+00:00,9979,317,1261,0.8,0,44.1,22.1,52.0,1016.9
2025-05-25T13:15:19.283000+00:00,9979,16,1261,1.3,0,44.2,22.3,51.0,1016.9
2025-05-25T13:16:19.305000+00:00,9979,0,1261,1.1,0,44.6,22.4,50.0,1017.0
2025-05-25T13:17:19.290000+00:00,9979,331,1261,1.3,0,44.7,22.5,48.0,1017.0
2025-05-25T13:18:19.299000+00:00,9979,162,1261,1.1,0,45.0,22.6,49.0,1017.0
2025-05-25T13:19:19.331000+00:00,9979,29,1261,1.5,0,43.7,22.6,50.0,1016.9
2025-05-25T13:20:19.310000+00:00,9979,0,1261,0.4,0,43.7,22.5,52.0,1016.9
2025-05-25T13:21:19.366000+00:00,9979,265,1261,0.9,0,44.0,22.3,52.0,1017.0
2025-05-25T13:22:19.348000+00:00,9979,149,1261,0.8,0,44.0,22.4,53.0,1017.0
2025-05-25T13:23:19.333000+00:00,9979,0,1261,0.6,0,44.0,22.4,53.0,1016.9
2025-05-25T13:24:19.348000+00:00,9979,327,1261,0.8,0,44.3,22.5,51.0,1016.9
2025-05-25T13:25:19.361000+00:00,9979,173,1261,1.2,0,45.2,22.5,50.0,1016.9
2025-05-25T13:26:19.375000+00:00,9979,189,1261,0.5,0,45.2,22.6,48.0,1016.7
2025-05-25T13:27:19.369000+00:00,9979,238,1261,0.6,0,44.9,22.7,49.0,1016.9
2025-05-25T13:28:19.372000+00:00,9979,163,1261,1.2,0,44.5,22.8,49.0,1016.9
2025-05-25T13:29:19.388000+00:00,9979,177,1261,1.6,0,44.5,22.8,50.0,1016.9
2025-05-25T13:30:19.371000+00:00,9979,157,1261,0.8,0,44.0,22.6,51.0,1016.8
2025-05-25T13:31:19.386000+00:00,9979,349,1261,0.8,0,44.0,22.5,51.0,1016.8
2025-05-25T13:32:19.370000+00:00,9979,259,1261,0.5,0,44.0,22.4,52.0,1016.9
2025-05-25T13:33:19.371000+00:00,9979,295,1261,0.6,0,43.8,22.4,51.0,1016.9
2025-05-25T13:34:19.384000+00:00,9979,192,1261,0.8,0,43.1,22.5,52.0,1016.8
2025-05-25T13:35:19.393000+00:00,9979,193,1261,0.6,0,43.2,22.3,53.0,1016.9
2025-05-25T13:36:19.393000+00:00,9979,86,1261,1.4,0,43.8,22.4,53.0,1016.9
2025-05-25T13:37:19.383000+00:00,9979,169,1261,0.7,0,43.8,22.4,54.0,1016.8
2025-05-25T13:38:19.401000+00:00,9979,0,1261,0.6,0,43.6,22.3,53.0,1016.8
2025-05-25T13:39:19.418000+00:00,9979,165,1261,0.9,0,43.6,22.4,52.0,1016.8
2025-05-25T13:40:19.419000+00:00,9979,335,1261,1.0,0,43.7,22.4,52.0,1016.8
2025-05-25T13:41:19.403000+00:00,9979,196,1261,1.3,0,43.6,22.4,53.0,1016.9
2025-05-25T13:42:19.417000+00:00,9979,51,1261,1.1,0,43.3,22.5,54.0,1016.8
2025-05-25T13:43:19.417000+00:00,9979,117,1261,0.8,0,43.7,22.5,55.0,1016.8
2025-05-25T13:44:19.433000+00:00,9979,181,1261,1.0,0,43.7,22.4,54.0,1016.8
2025-05-25T13:45:19.434000+00:00,9979,353,1261,0.8,0,43.7,22.5,54.0,1016.8
2025-05-25T13:46:19.443000+00:00,9979,185,1261,1.1,0,43.6,22.7,53.0,1016.9
2025-05-25T13:47:19.434000+00:00,9979,169,1261,1.5,0,43.2,22.6,54.0,1016.8
2025-05-25T13:48:19.440000+00:00,9979,0,1261,0.8,0,43.1,22.5,53.0,1016.7
2025-05-25T13:49:19.456000+00:00,9979,141,1261,0.9,0,43.2,22.6,54.0,1016.8
2025-05-25T13:50:19.490000+00:00,9979,289,1261,0.0,0,43.6,22.5,55.0,1016.7
2025-05-25T13:51:19.490000+00:00,9979,75,1261,0.8,0,43.7,22.5,55.0,1016.6
2025-05-25T13:52:19.493000+00:00,9979,183,1261,0.6,0,43.7,22.5,54.0,1016.6
2025-05-25T13:53:19.509000+00:00,9979,202,1261,0.7,0,43.5,22.6,53.0,1016.7
2025-05-25T13:54:19.509000+00:00,9979,197,1261,0.7,0,43.2,22.8,52.0,1016.7
2025-05-25T13:55:19.521000+00:00,9979,203,1261,0.6,0,43.2,22.7,54.0,1016.7
2025-05-25T13:56:19.515000+00:00,9979,260,1261,0.9,0,43.4,22.8,54.0,1016.6
2025-05-25T13:57:19.526000+00:00,9979,0,1261,0.7,0,43.5,22.9,52.0,1016.7
2025-05-25T13:58:19.542000+00:00,9979,0,1261,0.5,0,43.7,22.9,51.0,1016.7
2025-05-25T13:59:19.548000+00:00,9979,345,1261,0.8,0,42.9,22.6,54.0,1016.6
2025-05-25T14:00:19.539000+00:00,9979,194,1261,0.5,0,42.7,22.5,55.0,1016.6
2025-05-25T14:01:19.563000+00:00,9979,180,1261,0.9,0,43.0,22.5,54.0,1016.5
2025-05-25T14:02:19.555000+00:00,9979,304,1261,0.8,0,43.4,22.5,54.0,1016.6
2025-05-25T14:03:19.561000+00:00,9979,170,1261,0.7,0,43.2,22.5,55.0,1016.7
2025-05-25T14:04:19.572000+00:00,9979,34,1261,0.5,0,43.2,22.5,53.0,1016.5
2025-05-25T14:05:19.595000+00:00,9979,181,1261,0.9,0,42.4,22.5,55.0,1016.7
2025-05-25T14:06:19.591000+00:00,9979,178,1261,0.9,0,42.4,22.5,56.0,1016.7
2025-05-25T14:07:19.607000+00:00,9979,146,1261,1.1,0,42.3,22.5,56.0,1016.7
2025-05-25T14:08:19.607000+00:00,9979,151,1261,1.7,0,42.2,22.5,56.0,1016.6
2025-05-25T14:09:19.623000+00:00,9979,197,1261,1.1,0,42.2,22.6,55.0,1016.5
2025-05-25T14:10:19.617000+00:00,9979,296,1261,0.9,0,42.2,22.5,55.0,1016.5
2025-05-25T14:11:19.640000+00:00,9979,70,1261,0.8,0,42.1,22.4,55.0,1016.5
2025-05-25T14:12:19.638000+00:00,9979,239,1261,0.8,0,42.2,22.5,55.0,1016.5
2025-05-25T14:13:19.665000+00:00,9979,331,1261,1.0,0,42.2,22.4,54.0,1016.6
2025-05-25T14:14:19.651000+00:00,9979,245,1261,1.1,0,42.2,22.5,54.0,1016.5
2025-05-25T14:15:19.663000+00:00,9979,225,1261,0.7,0,42.9,22.5,53.0,1016.5
2025-05-25T14:16:19.659000+00:00,9979,195,1261,0.7,0,42.9,22.6,53.0,1016.4
2025-05-25T14:17:19.682000+00:00,9979,348,1261,1.3,0,43.9,22.6,53.0,1016.5
2025-05-25T14:18:19.686000+00:00,9979,196,1261,0.8,0,43.9,22.7,51.0,1016.5
2025-05-25T14:19:19.700000+00:00,9979,4,1261,1.1,0,43.9,22.8,50.0,1016.5
2025-05-25T14:20:19.687000+00:00,9979,0,1261,1.0,0,42.2,22.6,52.0,1016.5
2025-05-25T14:21:19.703000+00:00,9979,0,1261,0.6,0,42.2,22.5,52.0,1016.4
2025-05-25T14:22:19.681000+00:00,9979,324,1261,0.0,0,42.5,22.5,52.0,1016.4
2025-05-25T14:23:19.694000+00:00,9979,201,1261,1.0,0,42.5,22.5,52.0,1016.4
2025-05-25T14:24:19.689000+00:00,9979,147,1261,0.4,0,43.0,22.6,51.0,1016.3
2025-05-25T14:25:19.690000+00:00,9979,179,1261,0.8,0,43.0,22.7,50.0,1016.4
2025-05-25T14:26:19.713000+00:00,9979,65,1261,1.0,0,42.8,22.8,49.0,1016.4
2025-05-25T14:27:19.708000+00:00,9979,197,1261,1.0,0,42.8,22.8,48.0,1016.5
2025-05-25T14:28:19.703000+00:00,9979,0,1261,1.0,0,43.1,22.7,48.0,1016.4
2025-05-25T14:29:19.718000+00:00,9979,314,1261,0.8,0,42.7,22.6,48.0,1016.4
2025-05-25T14:30:19.699000+00:00,9979,0,1261,0.9,0,42.7,22.5,49.0,1016.3
2025-05-25T14:31:19.709000+00:00,9979,195,1261,0.4,0,41.7,22.5,50.0,1016.5
2025-05-25T14:32:19.703000+00:00,9979,0,1261,1.5,0,41.3,22.4,51.0,1016.3
2025-05-25T14:33:19.711000+00:00,9979,0,1261,0.4,0,41.8,22.4,51.0,1016.4
2025-05-25T14:34:19.711000+00:00,9979,0,1261,0.8,0,42.6,22.5,51.0,1016.2
2025-05-25T14:35:19.706000+00:00,9979,198,1261,0.6,0,42.2,22.5,50.0,1016.3
2025-05-25T14:36:19.721000+00:00,9979,182,1261,1.9,0,42.3,22.5,51.0,1016.3
2025-05-25T14:37:19.711000+00:00,9979,185,1261,1.4,0,42.7,22.6,50.0,1016.3
2025-05-25T14:38:19.708000+00:00,9979,151,1261,1.2,0,42.0,22.5,50.0,1016.3
2025-05-25T14:39:19.705000+00:00,9979,242,1261,1.6,0,41.8,22.3,51.0,1016.3
2025-05-25T14:40:19.717000+00:00,9979,169,1261,1.5,0,41.6,22.3,51.0,1016.3
2025-05-25T14:41:19.718000+00:00,9979,203,1261,1.5,0,41.3,22.2,52.0,1016.2
2025-05-25T14:42:19.722000+00:00,9979,185,1261,0.9,0,41.3,22.3,51.0,1016.2
2025-05-25T14:43:19.722000+00:00,9979,195,1261,1.5,0,41.9,22.4,50.0,1016.2
2025-05-25T14:44:19.722000+00:00,9979,264,1261,1.0,0,41.7,22.4,50.0,1016.2
2025-05-25T14:45:19.707000+00:00,9979,192,1261,1.5,0,41.4,22.4,51.0,1016.2
2025-05-25T14:46:19.712000+00:00,9979,159,1261,0.8,0,41.6,22.5,50.0,1016.2
2025-06-01T12:04:21.972000+00:00,9971,224,1262,2.3,0,48.2,29.9,49.0,1003.5
2025-06-01T12:05:21.970000+00:00,9971,221,1262,1.1,0,48.4,30.0,49.0,1003.6
2025-06-01T12:06:21.971000+00:00,9971,291,1262,1.6,0,48.6,30.0,49.0,1003.5
2025-06-01T12:07:21.959000+00:00,9971,217,1262,1.1,0,48.8,30.0,49.0,1003.5
2025-06-01T12:08:21.998000+00:00,9971,6,1262,1.1,0,48.8,30.0,49.0,1003.4
2025-06-01T12:09:21.977000+00:00,9971,34,1262,1.1,0,48.1,30.0,50.0,1003.4
2025-06-01T12:10:21.999000+00:00,9971,345,1262,1.1,0,49.2,30.0,50.0,1003.4
2025-06-01T12:11:22.002000+00:00,9971,345,1262,1.4,0,49.2,29.7,49.0,1003.4
2025-06-01T12:12:22.007000+00:00,9971,324,1262,1.3,0,49.0,29.6,49.0,1003.4
2025-06-01T12:13:22.001000+00:00,9971,212,1262,1.8,0,48.9,29.6,49.0,1003.5
2025-06-01T12:14:22.014000+00:00,9971,166,1262,1.2,0,48.5,29.6,49.0,1003.3
2025-06-01T12:15:22.021000+00:00,9971,191,1262,1.9,0,48.5,29.5,50.0,1003.4
2025-06-01T12:16:22.018000+00:00,9971,234,1262,1.8,0,49.1,29.6,49.0,1003.5
2025-06-01T12:17:22.025000+00:00,9971,217,1262,1.6,0,48.7,29.5,49.0,1003.4
2025-06-01T12:18:22.057000+00:00,9971,187,1262,1.2,0,49.4,29.5,49.0,1003.4
2025-06-01T12:19:22.050000+00:00,9971,205,1262,0.8,0,49.4,29.5,49.0,1003.4
2025-06-01T12:20:22.068000+00:00,9971,163,1262,1.4,0,49.4,29.6,48.0,1003.4
2025-06-01T12:21:22.072000+00:00,9971,166,1262,1.3,0,48.6,29.6,48.0,1003.4
2025-06-01T12:22:22.094000+00:00,9971,302,1262,1.6,0,48.3,29.5,48.0,1003.3
2025-06-01T12:23:22.092000+00:00,9971,306,1262,1.5,0,48.3,29.4,49.0,1003.3
2025-06-01T12:24:22.096000+00:00,9971,1,1262,1.1,0,48.7,29.3,49.0,1003.3
2025-06-01T12:25:22.106000+00:00,9971,0,1262,1.1,0,49.4,29.3,49.0,1003.3
2025-06-01T12:26:22.091000+00:00,9971,311,1262,0.8,0,49.4,29.2,49.0,1003.3
2025-06-01T12:27:22.087000+00:00,9971,188,1262,1.3,0,49.6,29.3,48.0,1003.3
2025-06-01T12:28:22.088000+00:00,9971,236,1262,1.5,0,48.9,29.3,48.0,1003.4
2025-06-01T12:29:22.096000+00:00,9971,163,1262,0.9,0,49.4,29.4,48.0,1003.1
2025-06-01T12:30:22.091000+00:00,9971,310,1262,1.1,0,49.4,29.5,48.0,1003.3
2025-06-01T12:31:22.096000+00:00,9971,35,1262,1.3,0,49.7,29.5,48.0,1003.3
2025-06-01T12:32:22.087000+00:00,9971,242,1262,1.1,0,49.2,29.5,49.0,1003.3
2025-06-01T12:33:22.097000+00:00,9971,238,1262,1.4,0,49.3,29.5,49.0,1003.1
2025-06-01T12:34:22.094000+00:00,9971,199,1262,2.5,0,49.3,29.6,49.0,1003.1
2025-06-01T12:35:22.120000+00:00,9971,170,1262,1.8,0,49.2,29.4,50.0,1003.3
2025-06-01T12:36:22.105000+00:00,9971,203,1262,1.7,0,48.8,29.2,51.0,1003.2
2025-06-01T12:37:22.100000+00:00,9971,265,1262,0.7,0,49.1,29.2,52.0,1003.2
2025-06-01T12:38:22.114000+00:00,9971,32,1262,1.4,0,50.3,29.1,51.0,1003.3
2025-06-01T12:39:22.116000+00:00,9971,265,1262,1.5,0,50.4,29.3,50.0,1003.1
2025-06-01T12:40:22.095000+00:00,9971,35,1262,1.1,0,50.3,29.3,51.0,1003.1
2025-06-01T12:41:22.115000+00:00,9971,6,1262,1.9,0,50.1,29.4,50.0,1003.2
2025-06-01T12:42:22.116000+00:00,9971,291,1262,1.1,0,48.8,29.4,51.0,1003.1
2025-06-01T12:43:22.102000+00:00,9971,83,1262,2.8,0,48.8,29.3,52.0,1003.0
2025-06-01T12:44:22.108000+00:00,9971,316,1262,1.4,0,49.4,29.3,52.0,1003.1
2025-06-01T12:45:22.118000+00:00,9971,200,1262,1.5,0,49.4,29.1,51.0,1003.1
2025-06-01T12:46:22.117000+00:00,9971,266,1262,1.4,0,49.6,29.1,51.0,1003.0
2025-06-01T12:47:22.119000+00:00,9971,216,1262,1.3,0,49.1,29.1,51.0,1003.1
2025-06-01T12:48:22.108000+00:00,9971,145,1262,1.7,0,49.4,29.1,51.0,1003.1
2025-06-01T12:49:22.107000+00:00,9971,177,1262,1.3,0,49.5,29.2,51.0,1003.0
2025-06-01T12:50:22.122000+00:00,9971,164,1262,2.2,0,49.5,29.4,50.0,1003.0
2025-06-01T12:51:22.121000+00:00,9971,243,1262,0.9,0,49.5,29.5,51.0,1003.0
2025-06-01T12:52:22.118000+00:00,9971,207,1262,1.3,0,49.7,29.5,50.0,1003.1
2025-06-01T12:53:22.133000+00:00,9971,249,1262,1.4,0,50.2,29.4,50.0,1003.0
2025-06-01T12:54:22.115000+00:00,9971,180,1262,1.2,0,49.7,29.5,50.0,1003.0
2025-06-01T12:55:22.118000+00:00,9971,195,1262,1.5,0,50.3,29.6,50.0,1003.0
2025-06-01T12:56:22.132000+00:00,9971,61,1262,1.1,0,50.3,29.6,50.0,1003.0
2025-06-01T12:57:22.131000+00:00,9971,320,1262,1.5,0,50.3,29.6,50.0,1003.1
2025-06-01T12:58:22.140000+00:00,9971,0,1262,0.9,0,50.4,29.6,50.0,1002.9
2025-06-01T12:59:22.174000+00:00,9971,258,1262,1.1,0,50.4,29.6,50.0,1003.0
2025-06-01T13:00:22.171000+00:00,9971,193,1262,1.0,0,49.7,29.6,49.0,1003.0
2025-06-01T13:01:22.172000+00:00,9971,191,1262,1.1,0,49.4,29.8,50.0,1003.0
2025-06-01T13:02:22.180000+00:00,9971,349,1262,1.0,0,49.4,29.7,50.0,1002.9
2025-06-01T13:03:22.191000+00:00,9971,275,1262,2.0,0,49.5,29.6,51.0,1002.9
2025-06-01T13:04:22.245000+00:00,9971,351,1262,1.0,0,49.4,29.5,51.0,1003.1
2025-06-01T13:05:22.175000+00:00,9971,261,1262,1.2,0,49.4,29.6,51.0,1003.0
2025-06-01T13:06:22.166000+00:00,9971,48,1262,1.1,0,49.0,29.5,52.0,1002.8
2025-06-01T13:07:22.227000+00:00,9971,275,1262,2.6,0,49.4,29.4,53.0,1002.9
2025-06-01T13:08:22.228000+00:00,9971,276,1262,1.8,0,49.4,29.4,54.0,1002.8
2025-06-01T13:09:22.179000+00:00,9971,345,1262,1.8,0,49.9,29.3,53.0,1002.9
2025-06-01T13:10:22.246000+00:00,9971,310,1262,1.8,0,48.9,29.3,52.0,1002.8
2025-06-01T13:11:22.163000+00:00,9971,29,1262,2.0,0,48.2,29.2,53.0,1002.9
2025-06-01T13:12:22.176000+00:00,9971,79,1262,1.5,0,49.1,29.1,54.0,1002.8
2025-06-01T13:13:22.237000+00:00,9971,34,1262,1.9,0,49.4,29.0,54.0,1002.8
2025-06-01T13:14:22.233000+00:00,9971,353,1262,2.8,0,49.4,28.9,54.0,1002.9
2025-06-01T13:15:22.242000+00:00,9971,298,1262,2.5,0,49.1,28.9,56.0,1002.7
2025-06-01T13:16:22.239000+00:00,9971,3,1262,2.0,0,49.1,28.9,56.0,1002.8
2025-06-01T13:17:22.231000+00:00,9971,75,1262,2.5,0,49.1,29.0,55.0,1002.8
2025-06-01T13:18:22.225000+00:00,9971,251,1262,1.1,0,49.1,29.0,55.0,1002.8
2025-06-01T13:19:22.246000+00:00,9971,51,1262,3.5,0,49.6,29.1,55.0,1002.6
2025-06-01T13:20:22.244000+00:00,9971,58,1262,2.1,0,49.6,29.3,55.0,1002.8
2025-06-01T13:21:22.268000+00:00,9971,323,1262,2.7,0,49.0,29.3,55.0,1002.8
2025-06-01T13:22:22.257000+00:00,9971,0,1262,1.9,0,49.0,29.2,56.0,1002.8
2025-06-01T13:23:22.256000+00:00,9971,61,1262,2.1,0,49.1,29.2,55.0,1002.7
2025-06-01T13:24:22.263000+00:00,9971,305,1262,2.2,0,49.1,29.3,55.0,1002.7
2025-06-01T13:25:22.272000+00:00,9971,113,1262,1.4,0,49.2,29.3,56.0,1002.7
2025-06-01T13:26:22.259000+00:00,9971,22,1262,1.2,0,49.4,29.4,56.0,1002.7
2025-06-01T13:27:22.267000+00:00,9971,57,1262,1.9,0,48.7,29.3,55.0,1002.6
2025-06-01T13:28:22.276000+00:00,9971,41,1262,2.5,0,48.4,29.3,55.0,1002.8
2025-06-01T13:29:22.266000+00:00,9971,339,1262,2.3,0,47.2,29.2,56.0,1002.6
2025-06-01T13:30:22.285000+00:00,9971,44,1262,1.8,0,47.0,29.1,57.0,1002.5
2025-06-01T13:31:22.285000+00:00,9971,0,1262,1.2,0,47.0,29.0,57.0,1002.6
2025-06-01T13:32:22.367000+00:00,9971,3,1262,1.5,0,47.4,29.0,57.0,1002.7
2025-06-01T13:33:22.323000+00:00,9971,39,1262,1.1,0,47.5,28.8,56.0,1002.7
2025-06-01T13:34:22.334000+00:00,9971,15,1262,1.2,0,47.9,28.7,56.0,1002.7
2025-06-01T13:35:22.359000+00:00,9971,183,1262,1.3,0,47.9,28.8,56.0,1002.5
2025-06-01T13:36:22.360000+00:00,9971,258,1262,0.7,0,48.6,28.9,56.0,1002.6
2025-06-01T13:37:22.375000+00:00,9971,63,1262,1.5,0,49.2,29.0,56.0,1002.7
2025-06-01T13:38:22.365000+00:00,9971,270,1262,1.3,0,48.7,29.0,55.0,1002.6
2025-06-01T13:39:22.384000+00:00,9971,55,1262,1.4,0,48.5,29.1,57.0,1002.7
2025-06-01T13:40:22.396000+00:00,9971,11,1262,2.7,0,48.7,29.1,57.0,1002.5
2025-06-01T13:41:22.380000+00:00,9971,69,1262,2.5,0,48.3,29.1,57.0,1002.5
2025-06-01T13:42:22.403000+00:00,9971,60,1262,1.8,0,47.9,29.1,57.0,1002.6
2025-06-01T13:43:22.404000+00:00,9971,61,1262,1.9,0,47.9,29.0,58.0,1002.5
2025-06-01T13:44:22.408000+00:00,9971,46,1262,1.4,0,47.9,29.0,58.0,1002.4
2025-06-01T13:45:22.410000+00:00,9971,52,1262,2.5,0,47.9,28.9,58.0,1002.5
2025-06-01T13:46:22.399000+00:00,9971,51,1262,2.6,0,47.7,28.9,59.0,1002.4
2025-06-01T13:47:22.401000+00:00,9971,41,1262,2.4,0,48.0,29.0,59.0,1002.5
2025-06-01T13:48:22.404000+00:00,9971,36,1262,2.5,0,48.6,29.0,59.0,1002.5
2025-06-01T13:49:22.405000+00:00,9971,36,1262,2.1,0,48.1,28.9,58.0,1002.5
2025-06-01T13:50:22.416000+00:00,9971,64,1262,2.2,0,47.7,28.7,59.0,1002.4
2025-06-01T13:51:22.400000+00:00,9971,14,1262,2.1,0,49.0,28.6,58.0,1002.4
2025-06-01T13:52:22.457000+00:00,9971,0,1262,1.4,0,47.6,28.6,59.0,1002.4
2025-06-01T13:53:22.405000+00:00,9971,352,1262,1.7,0,47.1,28.6,59.0,1002.3
2025-06-01T13:54:22.408000+00:00,9971,0,1262,1.3,0,46.9,28.5,59.0,1002.3
2025-06-01T13:55:22.421000+00:00,9971,64,1262,2.3,0,47.1,28.3,60.0,1002.3
2025-06-01T13:56:22.406000+00:00,9971,33,1262,2.5,0,46.7,28.1,60.0,1002.4
2025-06-01T13:57:22.407000+00:00,9971,345,1262,2.8,0,47.0,28.2,60.0,1002.4
2025-06-01T13:58:22.425000+00:00,9971,86,1262,1.3,0,47.5,28.3,60.0,1002.3
2025-06-01T13:59:22.409000+00:00,9971,61,1262,2.2,0,47.0,28.3,60.0,1002.4
2025-06-01T14:00:22.401000+00:00,9971,24,1262,2.8,0,46.9,28.2,60.0,1002.2
2025-06-01T14:01:22.401000+00:00,9971,35,1262,2.6,0,46.9,28.3,61.0,1002.2
2025-06-01T14:02:22.419000+00:00,9971,29,1262,2.5,0,46.8,28.3,61.0,1002.3
2025-06-01T14:03:22.425000+00:00,9971,2,1262,2.0,0,46.8,28.4,61.0,1002.3
2025-06-01T14:04:22.431000+00:00,9971,60,1262,2.0,0,47.4,28.4,61.0,1002.3
2025-06-01T14:05:22.414000+00:00,9971,268,1262,1.3,0,47.5,28.4,62.0,1002.3
2025-06-01T14:06:22.422000+00:00,9971,35,1262,1.5,0,47.5,28.3,61.0,1002.4
2025-06-01T14:07:22.460000+00:00,9971,62,1262,1.3,0,48.0,28.2,61.0,1002.3
2025-06-01T14:08:22.464000+00:00,9971,59,1262,1.1,0,48.2,28.2,61.0,1002.4
2025-06-01T14:09:22.467000+00:00,9971,77,1262,2.1,0,48.5,28.3,61.0,1002.4
2025-06-01T14:10:22.461000+00:00,9971,75,1262,1.5,0,48.0,28.3,60.0,1002.3
2025-06-01T14:11:22.476000+00:00,9971,31,1262,2.5,0,48.5,28.5,59.0,1002.4
2025-06-01T14:12:22.472000+00:00,9971,252,1262,1.8,0,48.5,28.6,60.0,1002.3
2025-06-01T14:13:22.478000+00:00,9971,49,1262,1.4,0,47.5,28.6,60.0,1002.3
2025-06-01T14:14:22.492000+00:00,9971,343,1262,2.2,0,47.5,28.6,59.0,1002.4
2025-06-01T14:15:22.479000+00:00,9971,52,1262,2.2,0,47.0,28.6,60.0,1002.3
2025-06-01T14:16:22.471000+00:00,9971,15,1262,2.1,0,47.7,28.6,60.0,1002.4
2025-06-01T14:17:22.474000+00:00,9971,59,1262,1.5,0,47.7,28.6,60.0,1002.3
2025-06-01T14:18:22.481000+00:00,9971,76,1262,1.6,0,47.9,28.7,60.0,1002.4
2025-06-01T14:19:22.468000+00:00,9971,65,1262,2.4,0,47.9,28.7,60.0,1002.3
2025-06-01T14:20:22.490000+00:00,9971,161,1262,1.1,0,47.6,28.7,60.0,1002.4
2025-06-01T14:21:22.472000+00:00,9971,277,1262,1.4,0,47.4,28.7,59.0,1002.3
2025-06-01T14:22:22.482000+00:00,9971,222,1262,1.8,0,47.5,28.7,60.0,1002.3
2025-06-01T14:23:22.476000+00:00,9971,178,1262,0.9,0,47.6,28.8,60.0,1002.3
2025-06-01T14:24:22.484000+00:00,9971,338,1262,0.6,0,48.1,28.9,60.0,1002.4
2025-06-01T14:25:22.512000+00:00,9971,147,1262,0.8,0,47.8,28.9,59.0,1002.3
2025-06-01T14:26:22.527000+00:00,9971,82,1262,0.8,0,48.9,28.8,60.0,1002.3
2025-06-01T14:27:22.551000+00:00,9971,75,1262,1.9,0,48.9,28.9,58.0,1002.2
2025-06-01T14:28:22.552000+00:00,9971,50,1262,1.3,0,47.5,28.9,59.0,1002.3
2025-06-01T14:29:22.563000+00:00,9971,17,1262,2.3,0,47.5,28.9,59.0,1002.3
2025-06-01T14:30:22.564000+00:00,9971,5,1262,2.0,0,46.5,29.0,59.0,1002.2
2025-06-01T14:31:22.573000+00:00,9971,192,1262,1.4,0,46.5,29.0,60.0,1002.3
2025-06-01T14:32:22.574000+00:00,9971,221,1262,1.5,0,47.3,29.0,60.0,1002.2
2025-06-01T14:33:22.592000+00:00,9971,235,1262,1.6,0,46.9,29.0,60.0,1002.2
2025-06-01T14:34:22.597000+00:00,9971,20,1262,1.3,0,47.4,29.2,60.0,1002.3
2025-06-01T14:35:22.607000+00:00,9971,75,1262,1.1,0,46.9,29.3,61.0,1002.2
2025-06-01T14:36:22.611000+00:00,9971,127,1262,0.8,0,47.5,29.5,59.0,1002.0
2025-06-01T14:37:22.624000+00:00,9971,36,1262,1.0,0,47.6,29.6,59.0,1002.1
2025-06-01T14:38:22.625000+00:00,9971,72,1262,1.4,0,47.4,29.5,58.0,1002.1
2025-06-15T17:05:39.507000+00:00,9963,53,1263,1.3,0,47.1,23.0,28.0,1019.1
2025-06-15T17:06:39.508000+00:00,9963,153,1263,0.7,0,47.0,23.0,28.0,1019.1
2025-06-15T17:07:39.508000+00:00,9963,153,1263,0.7,0,47.0,23.0,28.0,1019.1
2025-06-15T17:08:39.509000+00:00,9963,3,1263,0.8,0,47.3,23.0,27.0,1019.0
2025-06-15T17:09:39.509000+00:00,9963,345,1263,1.0,0,47.0,23.1,28.0,1019.1
2025-06-15T17:10:39.510000+00:00,9963,326,1263,1.2,0,47.3,23.1,28.0,1019.0
2025-06-15T17:11:39.526000+00:00,9963,7,1263,0.5,0,47.3,23.1,30.0,1018.9
2025-06-15T17:12:39.526000+00:00,9963,8,1263,0.8,0,47.1,23.3,29.0,1019.0
2025-06-15T17:13:39.527000+00:00,9963,12,1263,1.1,0,48.0,23.3,26.0,1019.0
2025-06-15T17:14:39.543000+00:00,9963,40,1263,1.2,0,48.0,23.4,26.0,1019.0
2025-06-15T17:15:39.575000+00:00,9963,43,1263,1.2,0,47.9,23.4,26.0,1018.9
2025-06-15T17:16:39.585000+00:00,9963,27,1263,1.2,0,47.9,23.3,26.0,1018.9
2025-06-15T17:17:39.591000+00:00,9963,28,1263,1.5,0,48.3,23.3,25.0,1018.9
2025-06-15T17:18:39.607000+00:00,9963,357,1263,1.1,0,48.1,23.3,25.0,1019.0
2025-06-15T17:19:39.611000+00:00,9963,11,1263,1.5,0,48.0,23.3,25.0,1018.9
2025-06-15T17:20:39.627000+00:00,9963,62,1263,0.4,0,47.8,23.2,26.0,1019.0
2025-06-15T17:21:39.612000+00:00,9963,39,1263,0.7,0,47.9,23.2,25.0,1019.0
2025-06-15T17:22:39.628000+00:00,9963,291,1263,0.6,0,48.0,23.1,25.0,1019.0
2025-06-15T17:23:39.609000+00:00,9963,340,1263,0.7,0,48.0,23.2,26.0,1019.1
2025-06-15T17:24:39.625000+00:00,9963,354,1263,1.0,0,48.4,23.1,26.0,1019.0
2025-06-15T17:25:39.641000+00:00,9963,34,1263,1.2,0,48.0,23.1,28.0,1019.1
2025-06-15T17:26:39.657000+00:00,9963,329,1263,0.5,0,47.5,23.1,32.0,1019.0
2025-06-15T17:27:39.646000+00:00,9963,305,1263,0.6,0,47.5,23.3,30.0,1019.0
2025-06-15T17:28:39.662000+00:00,9963,127,1263,0.0,0,48.2,23.3,32.0,1019.0
2025-06-15T17:29:39.678000+00:00,9963,0,1263,0.0,0,47.9,23.2,30.0,1019.0
2025-06-15T17:30:39.647000+00:00,9963,248,1263,0.3,0,48.0,23.3,30.0,1019.1
2025-06-15T17:31:39.647000+00:00,9963,198,1263,0.8,0,47.9,23.3,29.0,1019.1
2025-06-15T17:32:39.669000+00:00,9963,211,1263,1.1,0,47.9,23.3,29.0,1019.0
2025-06-15T17:33:39.655000+00:00,9963,190,1263,1.1,0,47.9,23.3,30.0,1019.0
2025-06-15T17:34:39.655000+00:00,9963,177,1263,1.4,0,48.0,23.1,30.0,1019.1
2025-06-15T17:35:39.656000+00:00,9963,173,1263,2.0,0,48.0,23.1,31.0,1019.0
2025-06-15T17:36:39.656000+00:00,9963,149,1263,0.7,0,48.2,22.8,31.0,1019.1
2025-06-15T17:37:39.657000+00:00,9963,276,1263,1.2,0,48.2,22.8,31.0,1019.1
2025-06-15T17:38:39.655000+00:00,9963,202,1263,1.0,0,48.1,22.8,32.0,1019.2
2025-06-15T17:39:39.664000+00:00,9963,175,1263,1.5,0,48.4,22.9,34.0,1019.0
2025-06-15T17:40:39.664000+00:00,9963,175,1263,1.9,0,48.4,22.8,33.0,1019.1
2025-06-15T17:41:39.649000+00:00,9963,180,1263,1.8,0,48.7,22.8,34.0,1019.0
2025-06-15T17:42:39.649000+00:00,9963,157,1263,2.2,0,49.0,22.8,31.0,1019.1
2025-06-15T17:43:39.666000+00:00,9963,172,1263,1.6,0,49.1,22.8,33.0,1019.0
2025-06-15T17:44:39.651000+00:00,9963,160,1263,0.6,0,49.3,22.8,33.0,1019.0
2025-06-15T17:45:39.651000+00:00,9963,147,1263,1.0,0,49.3,23.0,33.0,1019.0
2025-06-15T17:46:39.664000+00:00,9963,19,1263,0.8,0,48.9,23.0,32.0,1018.9
2025-06-15T17:47:39.665000+00:00,9963,334,1263,0.8,0,48.7,23.0,31.0,1019.0
2025-06-15T17:48:39.665000+00:00,9963,344,1263,0.7,0,48.7,23.0,31.0,1019.0
2025-06-15T17:49:39.666000+00:00,9963,104,1263,0.4,0,48.7,23.1,30.0,1019.1
2025-06-15T17:50:39.666000+00:00,9963,353,1263,0.6,0,48.7,23.2,31.0,1019.0
2025-06-15T17:51:39.667000+00:00,9963,140,1263,0.6,0,48.9,23.0,31.0,1019.0
2025-06-15T17:52:39.683000+00:00,9963,192,1263,0.7,0,49.3,23.0,30.0,1019.0
2025-06-15T17:53:39.668000+00:00,9963,169,1263,1.4,0,49.3,23.0,29.0,1018.9
2025-06-15T17:54:39.668000+00:00,9963,194,1263,1.8,0,50.0,23.0,28.0,1019.0
2025-06-15T17:55:39.669000+00:00,9963,133,1263,1.0,0,49.5,23.0,28.0,1019.0
2025-06-15T17:56:39.669000+00:00,9963,175,1263,1.0,0,49.5,23.0,29.0,1019.0
2025-06-15T17:57:39.685000+00:00,9963,174,1263,1.2,0,49.4,23.0,29.0,1019.0
2025-06-15T17:58:39.676000+00:00,9963,238,1263,1.4,0,49.8,23.0,29.0,1019.0
2025-06-15T17:59:39.676000+00:00,9963,211,1263,1.3,0,49.9,23.1,29.0,1019.1
2025-06-15T18:00:39.661000+00:00,9963,333,1263,1.0,0,49.7,23.4,29.0,1019.1
2025-06-15T18:01:39.683000+00:00,9963,344,1263,1.0,0,49.6,23.4,29.0,1019.0
2025-06-15T18:02:39.682000+00:00,9963,18,1263,0.6,0,49.6,23.3,30.0,1018.9
2025-06-15T18:03:39.682000+00:00,9963,2,1263,0.7,0,49.7,23.3,30.0,1019.1
2025-06-15T18:04:39.667000+00:00,9963,104,1263,0.5,0,50.0,23.4,30.0,1019.1
2025-06-15T18:05:39.667000+00:00,9963,3,1263,1.0,0,50.1,23.6,29.0,1018.9
2025-06-15T18:06:39.668000+00:00,9963,353,1263,0.9,0,50.2,23.6,29.0,1019.0
2025-06-15T18:07:39.681000+00:00,9963,343,1263,1.6,0,50.2,23.6,29.0,1019.1
2025-06-15T18:08:39.681000+00:00,9963,158,1263,1.4,0,50.3,23.7,28.0,1019.1
2025-06-15T18:09:39.682000+00:00,9963,103,1263,0.8,0,50.1,23.9,28.0,1019.1
2025-06-15T18:10:39.682000+00:00,9963,29,1263,0.8,0,50.0,24.0,27.0,1019.1
2025-06-15T18:11:39.683000+00:00,9963,19,1263,1.3,0,49.9,24.0,27.0,1019.0
2025-06-15T18:12:39.683000+00:00,9963,354,1263,2.2,0,49.9,23.9,26.0,1019.0
2025-06-15T18:13:39.684000+00:00,9963,4,1263,2.9,0,49.9,23.8,26.0,1019.0
2025-06-15T18:14:39.684000+00:00,9963,4,1263,2.9,0,49.9,23.6,26.0,1019.0
2025-06-15T18:15:39.685000+00:00,9963,263,1263,1.1,0,50.4,23.8,26.0,1019.0
2025-06-15T18:16:39.676000+00:00,9963,202,1263,1.5,0,50.3,23.8,27.0,1019.1
2025-06-15T18:17:39.676000+00:00,9963,262,1263,2.0,0,50.2,23.7,26.0,1019.1
2025-06-15T18:18:39.685000+00:00,9963,253,1263,1.6,0,50.1,23.8,27.0,1019.0
2025-06-15T18:19:39.693000+00:00,9963,159,1263,1.6,0,50.1,23.8,26.0,1019.0
2025-06-15T18:20:39.678000+00:00,9963,239,1263,1.9,0,50.1,23.7,26.0,1019.1
2025-06-15T18:21:39.694000+00:00,9963,292,1263,0.9,0,50.0,23.8,29.0,1019.0
2025-06-15T18:22:39.682000+00:00,9963,124,1263,0.9,0,50.0,23.8,29.0,1019.0
2025-06-15T18:23:39.682000+00:00,9963,106,1263,1.1,0,49.8,23.9,27.0,1019.1
2025-06-15T18:24:39.698000+00:00,9963,106,1263,1.1,0,49.8,23.8,27.0,1019.1
2025-06-15T18:25:39.683000+00:00,9963,326,1263,1.9,0,50.0,23.7,29.0,1019.0
2025-06-15T18:26:39.684000+00:00,9963,32,1263,0.8,0,50.2,23.8,28.0,1019.0
2025-06-15T18:27:39.684000+00:00,9963,31,1263,1.3,0,49.9,23.8,27.0,1019.0
2025-06-15T18:28:39.685000+00:00,9963,324,1263,1.1,0,49.7,23.8,28.0,1019.0
2025-06-15T18:29:39.702000+00:00,9963,0,1263,0.5,0,49.7,23.9,27.0,1019.0
2025-06-15T18:30:39.720000+00:00,9963,151,1263,0.8,0,49.4,24.0,29.0,1018.9
2025-06-15T18:31:39.699000+00:00,9963,151,1263,0.8,0,49.4,24.0,29.0,1018.9
2025-06-15T18:32:39.699000+00:00,9963,0,1263,1.1,0,49.4,24.0,28.0,1018.9
2025-06-15T18:33:39.700000+00:00,9963,0,1263,1.1,0,49.6,23.9,30.0,1018.9
2025-06-15T18:34:39.697000+00:00,9963,166,1263,0.9,0,49.6,24.0,29.0,1019.1
2025-06-15T18:35:39.695000+00:00,9963,230,1263,2.0,0,49.7,24.1,30.0,1019.1
2025-06-15T18:36:39.695000+00:00,9963,10,1263,0.7,0,49.9,24.1,29.0,1019.0
2025-06-15T18:37:39.696000+00:00,9963,27,1263,0.7,0,49.8,24.3,29.0,1019.0
2025-06-15T18:38:39.705000+00:00,9963,197,1263,0.8,0,49.9,24.3,29.0,1018.9
2025-06-15T18:39:39.709000+00:00,9963,123,1263,0.8,0,50.0,24.4,28.0,1018.9
2025-06-15T18:40:39.728000+00:00,9963,327,1263,0.7,0,49.8,24.4,29.0,1019.1
2025-06-15T18:41:39.745000+00:00,9963,335,1263,0.8,0,49.6,24.5,29.0,1018.9
2025-06-15T18:42:39.749000+00:00,9963,149,1263,1.1,0,49.7,24.5,29.0,1018.9
2025-06-15T18:43:39.761000+00:00,9963,357,1263,0.7,0,49.8,24.5,29.0,1018.9
2025-06-15T18:44:39.762000+00:00,9963,252,1263,0.8,0,49.7,24.6,28.0,1019.0
2025-06-15T18:45:39.793000+00:00,9963,0,1263,0.6,0,49.7,24.6,28.0,1018.9
2025-06-15T18:46:39.787000+00:00,9963,159,1263,0.5,0,49.8,24.6,28.0,1019.0
2025-06-15T18:47:39.803000+00:00,9963,143,1263,1.1,0,49.8,24.6,29.0,1018.9
2025-06-15T18:48:39.795000+00:00,9963,180,1263,0.9,0,50.1,24.5,28.0,1018.9
2025-06-15T18:49:39.795000+00:00,9963,0,1263,0.9,0,49.9,24.5,28.0,1018.9
2025-06-15T18:50:39.811000+00:00,9963,314,1263,0.8,0,49.9,24.6,27.0,1018.9
2025-06-15T18:51:39.827000+00:00,9963,167,1263,0.7,0,49.8,24.7,28.0,1018.9
2025-06-15T18:52:39.843000+00:00,9963,163,1263,1.5,0,49.9,24.7,27.0,1018.9
2025-06-15T18:53:39.828000+00:00,9963,160,1263,1.4,0,50.0,24.7,28.0,1018.8
2025-06-15T18:54:39.841000+00:00,9963,140,1263,2.0,0,50.3,24.6,28.0,1018.9
2025-06-15T18:55:39.842000+00:00,9963,207,1263,1.4,0,50.3,24.6,28.0,1018.9
2025-06-15T18:56:39.858000+00:00,9963,183,1263,1.2,0,49.9,24.6,28.0,1018.8
2025-06-15T18:57:39.874000+00:00,9963,284,1263,1.6,0,49.9,24.8,27.0,1018.9
2025-06-15T18:58:39.875000+00:00,9963,188,1263,1.1,0,50.2,25.1,28.0,1018.9
2025-06-15T18:59:39.862000+00:00,9963,338,1263,0.8,0,49.8,25.2,27.0,1018.9
2025-06-15T19:00:39.894000+00:00,9963,168,1263,1.0,0,49.8,25.2,29.0,1018.9
2025-06-15T19:01:39.891000+00:00,9963,353,1263,1.5,0,49.6,25.1,30.0,1018.9
2025-06-15T19:02:39.883000+00:00,9963,0,1263,0.7,0,49.9,25.0,28.0,1018.9
2025-06-15T19:03:39.883000+00:00,9963,44,1263,0.9,0,49.9,24.9,27.0,1019.0
2025-06-15T19:04:39.884000+00:00,9963,178,1263,0.9,0,49.9,25.0,27.0,1018.8
2025-06-15T19:05:39.900000+00:00,9963,64,1263,1.0,0,50.0,25.0,27.0,1018.8
2025-06-15T19:06:39.884000+00:00,9963,61,1263,0.9,0,50.0,25.1,28.0,1018.8
2025-06-15T19:07:39.901000+00:00,9963,359,1263,1.0,0,49.8,25.1,28.0,1018.9
2025-06-15T19:08:39.904000+00:00,9963,337,1263,0.8,0,49.8,25.1,28.0,1018.8
2025-06-15T19:09:39.920000+00:00,9963,176,1263,1.1,0,49.3,25.1,27.0,1018.8
2025-06-15T19:10:39.952000+00:00,9963,0,1263,0.9,0,49.3,25.1,29.0,1018.8
2025-06-15T19:11:39.937000+00:00,9963,336,1263,0.6,0,49.9,25.2,29.0,1018.8
2025-06-15T19:12:39.937000+00:00,9963,162,1263,1.1,0,49.6,25.3,27.0,1018.8
2025-06-15T19:13:39.953000+00:00,9963,215,1263,1.1,0,49.7,25.4,29.0,1018.8
2025-06-15T19:14:39.954000+00:00,9963,91,1263,0.5,0,49.7,25.6,27.0,1018.8
2025-06-15T19:15:39.970000+00:00,9963,4,1263,0.5,0,49.8,25.6,27.0,1018.8
2025-06-15T19:16:39.980000+00:00,9963,343,1263,0.9,0,49.2,25.5,26.0,1018.7
2025-06-15T19:17:39.980000+00:00,9963,0,1263,0.7,0,49.2,25.4,26.0,1018.9
2025-06-15T19:18:39.981000+00:00,9963,338,1263,1.1,0,49.4,25.2,27.0,1018.8
2025-06-15T19:19:39.982000+00:00,9963,216,1263,0.6,0,49.4,25.1,27.0,1018.8
2025-06-15T19:20:39.982000+00:00,9963,321,1263,1.1,0,49.5,25.0,27.0,1018.8
2025-06-15T19:21:39.983000+00:00,9963,4,1263,1.3,0,49.5,24.9,27.0,1018.7
2025-06-15T19:22:39.983000+00:00,9963,197,1263,0.8,0,49.5,25.0,27.0,1018.8
2025-06-15T19:23:39.984000+00:00,9963,139,1263,1.0,0,49.6,25.1,26.0,1018.8
2025-06-15T19:24:39.984000+00:00,9963,168,1263,0.8,0,49.6,25.1,27.0,1018.9
2025-06-15T19:25:39.985000+00:00,9963,161,1263,1.0,0,49.7,25.1,27.0,1018.8
2025-06-15T19:26:39.988000+00:00,9963,6,1263,0.8,0,49.4,25.1,27.0,1018.8
2025-06-15T19:27:39.982000+00:00,9963,174,1263,0.7,0,49.7,25.2,27.0,1018.9
2025-06-15T19:28:39.982000+00:00,9963,143,1263,0.9,0,49.5,25.3,27.0,1018.8
2025-06-15T19:29:39.992000+00:00,9963,17,1263,0.6,0,49.5,25.1,27.0,1018.9
2025-06-15T19:30:39.996000+00:00,9963,175,1263,0.6,0,49.3,25.1,27.0,1018.8
2025-06-15T19:31:40.025000+00:00,9963,196,1263,0.8,0,49.6,25.2,26.0,1018.8
2025-06-15T19:32:40.010000+00:00,9963,187,1263,0.6,0,49.6,25.4,25.0,1018.8
2025-06-15T19:33:40.010000+00:00,9963,155,1263,0.6,0,49.5,25.3,25.0,1018.7
2025-06-15T19:34:40.010000+00:00,9963,230,1263,0.4,0,49.4,25.1,26.0,1018.8
2025-06-15T19:35:40.027000+00:00,9963,179,1263,1.0,0,49.5,25.1,26.0,1018.7
2025-06-15T19:36:40.027000+00:00,9963,187,1263,1.7,0,49.6,24.8,25.0,1018.9
2025-06-15T19:37:40.058000+00:00,9963,245,1263,2.0,0,49.4,24.7,27.0,1018.8
2025-06-15T19:38:40.073000+00:00,9963,212,1263,1.5,1,49.4,24.6,26.0,1018.8
2025-06-15T19:39:40.075000+00:00,9963,190,1263,0.9,0,49.3,24.5,26.0,1018.8
2025-06-15T19:40:40.091000+00:00,9963,0,1263,0.8,0,49.3,24.5,26.0,1018.8
2025-06-15T19:41:40.108000+00:00,9963,51,1263,0.4,0,49.4,24.6,26.0,1018.6
2025-06-15T19:42:40.096000+00:00,9963,179,1263,0.7,0,49.4,24.6,25.0,1018.7
2025-06-15T19:43:40.112000+00:00,9963,225,1263,1.1,0,49.3,24.5,25.0,1018.6
2025-06-15T19:44:40.128000+00:00,9963,225,1263,1.1,0,49.3,24.5,25.0,1018.6
2025-06-15T19:45:40.129000+00:00,9963,225,1263,1.1,0,49.3,24.5,25.0,1018.6
2025-06-15T19:46:40.129000+00:00,9963,225,1263,1.1,0,49.3,24.5,25.0,1018.6
2025-06-15T19:47:40.135000+00:00,9963,225,1263,1.1,0,49.3,24.5,25.0,1018.6
2025-06-15T19:48:40.127000+00:00,9963,225,1263,1.1,0,49.3,24.5,25.0,1018.6
2025-06-15T19:49:40.128000+00:00,9963,225,1263,1.1,0,49.3,24.5,25.0,1018.6
2025-06-15T19:50:40.144000+00:00,9963,225,1263,1.1,0,49.3,24.5,25.0,1018.6
2025-06-15T19:51:40.129000+00:00,9963,225,1263,1.1,0,49.3,24.5,25.0,1018.6
2025-06-29T12:07:21.340000+00:00,9955,31,1264,1.9,0,51.3,29.6,34.0,944.0
2025-06-29T12:08:21.342000+00:00,9955,25,1264,1.5,0,51.9,29.5,34.0,944.0
2025-06-29T12:09:21.337000+00:00,9955,358,1264,2.4,0,51.9,29.4,32.0,944.0
2025-06-29T12:10:21.346000+00:00,9955,141,1264,1.2,0,50.4,29.4,34.0,944.0
2025-06-29T12:11:21.358000+00:00,9955,182,1264,0.4,0,49.2,29.3,34.0,943.9
2025-06-29T12:12:21.340000+00:00,9955,0,1264,0.7,0,48.7,29.3,34.0,944.0
2025-06-29T12:13:21.339000+00:00,9955,227,1264,0.0,0,48.7,29.3,34.0,944.0
2025-06-29T12:14:21.343000+00:00,9955,271,1264,0.4,0,49.9,29.5,34.0,944.1
2025-06-29T12:15:21.338000+00:00,9955,57,1264,0.9,0,50.7,29.6,33.0,944.1
2025-06-29T12:16:21.340000+00:00,9955,174,1264,0.7,0,50.4,29.7,33.0,944.1
2025-06-29T12:17:21.347000+00:00,9955,283,1264,0.7,0,50.6,29.7,33.0,944.0
2025-06-29T12:18:21.363000+00:00,9955,326,1264,0.7,0,51.2,29.9,33.0,944.1
2025-06-29T12:19:21.341000+00:00,9955,6,1264,1.3,0,51.2,30.0,33.0,944.0
2025-06-29T12:20:21.344000+00:00,9955,278,1264,0.9,0,50.6,30.0,33.0,944.0
2025-06-29T12:21:21.347000+00:00,9955,242,1264,2.4,0,49.4,30.0,34.0,944.0
2025-06-29T12:22:21.350000+00:00,9955,192,1264,2.2,0,49.4,29.9,34.0,944.0
2025-06-29T12:23:21.346000+00:00,9955,74,1264,1.2,0,49.3,29.8,34.0,944.1
2025-06-29T12:24:21.355000+00:00,9955,63,1264,2.5,0,48.3,29.6,34.0,944.0
2025-06-29T12:25:21.352000+00:00,9955,72,1264,2.1,0,47.8,29.5,34.0,944.0
2025-06-29T12:26:21.354000+00:00,9955,74,1264,1.9,0,47.4,29.3,34.0,944.2
2025-06-29T12:27:21.346000+00:00,9955,73,1264,1.6,0,46.8,29.1,34.0,944.1
2025-06-29T12:28:21.345000+00:00,9955,40,1264,1.1,0,46.1,29.1,35.0,944.0
2025-06-29T12:29:21.354000+00:00,9955,48,1264,1.4,0,48.1,29.1,35.0,944.0
2025-06-29T12:30:21.376000+00:00,9955,63,1264,1.0,0,49.1,29.2,34.0,944.0
2025-06-29T12:31:21.354000+00:00,9955,66,1264,1.1,0,49.1,29.3,33.0,944.0
2025-06-29T12:32:21.367000+00:00,9955,88,1264,1.9,0,48.6,29.5,32.0,943.9
2025-06-29T12:33:21.368000+00:00,9955,67,1264,1.4,0,49.2,29.5,33.0,943.9
2025-06-29T12:34:21.392000+00:00,9955,97,1264,1.2,0,48.5,29.3,34.0,944.0
2025-06-29T12:35:21.409000+00:00,9955,73,1264,0.5,0,48.1,29.4,34.0,944.0
2025-06-29T12:36:21.408000+00:00,9955,208,1264,1.8,0,48.2,29.4,34.0,944.0
2025-06-29T12:37:21.416000+00:00,9955,62,1264,0.8,0,48.7,29.4,34.0,944.0
2025-06-29T12:38:21.429000+00:00,9955,172,1264,0.5,0,49.4,29.4,33.0,944.0
2025-06-29T12:39:21.430000+00:00,9955,53,1264,0.4,0,49.4,29.6,33.0,944.0
2025-06-29T12:40:21.441000+00:00,9955,123,1264,0.9,0,49.5,29.9,34.0,943.9
2025-06-29T12:41:21.457000+00:00,9955,46,1264,0.9,0,49.7,29.9,33.0,944.0
2025-06-29T12:42:21.456000+00:00,9955,21,1264,1.0,0,50.0,29.9,33.0,943.8
2025-06-29T12:43:21.465000+00:00,9955,14,1264,0.9,0,50.5,29.9,33.0,943.8
2025-06-29T12:44:21.498000+00:00,9955,64,1264,0.9,0,51.0,30.0,32.0,943.8
2025-06-29T12:45:21.492000+00:00,9955,103,1264,1.4,0,50.6,30.1,31.0,943.8
2025-06-29T12:46:21.490000+00:00,9955,257,1264,0.7,0,49.9,30.1,32.0,943.8
2025-06-29T12:47:21.488000+00:00,9955,203,1264,0.6,0,49.5,30.0,33.0,943.7
2025-06-29T12:48:21.496000+00:00,9955,56,1264,0.4,0,50.5,30.0,33.0,943.8
2025-06-29T12:49:21.487000+00:00,9955,39,1264,1.3,0,50.5,30.1,32.0,943.8
2025-06-29T12:50:21.503000+00:00,9955,21,1264,0.9,0,50.3,30.2,32.0,943.8
2025-06-29T12:51:21.497000+00:00,9955,35,1264,1.0,0,49.2,30.3,33.0,943.7
2025-06-29T12:52:21.490000+00:00,9955,303,1264,0.5,0,49.2,30.4,33.0,943.8
2025-06-29T12:53:21.490000+00:00,9955,251,1264,1.3,0,50.1,30.4,33.0,943.7
2025-06-29T12:54:21.497000+00:00,9955,256,1264,2.5,0,50.2,30.2,33.0,943.7
2025-06-29T12:55:21.505000+00:00,9955,188,1264,1.9,0,49.7,30.0,32.0,943.7
2025-06-29T12:56:21.516000+00:00,9955,214,1264,1.1,0,49.7,30.0,33.0,943.7
2025-06-29T12:57:21.514000+00:00,9955,299,1264,0.9,0,50.2,30.0,33.0,943.6
2025-06-29T12:58:21.514000+00:00,9955,265,1264,1.0,0,50.4,30.1,33.0,943.7
2025-06-29T12:59:21.536000+00:00,9955,255,1264,1.4,0,50.5,30.1,33.0,943.6
2025-06-29T13:00:21.540000+00:00,9955,233,1264,1.1,0,50.4,30.2,33.0,943.6
2025-06-29T13:01:21.570000+00:00,9955,241,1264,1.0,0,50.4,30.2,33.0,943.6
2025-06-29T13:02:21.566000+00:00,9955,276,1264,1.6,0,50.4,30.2,33.0,943.5
2025-06-29T13:03:21.566000+00:00,9955,275,1264,1.3,0,50.7,30.1,33.0,943.6
2025-06-29T13:04:21.574000+00:00,9955,9,1264,0.5,0,50.8,30.3,32.0,943.6
2025-06-29T13:05:21.592000+00:00,9955,38,1264,1.0,0,50.7,30.3,32.0,943.5
2025-06-29T13:06:21.598000+00:00,9955,26,1264,1.4,0,50.1,30.3,32.0,943.5
2025-06-29T13:07:21.612000+00:00,9955,90,1264,1.0,0,50.3,30.3,33.0,943.5
2025-06-29T13:08:21.614000+00:00,9955,59,1264,0.9,0,50.4,30.1,32.0,943.5
2025-06-29T13:09:21.625000+00:00,9955,51,1264,2.3,0,50.8,30.3,31.0,943.4
2025-06-29T13:10:21.613000+00:00,9955,64,1264,3.0,0,50.8,30.3,31.0,943.5
2025-06-29T13:11:21.624000+00:00,9955,19,1264,2.4,0,49.8,30.4,31.0,943.5
2025-06-29T13:12:21.640000+00:00,9955,95,1264,1.7,0,49.7,30.4,32.0,943.4
2025-06-29T13:13:21.643000+00:00,9955,189,1264,0.9,0,50.5,30.3,33.0,943.5
2025-06-29T13:14:21.634000+00:00,9955,35,1264,1.0,0,50.5,30.3,32.0,943.5
2025-06-29T13:15:21.636000+00:00,9955,102,1264,0.6,0,50.8,30.3,32.0,943.4
2025-06-29T13:16:21.657000+00:00,9955,25,1264,1.2,0,50.3,30.5,32.0,943.4
2025-06-29T13:17:21.663000+00:00,9955,0,1264,1.1,0,48.7,30.4,31.0,943.5
2025-06-29T13:18:21.652000+00:00,9955,207,1264,0.9,0,47.8,30.2,33.0,943.4
2025-06-29T13:19:21.657000+00:00,9955,216,1264,0.9,0,48.6,30.2,33.0,943.4
2025-06-29T13:20:21.669000+00:00,9955,0,1264,1.0,0,49.7,30.4,32.0,943.4
2025-06-29T13:21:21.683000+00:00,9955,57,1264,0.8,0,49.3,30.4,31.0,943.3
2025-06-29T13:22:21.680000+00:00,9955,336,1264,1.5,0,49.2,30.6,32.0,943.4
2025-06-29T13:23:21.761000+00:00,9955,68,1264,0.8,0,49.6,30.7,32.0,943.3
2025-06-29T13:24:21.698000+00:00,9955,74,1264,1.4,0,49.8,30.7,32.0,943.4
2025-06-29T13:25:21.694000+00:00,9955,43,1264,0.6,0,49.8,30.8,32.0,943.3
2025-06-29T13:26:21.712000+00:00,9955,40,1264,1.4,0,49.7,30.7,32.0,943.2
2025-06-29T13:27:21.712000+00:00,9955,61,1264,1.9,0,50.3,30.6,32.0,943.3
2025-06-29T13:28:21.734000+00:00,9955,59,1264,2.1,0,50.4,30.6,32.0,943.2
2025-06-29T13:29:21.730000+00:00,9955,40,1264,2.2,0,50.3,30.6,32.0,943.3
2025-06-29T13:30:21.722000+00:00,9955,66,1264,3.1,0,50.3,30.7,31.0,943.2
2025-06-29T13:31:21.747000+00:00,9955,58,1264,3.7,0,49.9,30.8,31.0,943.3
2025-06-29T13:32:21.754000+00:00,9955,45,1264,2.4,0,49.2,30.6,31.0,943.2
2025-06-29T13:33:21.758000+00:00,9955,65,1264,2.1,0,49.1,30.6,32.0,943.4
2025-06-29T13:34:21.772000+00:00,9955,82,1264,2.1,0,49.2,30.5,31.0,943.2
2025-06-29T13:35:21.796000+00:00,9955,67,1264,2.7,0,49.9,30.4,32.0,943.3
2025-06-29T13:36:21.785000+00:00,9955,72,1264,3.1,0,49.5,30.4,31.0,943.2
2025-06-29T13:37:21.783000+00:00,9955,63,1264,2.1,0,49.5,30.4,32.0,943.3
2025-06-29T13:38:21.786000+00:00,9955,50,1264,2.6,0,49.5,30.5,31.0,943.2
2025-06-29T13:39:21.784000+00:00,9955,43,1264,1.9,0,49.6,30.5,31.0,943.1
2025-06-29T13:40:21.786000+00:00,9955,49,1264,1.9,0,49.7,30.6,30.0,943.1
2025-06-29T13:41:21.798000+00:00,9955,79,1264,2.5,0,49.4,30.6,31.0,943.1
2025-06-29T13:42:21.785000+00:00,9955,61,1264,2.2,0,49.4,30.6,32.0,943.1
2025-06-29T13:43:21.788000+00:00,9955,34,1264,1.8,0,49.0,30.6,31.0,943.1
2025-06-29T13:44:21.786000+00:00,9955,50,1264,1.0,0,49.0,30.5,31.0,943.2
2025-06-29T13:45:21.789000+00:00,9955,63,1264,1.6,0,49.3,30.6,31.0,943.2
2025-06-29T13:46:21.796000+00:00,9955,47,1264,1.9,0,49.3,30.7,31.0,943.2
2025-06-29T13:47:21.780000+00:00,9955,50,1264,1.8,0,49.3,30.6,31.0,943.1
2025-06-29T13:48:21.786000+00:00,9955,23,1264,1.9,0,49.6,30.6,31.0,943.0
2025-06-29T13:49:21.781000+00:00,9955,55,1264,2.4,0,49.6,30.6,30.0,943.1
2025-06-29T13:50:21.786000+00:00,9955,67,1264,1.3,0,49.1,30.5,31.0,943.2
2025-06-29T13:51:21.794000+00:00,9955,72,1264,1.9,0,49.1,30.5,31.0,943.1
2025-06-29T13:52:21.788000+00:00,9955,88,1264,2.4,0,48.8,30.6,31.0,943.1
2025-06-29T13:53:21.796000+00:00,9955,63,1264,1.5,0,49.7,30.6,31.0,943.0
2025-06-29T13:54:21.796000+00:00,9955,66,1264,3.2,0,49.4,30.6,31.0,943.1
2025-06-29T13:55:21.790000+00:00,9955,44,1264,2.5,0,48.8,30.6,31.0,943.2
2025-06-29T13:56:21.790000+00:00,9955,65,1264,2.0,0,48.8,30.5,31.0,943.0
2025-06-29T13:57:21.809000+00:00,9955,54,1264,2.8,0,48.7,30.5,31.0,943.0
2025-06-29T13:58:21.796000+00:00,9955,53,1264,2.2,0,48.7,30.6,32.0,943.0
2025-06-29T13:59:21.790000+00:00,9955,40,1264,2.2,0,48.8,30.6,32.0,943.1
2025-06-29T14:00:21.797000+00:00,9955,20,1264,2.0,0,48.5,30.5,31.0,943.0
2025-06-29T14:01:21.804000+00:00,9955,65,1264,1.6,0,48.5,30.4,32.0,943.1
2025-06-29T14:02:21.806000+00:00,9955,24,1264,1.7,0,48.4,30.5,32.0,943.0
2025-06-29T14:03:21.794000+00:00,9955,353,1264,1.2,0,48.4,30.5,31.0,942.9
2025-06-29T14:04:21.794000+00:00,9955,271,1264,0.0,0,48.1,30.4,31.0,943.0
2025-06-29T14:05:21.794000+00:00,9955,15,1264,1.1,0,48.3,30.4,32.0,942.9
2025-06-29T14:06:21.792000+00:00,9955,359,1264,0.8,0,48.7,30.5,31.0,943.1
2025-06-29T14:07:21.807000+00:00,9955,35,1264,0.7,0,49.3,30.8,31.0,942.9
2025-06-29T14:08:21.817000+00:00,9955,43,1264,3.3,0,48.6,30.9,30.0,943.0
2025-06-29T14:09:21.808000+00:00,9955,5,1264,2.7,0,48.4,30.9,31.0,943.0
2025-06-29T14:10:21.802000+00:00,9955,68,1264,1.1,0,48.4,30.8,32.0,943.0
2025-06-29T14:11:21.808000+00:00,9955,72,1264,1.4,0,48.7,30.8,32.0,942.8
2025-06-29T14:12:21.809000+00:00,9955,43,1264,1.2,0,49.3,31.0,31.0,942.9
2025-06-29T14:13:21.809000+00:00,9955,28,1264,2.1,0,49.1,31.1,31.0,942.9
2025-06-29T14:14:21.810000+00:00,9955,51,1264,2.8,0,49.1,31.2,30.0,942.9
2025-06-29T14:15:21.820000+00:00,9955,54,1264,2.5,0,48.9,31.2,30.0,942.9
2025-06-29T14:16:21.821000+00:00,9955,57,1264,1.8,0,48.0,31.3,31.0,942.8
2025-06-29T14:17:21.829000+00:00,9955,55,1264,0.8,0,48.2,31.3,32.0,942.9
2025-06-29T14:18:21.809000+00:00,9955,72,1264,1.4,0,48.9,31.1,31.0,942.9
2025-06-29T14:19:21.811000+00:00,9955,48,1264,3.2,0,48.9,31.1,31.0,942.7
2025-06-29T14:20:21.817000+00:00,9955,46,1264,2.0,0,48.7,31.1,31.0,942.7
2025-06-29T14:21:21.822000+00:00,9955,60,1264,2.8,0,48.7,31.1,31.0,942.8
2025-06-29T14:22:21.807000+00:00,9955,49,1264,2.5,0,48.7,31.1,31.0,942.9
2025-06-29T14:23:21.822000+00:00,9955,72,1264,3.1,0,48.4,31.1,31.0,942.8
2025-06-29T14:24:21.812000+00:00,9955,41,1264,2.2,0,48.4,31.0,31.0,942.7
2025-06-29T14:25:21.811000+00:00,9955,66,1264,1.9,0,48.6,31.0,31.0,942.6
2025-06-29T14:26:21.825000+00:00,9955,55,1264,2.5,0,48.5,30.9,31.0,942.8
2025-06-29T14:27:21.824000+00:00,9955,40,1264,2.9,0,48.2,30.9,30.0,942.8
2025-06-29T14:28:21.818000+00:00,9955,82,1264,1.7,0,47.5,30.9,31.0,942.7
2025-06-29T14:29:21.825000+00:00,9955,39,1264,1.5,0,48.2,30.7,31.0,942.7
2025-06-29T14:30:21.814000+00:00,9955,60,1264,2.3,0,48.6,30.7,31.0,942.7
2025-06-29T14:31:21.826000+00:00,9955,69,1264,2.0,0,48.6,30.9,30.0,942.7
2025-06-29T14:32:21.817000+00:00,9955,65,1264,2.1,0,48.6,31.0,30.0,942.7
2025-06-29T14:33:21.826000+00:00,9955,72,1264,1.9,0,48.3,31.1,30.0,942.7
2025-06-29T14:34:21.825000+00:00,9955,72,1264,2.8,0,48.2,31.2,30.0,942.6
2025-06-29T14:35:21.819000+00:00,9955,42,1264,2.2,0,48.0,31.3,30.0,942.7
2025-06-29T14:36:21.825000+00:00,9955,28,1264,2.4,0,47.5,31.3,30.0,942.7
2025-06-29T14:37:21.816000+00:00,9955,68,1264,1.6,0,47.5,31.0,32.0,942.6
2025-06-29T14:38:21.829000+00:00,9955,49,1264,2.8,0,47.3,30.8,32.0,942.6
2025-06-29T14:39:21.841000+00:00,9955,19,1264,1.5,0,45.9,30.7,31.0,942.7
2025-06-29T14:40:21.830000+00:00,9955,44,1264,0.9,0,45.9,30.7,32.0,942.6
2025-06-29T14:41:21.820000+00:00,9955,60,1264,1.3,0,46.3,30.6,32.0,942.7
2025-06-29T14:42:21.833000+00:00,9955,41,1264,1.9,0,47.6,30.6,32.0,942.5
2025-06-29T14:43:21.842000+00:00,9955,41,1264,2.0,0,47.8,30.7,31.0,942.5
2025-06-29T14:44:21.827000+00:00,9955,47,1264,3.0,0,46.9,30.7,30.0,942.6
2025-06-29T14:45:21.829000+00:00,9955,34,1264,2.2,0,45.8,30.7,30.0,942.6
2025-06-29T14:46:21.842000+00:00,9955,3,1264,1.8,0,45.7,30.8,31.0,942.6
2025-06-29T14:47:21.837000+00:00,9955,39,1264,0.8,0,46.1,30.8,32.0,942.6
2025-07-06T13:08:00.335000+00:00,9947,174,1277,0.7,0,24.2,18.0,85.0,988.6
2025-07-06T13:09:00.287000+00:00,9947,111,1277,0.9,0,24.6,18.0,83.0,988.5
2025-07-06T13:10:00.295000+00:00,9947,61,1277,2.2,0,24.6,18.1,82.0,988.6
2025-07-06T13:11:00.297000+00:00,9947,71,1277,3.1,0,24.1,18.0,81.0,988.6
2025-07-06T13:12:00.295000+00:00,9947,28,1277,3.0,0,23.9,18.0,79.0,988.5
2025-07-06T13:13:00.297000+00:00,9947,23,1277,0.9,0,24.0,17.9,82.0,988.7
2025-07-06T13:14:00.281000+00:00,9947,248,1277,1.9,0,24.2,18.0,78.0,988.6
2025-07-06T13:15:00.296000+00:00,9947,25,1277,1.3,0,25.4,18.1,79.0,988.5
2025-07-06T13:16:00.297000+00:00,9947,310,1277,1.3,0,25.9,18.3,78.0,988.6
2025-07-06T13:17:00.291000+00:00,9947,344,1277,1.1,0,26.0,18.4,78.0,988.5
2025-07-06T13:18:00.291000+00:00,9947,210,1277,1.2,0,26.0,18.4,78.0,988.6
2025-07-06T13:19:00.298000+00:00,9947,78,1277,1.6,0,24.9,18.5,77.0,988.7
2025-07-06T13:20:00.296000+00:00,9947,63,1277,1.9,0,24.6,18.5,77.0,988.6
2025-07-06T13:21:00.299000+00:00,9947,316,1277,1.7,0,24.0,18.4,78.0,988.6
2025-07-06T13:22:00.301000+00:00,9947,82,1277,1.2,1,24.0,18.3,78.0,988.7
2025-07-06T13:23:00.300000+00:00,9947,352,1277,2.6,1,23.9,18.3,78.0,988.8
2025-07-06T13:24:00.350000+00:00,9947,319,1277,1.0,1,22.6,18.3,77.0,988.6
2025-07-06T13:25:00.306000+00:00,9947,0,1277,1.9,1,22.3,18.1,78.0,988.7
2025-07-06T13:26:00.301000+00:00,9947,6,1277,1.0,1,21.8,18.1,79.0,988.7
2025-07-06T13:27:00.298000+00:00,9947,296,1277,1.2,1,21.4,18.0,79.0,988.7
2025-07-06T13:28:00.302000+00:00,9947,18,1277,2.0,1,21.4,17.8,81.0,988.6
2025-07-06T13:29:00.321000+00:00,9947,13,1277,1.1,1,21.6,17.6,81.0,988.7
2025-07-06T13:30:00.333000+00:00,9947,15,1277,1.0,1,21.7,17.6,82.0,988.8
2025-07-06T13:31:00.344000+00:00,9947,62,1277,0.9,1,21.9,17.5,83.0,988.7
2025-07-06T13:32:00.365000+00:00,9947,94,1277,0.7,1,21.9,17.5,84.0,988.8
2025-07-06T13:33:00.372000+00:00,9947,284,1277,1.2,1,23.4,17.5,85.0,988.7
2025-07-06T13:34:00.360000+00:00,9947,69,1277,1.1,1,22.3,17.4,85.0,988.8
2025-07-06T13:35:00.368000+00:00,9947,89,1277,1.0,1,22.3,17.3,85.0,988.8
2025-07-06T13:36:00.366000+00:00,9947,52,1277,1.7,1,22.8,17.3,85.0,988.7
2025-07-06T13:37:00.374000+00:00,9947,42,1277,1.8,1,22.8,17.2,86.0,988.8
2025-07-06T13:38:00.376000+00:00,9947,72,1277,0.5,1,22.2,17.2,86.0,988.8
2025-07-06T13:39:00.410000+00:00,9947,287,1277,0.6,0,22.2,17.2,87.0,988.7
2025-07-06T13:40:00.419000+00:00,9947,52,1277,0.8,0,22.8,17.3,87.0,988.7
2025-07-06T13:41:00.449000+00:00,9947,301,1277,1.0,0,24.4,17.3,87.0,988.6
2025-07-06T13:42:00.426000+00:00,9947,154,1277,0.7,0,23.9,17.4,88.0,988.7
2025-07-06T13:43:00.432000+00:00,9947,334,1277,0.7,0,23.5,17.5,87.0,988.7
2025-07-06T13:44:00.437000+00:00,9947,318,1277,0.8,0,23.4,17.4,87.0,988.6
2025-07-06T13:45:00.438000+00:00,9947,266,1277,0.9,0,23.4,17.4,85.0,988.6
2025-07-06T13:46:00.432000+00:00,9947,350,1277,0.7,0,23.6,17.2,86.0,988.7
2025-07-06T13:47:00.446000+00:00,9947,81,1277,1.1,0,24.5,17.1,85.0,988.6
2025-07-06T13:48:00.442000+00:00,9947,70,1277,1.3,0,25.9,17.2,85.0,988.6
2025-07-06T13:49:00.462000+00:00,9947,102,1277,1.0,0,26.4,17.1,85.0,988.7
2025-07-06T13:50:00.433000+00:00,9947,9,1277,1.4,0,24.5,17.1,84.0,988.7
2025-07-06T13:51:00.440000+00:00,9947,313,1277,0.6,0,24.5,17.1,84.0,988.6
2025-07-06T13:52:00.446000+00:00,9947,238,1277,1.2,0,25.2,17.3,83.0,988.6
2025-07-06T13:53:00.449000+00:00,9947,213,1277,0.6,0,24.2,17.3,83.0,988.6
2025-07-06T13:54:00.447000+00:00,9947,261,1277,0.8,0,24.3,17.4,84.0,988.6
2025-07-06T13:55:00.440000+00:00,9947,301,1277,0.8,0,24.7,17.5,83.0,988.7
2025-07-06T13:56:00.438000+00:00,9947,148,1277,0.8,0,26.1,17.7,83.0,988.7
2025-07-06T13:57:00.450000+00:00,9947,7,1277,0.9,0,26.0,17.7,84.0,988.7
2025-07-06T13:58:00.445000+00:00,9947,167,1277,0.7,0,26.0,17.7,83.0,988.7
2025-07-06T13:59:00.448000+00:00,9947,272,1277,1.3,0,26.5,17.7,82.0,988.7
2025-07-06T14:00:00.447000+00:00,9947,205,1277,0.6,0,26.8,18.0,84.0,988.6
2025-07-06T14:01:00.453000+00:00,9947,285,1277,1.0,0,27.7,17.9,82.0,988.7
2025-07-06T14:02:00.450000+00:00,9947,89,1277,1.1,0,29.6,18.1,83.0,988.7
2025-07-06T14:03:00.456000+00:00,9947,93,1277,1.3,0,26.3,18.2,82.0,988.7
2025-07-06T14:04:00.459000+00:00,9947,0,1277,0.9,0,24.1,18.3,80.0,988.7
2025-07-06T14:05:00.469000+00:00,9947,260,1277,1.2,0,24.1,18.3,80.0,988.7
2025-07-06T14:06:00.477000+00:00,9947,8,1277,1.0,0,24.5,18.5,82.0,988.6
2025-07-06T14:07:00.489000+00:00,9947,289,1277,1.1,0,24.5,18.5,78.0,988.6
2025-07-06T14:08:00.492000+00:00,9947,66,1277,1.5,0,24.5,18.4,80.0,988.6
2025-07-06T14:09:00.493000+00:00,9947,121,1277,1.2,0,24.8,18.5,80.0,988.7
2025-07-06T14:10:00.511000+00:00,9947,332,1277,1.1,0,24.8,18.6,78.0,988.7
2025-07-06T14:11:00.498000+00:00,9947,0,1277,1.3,0,24.8,18.7,75.0,988.7
2025-07-06T14:12:00.523000+00:00,9947,313,1277,0.9,0,24.9,18.6,75.0,988.7
2025-07-06T14:13:00.546000+00:00,9947,156,1277,0.7,0,24.9,18.6,75.0,988.7
2025-07-06T14:14:00.544000+00:00,9947,93,1277,1.2,0,25.2,18.8,77.0,988.8
2025-07-06T14:15:00.548000+00:00,9947,274,1277,1.5,0,25.0,19.1,74.0,988.7
2025-07-06T14:16:00.558000+00:00,9947,82,1277,1.3,0,24.4,19.1,75.0,988.7
2025-07-06T14:17:00.557000+00:00,9947,16,1277,2.6,0,24.0,19.1,73.0,988.6
2025-07-06T14:18:00.560000+00:00,9947,186,1277,1.1,0,24.0,19.2,74.0,988.7
2025-07-06T14:19:00.556000+00:00,9947,40,1277,1.0,0,24.2,19.2,75.0,988.6
2025-07-06T14:20:00.556000+00:00,9947,238,1277,1.1,0,24.8,19.2,74.0,988.4
2025-07-06T14:21:00.569000+00:00,9947,71,1277,0.7,0,24.8,19.2,74.0,988.6
2025-07-06T14:22:00.591000+00:00,9947,29,1277,1.9,0,24.3,19.2,72.0,988.6
2025-07-06T14:23:00.549000+00:00,9947,275,1277,0.7,0,24.1,19.0,74.0,988.6
2025-07-06T14:24:00.571000+00:00,9947,292,1277,1.2,1,24.0,19.0,74.0,988.8
2025-07-06T14:25:00.558000+00:00,9947,105,1277,1.1,1,23.3,18.9,73.0,988.8
2025-07-06T14:26:00.581000+00:00,9947,70,1277,3.1,1,22.5,18.7,72.0,988.7
2025-07-06T14:27:00.600000+00:00,9947,69,1277,5.8,1,21.5,18.5,72.0,988.6
2025-07-06T14:28:00.604000+00:00,9947,67,1277,4.5,1,21.0,18.1,74.0,988.8
2025-07-06T14:29:00.601000+00:00,9947,65,1277,3.9,1,20.5,17.8,77.0,988.8
2025-07-06T14:30:00.601000+00:00,9947,71,1277,5.4,1,20.1,17.4,78.0,988.8
2025-07-06T14:31:00.602000+00:00,9947,75,1277,4.2,1,20.0,17.1,80.0,988.9
2025-07-06T14:32:00.599000+00:00,9947,89,1277,2.9,1,20.0,16.7,82.0,988.9
2025-07-06T14:33:00.613000+00:00,9947,63,1277,3.0,1,20.2,16.5,83.0,988.9
2025-07-06T14:34:00.609000+00:00,9947,71,1277,2.1,1,20.3,16.3,84.0,989.0
2025-07-06T14:35:00.616000+00:00,9947,67,1277,2.8,0,20.5,16.2,85.0,988.9
2025-07-06T14:36:00.627000+00:00,9947,73,1277,2.3,0,20.8,16.1,85.0,989.0
2025-07-06T14:37:00.633000+00:00,9947,51,1277,1.4,0,21.1,16.0,85.0,989.0
2025-07-06T14:38:00.653000+00:00,9947,74,1277,1.8,0,21.3,16.1,85.0,989.0
2025-07-06T14:39:00.649000+00:00,9947,72,1277,1.9,0,21.5,16.1,84.0,988.9
2025-07-06T14:40:00.657000+00:00,9947,60,1277,1.0,0,21.7,16.1,84.0,989.0
2025-07-06T14:41:00.653000+00:00,9947,67,1277,1.2,0,21.7,16.1,85.0,989.0
2025-07-06T14:42:00.650000+00:00,9947,66,1277,1.1,0,22.8,16.2,84.0,989.0
2025-07-06T14:43:00.678000+00:00,9947,44,1277,1.5,0,23.9,16.4,85.0,989.0
2025-07-06T14:44:00.648000+00:00,9947,326,1277,0.9,0,24.2,16.5,84.0,988.9
2025-07-06T14:45:00.654000+00:00,9947,110,1277,0.7,0,24.3,16.6,83.0,988.9
2025-07-06T14:46:00.654000+00:00,9947,80,1277,0.8,0,24.3,16.6,83.0,989.0
2025-07-06T14:47:00.671000+00:00,9947,55,1277,1.6,0,23.8,16.8,82.0,988.8
2025-07-06T14:48:00.691000+00:00,9947,79,1277,2.5,0,23.4,16.7,81.0,988.8
2025-07-06T14:49:00.701000+00:00,9947,56,1277,2.3,0,23.3,16.8,80.0,988.8
2025-07-06T14:50:00.719000+00:00,9947,62,1277,1.9,0,23.1,16.7,82.0,988.9
2025-07-06T14:51:00.726000+00:00,9947,62,1277,2.4,0,23.1,16.9,81.0,988.9
2025-07-06T14:52:00.737000+00:00,9947,68,1277,2.2,0,22.9,17.0,80.0,988.8
2025-07-06T14:53:00.748000+00:00,9947,57,1277,2.4,0,22.8,17.0,81.0,988.9
2025-07-06T14:54:00.755000+00:00,9947,58,1277,1.6,0,22.9,17.0,82.0,988.9
2025-07-06T14:55:00.737000+00:00,9947,65,1277,1.8,0,22.9,17.1,80.0,988.9
2025-07-06T14:56:00.743000+00:00,9947,0,1277,0.9,0,22.8,17.2,80.0,988.9
2025-07-06T14:57:00.753000+00:00,9947,64,1277,1.2,0,22.7,17.1,81.0,988.9
2025-07-06T14:58:00.744000+00:00,9947,115,1277,1.3,0,22.5,17.2,80.0,988.9
2025-07-06T14:59:00.745000+00:00,9947,222,1277,0.8,0,22.5,17.1,81.0,988.9
2025-07-06T15:00:00.738000+00:00,9947,53,1277,0.8,0,22.6,17.2,82.0,988.9
2025-07-06T15:01:00.736000+00:00,9947,325,1277,0.7,0,22.6,17.4,81.0,988.8
2025-07-06T15:02:00.739000+00:00,9947,263,1277,0.8,0,22.8,17.4,82.0,989.0
2025-07-06T15:03:00.744000+00:00,9947,330,1277,1.3,0,22.8,17.5,82.0,988.9
2025-07-06T15:04:00.740000+00:00,9947,22,1277,1.3,0,22.4,17.5,81.0,988.9
2025-07-06T15:05:00.743000+00:00,9947,262,1277,0.8,0,22.4,17.6,80.0,988.8
2025-07-06T15:06:00.740000+00:00,9947,346,1277,1.7,0,22.4,17.7,82.0,988.8
2025-07-06T15:07:00.809000+00:00,9947,230,1277,1.1,0,23.0,17.7,80.0,988.8
2025-07-06T15:08:00.757000+00:00,9947,72,1277,1.5,0,23.3,17.9,80.0,988.7
2025-07-06T15:09:00.808000+00:00,9947,101,1277,0.5,0,23.5,17.9,80.0,988.9
2025-07-06T15:10:00.791000+00:00,9947,217,1277,1.1,0,23.6,18.0,77.0,988.8
2025-07-06T15:11:00.796000+00:00,9947,127,1277,1.2,0,23.5,18.0,76.0,988.9
2025-07-06T15:12:00.818000+00:00,9947,144,1277,1.3,0,23.3,18.0,73.0,988.9
2025-07-06T15:13:00.818000+00:00,9947,248,1277,0.7,0,23.2,18.2,74.0,988.9
2025-07-06T15:14:01.038000+00:00,9947,87,1277,0.9,0,23.3,18.3,74.0,988.9
2025-07-06T15:15:00.837000+00:00,9947,68,1277,1.9,0,23.2,18.5,73.0,988.9
2025-07-06T15:16:00.845000+00:00,9947,275,1277,1.4,0,23.2,18.5,72.0,988.8
2025-07-06T15:17:00.846000+00:00,9947,101,1277,0.6,0,23.4,18.5,73.0,988.8
2025-07-06T15:18:00.855000+00:00,9947,59,1277,1.5,0,23.7,18.5,72.0,988.9
2025-07-06T15:19:00.853000+00:00,9947,80,1277,2.1,0,24.5,18.6,72.0,989.0
2025-07-06T15:20:00.850000+00:00,9947,123,1277,2.1,0,24.1,18.7,70.0,988.9
2025-07-06T15:21:00.882000+00:00,9947,44,1277,2.0,0,23.7,18.7,70.0,988.9
2025-07-06T15:22:00.884000+00:00,9947,47,1277,1.5,0,23.6,18.8,70.0,988.9
2025-07-06T15:23:00.888000+00:00,9947,307,1277,2.3,0,23.6,18.9,68.0,988.9
2025-07-06T15:24:00.879000+00:00,9947,0,1277,0.0,0,23.6,18.9,69.0,989.0
2025-07-06T15:25:00.895000+00:00,9947,296,1277,2.5,0,23.5,19.0,69.0,988.8
2025-07-06T15:26:00.882000+00:00,9947,54,1277,1.4,0,23.2,18.9,68.0,988.9
2025-07-06T15:27:00.903000+00:00,9947,59,1277,1.1,0,22.8,19.0,68.0,988.9
2025-07-06T15:28:00.896000+00:00,9947,40,1277,2.0,0,23.2,19.0,69.0,988.9
2025-07-06T15:29:00.888000+00:00,9947,50,1277,2.3,0,23.7,18.9,68.0,988.8
2025-07-06T15:30:00.886000+00:00,9947,269,1277,2.2,0,24.0,19.0,67.0,988.8
2025-07-06T15:31:00.885000+00:00,9947,320,1277,1.8,0,24.0,19.1,66.0,988.8
2025-07-06T15:32:00.881000+00:00,9947,271,1277,2.1,0,23.8,19.1,66.0,988.9
2025-07-06T15:33:00.894000+00:00,9947,51,1277,1.5,0,23.6,19.2,67.0,989.0
2025-07-06T15:34:00.890000+00:00,9947,302,1277,0.9,0,23.6,19.2,67.0,989.0
2025-07-06T15:35:00.897000+00:00,9947,25,1277,1.3,0,23.6,19.2,67.0,988.9
2025-07-06T15:36:00.898000+00:00,9947,245,1277,1.1,0,23.7,19.1,67.0,988.9
2025-07-06T15:37:00.903000+00:00,9947,92,1277,1.9,0,24.4,19.2,68.0,988.9
2025-07-06T15:38:00.887000+00:00,9947,95,1277,1.1,0,24.4,19.3,65.0,989.1
2025-07-06T15:39:00.899000+00:00,9947,230,1277,1.9,0,24.4,19.4,64.0,989.0
2025-07-06T15:40:00.890000+00:00,9947,287,1277,1.5,0,24.6,19.5,65.0,989.0
2025-07-06T15:41:00.890000+00:00,9947,48,1277,1.6,0,24.6,19.5,64.0,989.0
2025-07-06T15:42:00.907000+00:00,9947,99,1277,1.7,0,24.3,19.6,63.0,988.9
2025-07-27T12:06:04.141000+00:00,9939,328,1265,1.8,0,26.7,18.8,81.0,965.0
2025-07-27T12:07:04.141000+00:00,9939,301,1265,1.6,0,26.5,18.9,82.0,965.0
2025-07-27T12:08:04.121000+00:00,9939,320,1265,1.3,0,26.1,19.0,80.0,965.1
2025-07-27T12:09:04.151000+00:00,9939,338,1265,1.2,0,25.9,18.9,81.0,965.0
2025-07-27T12:10:04.139000+00:00,9939,316,1265,1.7,0,25.9,18.6,81.0,965.1
2025-07-27T12:11:04.155000+00:00,9939,296,1265,1.3,0,25.6,18.5,79.0,965.1
2025-07-27T12:12:04.155000+00:00,9939,347,1265,1.1,0,25.3,18.4,82.0,965.1
2025-07-27T12:13:04.169000+00:00,9939,298,1265,1.2,1,25.2,18.4,82.0,965.0
2025-07-27T12:14:04.192000+00:00,9939,295,1265,1.1,1,25.3,18.3,83.0,965.0
2025-07-27T12:15:04.161000+00:00,9939,260,1265,1.5,1,25.6,18.3,80.0,965.0
2025-07-27T12:16:04.179000+00:00,9939,0,1265,0.6,0,26.2,18.2,82.0,965.0
2025-07-27T12:17:04.182000+00:00,9939,330,1265,1.0,0,26.3,18.2,83.0,965.0
2025-07-27T12:18:04.198000+00:00,9939,275,1265,2.0,0,26.8,18.3,82.0,965.0
2025-07-27T12:19:04.312000+00:00,9939,355,1265,1.1,0,27.3,18.3,79.0,965.1
2025-07-27T12:20:04.213000+00:00,9939,338,1265,1.7,0,27.6,18.4,77.0,965.1
2025-07-27T12:21:04.226000+00:00,9939,315,1265,1.4,1,27.3,18.5,76.0,965.0
2025-07-27T12:22:04.241000+00:00,9939,356,1265,1.6,1,26.8,18.5,78.0,965.0
2025-07-27T12:23:04.230000+00:00,9939,332,1265,1.2,1,26.3,18.6,78.0,965.1
2025-07-27T12:24:04.217000+00:00,9939,332,1265,1.4,1,26.2,18.7,76.0,964.9
2025-07-27T12:25:04.215000+00:00,9939,334,1265,1.2,1,25.8,18.8,78.0,964.9
2025-07-27T12:26:04.240000+00:00,9939,276,1265,0.7,1,25.7,18.8,80.0,964.9
2025-07-27T12:27:04.240000+00:00,9939,358,1265,1.5,1,25.4,18.9,78.0,965.0
2025-07-27T12:28:04.266000+00:00,9939,0,1265,1.7,1,25.1,18.8,79.0,964.9
2025-07-27T12:29:04.280000+00:00,9939,10,1265,1.0,1,25.0,18.8,80.0,965.1
2025-07-27T12:30:04.263000+00:00,9939,2,1265,1.7,1,24.9,18.7,79.0,965.0
2025-07-27T12:31:04.295000+00:00,9939,331,1265,1.7,1,24.1,18.6,80.0,965.0
2025-07-27T12:32:04.291000+00:00,9939,330,1265,2.0,1,24.0,18.5,81.0,965.1
2025-07-27T12:33:04.307000+00:00,9939,311,1265,0.9,1,23.5,18.3,84.0,965.0
2025-07-27T12:34:04.314000+00:00,9939,109,1265,1.3,1,23.3,18.1,82.0,965.1
2025-07-27T12:35:04.321000+00:00,9939,175,1265,1.1,1,22.6,17.9,84.0,965.1
2025-07-27T12:36:04.316000+00:00,9939,341,1265,0.9,1,22.7,17.7,86.0,965.1
2025-07-27T12:37:04.516000+00:00,9939,333,1265,1.1,1,22.7,17.5,86.0,965.0
2025-07-27T12:38:04.540000+00:00,9939,246,1265,0.6,1,22.7,17.4,86.0,965.0
2025-07-27T12:39:04.540000+00:00,9939,14,1265,1.0,1,22.4,17.3,87.0,965.1
2025-07-27T12:40:04.540000+00:00,9939,340,1265,0.4,1,22.6,17.2,89.0,965.0
2025-07-27T12:41:04.522000+00:00,9939,0,1265,1.2,1,22.7,17.2,88.0,965.1
2025-07-27T12:42:04.560000+00:00,9939,323,1265,0.4,1,22.8,17.1,90.0,965.0
2025-07-27T12:43:04.540000+00:00,9939,346,1265,1.3,1,23.2,17.1,90.0,965.0
2025-07-27T12:44:04.555000+00:00,9939,334,1265,2.2,1,23.3,17.0,88.0,965.0
2025-07-27T12:45:04.578000+00:00,9939,305,1265,1.4,1,23.1,17.1,89.0,965.0
2025-07-27T12:46:04.580000+00:00,9939,302,1265,2.3,1,23.1,17.1,88.0,965.0
2025-07-27T12:47:04.601000+00:00,9939,343,1265,1.8,1,23.1,17.0,88.0,965.1
2025-07-27T12:48:04.617000+00:00,9939,345,1265,1.7,1,23.1,17.1,88.0,965.0
2025-07-27T12:49:04.640000+00:00,9939,296,1265,1.1,1,23.4,17.1,88.0,965.1
2025-07-27T12:50:04.672000+00:00,9939,297,1265,0.9,1,23.4,17.0,90.0,965.0
2025-07-27T12:51:04.679000+00:00,9939,310,1265,0.5,1,23.6,17.0,89.0,965.0
2025-07-27T12:52:04.678000+00:00,9939,285,1265,0.8,1,23.7,17.1,89.0,965.0
2025-07-27T12:53:04.657000+00:00,9939,311,1265,2.4,1,23.7,17.1,89.0,965.1
2025-07-27T12:54:04.667000+00:00,9939,319,1265,1.8,1,23.7,17.1,88.0,965.0
2025-07-27T12:55:04.680000+00:00,9939,324,1265,1.4,1,23.6,17.0,89.0,965.1
2025-07-27T12:56:04.697000+00:00,9939,347,1265,0.9,1,23.8,17.1,90.0,965.1
2025-07-27T12:57:04.695000+00:00,9939,352,1265,1.8,1,23.8,17.1,88.0,965.0
2025-07-27T12:58:04.697000+00:00,9939,313,1265,1.1,1,23.8,17.1,88.0,964.9
2025-07-27T12:59:04.709000+00:00,9939,290,1265,1.3,1,23.8,17.0,90.0,965.0
2025-07-27T13:00:04.708000+00:00,9939,291,1265,1.8,1,23.8,17.0,88.0,965.1
2025-07-27T13:01:04.707000+00:00,9939,297,1265,1.6,1,23.8,17.0,90.0,965.0
2025-07-27T13:02:04.706000+00:00,9939,343,1265,1.3,1,24.0,17.0,89.0,964.9
2025-07-27T13:03:04.709000+00:00,9939,350,1265,1.3,1,24.0,17.0,89.0,965.0
2025-07-27T13:04:04.698000+00:00,9939,347,1265,1.6,1,24.1,17.1,89.0,965.1
2025-07-27T13:05:04.691000+00:00,9939,302,1265,1.7,1,24.1,17.2,88.0,965.0
2025-07-27T13:06:04.717000+00:00,9939,344,1265,2.1,1,23.9,17.1,88.0,965.0
2025-07-27T13:07:04.719000+00:00,9939,308,1265,1.5,1,24.0,17.1,89.0,965.0
2025-07-27T13:08:04.708000+00:00,9939,280,1265,1.4,1,24.0,17.1,88.0,965.0
2025-07-27T13:09:04.710000+00:00,9939,0,1265,1.5,0,24.0,17.1,88.0,965.0
2025-07-27T13:10:04.715000+00:00,9939,337,1265,0.7,1,24.5,17.2,90.0,965.1
2025-07-27T13:11:04.760000+00:00,9939,278,1265,0.6,1,24.5,17.3,90.0,965.1
2025-07-27T13:12:04.725000+00:00,9939,330,1265,1.1,0,24.4,17.2,88.0,965.1
2025-07-27T13:13:04.740000+00:00,9939,334,1265,0.9,0,24.3,17.2,88.0,965.1
2025-07-27T13:14:04.776000+00:00,9939,339,1265,1.1,0,24.3,17.3,89.0,965.0
2025-07-27T13:15:04.767000+00:00,9939,323,1265,1.1,0,24.1,17.3,88.0,965.1
2025-07-27T13:16:04.768000+00:00,9939,319,1265,1.4,1,23.7,17.4,89.0,965.1
2025-07-27T13:17:04.750000+00:00,9939,342,1265,1.7,1,23.5,17.4,89.0,965.2
2025-07-27T13:18:04.750000+00:00,9939,354,1265,3.2,1,22.6,17.3,86.0,965.3
2025-07-27T13:19:04.765000+00:00,9939,314,1265,2.5,1,22.5,17.2,87.0,965.3
2025-07-27T13:20:04.775000+00:00,9939,320,1265,3.0,1,21.6,17.0,84.0,965.3
2025-07-27T13:21:04.774000+00:00,9939,321,1265,2.2,1,21.3,16.8,87.0,965.3
2025-07-27T13:22:04.790000+00:00,9939,320,1265,2.8,1,21.3,16.7,87.0,965.3
2025-07-27T13:23:04.805000+00:00,9939,334,1265,1.7,1,21.2,16.5,88.0,965.3
2025-07-27T13:24:04.810000+00:00,9939,340,1265,2.0,1,21.1,16.2,88.0,965.3
2025-07-27T13:25:04.826000+00:00,9939,338,1265,0.9,1,20.9,16.0,87.0,965.4
2025-07-27T13:26:04.823000+00:00,9939,337,1265,1.8,1,20.8,15.7,88.0,965.4
2025-07-27T13:27:04.855000+00:00,9939,339,1265,2.2,1,20.7,15.6,87.0,965.4
2025-07-27T13:28:04.847000+00:00,9939,305,1265,2.1,1,20.7,15.4,87.0,965.4
2025-07-27T13:29:04.842000+00:00,9939,312,1265,1.6,1,20.7,15.2,90.0,965.3
2025-07-27T13:30:04.837000+00:00,9939,287,1265,1.8,1,20.8,15.1,88.0,965.4
2025-07-27T13:31:04.853000+00:00,9939,292,1265,2.1,1,20.8,14.9,89.0,965.4
2025-07-27T13:32:04.863000+00:00,9939,320,1265,2.0,1,20.7,14.8,90.0,965.2
2025-07-27T13:33:04.855000+00:00,9939,298,1265,1.4,1,20.7,14.8,90.0,965.3
2025-07-27T13:34:04.863000+00:00,9939,324,1265,1.6,1,20.8,14.8,90.0,965.2
2025-07-27T13:35:04.862000+00:00,9939,332,1265,1.1,1,20.9,14.7,91.0,965.2
2025-07-27T13:36:04.858000+00:00,9939,284,1265,1.7,1,20.9,14.7,91.0,965.1
2025-07-27T13:37:04.859000+00:00,9939,272,1265,0.9,1,20.9,14.7,89.0,965.1
2025-07-27T13:38:04.866000+00:00,9939,238,1265,1.3,1,20.9,14.6,90.0,965.1
2025-07-27T13:39:04.857000+00:00,9939,267,1265,0.7,1,21.1,14.6,90.0,965.0
2025-07-27T13:40:04.843000+00:00,9939,266,1265,0.7,1,21.1,14.5,89.0,965.0
2025-07-27T13:41:04.859000+00:00,9939,302,1265,0.8,1,21.1,14.5,90.0,965.0
2025-07-27T13:42:04.873000+00:00,9939,309,1265,1.0,1,21.1,14.6,90.0,965.0
2025-07-27T13:43:04.842000+00:00,9939,290,1265,0.5,1,21.0,14.5,90.0,965.0
2025-07-27T13:44:04.868000+00:00,9939,351,1265,1.1,1,21.1,14.6,91.0,964.9
2025-07-27T13:45:04.870000+00:00,9939,305,1265,0.9,1,21.2,14.5,90.0,964.9
2025-07-27T13:46:04.865000+00:00,9939,307,1265,0.7,1,21.2,14.6,91.0,964.8
2025-07-27T13:47:04.875000+00:00,9939,356,1265,0.9,1,21.2,14.6,91.0,964.7
2025-07-27T13:48:04.869000+00:00,9939,313,1265,0.7,1,21.2,14.6,91.0,964.7
2025-07-27T13:49:04.865000+00:00,9939,290,1265,0.9,1,21.2,14.6,90.0,964.7
2025-07-27T13:50:04.885000+00:00,9939,310,1265,1.1,1,21.4,14.6,91.0,964.7
2025-07-27T13:51:04.885000+00:00,9939,285,1265,1.3,1,21.4,14.6,91.0,964.7
2025-07-27T13:52:04.909000+00:00,9939,317,1265,1.2,1,21.5,14.6,90.0,964.7
2025-07-27T13:53:04.910000+00:00,9939,273,1265,1.1,1,21.7,14.6,91.0,964.6
2025-07-27T13:54:04.912000+00:00,9939,0,1265,1.2,1,22.1,14.6,91.0,964.7
2025-07-27T13:55:04.921000+00:00,9939,317,1265,0.8,1,22.3,14.8,93.0,964.8
2025-07-27T13:56:04.923000+00:00,9939,281,1265,1.1,1,22.9,14.9,93.0,964.7
2025-07-27T13:57:04.927000+00:00,9939,330,1265,1.4,1,23.1,15.0,90.0,964.7
2025-07-27T13:58:04.906000+00:00,9939,315,1265,1.8,1,23.1,15.2,91.0,964.7
2025-07-27T13:59:04.928000+00:00,9939,287,1265,1.5,1,23.2,15.3,91.0,964.7
2025-07-27T14:00:04.928000+00:00,9939,306,1265,1.5,1,23.2,15.3,91.0,964.7
2025-07-27T14:01:04.959000+00:00,9939,303,1265,2.0,0,24.3,15.5,90.0,964.6
2025-07-27T14:02:04.975000+00:00,9939,302,1265,0.7,0,25.0,15.6,93.0,964.7
2025-07-27T14:03:04.976000+00:00,9939,321,1265,0.8,1,25.2,15.6,92.0,964.7
2025-07-27T14:04:04.992000+00:00,9939,330,1265,1.5,1,25.4,15.8,90.0,964.7
2025-07-27T14:05:05.005000+00:00,9939,318,1265,1.2,0,25.5,15.9,89.0,964.7
2025-07-27T14:06:05.005000+00:00,9939,282,1265,1.6,0,25.9,16.0,89.0,964.7
2025-07-27T14:07:05.011000+00:00,9939,311,1265,1.8,0,26.0,16.1,87.0,964.7
2025-07-27T14:08:05.007000+00:00,9939,313,1265,2.0,0,26.2,16.2,90.0,964.7
2025-07-27T14:09:05.007000+00:00,9939,328,1265,1.5,0,26.3,16.4,86.0,964.7
2025-07-27T14:10:05.022000+00:00,9939,325,1265,1.3,1,26.3,16.4,86.0,964.8
2025-07-27T14:11:05.020000+00:00,9939,287,1265,0.6,1,26.3,16.5,87.0,964.7
2025-07-27T14:12:05.038000+00:00,9939,347,1265,1.8,0,26.3,16.7,83.0,964.8
2025-07-27T14:13:05.046000+00:00,9939,356,1265,1.9,0,26.6,16.8,86.0,964.8
2025-07-27T14:14:05.067000+00:00,9939,333,1265,1.6,0,26.8,16.9,85.0,964.8
2025-07-27T14:15:05.067000+00:00,9939,337,1265,1.5,0,26.6,17.0,85.0,964.8
2025-07-27T14:16:05.057000+00:00,9939,331,1265,1.1,0,26.4,17.1,85.0,964.8
2025-07-27T14:17:05.089000+00:00,9939,354,1265,1.5,0,26.4,17.3,85.0,964.7
2025-07-27T14:18:05.089000+00:00,9939,347,1265,1.5,0,26.3,17.4,84.0,964.7
2025-07-27T14:19:05.079000+00:00,9939,305,1265,1.4,0,26.2,17.4,82.0,964.8
2025-07-27T14:20:05.096000+00:00,9939,322,1265,1.6,0,26.1,17.5,84.0,964.8
2025-07-27T14:21:05.122000+00:00,9939,326,1265,1.4,0,26.1,17.6,84.0,964.9
2025-07-27T14:22:05.116000+00:00,9939,333,1265,1.5,0,25.9,17.7,85.0,964.7
2025-07-27T14:23:05.119000+00:00,9939,285,1265,1.5,0,25.1,17.6,82.0,964.8
2025-07-27T14:24:05.125000+00:00,9939,333,1265,1.5,0,24.8,17.7,84.0,964.8
2025-07-27T14:25:05.144000+00:00,9939,318,1265,1.2,0,24.8,17.7,84.0,964.8
2025-07-27T14:26:05.112000+00:00,9939,339,1265,1.5,0,24.9,17.6,84.0,964.9
2025-07-27T14:27:05.120000+00:00,9939,315,1265,1.8,0,25.0,17.6,84.0,964.9
2025-07-27T14:28:05.126000+00:00,9939,300,1265,1.9,0,24.8,17.6,84.0,964.9
2025-07-27T14:29:05.130000+00:00,9939,331,1265,1.2,0,24.4,17.4,83.0,964.9
2025-07-27T14:30:05.155000+00:00,9939,330,1265,1.8,0,24.5,17.3,85.0,965.0
2025-07-27T14:31:05.151000+00:00,9939,304,1265,1.6,0,24.9,17.3,83.0,965.0
2025-07-27T14:32:05.156000+00:00,9939,332,1265,1.1,0,24.9,17.4,85.0,964.9
2025-07-27T14:33:05.156000+00:00,9939,2,1265,1.1,0,25.5,17.4,84.0,964.9
2025-07-27T14:34:05.134000+00:00,9939,335,1265,0.9,0,25.6,17.4,82.0,965.0
2025-07-27T14:35:05.148000+00:00,9939,307,1265,1.1,0,25.7,17.4,82.0,965.0
2025-07-27T14:36:05.159000+00:00,9939,305,1265,1.7,0,25.8,17.4,83.0,965.0
2025-07-27T14:37:05.164000+00:00,9939,317,1265,2.6,0,25.9,17.5,83.0,965.0
2025-07-27T14:38:05.175000+00:00,9939,313,1265,2.7,0,25.5,17.5,80.0,965.0
2025-07-27T14:39:05.196000+00:00,9939,297,1265,1.9,0,25.5,17.5,81.0,965.1
2025-07-27T14:40:05.185000+00:00,9939,275,1265,2.0,0,25.5,17.5,81.0,965.1
2025-07-27T14:41:05.195000+00:00,9939,357,1265,2.3,0,25.9,17.6,83.0,965.2
2025-07-27T14:42:05.185000+00:00,9939,339,1265,1.5,0,25.9,17.5,79.0,965.1
2025-07-27T14:43:05.196000+00:00,9939,327,1265,1.8,0,25.9,17.5,83.0,965.1
2025-07-27T14:44:05.191000+00:00,9939,355,1265,1.9,0,25.9,17.5,82.0,965.1
2025-07-27T14:45:05.213000+00:00,9939,355,1265,1.9,0,25.9,17.5,82.0,965.1
2025-07-27T14:46:05.216000+00:00,9939,318,1265,2.2,0,25.4,17.6,81.0,965.2
2025-07-27T14:47:05.215000+00:00,9939,0,1265,1.8,0,25.3,17.6,80.0,965.2
2025-07-27T14:48:05.220000+00:00,9939,318,1265,1.1,0,25.1,17.6,81.0,965.2
2025-07-27T14:49:05.220000+00:00,9939,344,1265,2.5,0,25.1,17.5,79.0,965.2
2025-07-27T14:50:05.230000+00:00,9939,332,1265,1.5,0,25.8,17.5,81.0,965.3
2025-07-27T14:51:05.231000+00:00,9939,306,1265,1.2,0,26.0,17.5,83.0,965.2
2025-07-27T14:52:05.252000+00:00,9939,31,1265,0.7,0,26.0,17.4,82.0,965.3
2025-07-27T14:53:05.262000+00:00,9939,342,1265,1.9,0,25.8,17.5,80.0,965.2
2025-07-27T14:54:05.244000+00:00,9939,327,1265,1.9,0,25.8,17.5,79.0,965.2
2025-07-27T14:55:05.279000+00:00,9939,336,1265,1.5,0,26.1,17.5,80.0,965.1
2025-07-27T14:56:05.280000+00:00,9939,338,1265,2.5,0,26.3,17.6,80.0,965.1
2025-07-27T14:57:05.301000+00:00,9939,316,1265,1.6,0,26.1,17.6,79.0,965.2
2025-07-27T14:58:05.299000+00:00,9939,312,1265,1.4,0,26.1,17.8,81.0,965.2
2025-07-27T14:59:05.290000+00:00,9939,303,1265,1.6,0,26.2,17.8,81.0,965.3
2025-07-27T15:00:05.301000+00:00,9939,342,1265,1.4,0,26.2,17.9,79.0,965.2
2025-07-27T15:01:05.311000+00:00,9939,295,1265,2.2,0,26.2,17.9,79.0,965.2
2025-07-27T15:02:05.360000+00:00,9939,353,1265,1.1,0,26.3,17.9,79.0,965.2
2025-07-27T15:03:05.340000+00:00,9939,334,1265,2.5,0,26.4,17.8,78.0,965.2
2025-07-27T15:04:05.345000+00:00,9939,256,1265,2.0,0,26.3,17.9,79.0,965.3
2025-07-27T15:05:05.355000+00:00,9939,202,1265,0.7,0,25.8,17.9,79.0,965.3
2025-07-27T15:06:05.355000+00:00,9939,24,1265,1.5,0,25.8,17.9,81.0,965.2
2025-07-27T15:07:05.368000+00:00,9939,188,1265,1.2,0,26.0,18.0,80.0,965.3
2025-07-27T15:08:05.359000+00:00,9939,354,1265,1.2,0,25.8,18.1,79.0,965.3
2025-07-27T15:09:05.391000+00:00,9939,308,1265,1.4,0,25.0,18.0,78.0,965.3
2025-07-27T15:10:05.390000+00:00,9939,327,1265,1.6,0,24.7,18.0,78.0,965.3
2025-07-27T15:11:05.392000+00:00,9939,265,1265,2.2,0,24.5,17.8,78.0,965.3
2025-07-27T15:12:05.399000+00:00,9939,347,1265,1.3,0,24.5,17.7,79.0,965.3
2025-07-27T15:13:05.399000+00:00,9939,331,1265,1.9,0,24.3,17.5,79.0,965.2
2025-07-27T15:14:05.404000+00:00,9939,341,1265,1.6,0,24.2,17.5,80.0,965.2
2025-07-27T15:15:05.410000+00:00,9939,319,1265,1.8,0,24.2,17.5,80.0,965.3
2025-07-27T15:16:05.423000+00:00,9939,333,1265,1.2,0,24.1,17.5,80.0,965.2
2025-07-27T15:17:05.436000+00:00,9939,244,1265,1.4,0,24.1,17.5,81.0,965.2
2025-07-27T15:18:05.442000+00:00,9939,230,1265,0.8,0,24.2,17.5,81.0,965.2
2025-07-27T15:19:05.440000+00:00,9939,6,1265,0.6,0,24.7,17.5,81.0,965.2
2025-07-27T15:20:05.436000+00:00,9939,328,1265,1.2,0,24.8,17.5,80.0,965.2
2025-07-27T15:21:05.421000+00:00,9939,345,1265,1.6,0,24.8,17.6,79.0,965.2
2025-07-27T15:22:05.446000+00:00,9939,238,1265,1.1,0,24.7,17.5,78.0,965.1
2025-07-27T15:23:05.425000+00:00,9939,263,1265,1.2,0,24.0,17.5,79.0,965.2
2025-07-27T15:24:05.450000+00:00,9939,291,1265,1.8,0,24.0,17.5,79.0,965.2
2025-07-27T15:25:05.443000+00:00,9939,349,1265,1.4,0,23.8,17.5,78.0,965.2
2025-07-27T15:26:05.431000+00:00,9939,338,1265,1.7,0,23.8,17.5,79.0,965.2
2025-07-27T15:27:05.433000+00:00,9939,286,1265,1.8,0,23.7,17.5,78.0,965.2
2025-07-27T15:28:05.433000+00:00,9939,345,1265,1.6,0,23.5,17.5,78.0,965.2
2025-07-27T15:29:05.448000+00:00,9939,336,1265,1.6,0,23.5,17.5,80.0,965.1
2025-07-27T15:30:05.443000+00:00,9939,357,1265,1.1,0,23.6,17.4,80.0,965.1
2025-07-27T15:31:05.452000+00:00,9939,356,1265,1.3,0,23.6,17.4,81.0,965.2
2025-07-27T15:32:05.444000+00:00,9939,313,1265,2.0,0,23.1,17.3,78.0,965.2
2025-07-27T15:33:05.456000+00:00,9939,342,1265,1.3,0,23.1,17.2,80.0,965.1
2025-07-27T15:34:05.453000+00:00,9939,276,1265,1.5,0,23.0,17.1,81.0,965.2
2025-07-27T15:35:05.454000+00:00,9939,0,1265,1.7,0,23.0,17.1,81.0,965.2
2025-07-27T15:36:05.466000+00:00,9939,346,1265,2.1,0,23.1,17.1,80.0,965.1
2025-07-27T15:37:05.474000+00:00,9939,332,1265,1.9,0,22.9,17.1,81.0,965.1
2025-07-27T15:38:05.503000+00:00,9939,342,1265,1.8,0,22.8,17.1,81.0,965.2
2025-07-27T15:39:05.502000+00:00,9939,179,1265,1.5,0,22.4,17.1,81.0,965.2
2025-07-27T15:40:05.554000+00:00,9939,319,1265,0.8,0,22.4,17.1,82.0,965.1
2025-07-27T15:41:05.562000+00:00,9939,200,1265,0.7,0,22.5,17.1,82.0,965.3
2025-07-27T15:42:05.562000+00:00,9939,237,1265,1.0,0,22.5,17.0,83.0,965.1
2025-07-27T15:43:05.575000+00:00,9939,207,1265,1.4,0,22.3,17.0,82.0,965.3
2025-07-27T15:44:05.585000+00:00,9939,243,1265,1.4,0,22.3,16.9,82.0,965.2
2025-07-27T15:45:05.594000+00:00,9939,172,1265,1.1,0,22.3,16.9,82.0,965.2
2025-07-27T15:46:05.566000+00:00,9939,220,1265,1.1,0,22.4,16.9,83.0,965.2
2025-07-27T15:47:05.589000+00:00,9939,322,1265,1.4,0,22.4,16.9,82.0,965.2
2025-07-27T15:48:05.587000+00:00,9939,348,1265,1.0,0,22.4,16.9,81.0,965.2
2025-08-03T12:26:33.523000+00:00,9928,248,1266,2.5,0,35.9,22.3,59.0,987.2
2025-08-03T12:27:33.525000+00:00,9928,253,1266,2.6,0,36.3,22.3,60.0,987.2
2025-08-03T12:28:33.526000+00:00,9928,250,1266,2.2,0,36.5,22.4,58.0,987.3
2025-08-03T12:29:33.514000+00:00,9928,260,1266,3.1,0,36.4,22.4,58.0,987.2
2025-08-03T12:30:33.530000+00:00,9928,265,1266,2.5,0,35.9,22.4,58.0,987.3
2025-08-03T12:31:33.508000+00:00,9928,253,1266,2.1,0,35.9,22.4,58.0,987.3
2025-08-03T12:32:33.523000+00:00,9928,268,1266,2.3,0,35.5,22.4,58.0,987.2
2025-08-03T12:33:33.524000+00:00,9928,273,1266,2.4,0,35.4,22.3,57.0,987.3
2025-08-03T12:34:33.521000+00:00,9928,251,1266,2.4,0,35.7,22.3,56.0,987.3
2025-08-03T12:35:33.522000+00:00,9928,267,1266,2.0,0,35.0,22.2,55.0,987.2
2025-08-03T12:36:33.538000+00:00,9928,268,1266,2.9,0,33.3,22.1,56.0,987.2
2025-08-03T12:37:33.522000+00:00,9928,259,1266,2.6,0,31.8,22.1,56.0,987.3
2025-08-03T12:38:33.529000+00:00,9928,281,1266,2.5,0,32.4,22.1,55.0,987.2
2025-08-03T12:39:33.528000+00:00,9928,252,1266,2.7,0,33.9,22.0,57.0,987.2
2025-08-03T12:40:33.536000+00:00,9928,253,1266,2.0,0,33.7,22.0,57.0,987.2
2025-08-03T12:41:33.527000+00:00,9928,280,1266,2.9,0,33.5,22.0,58.0,987.2
2025-08-03T12:42:33.534000+00:00,9928,256,1266,2.3,0,32.8,21.9,57.0,987.3
2025-08-03T12:43:33.527000+00:00,9928,263,1266,2.3,0,32.6,21.9,58.0,987.1
2025-08-03T12:44:33.528000+00:00,9928,257,1266,1.9,0,32.1,22.0,58.0,987.1
2025-08-03T12:45:33.544000+00:00,9928,289,1266,2.0,0,32.8,22.0,57.0,987.1
2025-08-03T12:46:33.568000+00:00,9928,260,1266,2.7,0,33.3,22.0,59.0,987.1
2025-08-03T12:47:33.581000+00:00,9928,286,1266,2.2,0,33.7,22.0,59.0,987.2
2025-08-03T12:48:33.589000+00:00,9928,248,1266,2.6,0,33.7,22.0,58.0,987.1
2025-08-03T12:49:33.585000+00:00,9928,259,1266,3.1,0,33.5,21.9,56.0,987.1
2025-08-03T12:50:33.589000+00:00,9928,265,1266,2.7,0,33.1,22.0,57.0,987.2
2025-08-03T12:51:33.607000+00:00,9928,256,1266,3.1,0,33.2,21.9,58.0,987.1
2025-08-03T12:52:33.617000+00:00,9928,262,1266,1.9,0,33.2,21.9,57.0,987.2
2025-08-03T12:53:33.618000+00:00,9928,246,1266,1.7,0,33.2,21.9,57.0,987.1
2025-08-03T12:54:33.614000+00:00,9928,262,1266,2.1,0,31.6,21.9,57.0,987.0
2025-08-03T12:55:33.621000+00:00,9928,265,1266,2.4,0,31.6,21.9,57.0,987.1
2025-08-03T12:56:33.615000+00:00,9928,268,1266,2.8,0,31.6,21.8,57.0,987.1
2025-08-03T12:57:33.622000+00:00,9928,266,1266,3.1,0,31.9,21.8,57.0,987.1
2025-08-03T12:58:33.622000+00:00,9928,262,1266,2.2,0,32.6,21.8,58.0,987.1
2025-08-03T12:59:33.606000+00:00,9928,263,1266,2.6,0,32.6,21.7,57.0,987.2
2025-08-03T13:00:33.611000+00:00,9928,265,1266,2.5,0,32.6,21.7,57.0,987.1
2025-08-03T13:01:33.638000+00:00,9928,271,1266,2.6,0,32.6,21.7,57.0,987.1
2025-08-03T13:02:33.642000+00:00,9928,273,1266,3.0,0,32.1,21.6,57.0,987.2
2025-08-03T13:03:33.621000+00:00,9928,267,1266,2.8,0,31.9,21.6,58.0,987.2
2025-08-03T13:04:33.634000+00:00,9928,254,1266,2.5,0,31.9,21.7,58.0,987.2
2025-08-03T13:05:33.621000+00:00,9928,284,1266,2.9,0,32.3,21.8,57.0,987.3
2025-08-03T13:06:33.607000+00:00,9928,286,1266,3.2,0,31.7,21.8,58.0,987.2
2025-08-03T13:07:33.625000+00:00,9928,276,1266,2.6,0,31.6,21.8,58.0,987.3
2025-08-03T13:08:33.634000+00:00,9928,263,1266,2.9,0,31.5,21.8,58.0,987.3
2025-08-03T13:09:33.627000+00:00,9928,277,1266,3.1,0,31.4,21.8,59.0,987.2
2025-08-03T13:10:33.622000+00:00,9928,285,1266,2.2,0,31.4,21.9,58.0,987.2
2025-08-03T13:11:33.626000+00:00,9928,275,1266,2.9,0,31.4,21.9,58.0,987.3
2025-08-03T13:12:33.630000+00:00,9928,281,1266,2.3,0,31.4,21.9,58.0,987.3
2025-08-03T13:13:33.625000+00:00,9928,201,1266,1.6,0,31.7,21.9,58.0,987.2
2025-08-03T13:14:33.640000+00:00,9928,250,1266,1.9,0,31.7,22.0,58.0,987.2
2025-08-03T13:15:33.655000+00:00,9928,239,1266,1.4,0,32.0,22.1,58.0,987.1
2025-08-03T13:16:33.664000+00:00,9928,277,1266,2.6,0,31.4,22.0,58.0,987.2
2025-08-03T13:17:33.688000+00:00,9928,256,1266,2.5,0,31.2,21.9,58.0,987.3
2025-08-03T13:18:33.700000+00:00,9928,292,1266,1.9,0,31.1,21.9,58.0,987.2
2025-08-03T13:19:33.712000+00:00,9928,277,1266,2.8,0,31.2,21.9,58.0,987.2
2025-08-03T13:20:33.695000+00:00,9928,267,1266,3.0,0,30.8,21.8,59.0,987.2
2025-08-03T13:21:33.726000+00:00,9928,292,1266,2.5,0,30.8,21.8,59.0,987.2
2025-08-03T13:22:33.738000+00:00,9928,265,1266,1.7,0,31.2,21.9,59.0,987.1
2025-08-03T13:23:33.726000+00:00,9928,236,1266,1.5,0,31.3,21.9,58.0,987.1
2025-08-03T13:24:33.736000+00:00,9928,295,1266,1.8,0,31.2,21.9,58.0,987.0
2025-08-03T13:25:33.748000+00:00,9928,271,1266,2.7,0,31.1,21.9,58.0,987.0
2025-08-03T13:26:33.768000+00:00,9928,258,1266,1.3,0,31.1,22.0,58.0,987.1
2025-08-03T13:27:33.772000+00:00,9928,241,1266,2.1,0,31.5,22.0,57.0,987.1
2025-08-03T13:28:33.772000+00:00,9928,236,1266,2.0,0,31.5,22.0,57.0,987.2
2025-08-03T13:29:33.766000+00:00,9928,260,1266,2.4,0,31.6,22.0,58.0,987.1
2025-08-03T13:30:33.776000+00:00,9928,245,1266,2.5,0,31.5,22.0,58.0,987.0
2025-08-03T13:31:33.757000+00:00,9928,284,1266,1.7,0,31.7,22.0,58.0,987.0
2025-08-03T13:32:33.761000+00:00,9928,252,1266,1.7,0,31.8,22.0,58.0,987.0
2025-08-03T13:33:33.771000+00:00,9928,267,1266,2.8,0,31.5,22.0,58.0,987.0
2025-08-03T13:34:33.762000+00:00,9928,239,1266,3.2,0,31.5,22.0,58.0,986.9
2025-08-03T13:35:33.772000+00:00,9928,257,1266,3.0,0,31.8,22.0,58.0,986.9
2025-08-03T13:36:33.769000+00:00,9928,258,1266,2.1,0,31.8,22.0,58.0,987.0
2025-08-03T13:37:33.779000+00:00,9928,235,1266,2.5,0,31.9,22.0,58.0,987.0
2025-08-03T13:38:33.786000+00:00,9928,270,1266,1.8,0,31.7,22.1,57.0,986.9
2025-08-03T13:39:33.791000+00:00,9928,259,1266,2.5,0,31.8,22.1,57.0,987.0
2025-08-03T13:40:33.791000+00:00,9928,277,1266,2.5,0,31.9,22.1,57.0,986.9
2025-08-03T13:41:33.771000+00:00,9928,246,1266,2.9,0,31.9,22.1,58.0,986.9
2025-08-03T13:42:33.775000+00:00,9928,283,1266,1.9,0,31.8,22.1,58.0,986.9
2025-08-03T13:43:33.784000+00:00,9928,266,1266,2.0,0,31.8,22.1,57.0,986.9
2025-08-03T13:44:33.775000+00:00,9928,283,1266,2.3,0,31.8,22.1,58.0,987.0
2025-08-03T13:45:33.797000+00:00,9928,268,1266,1.8,0,31.8,22.1,57.0,986.9
2025-08-03T13:46:33.775000+00:00,9928,253,1266,1.5,0,31.9,22.1,57.0,986.9
2025-08-03T13:47:33.786000+00:00,9928,254,1266,1.9,0,31.8,22.1,57.0,986.9
2025-08-03T13:48:33.791000+00:00,9928,262,1266,1.3,0,31.6,22.1,56.0,987.0
2025-08-03T13:49:33.790000+00:00,9928,204,1266,1.6,0,31.7,22.0,57.0,987.0
2025-08-03T13:50:33.782000+00:00,9928,256,1266,1.0,0,31.8,22.1,57.0,987.0
2025-08-03T13:51:33.783000+00:00,9928,278,1266,1.0,0,32.0,22.1,57.0,987.0
2025-08-03T13:52:33.792000+00:00,9928,258,1266,1.6,0,32.1,22.1,56.0,987.0
2025-08-03T13:53:33.791000+00:00,9928,264,1266,1.4,0,32.0,22.1,57.0,987.1
2025-08-03T13:54:33.793000+00:00,9928,265,1266,2.1,0,31.6,22.1,57.0,987.0
2025-08-03T13:55:33.783000+00:00,9928,256,1266,3.0,0,31.5,22.1,57.0,987.0
2025-08-03T13:56:33.784000+00:00,9928,275,1266,2.1,0,31.5,22.1,57.0,987.1
2025-08-03T13:57:33.778000+00:00,9928,225,1266,2.4,0,31.6,22.1,58.0,987.0
2025-08-03T13:58:33.792000+00:00,9928,204,1266,1.0,0,31.9,22.2,57.0,987.0
2025-08-03T13:59:33.791000+00:00,9928,307,1266,1.1,0,31.9,22.2,56.0,987.1
2025-08-03T14:00:33.793000+00:00,9928,259,1266,1.5,0,31.6,22.2,56.0,987.0
2025-08-03T14:01:33.790000+00:00,9928,208,1266,1.1,0,31.6,22.2,56.0,987.0
2025-08-03T14:02:33.785000+00:00,9928,198,1266,1.6,0,31.6,22.3,56.0,987.1
2025-08-03T14:03:33.797000+00:00,9928,281,1266,1.2,0,31.6,22.2,56.0,987.0
2025-08-03T14:04:33.830000+00:00,9928,242,1266,2.0,0,31.5,22.2,56.0,987.1
2025-08-03T14:05:33.796000+00:00,9928,293,1266,1.7,0,31.3,22.2,55.0,987.1
2025-08-03T14:06:33.793000+00:00,9928,268,1266,1.8,0,31.2,22.1,55.0,987.0
2025-08-03T14:07:33.852000+00:00,9928,258,1266,3.0,0,31.0,22.1,56.0,987.1
2025-08-03T14:08:33.787000+00:00,9928,266,1266,2.1,0,30.9,22.1,56.0,987.1
2025-08-03T14:09:33.803000+00:00,9928,274,1266,1.4,0,31.2,22.1,56.0,987.0
2025-08-03T14:10:33.813000+00:00,9928,289,1266,1.8,0,31.1,22.0,56.0,987.0
2025-08-03T14:11:33.797000+00:00,9928,259,1266,1.2,0,31.3,22.0,56.0,987.1
2025-08-03T14:12:33.804000+00:00,9928,199,1266,1.2,0,31.3,22.0,56.0,987.1
2025-08-03T14:13:33.804000+00:00,9928,166,1266,0.9,0,31.0,22.0,56.0,987.2
2025-08-03T14:14:33.796000+00:00,9928,260,1266,1.1,0,31.0,22.0,56.0,987.1
2025-08-03T14:15:33.814000+00:00,9928,213,1266,2.2,0,30.7,22.0,56.0,987.1
2025-08-03T14:16:33.799000+00:00,9928,284,1266,1.2,0,30.8,22.0,56.0,987.2
2025-08-03T14:17:33.799000+00:00,9928,204,1266,0.8,0,31.0,22.0,56.0,987.2
2025-08-03T14:18:33.806000+00:00,9928,277,1266,2.0,0,30.9,22.0,55.0,987.3
2025-08-03T14:19:33.824000+00:00,9928,254,1266,2.6,0,30.7,22.0,57.0,987.3
2025-08-03T14:20:33.801000+00:00,9928,293,1266,1.3,0,30.7,22.0,56.0,987.3
2025-08-03T14:21:33.805000+00:00,9928,252,1266,1.1,0,30.7,22.0,57.0,987.3
2025-08-03T14:22:33.806000+00:00,9928,271,1266,1.0,0,30.8,22.0,56.0,987.2
2025-08-03T14:23:33.798000+00:00,9928,289,1266,2.9,0,30.8,22.0,57.0,987.2
2025-08-03T14:24:33.798000+00:00,9928,272,1266,3.0,0,30.6,22.0,56.0,987.2
2025-08-03T14:25:33.817000+00:00,9928,261,1266,2.1,0,30.6,22.1,57.0,987.1
2025-08-03T14:26:33.819000+00:00,9928,249,1266,1.5,0,30.6,22.1,57.0,987.2
2025-08-03T14:27:33.808000+00:00,9928,215,1266,2.2,0,31.1,22.1,56.0,987.1
2025-08-03T14:28:33.815000+00:00,9928,277,1266,2.0,0,31.1,22.1,57.0,987.2
2025-08-03T14:29:33.821000+00:00,9928,265,1266,1.9,0,30.9,22.1,57.0,987.1
2025-08-03T14:30:33.816000+00:00,9928,294,1266,2.0,0,31.1,22.1,57.0,987.2
2025-08-03T14:31:33.813000+00:00,9928,298,1266,1.9,0,31.3,22.2,56.0,987.2
2025-08-03T14:32:33.819000+00:00,9928,129,1266,1.0,0,32.0,22.3,56.0,987.2
2025-08-03T14:33:33.812000+00:00,9928,291,1266,0.4,0,32.0,22.4,55.0,987.2
2025-08-03T14:34:33.810000+00:00,9928,290,1266,1.2,0,31.6,22.4,55.0,987.2
2025-08-03T14:35:33.815000+00:00,9928,259,1266,1.6,0,31.6,22.4,55.0,987.2
2025-08-03T14:36:33.848000+00:00,9928,267,1266,1.8,0,31.6,22.4,55.0,987.3
2025-08-03T14:37:33.836000+00:00,9928,282,1266,2.1,0,31.8,22.4,56.0,987.2
2025-08-03T14:38:33.900000+00:00,9928,208,1266,1.8,0,31.8,22.4,56.0,987.2
2025-08-03T14:39:33.871000+00:00,9928,257,1266,1.4,0,32.0,22.4,56.0,987.2
2025-08-03T14:40:33.868000+00:00,9928,96,1266,1.6,0,32.2,22.5,56.0,987.2
2025-08-03T14:41:33.871000+00:00,9928,264,1266,0.9,0,32.2,22.5,55.0,987.3
2025-08-31T12:07:45.075000+00:00,9920,227,1267,3.5,0,28.5,20.3,67.0,1006.6
2025-08-31T12:08:45.084000+00:00,9920,179,1267,3.1,0,28.4,20.3,68.0,1006.5
2025-08-31T12:09:45.081000+00:00,9920,212,1267,2.4,0,28.4,20.3,68.0,1006.5
2025-08-31T12:10:45.077000+00:00,9920,196,1267,2.4,0,28.7,20.3,68.0,1006.5
2025-08-31T12:11:45.079000+00:00,9920,251,1267,2.1,0,28.3,20.3,69.0,1006.6
2025-08-31T12:12:45.085000+00:00,9920,233,1267,2.2,0,28.3,20.3,69.0,1006.5
2025-08-31T12:13:45.094000+00:00,9920,225,1267,2.5,0,27.9,20.3,68.0,1006.4
2025-08-31T12:14:45.093000+00:00,9920,203,1267,1.8,0,28.2,20.3,69.0,1006.4
2025-08-31T12:15:45.121000+00:00,9920,221,1267,2.8,0,28.4,20.3,69.0,1006.5
2025-08-31T12:16:45.124000+00:00,9920,229,1267,3.0,0,27.7,20.2,69.0,1006.4
2025-08-31T12:17:45.140000+00:00,9920,233,1267,3.3,0,27.7,20.2,70.0,1006.4
2025-08-31T12:18:45.131000+00:00,9920,204,1267,1.9,0,27.7,20.2,71.0,1006.4
2025-08-31T12:19:45.136000+00:00,9920,208,1267,1.1,0,28.5,20.2,71.0,1006.4
2025-08-31T12:20:45.154000+00:00,9920,228,1267,1.8,0,28.5,20.3,71.0,1006.4
2025-08-31T12:21:45.151000+00:00,9920,198,1267,1.7,0,28.4,20.3,71.0,1006.4
2025-08-31T12:22:45.170000+00:00,9920,207,1267,1.7,0,28.2,20.2,70.0,1006.6
2025-08-31T12:23:45.179000+00:00,9920,176,1267,1.8,0,28.2,20.2,72.0,1006.4
2025-08-31T12:24:45.191000+00:00,9920,204,1267,2.1,0,28.2,20.3,71.0,1006.5
2025-08-31T12:25:45.211000+00:00,9920,205,1267,2.7,0,28.1,20.3,69.0,1006.5
2025-08-31T12:26:45.213000+00:00,9920,210,1267,2.5,0,28.1,20.3,71.0,1006.5
2025-08-31T12:27:45.262000+00:00,9920,222,1267,1.9,0,28.3,20.4,71.0,1006.5
2025-08-31T12:28:45.262000+00:00,9920,221,1267,3.1,0,28.0,20.5,71.0,1006.5
2025-08-31T12:29:45.271000+00:00,9920,219,1267,2.7,0,28.0,20.5,72.0,1006.4
2025-08-31T12:30:45.268000+00:00,9920,233,1267,2.7,0,28.4,20.5,71.0,1006.4
2025-08-31T12:31:45.281000+00:00,9920,182,1267,1.6,0,28.6,20.4,72.0,1006.3
2025-08-31T12:32:45.270000+00:00,9920,205,1267,2.4,0,28.8,20.5,71.0,1006.3
2025-08-31T12:33:45.267000+00:00,9920,203,1267,1.4,0,28.8,20.4,71.0,1006.4
2025-08-31T12:34:45.276000+00:00,9920,234,1267,1.9,0,28.7,20.4,70.0,1006.3
2025-08-31T12:35:45.303000+00:00,9920,193,1267,1.3,0,28.2,20.4,71.0,1006.3
2025-08-31T12:36:45.300000+00:00,9920,201,1267,2.0,0,28.2,20.3,70.0,1006.3
2025-08-31T12:37:45.303000+00:00,9920,210,1267,2.0,0,28.2,20.3,70.0,1006.3
2025-08-31T12:38:45.338000+00:00,9920,207,1267,2.5,0,28.2,20.3,71.0,1006.3
2025-08-31T12:39:45.330000+00:00,9920,189,1267,2.2,0,28.2,20.3,70.0,1006.4
2025-08-31T12:40:45.314000+00:00,9920,225,1267,2.0,0,28.3,20.2,71.0,1006.3
2025-08-31T12:41:45.361000+00:00,9920,225,1267,2.0,0,28.3,20.2,71.0,1006.3
2025-08-31T12:42:45.361000+00:00,9920,205,1267,1.5,0,28.3,20.2,70.0,1006.3
2025-08-31T12:43:45.357000+00:00,9920,174,1267,1.7,0,28.6,20.2,69.0,1006.3
2025-08-31T12:44:45.365000+00:00,9920,174,1267,1.7,0,28.6,20.2,69.0,1006.3
2025-08-31T12:45:45.362000+00:00,9920,27,1267,1.1,0,28.7,20.2,69.0,1006.3
2025-08-31T12:46:45.363000+00:00,9920,255,1267,1.9,0,28.8,20.4,68.0,1006.3
2025-08-31T12:47:45.397000+00:00,9920,255,1267,1.9,0,28.8,20.4,68.0,1006.3
2025-08-31T12:48:45.370000+00:00,9920,122,1267,0.7,0,29.1,20.3,69.0,1006.3
2025-08-31T12:49:45.361000+00:00,9920,219,1267,2.0,0,29.1,20.3,68.0,1006.3
2025-08-31T12:50:45.364000+00:00,9920,262,1267,1.7,0,29.0,20.4,68.0,1006.4
2025-08-31T12:51:45.364000+00:00,9920,192,1267,1.1,0,28.9,20.4,69.0,1006.2
2025-08-31T12:52:45.364000+00:00,9920,232,1267,2.2,0,28.9,20.4,68.0,1006.4
2025-08-31T12:53:45.360000+00:00,9920,201,1267,1.7,0,28.9,20.5,68.0,1006.3
2025-08-31T12:54:45.365000+00:00,9920,233,1267,2.4,0,29.0,20.5,69.0,1006.4
2025-08-31T12:55:45.373000+00:00,9920,244,1267,1.0,0,29.1,20.6,68.0,1006.4
2025-08-31T12:56:45.368000+00:00,9920,239,1267,0.8,0,29.2,20.7,67.0,1006.3
2025-08-31T12:57:45.354000+00:00,9920,298,1267,1.7,0,28.8,20.7,67.0,1006.2
2025-08-31T12:58:45.363000+00:00,9920,200,1267,1.7,0,28.8,20.6,68.0,1006.3
2025-08-31T12:59:45.379000+00:00,9920,187,1267,1.5,0,28.8,20.6,68.0,1006.2
2025-08-31T13:00:45.378000+00:00,9920,187,1267,1.0,0,28.7,20.6,69.0,1006.2
2025-08-31T13:01:45.401000+00:00,9920,112,1267,1.0,0,28.7,20.6,69.0,1006.2
2025-08-31T13:02:45.387000+00:00,9920,190,1267,1.1,0,29.1,20.6,69.0,1006.2
2025-08-31T13:03:45.432000+00:00,9920,194,1267,1.7,0,29.3,20.6,68.0,1006.3
2025-08-31T13:04:45.454000+00:00,9920,226,1267,1.2,0,29.3,20.7,68.0,1006.4
2025-08-31T13:05:45.450000+00:00,9920,176,1267,2.2,0,28.9,20.7,68.0,1006.3
2025-08-31T13:06:45.456000+00:00,9920,204,1267,1.4,0,28.8,20.6,68.0,1006.3
2025-08-31T13:07:45.461000+00:00,9920,208,1267,3.0,0,28.8,20.7,68.0,1006.2
2025-08-31T13:08:45.475000+00:00,9920,243,1267,3.2,0,27.8,20.7,67.0,1006.2
2025-08-31T13:09:45.476000+00:00,9920,210,1267,2.0,0,27.5,20.7,68.0,1006.3
2025-08-31T13:10:45.478000+00:00,9920,210,1267,2.0,0,27.5,20.6,68.0,1006.3
2025-08-31T13:11:45.477000+00:00,9920,186,1267,2.5,0,27.7,20.6,68.0,1006.2
2025-08-31T13:12:45.510000+00:00,9920,204,1267,2.1,0,27.7,20.6,68.0,1006.3
2025-08-31T13:13:45.505000+00:00,9920,193,1267,2.4,0,27.5,20.5,69.0,1006.2
2025-08-31T13:14:45.495000+00:00,9920,211,1267,2.2,0,27.8,20.6,69.0,1006.3
2025-08-31T13:15:45.506000+00:00,9920,177,1267,2.3,0,27.7,20.6,69.0,1006.3
2025-08-31T13:16:45.512000+00:00,9920,205,1267,2.7,0,27.7,20.6,69.0,1006.2
2025-08-31T13:17:45.497000+00:00,9920,205,1267,2.7,0,27.7,20.6,69.0,1006.2
2025-08-31T13:18:45.537000+00:00,9920,192,1267,2.5,0,27.4,20.6,69.0,1006.3
2025-08-31T13:19:45.487000+00:00,9920,190,1267,1.8,0,27.3,20.6,69.0,1006.5
2025-08-31T13:20:45.513000+00:00,9920,206,1267,2.1,0,27.3,20.5,70.0,1006.4
2025-08-31T13:21:45.544000+00:00,9920,166,1267,1.9,0,27.3,20.5,70.0,1006.4
2025-08-31T13:22:45.561000+00:00,9920,195,1267,2.8,0,27.1,20.5,70.0,1006.5
2025-08-31T13:23:45.560000+00:00,9920,215,1267,2.2,0,27.1,20.6,70.0,1006.3
2025-08-31T13:24:45.565000+00:00,9920,210,1267,2.3,0,27.1,20.6,69.0,1006.3
2025-08-31T13:25:45.563000+00:00,9920,208,1267,2.3,0,27.2,20.7,70.0,1006.4
2025-08-31T13:26:45.556000+00:00,9920,197,1267,2.2,0,27.1,20.7,69.0,1006.4
2025-08-31T13:27:45.588000+00:00,9920,193,1267,2.3,0,26.7,20.6,70.0,1006.3
2025-08-31T13:28:45.602000+00:00,9920,190,1267,2.7,0,26.6,20.6,70.0,1006.4
2025-08-31T13:29:45.619000+00:00,9920,204,1267,3.2,0,26.6,20.5,71.0,1006.5
2025-08-31T13:30:45.621000+00:00,9920,190,1267,3.0,0,26.5,20.4,71.0,1006.5
2025-08-31T13:31:45.630000+00:00,9920,191,1267,3.0,0,25.9,20.3,72.0,1006.6
2025-08-31T13:32:45.618000+00:00,9920,212,1267,3.0,0,25.8,20.3,73.0,1006.5
2025-08-31T13:33:45.635000+00:00,9920,222,1267,3.4,0,25.9,20.1,73.0,1006.6
2025-08-31T13:34:45.648000+00:00,9920,194,1267,3.5,0,25.9,20.0,71.0,1006.6
2025-08-31T13:35:45.638000+00:00,9920,193,1267,3.2,0,25.8,19.9,71.0,1006.6
2025-08-31T13:36:45.651000+00:00,9920,172,1267,2.8,0,25.6,19.8,71.0,1006.5
2025-08-31T13:37:45.665000+00:00,9920,199,1267,3.6,0,25.7,19.7,72.0,1006.5
2025-08-31T13:38:45.681000+00:00,9920,200,1267,3.5,0,25.8,19.6,72.0,1006.4
2025-08-31T13:39:45.695000+00:00,9920,199,1267,3.6,0,25.6,19.5,72.0,1006.4
2025-08-31T13:40:45.697000+00:00,9920,201,1267,3.4,0,25.6,19.5,72.0,1006.3
2025-08-31T13:41:45.694000+00:00,9920,207,1267,3.9,0,25.8,19.5,73.0,1006.4
2025-08-31T13:42:45.692000+00:00,9920,202,1267,3.0,0,26.2,19.5,73.0,1006.4
2025-08-31T13:43:45.712000+00:00,9920,187,1267,3.0,0,26.2,19.5,72.0,1006.4
2025-08-31T13:44:45.693000+00:00,9920,175,1267,3.4,0,26.3,19.6,72.0,1006.4
2025-08-31T13:45:45.706000+00:00,9920,185,1267,3.3,0,26.7,19.6,73.0,1006.2
2025-08-31T13:46:45.713000+00:00,9920,189,1267,2.5,0,27.0,19.6,73.0,1006.2
2025-08-31T13:47:45.691000+00:00,9920,172,1267,2.8,0,27.1,19.6,73.0,1006.1
2025-08-31T13:48:45.682000+00:00,9920,200,1267,3.9,0,27.6,19.7,74.0,1006.0
2025-08-31T13:49:45.742000+00:00,9920,170,1267,3.4,0,28.4,19.8,74.0,1006.1
2025-08-31T13:50:45.719000+00:00,9920,179,1267,2.9,0,28.4,19.8,73.0,1006.0
2025-08-31T13:51:45.727000+00:00,9920,170,1267,3.2,0,28.0,19.8,73.0,1005.9
2025-08-31T13:52:45.753000+00:00,9920,177,1267,3.1,0,28.0,19.8,73.0,1005.9
2025-08-31T13:53:45.759000+00:00,9920,189,1267,2.4,0,28.0,19.8,73.0,1005.9
2025-08-31T13:54:45.754000+00:00,9920,171,1267,2.6,0,28.3,19.8,73.0,1005.8
2025-08-31T13:55:45.756000+00:00,9920,190,1267,2.8,0,28.8,19.9,74.0,1005.9
2025-08-31T13:56:45.775000+00:00,9920,177,1267,2.6,0,28.8,19.8,73.0,1005.9
2025-08-31T13:57:45.729000+00:00,9920,192,1267,2.9,0,28.5,19.8,73.0,1005.8
2025-08-31T13:58:45.755000+00:00,9920,178,1267,2.1,0,28.0,19.8,73.0,1005.9
2025-08-31T13:59:45.789000+00:00,9920,192,1267,2.1,0,28.0,19.8,74.0,1005.8
2025-08-31T14:00:45.785000+00:00,9920,208,1267,1.9,0,28.0,19.8,74.0,1005.8
2025-08-31T14:01:45.787000+00:00,9920,172,1267,2.1,0,28.0,19.7,73.0,1005.6
2025-08-31T14:02:45.797000+00:00,9920,170,1267,2.0,0,28.0,19.6,74.0,1005.8
2025-08-31T14:03:45.788000+00:00,9920,187,1267,2.0,0,28.0,19.6,74.0,1005.9
2025-08-31T14:04:45.788000+00:00,9920,186,1267,2.3,0,28.0,19.5,74.0,1005.9
2025-08-31T14:05:45.776000+00:00,9920,182,1267,2.5,0,27.9,19.5,73.0,1005.9
2025-08-31T14:06:45.797000+00:00,9920,205,1267,2.0,0,27.8,19.5,73.0,1006.0
2025-08-31T14:07:45.777000+00:00,9920,178,1267,2.7,0,28.0,19.6,73.0,1005.9
2025-08-31T14:08:45.772000+00:00,9920,152,1267,1.5,0,28.2,19.6,72.0,1005.8
2025-08-31T14:09:45.791000+00:00,9920,217,1267,2.2,0,28.3,19.7,72.0,1006.0
2025-08-31T14:10:45.797000+00:00,9920,205,1267,2.5,0,28.4,19.7,72.0,1005.9
2025-08-31T14:11:45.809000+00:00,9920,165,1267,2.1,0,28.4,19.8,73.0,1005.9
2025-08-31T14:12:45.803000+00:00,9920,182,1267,2.1,0,28.4,19.8,73.0,1005.9
2025-08-31T14:13:45.798000+00:00,9920,199,1267,2.0,0,28.5,19.8,73.0,1005.9
2025-08-31T14:14:45.795000+00:00,9920,172,1267,2.2,0,28.5,19.8,73.0,1005.8
2025-08-31T14:15:45.805000+00:00,9920,162,1267,2.7,0,28.8,19.8,73.0,1005.8
2025-08-31T14:16:45.788000+00:00,9920,176,1267,1.3,0,29.0,19.8,74.0,1005.7
2025-08-31T14:17:45.795000+00:00,9920,252,1267,1.9,0,29.0,19.7,74.0,1005.9
2025-08-31T14:18:45.807000+00:00,9920,261,1267,1.0,0,28.9,19.8,73.0,1005.8
2025-08-31T14:19:45.793000+00:00,9920,54,1267,0.9,0,28.9,19.8,73.0,1005.9
2025-08-31T14:20:45.805000+00:00,9920,156,1267,1.5,0,29.3,19.7,73.0,1005.9
2025-08-31T14:21:45.805000+00:00,9920,127,1267,1.0,0,29.1,19.7,73.0,1005.9
2025-08-31T14:22:45.806000+00:00,9920,176,1267,1.3,0,29.0,19.7,73.0,1006.0
2025-08-31T14:23:45.805000+00:00,9920,187,1267,2.2,0,28.5,19.6,73.0,1006.0
2025-08-31T14:24:45.813000+00:00,9920,189,1267,2.0,0,28.3,19.7,74.0,1006.0
2025-08-31T14:25:45.807000+00:00,9920,203,1267,2.3,0,28.0,19.6,73.0,1006.0
2025-08-31T14:26:45.796000+00:00,9920,173,1267,2.1,0,27.4,19.7,74.0,1006.0
2025-08-31T14:27:45.798000+00:00,9920,199,1267,1.9,0,27.9,19.6,75.0,1006.0
2025-08-31T14:28:45.796000+00:00,9920,213,1267,2.0,0,27.9,19.6,75.0,1006.0
2025-08-31T14:29:45.808000+00:00,9920,189,1267,1.7,0,27.9,19.6,75.0,1006.0
2025-08-31T14:30:45.812000+00:00,9920,176,1267,1.7,0,27.7,19.5,74.0,1006.0
2025-08-31T14:31:45.815000+00:00,9920,214,1267,2.4,0,27.7,19.5,74.0,1006.1
2025-08-31T14:32:45.810000+00:00,9920,184,1267,1.6,0,27.9,19.5,75.0,1006.0
2025-08-31T14:33:45.810000+00:00,9920,155,1267,1.7,0,28.0,19.5,74.0,1006.1
2025-08-31T14:34:45.816000+00:00,9920,189,1267,1.6,0,28.0,19.4,75.0,1006.0
2025-08-31T14:35:45.815000+00:00,9920,189,1267,1.6,0,28.0,19.4,75.0,1006.0
2025-08-31T14:36:45.835000+00:00,9920,179,1267,1.3,0,28.0,19.4,74.0,1006.0
2025-08-31T14:37:45.832000+00:00,9920,170,1267,1.2,0,28.0,19.5,74.0,1006.0
2025-08-31T14:38:45.815000+00:00,9920,152,1267,1.2,0,27.6,19.5,74.0,1006.1
2025-08-31T14:39:45.853000+00:00,9920,208,1267,1.5,0,27.6,19.4,75.0,1006.0
2025-08-31T14:40:45.854000+00:00,9920,187,1267,1.8,0,27.7,19.4,74.0,1006.0
2025-08-31T14:41:45.863000+00:00,9920,220,1267,1.4,0,27.7,19.4,74.0,1006.0
2025-08-31T14:42:45.887000+00:00,9920,102,1267,1.8,0,27.6,19.4,73.0,1006.0
2025-08-31T14:43:45.886000+00:00,9920,159,1267,1.2,0,27.6,19.5,74.0,1005.9
2025-08-31T14:44:45.914000+00:00,9920,169,1267,1.1,0,28.1,19.6,73.0,1005.8
2025-08-31T14:45:45.929000+00:00,9920,156,1267,0.8,0,28.5,19.6,73.0,1005.8
2025-09-07T12:06:03.272000+00:00,9912,263,1268,2.5,0,43.5,26.0,44.0,997.5
2025-09-07T12:07:03.241000+00:00,9912,246,1268,1.6,0,43.6,26.1,44.0,997.4
2025-09-07T12:08:03.257000+00:00,9912,210,1268,1.5,0,43.7,26.1,45.0,997.3
2025-09-07T12:09:03.257000+00:00,9912,202,1268,1.5,0,43.7,26.1,45.0,997.4
2025-09-07T12:10:03.267000+00:00,9912,182,1268,1.7,0,43.7,26.0,43.0,997.4
2025-09-07T12:11:03.258000+00:00,9912,239,1268,1.2,0,43.9,26.0,44.0,997.4
2025-09-07T12:12:03.263000+00:00,9912,302,1268,1.6,0,43.9,25.9,45.0,997.5
2025-09-07T12:13:03.263000+00:00,9912,97,1268,0.9,0,43.9,26.0,44.0,997.4
2025-09-07T12:14:03.276000+00:00,9912,196,1268,0.5,0,43.6,26.1,43.0,997.3
2025-09-07T12:15:03.291000+00:00,9912,255,1268,0.8,0,43.3,26.1,44.0,997.3
2025-09-07T12:16:03.320000+00:00,9912,0,1268,0.4,0,43.6,26.1,43.0,997.2
2025-09-07T12:17:03.314000+00:00,9912,101,1268,0.0,0,43.7,26.1,43.0,997.2
2025-09-07T12:18:03.311000+00:00,9912,151,1268,0.9,0,44.4,26.0,44.0,997.3
2025-09-07T12:19:03.323000+00:00,9912,108,1268,2.0,0,44.9,26.1,43.0,997.2
2025-09-07T12:20:03.312000+00:00,9912,177,1268,1.0,0,44.9,26.1,44.0,997.3
2025-09-07T12:21:03.308000+00:00,9912,211,1268,1.5,0,44.8,26.1,44.0,997.2
2025-09-07T12:22:03.307000+00:00,9912,244,1268,1.1,0,44.8,26.3,44.0,997.1
2025-09-07T12:23:03.321000+00:00,9912,0,1268,0.9,0,44.3,26.3,44.0,997.2
2025-09-07T12:24:03.368000+00:00,9912,205,1268,1.3,0,44.0,26.3,43.0,997.2
2025-09-07T12:25:03.368000+00:00,9912,199,1268,1.9,0,44.1,26.4,44.0,997.2
2025-09-07T12:26:03.374000+00:00,9912,190,1268,2.3,0,44.1,26.4,43.0,997.2
2025-09-07T12:27:03.381000+00:00,9912,239,1268,1.5,0,44.3,26.5,43.0,997.1
2025-09-07T12:28:03.381000+00:00,9912,258,1268,0.8,0,44.4,26.5,43.0,997.1
2025-09-07T12:29:03.374000+00:00,9912,161,1268,1.7,0,44.4,26.5,43.0,997.1
2025-09-07T12:30:03.394000+00:00,9912,219,1268,0.6,0,44.7,26.6,43.0,997.0
2025-09-07T12:31:03.397000+00:00,9912,189,1268,0.8,0,45.0,26.5,43.0,997.1
2025-09-07T12:32:03.397000+00:00,9912,205,1268,2.3,0,45.5,26.6,43.0,997.0
2025-09-07T12:33:03.403000+00:00,9912,164,1268,2.7,0,45.8,26.6,42.0,997.0
2025-09-07T12:34:03.397000+00:00,9912,166,1268,2.0,0,45.8,26.5,43.0,997.1
2025-09-07T12:35:03.397000+00:00,9912,175,1268,2.4,0,45.6,26.5,43.0,997.0
2025-09-07T12:36:03.398000+00:00,9912,163,1268,2.2,0,45.2,26.5,44.0,997.0
2025-09-07T12:37:03.398000+00:00,9912,172,1268,2.1,0,45.6,26.5,45.0,997.0
2025-09-07T12:38:03.398000+00:00,9912,153,1268,2.3,0,45.6,26.5,43.0,997.1
2025-09-07T12:39:03.415000+00:00,9912,179,1268,1.9,0,45.7,26.7,44.0,996.9
2025-09-07T12:40:03.405000+00:00,9912,208,1268,2.2,0,45.9,26.7,43.0,997.0
2025-09-07T12:41:03.406000+00:00,9912,168,1268,2.5,0,45.9,26.6,42.0,997.0
2025-09-07T12:42:03.425000+00:00,9912,192,1268,2.0,0,45.8,26.6,43.0,996.9
2025-09-07T12:43:03.451000+00:00,9912,211,1268,1.9,0,45.6,26.6,42.0,996.9
2025-09-07T12:44:03.403000+00:00,9912,160,1268,1.1,0,45.8,26.6,43.0,996.9
2025-09-07T12:45:03.418000+00:00,9912,167,1268,1.3,0,45.8,26.5,44.0,997.0
2025-09-07T12:46:03.424000+00:00,9912,122,1268,1.7,0,45.8,26.5,43.0,997.0
2025-09-07T12:47:03.416000+00:00,9912,176,1268,0.8,0,45.3,26.5,43.0,997.0
2025-09-07T12:48:03.416000+00:00,9912,131,1268,1.9,0,45.3,26.5,45.0,996.9
2025-09-07T12:49:03.407000+00:00,9912,209,1268,2.0,0,44.2,26.4,43.0,996.9
2025-09-07T12:50:03.417000+00:00,9912,92,1268,2.0,0,43.9,26.4,44.0,996.8
2025-09-07T12:51:03.407000+00:00,9912,82,1268,1.4,0,43.6,26.4,45.0,996.8
2025-09-07T12:52:03.411000+00:00,9912,87,1268,1.2,0,43.9,26.3,45.0,996.9
2025-09-07T12:53:03.411000+00:00,9912,200,1268,1.5,0,43.9,26.3,45.0,996.9
2025-09-07T12:54:03.411000+00:00,9912,188,1268,1.3,0,43.9,26.3,45.0,996.9
2025-09-07T12:55:03.424000+00:00,9912,237,1268,1.5,0,44.1,26.3,45.0,996.9
2025-09-07T12:56:03.408000+00:00,9912,237,1268,1.5,0,44.1,26.4,45.0,996.9
2025-09-07T12:57:03.424000+00:00,9912,336,1268,0.6,0,43.7,26.5,42.0,996.9
2025-09-07T12:58:03.407000+00:00,9912,284,1268,1.2,0,43.7,26.6,43.0,997.0
2025-09-07T12:59:03.422000+00:00,9912,40,1268,0.7,0,44.2,26.6,42.0,996.9
2025-09-07T13:00:03.418000+00:00,9912,8,1268,0.6,0,44.2,26.6,41.0,996.8
2025-09-07T13:01:03.418000+00:00,9912,331,1268,0.7,0,44.3,26.6,42.0,996.8
2025-09-07T13:02:03.436000+00:00,9912,5,1268,0.9,0,44.1,26.6,42.0,996.8
2025-09-07T13:03:03.446000+00:00,9912,214,1268,0.4,0,43.8,26.8,42.0,996.8
2025-09-07T13:04:03.433000+00:00,9912,325,1268,0.6,0,43.7,26.6,42.0,996.9
2025-09-07T13:05:03.446000+00:00,9912,310,1268,1.8,0,44.2,26.6,43.0,996.8
2025-09-07T13:06:03.460000+00:00,9912,321,1268,1.3,0,44.4,26.7,42.0,996.8
2025-09-07T13:07:03.459000+00:00,9912,210,1268,1.4,0,44.5,26.6,42.0,996.8
2025-09-07T13:08:03.476000+00:00,9912,179,1268,1.4,0,44.5,26.6,43.0,996.9
2025-09-07T13:09:03.466000+00:00,9912,198,1268,2.6,0,44.4,26.6,43.0,996.9
2025-09-07T13:10:03.478000+00:00,9912,254,1268,1.8,0,44.1,26.6,41.0,996.8
2025-09-07T13:11:03.477000+00:00,9912,186,1268,1.8,0,44.2,26.6,43.0,996.6
2025-09-07T13:12:03.492000+00:00,9912,186,1268,1.8,0,44.2,26.6,43.0,996.6
2025-09-07T13:13:03.485000+00:00,9912,186,1268,1.8,0,44.2,26.7,43.0,996.6
2025-09-07T13:14:03.503000+00:00,9912,201,1268,3.6,0,44.4,26.7,41.0,996.7
2025-09-07T13:15:03.524000+00:00,9912,174,1268,3.0,0,44.4,26.8,42.0,996.9
2025-09-07T13:16:03.525000+00:00,9912,177,1268,2.8,0,44.3,26.8,44.0,996.9
2025-09-07T13:17:03.545000+00:00,9912,211,1268,2.4,0,44.3,26.9,42.0,996.8
2025-09-07T13:18:03.571000+00:00,9912,226,1268,1.6,0,44.3,27.0,43.0,996.8
2025-09-07T13:19:03.556000+00:00,9912,204,1268,2.5,0,43.9,27.0,43.0,996.8
2025-09-07T13:20:03.562000+00:00,9912,194,1268,2.1,0,44.2,27.1,41.0,996.8
2025-09-07T13:21:03.539000+00:00,9912,198,1268,3.1,0,44.7,27.2,41.0,996.8
2025-09-07T13:22:03.554000+00:00,9912,194,1268,4.0,0,44.6,27.1,41.0,996.7
2025-09-07T13:23:03.570000+00:00,9912,195,1268,2.9,0,43.9,27.1,41.0,996.9
2025-09-07T13:24:03.570000+00:00,9912,204,1268,2.6,0,44.0,27.1,42.0,996.9
2025-09-07T13:25:03.569000+00:00,9912,190,1268,3.6,0,44.2,27.0,41.0,996.7
2025-09-07T13:26:03.558000+00:00,9912,188,1268,3.1,0,44.0,27.0,41.0,996.7
2025-09-07T13:27:03.558000+00:00,9912,171,1268,3.0,0,43.8,27.0,43.0,996.8
2025-09-07T13:28:03.575000+00:00,9912,205,1268,3.6,0,44.1,27.0,42.0,996.7
2025-09-07T13:29:03.558000+00:00,9912,192,1268,3.8,0,44.1,27.0,43.0,996.7
2025-09-07T13:30:03.574000+00:00,9912,171,1268,3.0,0,43.9,27.2,42.0,996.7
2025-09-07T13:31:03.570000+00:00,9912,147,1268,3.9,0,43.4,27.3,42.0,996.7
2025-09-07T13:32:03.578000+00:00,9912,192,1268,3.7,0,43.4,27.2,41.0,996.6
2025-09-07T13:33:03.573000+00:00,9912,206,1268,2.1,0,43.4,27.2,41.0,996.6
2025-09-07T13:34:03.572000+00:00,9912,220,1268,3.2,0,43.3,27.2,41.0,996.6
2025-09-07T13:35:03.574000+00:00,9912,179,1268,2.3,0,43.3,27.2,44.0,996.6
2025-09-07T13:36:03.565000+00:00,9912,175,1268,2.6,0,42.5,27.1,41.0,996.7
2025-09-07T13:37:03.575000+00:00,9912,153,1268,2.3,0,42.2,27.1,42.0,996.6
2025-09-07T13:38:03.575000+00:00,9912,195,1268,2.1,0,42.3,27.0,43.0,996.7
2025-09-07T13:39:03.591000+00:00,9912,189,1268,3.1,0,42.8,27.0,43.0,996.6
2025-09-07T13:40:03.577000+00:00,9912,175,1268,2.8,0,42.9,27.0,43.0,996.6
2025-09-07T13:41:03.586000+00:00,9912,181,1268,1.9,0,43.2,27.0,43.0,996.6
2025-09-07T13:42:03.586000+00:00,9912,193,1268,2.6,0,43.2,26.9,40.0,996.6
2025-09-07T13:43:03.613000+00:00,9912,165,1268,2.0,0,43.2,26.9,40.0,996.6
2025-09-07T13:44:03.611000+00:00,9912,211,1268,2.2,0,43.0,27.1,41.0,996.6
2025-09-07T13:45:03.630000+00:00,9912,193,1268,2.9,0,43.0,27.3,40.0,996.5
2025-09-07T13:46:03.637000+00:00,9912,180,1268,2.5,0,42.7,27.4,40.0,996.5
2025-09-07T13:47:03.646000+00:00,9912,199,1268,1.9,0,42.7,27.4,41.0,996.6
2025-09-07T13:48:03.663000+00:00,9912,208,1268,3.0,0,42.7,27.3,41.0,996.7
2025-09-07T13:49:03.690000+00:00,9912,178,1268,1.8,0,42.6,27.2,41.0,996.6
2025-09-07T13:50:03.732000+00:00,9912,201,1268,2.4,0,42.0,27.2,40.0,996.6
2025-09-07T13:51:03.712000+00:00,9912,213,1268,2.3,0,41.7,27.2,40.0,996.6
2025-09-07T13:52:03.712000+00:00,9912,171,1268,1.6,0,41.2,27.2,40.0,996.5
2025-09-07T13:53:03.709000+00:00,9912,192,1268,2.2,0,41.2,27.0,41.0,996.5
2025-09-07T13:54:03.719000+00:00,9912,191,1268,2.9,0,41.2,27.0,42.0,996.6
2025-09-07T13:55:03.710000+00:00,9912,193,1268,2.5,0,41.2,26.9,42.0,996.5
2025-09-07T13:56:03.712000+00:00,9912,198,1268,3.0,0,41.2,26.9,42.0,996.4
2025-09-07T13:57:03.711000+00:00,9912,203,1268,2.2,0,41.4,27.0,43.0,996.5
2025-09-07T13:58:03.717000+00:00,9912,176,1268,2.1,0,41.4,27.1,42.0,996.4
2025-09-07T13:59:03.721000+00:00,9912,185,1268,3.9,0,41.3,27.1,42.0,996.4
2025-09-07T14:00:03.726000+00:00,9912,191,1268,3.1,0,41.3,27.2,42.0,996.4
2025-09-07T14:01:03.728000+00:00,9912,189,1268,2.6,0,41.0,27.1,41.0,996.5
2025-09-07T14:02:03.718000+00:00,9912,181,1268,2.7,0,40.8,27.0,43.0,996.4
2025-09-07T14:03:03.709000+00:00,9912,182,1268,3.5,0,40.4,27.1,41.0,996.4
2025-09-07T14:04:03.731000+00:00,9912,184,1268,3.7,0,40.4,27.1,40.0,996.4
2025-09-07T14:05:03.729000+00:00,9912,209,1268,2.3,0,40.5,27.0,41.0,996.4
2025-09-07T14:06:03.722000+00:00,9912,195,1268,2.5,0,40.6,27.0,41.0,996.3
2025-09-07T14:07:03.723000+00:00,9912,197,1268,2.2,0,40.6,27.0,40.0,996.4
2025-09-07T14:08:03.723000+00:00,9912,171,1268,2.4,0,41.1,27.1,42.0,996.4
2025-09-07T14:09:03.733000+00:00,9912,167,1268,2.2,0,41.1,27.2,41.0,996.3
2025-09-07T14:10:03.728000+00:00,9912,193,1268,1.3,0,40.8,27.1,42.0,996.4
2025-09-07T14:11:03.720000+00:00,9912,172,1268,1.2,0,40.8,27.1,43.0,996.3
2025-09-07T14:12:03.734000+00:00,9912,184,1268,2.1,0,40.9,27.1,44.0,996.4
2025-09-07T14:13:03.727000+00:00,9912,194,1268,2.9,0,40.8,27.2,43.0,996.3
2025-09-07T14:14:03.717000+00:00,9912,203,1268,2.7,0,40.7,27.2,42.0,996.3
2025-09-07T14:15:03.716000+00:00,9912,161,1268,1.9,0,40.7,27.3,43.0,996.2
2025-09-07T14:16:03.721000+00:00,9912,134,1268,1.5,0,40.3,27.4,42.0,996.2
2025-09-07T14:17:03.732000+00:00,9912,177,1268,1.9,0,40.2,27.4,42.0,996.2
2025-09-07T14:18:03.733000+00:00,9912,171,1268,2.0,0,40.0,27.3,41.0,996.2
2025-09-07T14:19:03.721000+00:00,9912,175,1268,1.4,0,39.8,27.3,42.0,996.2
2025-09-07T14:20:03.719000+00:00,9912,106,1268,1.6,0,39.8,27.0,43.0,996.2
2025-09-07T14:21:03.747000+00:00,9912,153,1268,1.0,0,39.8,27.0,44.0,996.1
2025-09-07T14:22:03.758000+00:00,9912,145,1268,1.7,0,40.3,26.8,43.0,996.2
2025-09-07T14:23:03.777000+00:00,9912,103,1268,1.6,0,40.5,26.8,44.0,996.2
2025-09-07T14:24:03.787000+00:00,9912,166,1268,1.0,0,42.4,26.9,44.0,996.2
2025-09-07T14:25:03.794000+00:00,9912,166,1268,1.0,0,42.4,26.9,44.0,996.2
2025-09-07T14:26:03.802000+00:00,9912,166,1268,1.0,0,42.4,26.9,44.0,996.2
2025-09-07T14:27:03.793000+00:00,9912,166,1268,1.0,0,42.4,26.9,44.0,996.2
2025-09-07T14:28:03.802000+00:00,9912,166,1268,1.0,0,42.4,26.9,44.0,996.2
2025-09-07T14:29:03.802000+00:00,9912,166,1268,1.0,0,42.4,26.9,44.0,996.2
2025-09-21T10:06:49.413000+00:00,9904,69,1269,1.0,0,27.3,20.4,60.0,1019.8
2025-09-21T10:07:49.402000+00:00,9904,10,1269,1.4,0,27.3,20.4,61.0,1019.8
2025-09-21T10:08:49.414000+00:00,9904,255,1269,0.7,0,27.3,20.4,61.0,1019.8
2025-09-21T10:09:49.402000+00:00,9904,355,1269,1.6,0,27.4,20.5,61.0,1020.2
2025-09-21T10:10:49.401000+00:00,9904,65,1269,1.6,0,27.2,20.5,60.0,1019.8
2025-09-21T10:11:49.409000+00:00,9904,2,1269,1.1,0,27.0,20.5,60.0,1020.0
2025-09-21T10:12:49.405000+00:00,9904,69,1269,1.2,0,27.0,20.4,61.0,1020.0
2025-09-21T10:13:49.405000+00:00,9904,32,1269,2.1,0,27.0,20.5,60.0,1020.0
2025-09-21T10:14:49.400000+00:00,9904,128,1269,1.5,0,27.0,20.5,60.0,1020.0
2025-09-21T10:15:49.401000+00:00,9904,136,1269,1.2,0,27.3,20.5,60.0,1020.0
2025-09-21T10:16:49.419000+00:00,9904,0,1269,1.4,0,27.3,20.5,60.0,1020.2
2025-09-21T10:17:49.418000+00:00,9904,51,1269,0.8,0,27.4,20.5,59.0,1020.1
2025-09-21T10:18:49.417000+00:00,9904,190,1269,1.5,0,27.4,20.5,60.0,1020.1
2025-09-21T10:19:49.411000+00:00,9904,351,1269,1.9,0,27.0,20.5,61.0,1020.0
2025-09-21T10:20:49.411000+00:00,9904,83,1269,1.7,0,27.7,20.5,61.0,1020.2
2025-09-21T10:21:49.409000+00:00,9904,105,1269,1.0,0,27.2,20.5,61.0,1020.1
2025-09-21T10:22:49.471000+00:00,9904,105,1269,1.0,0,27.2,20.5,61.0,1020.1
2025-09-21T10:23:49.420000+00:00,9904,15,1269,1.2,0,27.8,20.5,60.0,1019.9
2025-09-21T10:24:49.413000+00:00,9904,0,1269,1.0,0,27.8,20.6,60.0,1020.0
2025-09-21T10:25:49.417000+00:00,9904,13,1269,1.2,0,27.7,20.7,58.0,1020.1
2025-09-21T10:26:49.429000+00:00,9904,83,1269,2.0,0,27.7,20.7,59.0,1020.1
2025-09-21T10:27:49.425000+00:00,9904,38,1269,1.7,0,27.7,20.7,59.0,1020.2
2025-09-21T10:28:49.431000+00:00,9904,158,1269,2.5,0,27.7,20.7,60.0,1020.1
2025-09-21T10:29:49.427000+00:00,9904,98,1269,1.6,0,28.4,20.8,59.0,1020.1
2025-09-21T10:30:49.422000+00:00,9904,77,1269,1.6,0,28.7,20.9,59.0,1020.2
2025-09-21T10:31:49.432000+00:00,9904,124,1269,1.3,0,28.7,20.9,58.0,1020.2
2025-09-21T10:32:49.481000+00:00,9904,240,1269,1.4,0,28.9,21.0,58.0,1020.2
2025-09-21T10:33:49.424000+00:00,9904,177,1269,1.2,0,29.0,21.0,57.0,1020.4
2025-09-21T10:34:49.422000+00:00,9904,168,1269,1.8,0,28.9,21.1,57.0,1020.3
2025-09-21T10:35:49.425000+00:00,9904,104,1269,1.8,0,28.8,21.0,57.0,1020.3
2025-09-21T10:36:49.424000+00:00,9904,239,1269,1.6,0,28.6,21.0,57.0,1020.4
2025-09-21T10:37:49.430000+00:00,9904,0,1269,0.9,0,28.4,21.0,57.0,1020.3
2025-09-21T10:38:49.447000+00:00,9904,138,1269,2.3,0,28.3,21.0,58.0,1020.5
2025-09-21T10:39:49.443000+00:00,9904,79,1269,1.8,0,28.3,20.9,58.0,1020.4
2025-09-21T10:40:49.447000+00:00,9904,60,1269,1.2,0,28.5,21.0,59.0,1020.4
2025-09-21T10:41:49.469000+00:00,9904,42,1269,1.2,0,28.5,20.9,59.0,1020.5
2025-09-21T10:42:49.482000+00:00,9904,84,1269,2.3,0,27.8,20.9,60.0,1020.4
2025-09-21T10:43:49.492000+00:00,9904,343,1269,2.7,0,27.7,20.8,60.0,1020.4
2025-09-21T10:44:49.483000+00:00,9904,103,1269,1.2,0,27.8,20.8,61.0,1020.7
2025-09-21T10:45:49.483000+00:00,9904,180,1269,1.4,0,27.8,20.8,60.0,1020.5
2025-09-21T10:46:49.483000+00:00,9904,43,1269,0.8,0,27.9,20.7,60.0,1020.7
2025-09-21T10:47:49.493000+00:00,9904,102,1269,2.1,0,27.9,20.6,59.0,1020.7
2025-09-21T10:48:49.503000+00:00,9904,32,1269,1.3,0,28.0,20.7,58.0,1020.5
2025-09-21T10:49:49.513000+00:00,9904,29,1269,2.1,0,27.9,20.7,59.0,1020.6
2025-09-21T10:50:49.528000+00:00,9904,166,1269,1.4,0,27.8,20.6,59.0,1020.8
2025-09-21T10:51:49.529000+00:00,9904,169,1269,1.5,0,27.8,20.7,60.0,1020.8
2025-09-21T10:52:49.536000+00:00,9904,196,1269,1.4,0,27.8,20.6,60.0,1020.8
2025-09-21T10:53:49.543000+00:00,9904,63,1269,1.6,0,28.1,20.7,60.0,1020.7
2025-09-21T10:54:49.563000+00:00,9904,162,1269,0.9,0,28.2,20.7,60.0,1020.9
2025-09-21T10:55:49.564000+00:00,9904,217,1269,0.9,0,27.4,20.7,61.0,1020.9
2025-09-21T10:56:49.562000+00:00,9904,0,1269,0.6,0,27.4,20.7,60.0,1020.9
2025-09-21T10:57:49.557000+00:00,9904,151,1269,1.1,0,27.3,20.7,61.0,1020.9
2025-09-21T10:58:49.583000+00:00,9904,18,1269,1.4,0,27.1,20.6,60.0,1020.9
2025-09-21T10:59:49.577000+00:00,9904,136,1269,1.8,0,26.9,20.6,60.0,1021.1
2025-09-21T11:00:49.576000+00:00,9904,313,1269,1.9,0,26.8,20.6,60.0,1020.8
2025-09-21T11:01:49.644000+00:00,9904,134,1269,1.2,0,26.8,20.6,60.0,1020.9
2025-09-21T11:02:49.592000+00:00,9904,27,1269,1.5,0,26.7,20.5,60.0,1021.0
2025-09-21T11:03:49.603000+00:00,9904,241,1269,2.0,0,26.6,20.5,60.0,1020.8
2025-09-21T11:04:49.624000+00:00,9904,91,1269,1.8,0,26.6,20.5,61.0,1021.0
2025-09-21T11:05:49.617000+00:00,9904,297,1269,1.4,0,26.6,20.5,60.0,1021.0
2025-09-21T11:06:49.633000+00:00,9904,226,1269,2.0,0,26.5,20.6,60.0,1020.9
2025-09-21T11:07:49.621000+00:00,9904,231,1269,2.2,0,26.4,20.6,60.0,1021.1
2025-09-21T11:08:49.618000+00:00,9904,206,1269,2.9,0,26.4,20.6,60.0,1021.0
2025-09-21T11:09:49.636000+00:00,9904,202,1269,2.0,0,26.3,20.6,60.0,1021.0
2025-09-21T11:10:49.708000+00:00,9904,289,1269,2.6,0,26.3,20.6,60.0,1021.1
2025-09-21T11:11:49.670000+00:00,9904,69,1269,2.1,0,25.9,20.5,60.0,1021.1
2025-09-21T11:12:49.671000+00:00,9904,0,1269,1.5,0,25.9,20.5,60.0,1021.2
2025-09-21T11:13:49.670000+00:00,9904,189,1269,0.9,0,25.9,20.5,60.0,1021.3
2025-09-21T11:14:49.678000+00:00,9904,204,1269,1.1,0,25.9,20.5,60.0,1021.3
2025-09-21T11:15:49.694000+00:00,9904,258,1269,1.8,0,26.1,20.5,60.0,1021.3
2025-09-21T11:16:49.695000+00:00,9904,39,1269,1.2,0,26.1,20.5,60.0,1021.3
2025-09-21T11:17:49.699000+00:00,9904,241,1269,1.3,0,26.0,20.4,60.0,1021.4
2025-09-21T11:18:49.704000+00:00,9904,105,1269,1.4,0,25.9,20.5,60.0,1021.4
2025-09-21T11:19:49.714000+00:00,9904,268,1269,1.7,0,25.9,20.5,60.0,1021.6
2025-09-21T11:20:49.715000+00:00,9904,251,1269,1.7,0,25.9,20.5,60.0,1021.5
2025-09-21T11:21:49.715000+00:00,9904,227,1269,1.9,0,26.0,20.5,60.0,1021.5
2025-09-21T11:22:49.707000+00:00,9904,177,1269,2.2,0,25.6,20.5,60.0,1021.5
2025-09-21T11:23:49.709000+00:00,9904,223,1269,1.3,0,25.5,20.5,60.0,1021.5
2025-09-21T11:24:49.723000+00:00,9904,27,1269,1.4,0,25.7,20.5,61.0,1021.4
2025-09-21T11:25:49.716000+00:00,9904,0,1269,1.9,0,25.6,20.5,61.0,1021.3
2025-09-21T11:26:49.717000+00:00,9904,116,1269,1.0,0,25.7,20.5,60.0,1021.3
2025-09-21T11:27:49.717000+00:00,9904,46,1269,2.2,0,25.6,20.5,60.0,1021.6
2025-09-21T11:28:49.724000+00:00,9904,200,1269,1.6,0,25.5,20.5,61.0,1021.4
2025-09-21T11:29:49.725000+00:00,9904,273,1269,1.7,0,25.5,20.5,60.0,1021.4
2025-09-21T11:30:49.722000+00:00,9904,192,1269,1.8,0,25.5,20.5,60.0,1021.5
2025-09-21T11:31:49.728000+00:00,9904,215,1269,1.5,0,25.4,20.5,60.0,1021.5
2025-09-21T11:32:49.710000+00:00,9904,8,1269,0.8,0,25.3,20.5,60.0,1021.5
2025-09-21T11:33:49.718000+00:00,9904,245,1269,1.3,0,25.3,20.5,60.0,1021.6
2025-09-21T11:34:49.726000+00:00,9904,264,1269,2.2,0,25.2,20.5,60.0,1021.6
2025-09-21T11:35:49.719000+00:00,9904,129,1269,1.0,0,25.1,20.5,60.0,1021.8
2025-09-21T11:36:49.720000+00:00,9904,144,1269,1.3,0,25.0,20.5,60.0,1021.6
2025-09-21T11:37:49.727000+00:00,9904,122,1269,1.0,0,25.1,20.5,60.0,1021.5
2025-09-21T11:38:49.721000+00:00,9904,52,1269,1.1,0,25.0,20.5,60.0,1021.6
2025-09-21T11:39:49.735000+00:00,9904,107,1269,1.1,0,25.2,20.5,59.0,1021.5
2025-09-21T11:40:49.728000+00:00,9904,9,1269,1.8,0,25.2,20.5,59.0,1021.7
2025-09-21T11:41:49.739000+00:00,9904,80,1269,0.6,0,25.1,20.5,60.0,1021.5
2025-09-21T11:42:49.736000+00:00,9904,173,1269,2.4,0,24.8,20.5,60.0,1021.6
2025-09-21T11:43:49.732000+00:00,9904,115,1269,0.7,0,24.8,20.5,60.0,1021.6
2025-09-21T11:44:49.742000+00:00,9904,223,1269,0.8,0,25.3,20.5,60.0,1021.6
2025-09-21T11:45:49.745000+00:00,9904,85,1269,1.6,0,25.3,20.5,60.0,1021.7
2025-09-21T11:46:49.767000+00:00,9904,311,1269,1.7,0,25.3,20.5,60.0,1021.8
2025-09-21T11:47:49.792000+00:00,9904,213,1269,1.4,0,24.9,20.4,61.0,1021.6
2025-09-21T11:48:49.813000+00:00,9904,53,1269,1.5,0,25.0,20.5,60.0,1021.4
2025-09-21T11:49:49.825000+00:00,9904,187,1269,2.1,0,25.2,20.5,61.0,1021.5
2025-09-21T11:50:49.823000+00:00,9904,228,1269,1.3,0,25.2,20.5,60.0,1021.6
2025-09-21T11:51:49.840000+00:00,9904,354,1269,0.9,0,25.2,20.4,60.0,1021.6
2025-09-21T11:52:49.850000+00:00,9904,238,1269,1.1,0,25.2,20.4,60.0,1021.7
2025-09-21T11:53:49.859000+00:00,9904,338,1269,2.2,0,25.1,20.4,60.0,1021.7
2025-09-21T11:54:49.853000+00:00,9904,69,1269,2.1,0,24.9,20.5,60.0,1021.7
2025-09-21T11:55:49.850000+00:00,9904,39,1269,1.5,0,24.9,20.5,60.0,1021.7
2025-09-21T11:56:49.863000+00:00,9904,338,1269,1.8,0,24.8,20.5,60.0,1021.6
2025-09-21T11:57:49.859000+00:00,9904,339,1269,1.1,0,24.7,20.5,60.0,1021.7
2025-09-21T11:58:49.875000+00:00,9904,208,1269,0.7,0,24.8,20.5,60.0,1021.7
2025-09-21T11:59:49.855000+00:00,9904,68,1269,0.9,0,24.8,20.5,60.0,1021.7
2025-09-21T12:00:49.856000+00:00,9904,303,1269,1.2,0,24.7,20.4,60.0,1021.7
2025-09-21T12:01:49.860000+00:00,9904,164,1269,1.6,0,24.7,20.4,60.0,1021.7
2025-09-21T12:02:49.867000+00:00,9904,206,1269,1.8,0,24.9,20.4,60.0,1021.7
2025-09-21T12:03:49.857000+00:00,9904,120,1269,1.9,0,24.9,20.4,60.0,1021.7
2025-09-21T12:04:49.854000+00:00,9904,183,1269,1.4,0,24.8,20.5,61.0,1021.7
2025-09-21T12:05:49.847000+00:00,9904,162,1269,1.1,0,24.9,20.5,61.0,1021.6
2025-09-21T12:06:49.866000+00:00,9904,245,1269,0.9,0,24.9,20.5,61.0,1021.6
2025-09-21T12:07:49.858000+00:00,9904,237,1269,1.4,0,24.9,20.4,60.0,1021.6
2025-09-21T12:08:49.860000+00:00,9904,237,1269,1.4,0,24.9,20.4,60.0,1021.6
2025-09-21T12:09:49.873000+00:00,9904,0,1269,1.4,0,24.9,20.4,60.0,1021.7
2025-09-21T12:10:49.859000+00:00,9904,192,1269,1.9,0,25.2,20.4,60.0,1021.7
2025-09-21T12:11:49.873000+00:00,9904,309,1269,2.0,0,25.2,20.4,60.0,1021.7
2025-09-21T12:12:49.865000+00:00,9904,251,1269,1.9,0,25.0,20.4,60.0,1021.7
2025-09-21T12:13:49.872000+00:00,9904,262,1269,2.4,0,24.8,20.4,60.0,1021.6
2025-09-21T12:14:49.891000+00:00,9904,334,1269,1.5,0,24.9,20.5,60.0,1021.6
2025-09-21T12:15:49.864000+00:00,9904,218,1269,0.9,0,24.9,20.5,60.0,1021.8
2025-09-21T12:16:49.879000+00:00,9904,241,1269,1.3,0,24.9,20.5,60.0,1021.6
2025-09-21T12:17:49.875000+00:00,9904,152,1269,2.2,0,25.0,20.5,60.0,1021.7
2025-09-21T12:18:49.879000+00:00,9904,180,1269,2.1,0,24.9,20.5,60.0,1021.6
2025-09-21T12:19:49.885000+00:00,9904,268,1269,1.3,0,24.9,20.5,60.0,1021.6
2025-09-21T12:20:49.879000+00:00,9904,200,1269,1.0,0,24.9,20.5,60.0,1021.7
2025-09-21T12:21:49.884000+00:00,9904,219,1269,1.3,0,25.0,20.5,60.0,1021.7
2025-09-21T12:22:49.900000+00:00,9904,219,1269,1.3,0,25.0,20.5,60.0,1021.7
2025-09-21T12:23:49.877000+00:00,9904,245,1269,1.2,0,24.5,20.4,60.0,1021.7
2025-09-21T12:24:49.877000+00:00,9904,245,1269,1.2,0,24.5,20.5,60.0,1021.7
2025-09-21T12:25:49.880000+00:00,9904,94,1269,1.3,0,24.8,20.5,60.0,1021.4
2025-09-21T12:26:49.880000+00:00,9904,217,1269,1.3,0,25.0,20.5,59.0,1021.6
2025-09-21T12:27:49.885000+00:00,9904,244,1269,1.3,0,24.8,20.5,59.0,1021.6
2025-09-21T12:28:49.890000+00:00,9904,292,1269,0.8,0,24.6,20.5,59.0,1021.9
2025-09-21T12:29:49.890000+00:00,9904,205,1269,1.4,0,24.6,20.5,59.0,1021.6
2025-09-21T12:30:49.888000+00:00,9904,249,1269,2.2,0,24.6,20.5,59.0,1021.7
2025-09-21T12:31:49.886000+00:00,9904,260,1269,2.2,0,24.6,20.5,59.0,1021.7
2025-09-21T12:32:49.890000+00:00,9904,212,1269,2.1,0,24.5,20.5,59.0,1021.7
2025-09-21T12:33:49.884000+00:00,9904,244,1269,1.5,0,24.5,20.5,60.0,1021.7
2025-09-21T12:34:49.879000+00:00,9904,347,1269,1.5,0,24.5,20.4,60.0,1021.7
2025-09-21T12:35:49.886000+00:00,9904,25,1269,2.1,0,24.5,20.4,60.0,1021.8
2025-09-21T12:36:49.932000+00:00,9904,220,1269,0.5,0,24.5,20.4,60.0,1021.8
2025-09-21T12:37:49.884000+00:00,9904,67,1269,1.7,0,24.1,20.4,60.0,1021.8
2025-09-21T12:38:49.890000+00:00,9904,159,1269,1.6,0,24.0,20.4,60.0,1021.8
2025-09-21T12:39:49.888000+00:00,9904,244,1269,1.6,0,24.1,20.4,60.0,1021.8
2025-09-21T12:40:49.895000+00:00,9904,169,1269,1.7,0,24.1,20.3,60.0,1021.8
2025-09-21T12:41:49.887000+00:00,9904,70,1269,1.5,0,24.0,20.3,60.0,1021.7
2025-10-05T11:09:12.972000+00:00,9896,151,1270,1.6,0,34.0,28.5,75.0,1009.9
2025-10-05T11:10:12.981000+00:00,9896,156,1270,1.2,0,34.4,28.6,75.0,1009.8
2025-10-05T11:11:12.996000+00:00,9896,167,1270,1.3,0,34.8,28.8,74.0,1009.8
2025-10-05T11:12:12.998000+00:00,9896,141,1270,1.1,0,34.5,28.7,73.0,1009.9
2025-10-05T11:13:12.986000+00:00,9896,149,1270,1.0,1,34.3,28.8,74.0,1009.9
2025-10-05T11:14:13.006000+00:00,9896,145,1270,1.0,1,34.3,28.8,75.0,1009.9
2025-10-05T11:15:12.991000+00:00,9896,161,1270,1.4,1,34.2,28.8,74.0,1009.9
2025-10-05T11:16:12.991000+00:00,9896,154,1270,1.3,1,34.2,28.7,73.0,1009.9
2025-10-05T11:17:12.984000+00:00,9896,167,1270,1.4,0,34.1,28.7,72.0,1010.0
2025-10-05T11:18:13.002000+00:00,9896,152,1270,1.2,0,33.9,28.6,72.0,1010.1
2025-10-05T11:19:13+00:00,9896,152,1270,1.3,0,34.1,28.7,72.0,1010.0
2025-10-05T11:20:13.004000+00:00,9896,152,1270,1.1,0,34.1,28.8,71.0,1009.9
2025-10-05T11:21:13.004000+00:00,9896,159,1270,1.2,1,34.0,28.8,73.0,1010.0
2025-10-05T11:22:13.010000+00:00,9896,155,1270,1.3,1,33.7,28.8,72.0,1010.0
2025-10-05T11:23:12.994000+00:00,9896,153,1270,1.4,0,33.7,28.7,73.0,1010.1
2025-10-05T11:24:13.007000+00:00,9896,165,1270,1.1,0,33.7,28.8,74.0,1010.1
2025-10-05T11:25:13.040000+00:00,9896,165,1270,1.1,0,33.6,28.8,76.0,1010.1
2025-10-05T11:26:13.053000+00:00,9896,159,1270,0.8,0,34.3,28.9,75.0,1010.0
2025-10-05T11:27:13.040000+00:00,9896,144,1270,0.7,0,34.8,28.9,76.0,1009.9
2025-10-05T11:28:13.060000+00:00,9896,84,1270,0.6,0,34.8,28.8,75.0,1009.9
2025-10-05T11:29:13.071000+00:00,9896,0,1270,0.4,0,34.9,28.8,71.0,1009.8
2025-10-05T11:30:13.078000+00:00,9896,341,1270,0.4,0,37.0,28.9,77.0,1009.9
2025-10-05T11:31:13.071000+00:00,9896,0,1270,0.0,0,37.0,28.9,77.0,1010.0
2025-10-05T11:32:13.071000+00:00,9896,76,1270,0.0,0,38.8,28.9,76.0,1010.0
2025-10-05T11:33:13.105000+00:00,9896,151,1270,0.5,0,37.7,29.0,74.0,1010.1
2025-10-05T11:34:13.100000+00:00,9896,160,1270,0.9,0,33.5,29.0,74.0,1010.2
2025-10-05T11:35:13.113000+00:00,9896,150,1270,0.7,0,32.8,28.8,77.0,1010.4
2025-10-05T11:36:13.089000+00:00,9896,168,1270,0.7,0,34.1,28.8,78.0,1010.4
2025-10-05T11:37:13.106000+00:00,9896,139,1270,0.4,0,34.6,28.8,78.0,1010.3
2025-10-05T11:38:13.123000+00:00,9896,169,1270,1.1,0,34.5,28.7,76.0,1010.3
2025-10-05T11:39:13.146000+00:00,9896,187,1270,1.5,0,32.9,28.6,77.0,1010.3
2025-10-05T11:40:13.130000+00:00,9896,191,1270,1.3,0,32.7,28.7,78.0,1010.4
2025-10-05T11:41:13.146000+00:00,9896,184,1270,1.2,0,32.9,28.7,78.0,1010.4
2025-10-05T11:42:13.145000+00:00,9896,183,1270,1.3,0,33.2,28.7,78.0,1010.5
2025-10-05T11:43:13.182000+00:00,9896,168,1270,1.3,0,33.0,28.7,78.0,1010.4
2025-10-05T11:44:13.164000+00:00,9896,152,1270,1.6,0,32.5,28.8,79.0,1010.4
2025-10-05T11:45:13.187000+00:00,9896,146,1270,1.6,0,32.5,28.8,79.0,1010.5
2025-10-05T11:46:13.185000+00:00,9896,171,1270,1.1,0,33.2,28.8,81.0,1010.5
2025-10-05T11:47:13.183000+00:00,9896,163,1270,1.3,0,33.2,28.8,81.0,1010.6
2025-10-05T11:48:13.191000+00:00,9896,163,1270,1.4,0,32.6,28.8,80.0,1010.6
2025-10-05T11:49:13.183000+00:00,9896,162,1270,1.4,0,32.6,28.8,81.0,1010.7
2025-10-05T11:50:13.198000+00:00,9896,164,1270,1.1,0,32.7,28.7,81.0,1010.5
2025-10-05T11:51:13.226000+00:00,9896,165,1270,1.2,0,32.8,28.7,81.0,1010.6
2025-10-05T11:52:13.228000+00:00,9896,157,1270,1.1,0,32.8,28.7,81.0,1010.6
2025-10-05T11:53:13.243000+00:00,9896,164,1270,1.1,0,33.4,28.7,81.0,1010.7
2025-10-05T11:54:13.279000+00:00,9896,151,1270,1.0,0,33.0,28.7,81.0,1010.6
2025-10-05T11:55:13.271000+00:00,9896,166,1270,1.0,0,33.0,28.6,80.0,1010.7
2025-10-05T11:56:13.270000+00:00,9896,167,1270,1.1,0,33.0,28.6,81.0,1010.6
2025-10-05T11:57:13.279000+00:00,9896,181,1270,0.9,0,33.1,28.6,81.0,1010.7
2025-10-05T11:58:13.269000+00:00,9896,188,1270,1.1,0,33.4,28.6,81.0,1010.7
2025-10-05T11:59:13.288000+00:00,9896,190,1270,1.0,0,33.2,28.6,81.0,1010.7
2025-10-05T12:00:13.287000+00:00,9896,154,1270,0.5,0,33.2,28.6,82.0,1010.6
2025-10-05T12:01:13.297000+00:00,9896,0,1270,0.4,0,33.4,28.6,81.0,1010.7
2025-10-05T12:02:13.313000+00:00,9896,142,1270,0.4,0,36.1,28.6,81.0,1010.6
2025-10-05T12:03:13.317000+00:00,9896,0,1270,0.5,0,34.1,28.7,81.0,1010.6
2025-10-05T12:04:13.339000+00:00,9896,0,1270,0.4,0,33.6,28.7,80.0,1010.6
2025-10-05T12:05:13.351000+00:00,9896,103,1270,0.5,0,34.2,28.9,81.0,1010.6
2025-10-05T12:06:13.371000+00:00,9896,0,1270,0.6,0,34.2,28.9,80.0,1010.7
2025-10-05T12:07:13.382000+00:00,9896,262,1270,0.5,0,33.3,28.9,81.0,1010.6
2025-10-05T12:08:13.377000+00:00,9896,181,1270,0.6,0,34.2,28.9,80.0,1010.7
2025-10-05T12:09:13.406000+00:00,9896,233,1270,0.8,0,34.5,29.1,80.0,1010.7
2025-10-05T12:10:13.401000+00:00,9896,178,1270,0.8,0,34.5,29.1,80.0,1010.6
2025-10-05T12:11:13.432000+00:00,9896,148,1270,1.0,0,34.1,29.1,78.0,1010.7
2025-10-05T12:12:13.435000+00:00,9896,165,1270,1.0,0,33.8,29.0,78.0,1010.7
2025-10-05T12:13:13.438000+00:00,9896,144,1270,0.8,0,33.6,29.1,78.0,1010.7
2025-10-05T12:14:13.455000+00:00,9896,160,1270,1.4,0,33.8,29.1,78.0,1010.7
2025-10-05T12:15:13.461000+00:00,9896,165,1270,1.9,0,33.8,29.0,78.0,1010.7
2025-10-05T12:16:13.473000+00:00,9896,182,1270,1.2,0,33.9,29.1,77.0,1010.6
2025-10-05T12:17:13.464000+00:00,9896,167,1270,1.4,0,34.1,29.1,77.0,1010.7
2025-10-05T12:18:13.473000+00:00,9896,153,1270,1.7,0,34.0,29.1,77.0,1010.6
2025-10-05T12:19:13.483000+00:00,9896,156,1270,1.8,0,34.0,29.1,76.0,1010.7
2025-10-05T12:20:13.487000+00:00,9896,151,1270,1.7,0,34.2,29.1,75.0,1010.7
2025-10-05T12:21:13.521000+00:00,9896,159,1270,1.7,0,34.3,29.1,74.0,1010.7
2025-10-05T12:22:13.524000+00:00,9896,155,1270,1.9,0,34.3,29.0,74.0,1010.8
2025-10-05T12:23:13.537000+00:00,9896,162,1270,1.9,0,34.0,29.0,73.0,1010.8
2025-10-05T12:24:13.554000+00:00,9896,159,1270,2.2,0,33.9,29.0,74.0,1010.7
2025-10-05T12:25:13.558000+00:00,9896,168,1270,1.6,0,34.0,29.0,73.0,1010.8
2025-10-05T12:26:13.545000+00:00,9896,159,1270,2.0,0,33.9,29.1,71.0,1010.8
2025-10-05T12:27:13.546000+00:00,9896,146,1270,1.6,0,34.3,29.1,72.0,1010.9
2025-10-05T12:28:13.561000+00:00,9896,162,1270,2.1,0,34.0,29.1,72.0,1010.8
2025-10-05T12:29:13.573000+00:00,9896,153,1270,2.0,0,34.0,29.1,71.0,1010.7
2025-10-05T12:30:13.589000+00:00,9896,157,1270,2.1,0,33.8,29.2,72.0,1010.8
2025-10-05T12:31:13.623000+00:00,9896,148,1270,1.8,0,33.8,29.2,72.0,1010.7
2025-10-05T12:32:13.614000+00:00,9896,151,1270,1.9,0,34.1,29.2,72.0,1010.8
2025-10-05T12:33:13.641000+00:00,9896,161,1270,1.1,0,34.1,29.3,72.0,1010.8
2025-10-05T12:34:13.670000+00:00,9896,140,1270,1.5,0,33.8,29.2,72.0,1010.8
2025-10-05T12:35:13.638000+00:00,9896,147,1270,0.9,0,33.8,29.2,73.0,1010.9
2025-10-05T12:36:13.640000+00:00,9896,158,1270,1.0,0,33.8,29.2,73.0,1010.9
2025-10-05T12:37:13.645000+00:00,9896,148,1270,1.2,0,34.0,29.2,72.0,1010.9
2025-10-05T12:38:13.662000+00:00,9896,162,1270,1.3,0,34.0,29.2,71.0,1010.9
2025-10-05T12:39:13.650000+00:00,9896,175,1270,1.5,0,33.7,29.2,72.0,1010.9
2025-10-05T12:40:13.641000+00:00,9896,163,1270,1.1,0,33.8,29.2,72.0,1010.9
2025-10-05T12:41:13.662000+00:00,9896,168,1270,1.3,0,33.7,29.2,72.0,1010.9
2025-10-05T12:42:13.653000+00:00,9896,135,1270,1.3,0,33.7,29.3,72.0,1010.9
2025-10-05T12:43:13.643000+00:00,9896,160,1270,1.4,0,33.8,29.3,72.0,1010.9
2025-10-05T12:44:13.672000+00:00,9896,149,1270,1.4,0,33.7,29.3,71.0,1010.9
2025-10-05T12:45:13.673000+00:00,9896,157,1270,1.5,0,33.7,29.3,72.0,1011.0
2025-10-05T12:46:13.694000+00:00,9896,152,1270,1.4,0,33.7,29.2,72.0,1011.0
2025-10-05T12:47:13.695000+00:00,9896,150,1270,1.2,0,33.7,29.2,72.0,1011.0
2025-10-05T12:48:13.681000+00:00,9896,160,1270,1.1,0,33.7,29.2,72.0,1011.0
2025-10-05T12:49:13.685000+00:00,9896,143,1270,1.1,0,33.7,29.2,73.0,1011.0
2025-10-05T12:50:13.711000+00:00,9896,163,1270,1.1,0,33.9,29.2,73.0,1011.0
2025-10-05T12:51:13.712000+00:00,9896,161,1270,1.3,0,33.9,29.2,72.0,1011.1
2025-10-05T12:52:13.728000+00:00,9896,157,1270,1.1,0,33.7,29.3,72.0,1011.1
2025-10-05T12:53:13.722000+00:00,9896,150,1270,1.1,0,33.8,29.2,72.0,1011.1
2025-10-05T12:54:13.747000+00:00,9896,162,1270,1.3,0,33.8,29.2,72.0,1011.1
2025-10-05T12:55:13.756000+00:00,9896,164,1270,1.1,0,34.0,29.2,72.0,1011.2
2025-10-05T12:56:13.750000+00:00,9896,149,1270,1.3,0,33.9,29.2,71.0,1011.0
2025-10-05T12:57:13.730000+00:00,9896,153,1270,1.3,0,33.9,29.2,72.0,1011.0
2025-10-05T12:58:13.770000+00:00,9896,141,1270,1.2,0,33.7,29.2,71.0,1011.1
2025-10-05T12:59:13.772000+00:00,9896,168,1270,1.3,0,34.0,29.1,72.0,1011.1
2025-10-05T13:00:13.782000+00:00,9896,160,1270,1.0,0,34.1,29.1,72.0,1011.2
2025-10-05T13:01:13.785000+00:00,9896,143,1270,1.0,0,34.0,29.1,71.0,1011.1
2025-10-05T13:02:13.788000+00:00,9896,145,1270,1.4,0,33.9,29.2,71.0,1011.1
2025-10-05T13:03:13.806000+00:00,9896,172,1270,1.1,0,34.0,29.2,71.0,1011.1
2025-10-05T13:04:13.822000+00:00,9896,130,1270,1.0,0,34.0,29.2,71.0,1011.1
2025-10-05T13:05:13.817000+00:00,9896,156,1270,0.8,0,34.0,29.2,72.0,1011.1
2025-10-05T13:06:13.825000+00:00,9896,104,1270,0.5,0,33.7,29.2,72.0,1011.2
2025-10-05T13:07:13.823000+00:00,9896,96,1270,0.8,0,33.9,29.2,72.0,1011.1
2025-10-05T13:08:13.835000+00:00,9896,137,1270,0.8,0,34.3,29.2,72.0,1011.2
2025-10-05T13:09:13.851000+00:00,9896,350,1270,1.5,0,34.3,29.3,71.0,1011.1
2025-10-05T13:10:13.867000+00:00,9896,110,1270,0.8,0,34.1,29.3,71.0,1011.0
2025-10-05T13:11:13.873000+00:00,9896,112,1270,0.5,0,34.1,29.3,71.0,1011.1
2025-10-05T13:12:13.872000+00:00,9896,112,1270,0.9,0,34.1,29.4,71.0,1011.1
2025-10-05T13:13:13.885000+00:00,9896,158,1270,1.0,0,33.9,29.4,71.0,1011.2
2025-10-05T13:14:13.884000+00:00,9896,30,1270,0.6,0,33.5,29.3,71.0,1011.2
2025-10-05T13:15:13.886000+00:00,9896,34,1270,0.7,0,33.9,29.4,71.0,1011.2
2025-10-05T13:16:13.924000+00:00,9896,56,1270,0.0,0,33.6,29.4,71.0,1011.1
2025-10-05T13:17:13.905000+00:00,9896,0,1270,0.6,0,33.9,29.4,71.0,1011.1
2025-10-05T13:18:13.935000+00:00,9896,154,1270,0.5,0,34.1,29.4,71.0,1011.2
2025-10-05T13:19:13.943000+00:00,9896,144,1270,1.0,0,34.1,29.4,70.0,1011.2
2025-10-05T13:20:13.965000+00:00,9896,200,1270,0.9,0,33.6,29.5,70.0,1011.3
2025-10-05T13:21:13.977000+00:00,9896,156,1270,0.8,0,34.0,29.5,70.0,1011.3
2025-10-05T13:22:13.954000+00:00,9896,201,1270,1.2,0,34.0,29.5,70.0,1011.3
2025-10-05T13:23:13.966000+00:00,9896,213,1270,0.7,0,33.5,29.5,72.0,1011.3
2025-10-05T13:24:13.962000+00:00,9896,236,1270,0.7,0,33.4,29.5,73.0,1011.3
2025-10-05T13:25:13.978000+00:00,9896,0,1270,0.9,0,33.6,29.4,73.0,1011.3
2025-10-05T13:26:13.994000+00:00,9896,217,1270,0.6,0,34.0,29.4,73.0,1011.3
2025-10-05T13:27:13.995000+00:00,9896,225,1270,0.9,0,33.3,29.4,73.0,1011.3
2025-10-05T13:28:13.979000+00:00,9896,0,1270,0.6,0,33.3,29.4,72.0,1011.3
2025-10-05T13:29:13.997000+00:00,9896,141,1270,0.6,0,33.3,29.3,73.0,1011.4
2025-10-05T13:30:13.991000+00:00,9896,175,1270,1.1,0,33.6,29.3,74.0,1011.3
2025-10-05T13:31:13.999000+00:00,9896,188,1270,1.3,0,33.6,29.4,74.0,1011.3
2025-10-05T13:32:14.036000+00:00,9896,174,1270,0.9,0,33.2,29.4,74.0,1011.4
2025-10-05T13:33:14.043000+00:00,9896,162,1270,1.1,0,33.1,29.5,72.0,1011.3
2025-10-05T13:34:14.068000+00:00,9896,138,1270,0.9,0,33.1,29.5,73.0,1011.4
2025-10-05T13:35:14.085000+00:00,9896,132,1270,0.3,0,33.3,29.5,73.0,1011.3
2025-10-05T13:36:14.079000+00:00,9896,161,1270,0.9,0,33.3,29.5,72.0,1011.3
2025-10-05T13:37:14.110000+00:00,9896,155,1270,1.5,0,33.5,29.5,72.0,1011.5
2025-10-05T13:38:14.096000+00:00,9896,173,1270,1.2,0,33.5,29.5,72.0,1011.3
2025-10-05T13:39:14.110000+00:00,9896,156,1270,1.4,0,33.5,29.4,71.0,1011.4
2025-10-05T13:40:14.113000+00:00,9896,159,1270,1.6,0,33.4,29.4,71.0,1011.4
2025-10-05T13:41:14.139000+00:00,9896,155,1270,1.7,0,33.3,29.4,72.0,1011.4
2025-10-05T13:42:14.127000+00:00,9896,159,1270,1.6,0,33.4,29.4,71.0,1011.4
2025-10-05T13:43:14.129000+00:00,9896,153,1270,1.4,0,33.6,29.4,72.0,1011.5
2025-10-05T13:44:14.144000+00:00,9896,159,1270,1.6,0,33.2,29.4,72.0,1011.4
2025-10-05T13:45:14.149000+00:00,9896,157,1270,1.2,0,33.6,29.4,72.0,1011.4
2025-10-05T13:46:14.161000+00:00,9896,161,1270,1.0,0,33.6,29.4,72.0,1011.5
2025-10-05T13:47:14.163000+00:00,9896,143,1270,1.3,0,33.6,29.4,72.0,1011.4
2025-10-05T13:48:14.162000+00:00,9896,143,1270,1.3,0,33.6,29.4,72.0,1011.4
2025-10-05T13:49:14.154000+00:00,9896,143,1270,1.3,0,33.6,29.4,72.0,1011.4
2025-10-19T18:07:29.925000+00:00,9888,282,1271,2.9,0,42.1,26.4,30.0,1002.1
2025-10-19T18:08:29.930000+00:00,9888,278,1271,2.4,0,42.4,26.4,30.0,1002.1
2025-10-19T18:09:29.931000+00:00,9888,275,1271,3.1,0,42.4,26.5,29.0,1002.1
2025-10-19T18:10:29.944000+00:00,9888,271,1271,2.8,0,42.4,26.6,29.0,1002.0
2025-10-19T18:11:29.957000+00:00,9888,283,1271,2.2,0,42.6,26.7,29.0,1002.1
2025-10-19T18:12:29.979000+00:00,9888,290,1271,2.3,0,43.0,26.8,29.0,1002.1
2025-10-19T18:13:29.981000+00:00,9888,257,1271,2.1,0,43.0,26.7,28.0,1002.1
2025-10-19T18:14:29.975000+00:00,9888,278,1271,2.5,0,42.9,26.6,28.0,1002.1
2025-10-19T18:15:30.005000+00:00,9888,260,1271,3.1,0,42.9,26.6,28.0,1002.1
2025-10-19T18:16:30.005000+00:00,9888,273,1271,2.6,0,43.0,26.6,28.0,1002.0
2025-10-19T18:17:30.033000+00:00,9888,267,1271,2.8,0,42.9,26.6,28.0,1002.1
2025-10-19T18:18:30.019000+00:00,9888,296,1271,3.3,0,42.9,26.8,28.0,1002.0
2025-10-19T18:19:30.019000+00:00,9888,245,1271,1.7,0,43.0,26.9,28.0,1002.0
2025-10-19T18:20:30.020000+00:00,9888,228,1271,2.1,0,43.3,26.9,27.0,1001.9
2025-10-19T18:21:30.020000+00:00,9888,273,1271,2.2,0,43.7,26.9,27.0,1002.0
2025-10-19T18:22:30.020000+00:00,9888,282,1271,1.7,0,43.8,27.0,26.0,1002.0
2025-10-19T18:23:30.020000+00:00,9888,286,1271,2.0,0,43.8,27.0,26.0,1002.0
2025-10-19T18:24:30.020000+00:00,9888,257,1271,3.1,0,43.8,27.1,27.0,1001.8
2025-10-19T18:25:30.022000+00:00,9888,273,1271,4.9,0,43.7,27.2,27.0,1001.8
2025-10-19T18:26:30.019000+00:00,9888,264,1271,2.5,0,43.7,27.1,27.0,1001.8
2025-10-19T18:27:30.020000+00:00,9888,281,1271,2.0,0,43.8,27.1,26.0,1001.8
2025-10-19T18:28:30.021000+00:00,9888,278,1271,3.2,0,43.8,27.1,26.0,1001.8
2025-10-19T18:29:30.030000+00:00,9888,277,1271,4.6,0,43.6,27.0,26.0,1001.8
2025-10-19T18:30:30.027000+00:00,9888,274,1271,3.9,0,43.5,27.0,26.0,1001.6
2025-10-19T18:31:30.031000+00:00,9888,250,1271,2.8,0,43.6,27.2,26.0,1001.7
2025-10-19T18:32:30.023000+00:00,9888,238,1271,2.6,0,43.8,27.3,26.0,1001.7
2025-10-19T18:33:30.028000+00:00,9888,292,1271,2.8,0,43.8,27.3,26.0,1001.8
2025-10-19T18:34:30.036000+00:00,9888,241,1271,2.0,0,43.9,27.3,26.0,1001.7
2025-10-19T18:35:30.032000+00:00,9888,288,1271,3.2,0,44.0,27.5,25.0,1001.5
2025-10-19T18:36:30.033000+00:00,9888,262,1271,2.5,0,44.0,27.7,25.0,1001.7
2025-10-19T18:37:30.031000+00:00,9888,285,1271,2.8,0,44.0,27.8,25.0,1001.6
2025-10-19T18:38:30.026000+00:00,9888,276,1271,3.7,0,43.9,27.7,25.0,1001.6
2025-10-19T18:39:30.033000+00:00,9888,260,1271,3.1,0,43.9,27.6,25.0,1001.5
2025-10-19T18:40:30.033000+00:00,9888,294,1271,2.9,0,43.9,27.4,24.0,1001.6
2025-10-19T18:41:30.037000+00:00,9888,262,1271,3.3,0,44.0,27.5,24.0,1001.5
2025-10-19T18:42:30.038000+00:00,9888,272,1271,2.5,0,44.3,27.5,24.0,1001.5
2025-10-19T18:43:30.029000+00:00,9888,287,1271,3.0,0,44.4,27.5,23.0,1001.5
2025-10-19T18:44:30.026000+00:00,9888,162,1271,1.7,0,44.4,27.5,23.0,1001.5
2025-10-19T18:45:30.034000+00:00,9888,136,1271,3.0,0,44.4,27.6,23.0,1001.6
2025-10-19T18:46:30.034000+00:00,9888,93,1271,1.8,0,44.5,27.6,23.0,1001.4
2025-10-19T18:47:30.041000+00:00,9888,344,1271,1.3,0,44.7,27.8,23.0,1001.5
2025-10-19T18:48:30.045000+00:00,9888,265,1271,1.2,0,44.8,27.9,23.0,1001.4
2025-10-19T18:49:30.040000+00:00,9888,269,1271,2.5,0,44.9,28.0,24.0,1001.4
2025-10-19T18:50:30.039000+00:00,9888,242,1271,1.3,0,45.1,28.0,23.0,1001.4
2025-10-19T18:51:30.040000+00:00,9888,261,1271,1.9,0,45.2,28.1,23.0,1001.3
2025-10-19T18:52:30.058000+00:00,9888,286,1271,2.6,0,45.2,28.1,22.0,1001.4
2025-10-19T18:53:30.045000+00:00,9888,267,1271,3.0,0,44.9,28.1,22.0,1001.3
2025-10-19T18:54:30.040000+00:00,9888,277,1271,3.6,0,44.9,28.0,22.0,1001.2
2025-10-19T18:55:30.042000+00:00,9888,259,1271,3.4,0,44.6,27.8,22.0,1001.3
2025-10-19T18:56:30.048000+00:00,9888,288,1271,3.6,0,44.6,27.7,23.0,1001.4
2025-10-19T18:57:30.042000+00:00,9888,287,1271,3.8,0,44.7,27.8,23.0,1001.3
2025-10-19T18:58:30.042000+00:00,9888,270,1271,3.8,0,44.6,27.8,23.0,1001.2
2025-10-19T18:59:30.042000+00:00,9888,259,1271,2.3,0,44.7,28.0,23.0,1001.3
2025-10-19T19:00:30.044000+00:00,9888,282,1271,1.6,0,45.0,28.0,23.0,1001.3
2025-10-19T19:01:30.054000+00:00,9888,261,1271,3.1,0,45.1,27.9,22.0,1001.2
2025-10-19T19:02:30.053000+00:00,9888,292,1271,1.8,0,44.9,27.9,22.0,1001.2
2025-10-19T19:03:30.054000+00:00,9888,304,1271,1.4,0,45.0,28.0,22.0,1001.2
2025-10-19T19:04:30.055000+00:00,9888,232,1271,1.5,0,45.1,28.2,22.0,1001.2
2025-10-19T19:05:30.054000+00:00,9888,316,1271,2.0,0,45.6,28.2,22.0,1001.1
2025-10-19T19:06:30.056000+00:00,9888,105,1271,1.2,0,45.1,28.1,21.0,1001.1
2025-10-19T19:07:30.055000+00:00,9888,277,1271,1.9,0,45.1,28.1,22.0,1001.1
2025-10-19T19:08:30.056000+00:00,9888,80,1271,1.0,0,45.5,28.3,22.0,1001.1
2025-10-19T19:09:30.057000+00:00,9888,192,1271,1.2,0,45.5,28.4,21.0,1001.2
2025-10-19T19:10:30.057000+00:00,9888,263,1271,1.8,0,45.4,28.5,21.0,1001.1
2025-10-19T19:11:30.057000+00:00,9888,212,1271,1.4,0,45.8,28.6,22.0,1001.1
2025-10-19T19:12:30.056000+00:00,9888,244,1271,1.9,0,45.9,28.7,21.0,1001.0
2025-10-19T19:13:30.056000+00:00,9888,13,1271,1.1,0,45.9,28.6,21.0,1001.2
2025-10-19T19:14:30.056000+00:00,9888,288,1271,0.6,0,45.9,28.8,21.0,1001.1
2025-10-19T19:15:30.063000+00:00,9888,283,1271,2.8,0,45.5,28.8,22.0,1001.0
2025-10-19T19:16:30.057000+00:00,9888,218,1271,1.3,0,45.5,28.7,22.0,1001.1
2025-10-19T19:17:30.071000+00:00,9888,286,1271,1.6,0,45.9,28.7,21.0,1001.2
2025-10-19T19:18:30.057000+00:00,9888,259,1271,1.6,0,46.0,28.7,21.0,1001.1
2025-10-19T19:19:30.057000+00:00,9888,182,1271,2.1,0,46.0,28.6,20.0,1001.2
2025-10-19T19:20:30.058000+00:00,9888,262,1271,1.1,0,45.8,28.5,21.0,1001.1
2025-10-19T19:21:30.058000+00:00,9888,189,1271,1.2,0,46.0,28.5,21.0,1001.1
2025-10-19T19:22:30.058000+00:00,9888,203,1271,1.3,0,46.0,28.4,21.0,1001.2
2025-10-19T19:23:30.059000+00:00,9888,266,1271,1.0,0,46.0,28.5,21.0,1001.1
2025-10-19T19:24:30.058000+00:00,9888,200,1271,1.8,0,46.0,28.5,21.0,1001.1
2025-10-19T19:25:30.074000+00:00,9888,245,1271,2.0,0,46.2,28.6,21.0,1001.1
2025-10-19T19:26:30.070000+00:00,9888,280,1271,1.4,0,46.2,28.8,21.0,1000.9
2025-10-19T19:27:30.066000+00:00,9888,198,1271,1.4,0,46.3,28.8,21.0,1001.0
2025-10-19T19:28:30.070000+00:00,9888,280,1271,1.9,0,46.1,28.7,21.0,1001.0
2025-10-19T19:29:30.070000+00:00,9888,156,1271,1.3,0,46.1,28.8,21.0,1001.0
2025-10-19T19:30:30.073000+00:00,9888,293,1271,1.5,0,46.1,28.6,21.0,1000.9
2025-10-19T19:31:30.074000+00:00,9888,342,1271,2.0,0,45.9,28.7,20.0,1000.9
2025-10-19T19:32:30.063000+00:00,9888,258,1271,1.4,0,46.0,28.7,20.0,1000.9
2025-10-19T19:33:30.074000+00:00,9888,212,1271,1.6,0,46.0,28.6,20.0,1000.9
2025-10-19T19:34:30.074000+00:00,9888,6,1271,1.4,0,45.9,28.6,21.0,1000.9
2025-10-19T19:35:30.075000+00:00,9888,285,1271,0.7,0,45.8,28.7,21.0,1001.0
2025-10-19T19:36:30.075000+00:00,9888,265,1271,2.4,0,45.8,28.9,21.0,1000.9
2025-10-19T19:37:30.075000+00:00,9888,240,1271,2.8,0,45.8,28.9,21.0,1001.0
2025-10-19T19:38:30.075000+00:00,9888,43,1271,1.7,0,46.0,28.8,21.0,1000.9
2025-10-19T19:39:30.075000+00:00,9888,324,1271,0.8,0,46.1,28.8,21.0,1000.8
2025-10-19T19:40:30.076000+00:00,9888,270,1271,1.0,0,46.3,28.9,21.0,1000.9
2025-10-19T19:41:30.077000+00:00,9888,323,1271,1.6,0,46.3,28.9,21.0,1001.0
2025-10-19T19:42:30.076000+00:00,9888,274,1271,1.2,0,46.2,28.9,20.0,1000.9
2025-10-19T19:43:30.076000+00:00,9888,243,1271,1.5,0,46.1,28.9,20.0,1000.8
2025-10-19T19:44:30.077000+00:00,9888,264,1271,1.4,0,46.1,28.8,21.0,1000.8
2025-10-19T19:45:30.094000+00:00,9888,274,1271,2.7,0,45.9,28.9,20.0,1000.8
2025-10-19T19:46:30.077000+00:00,9888,259,1271,2.5,0,45.8,28.9,21.0,1000.7
2025-10-19T19:47:30.077000+00:00,9888,263,1271,3.3,0,45.8,28.9,21.0,1000.8
2025-10-19T19:48:30.078000+00:00,9888,261,1271,4.9,0,45.7,28.8,21.0,1000.7
2025-10-19T19:49:30.093000+00:00,9888,268,1271,4.8,0,45.6,28.7,21.0,1000.7
2025-10-19T19:50:30.088000+00:00,9888,297,1271,2.5,0,45.6,28.6,21.0,1000.7
2025-10-19T19:51:30.083000+00:00,9888,255,1271,2.6,0,45.5,28.6,21.0,1000.7
2025-10-19T19:52:30.082000+00:00,9888,299,1271,3.0,0,45.4,28.6,21.0,1000.8
2025-10-19T19:53:30.079000+00:00,9888,163,1271,2.3,0,45.4,28.5,21.0,1000.7
2025-10-19T19:54:30.087000+00:00,9888,189,1271,1.5,0,45.8,28.5,21.0,1000.6
2025-10-19T19:55:30.090000+00:00,9888,297,1271,1.0,0,45.8,28.6,21.0,1000.6
2025-10-19T19:56:30.096000+00:00,9888,343,1271,1.2,0,45.8,28.8,21.0,1000.7
2025-10-19T19:57:30.091000+00:00,9888,246,1271,1.4,0,45.9,28.9,21.0,1000.7
2025-10-19T19:58:30.087000+00:00,9888,295,1271,2.7,0,45.9,28.9,21.0,1000.7
2025-10-19T19:59:30.085000+00:00,9888,233,1271,2.0,0,45.7,28.8,21.0,1000.7
2025-10-19T20:00:30.086000+00:00,9888,203,1271,1.3,0,45.9,28.7,21.0,1000.7
2025-10-19T20:01:30.097000+00:00,9888,4,1271,1.2,0,45.9,28.6,21.0,1000.7
2025-10-19T20:02:30.094000+00:00,9888,257,1271,2.0,0,45.9,28.5,21.0,1000.6
2025-10-19T20:03:30.104000+00:00,9888,0,1271,1.1,0,45.7,28.6,21.0,1000.7
2025-10-19T20:04:30.099000+00:00,9888,251,1271,1.3,0,45.7,28.6,21.0,1000.6
2025-10-19T20:05:30.098000+00:00,9888,270,1271,1.0,0,45.8,28.9,21.0,1000.6
2025-10-19T20:06:30.098000+00:00,9888,250,1271,1.2,0,45.9,29.0,21.0,1000.6
2025-10-19T20:07:30.100000+00:00,9888,160,1271,1.9,0,45.8,29.1,20.0,1000.5
2025-10-19T20:08:30.102000+00:00,9888,269,1271,1.7,0,45.9,29.1,21.0,1000.6
2025-10-19T20:09:30.099000+00:00,9888,286,1271,2.4,0,45.5,29.0,21.0,1000.5
2025-10-19T20:10:30.130000+00:00,9888,241,1271,2.0,0,45.6,29.0,21.0,1000.6
2025-10-19T20:11:30.146000+00:00,9888,297,1271,1.4,0,45.8,28.9,20.0,1000.6
2025-10-19T20:12:30.143000+00:00,9888,277,1271,1.6,0,45.6,29.0,20.0,1000.6
2025-10-19T20:13:30.184000+00:00,9888,283,1271,1.0,0,45.7,29.1,20.0,1000.6
2025-10-19T20:14:30.200000+00:00,9888,267,1271,1.3,0,45.8,29.3,20.0,1000.5
2025-10-19T20:15:30.204000+00:00,9888,261,1271,3.2,0,45.6,29.2,20.0,1000.6
2025-10-19T20:16:30.213000+00:00,9888,248,1271,3.0,0,45.3,29.1,21.0,1000.5
2025-10-19T20:17:30.230000+00:00,9888,262,1271,2.0,0,45.3,29.1,21.0,1000.6
2025-10-19T20:18:30.231000+00:00,9888,56,1271,1.5,0,45.4,29.1,21.0,1000.7
2025-10-19T20:19:30.230000+00:00,9888,269,1271,1.0,0,45.7,29.0,21.0,1000.6
2025-10-19T20:20:30.231000+00:00,9888,163,1271,1.4,0,45.7,29.0,21.0,1000.4
2025-10-19T20:21:30.236000+00:00,9888,294,1271,1.8,0,45.5,29.0,21.0,1000.6
2025-10-19T20:22:30.231000+00:00,9888,272,1271,2.0,0,45.3,29.0,21.0,1000.5
2025-10-19T20:23:30.233000+00:00,9888,258,1271,1.2,0,45.3,29.0,21.0,1000.5
2025-10-19T20:24:30.246000+00:00,9888,132,1271,1.3,0,45.6,29.0,21.0,1000.5
2025-10-19T20:25:30.232000+00:00,9888,147,1271,0.7,0,45.6,29.0,21.0,1000.5
2025-10-19T20:26:30.233000+00:00,9888,147,1271,0.7,0,45.6,29.0,21.0,1000.5
2025-10-19T20:27:30.254000+00:00,9888,147,1271,0.7,0,45.6,29.2,21.0,1000.5
2025-10-19T20:28:30.235000+00:00,9888,154,1271,0.9,0,45.7,29.3,21.0,1000.5
2025-10-19T20:29:30.246000+00:00,9888,258,1271,1.4,0,45.8,29.3,21.0,1000.6
2025-10-19T20:30:30.245000+00:00,9888,244,1271,1.7,0,45.7,29.1,21.0,1000.5
2025-10-19T20:31:30.247000+00:00,9888,258,1271,1.2,0,45.7,29.1,21.0,1000.5
2025-10-19T20:32:30.247000+00:00,9888,182,1271,1.0,0,45.6,29.2,21.0,1000.6
2025-10-19T20:33:30.246000+00:00,9888,285,1271,1.7,0,45.6,29.2,20.0,1000.6
2025-10-19T20:34:30.246000+00:00,9888,255,1271,2.8,0,45.3,29.2,20.0,1000.6
2025-10-19T20:35:30.262000+00:00,9888,265,1271,3.4,0,44.8,29.2,21.0,1000.6
2025-10-19T20:36:30.274000+00:00,9888,252,1271,3.3,0,44.8,29.1,21.0,1000.5
2025-10-19T20:37:30.298000+00:00,9888,252,1271,2.5,0,45.0,29.0,21.0,1000.5
2025-10-19T20:38:30.296000+00:00,9888,185,1271,2.0,0,44.9,29.0,21.0,1000.5
2025-10-19T20:39:30.298000+00:00,9888,251,1271,1.6,0,44.9,29.1,21.0,1000.5
2025-10-19T20:40:30.297000+00:00,9888,159,1271,1.6,0,45.0,29.0,21.0,1000.6
2025-10-26T19:06:27.287000+00:00,9877,288,1272,2.3,0,51.4,25.5,26.0,781.8
2025-10-26T19:07:27.279000+00:00,9877,303,1272,1.8,0,51.4,25.6,26.0,781.8
2025-10-26T19:08:27.282000+00:00,9877,0,1272,1.0,0,51.6,25.5,26.0,781.8
2025-10-26T19:09:27.281000+00:00,9877,22,1272,0.4,0,51.8,25.5,25.0,781.7
2025-10-26T19:10:27.281000+00:00,9877,135,1272,1.0,0,52.1,25.5,25.0,781.8
2025-10-26T19:11:27.281000+00:00,9877,162,1272,2.2,0,52.1,25.6,25.0,781.8
2025-10-26T19:12:27.278000+00:00,9877,117,1272,2.3,0,52.3,25.6,25.0,781.7
2025-10-26T19:13:27.282000+00:00,9877,120,1272,2.5,0,52.8,25.5,25.0,781.7
2025-10-26T19:14:27.286000+00:00,9877,131,1272,1.3,0,53.1,25.5,25.0,781.6
2025-10-26T19:15:27.282000+00:00,9877,113,1272,2.8,0,53.1,25.4,25.0,781.6
2025-10-26T19:16:27.284000+00:00,9877,132,1272,1.6,0,53.1,25.4,25.0,781.7
2025-10-26T19:17:27.284000+00:00,9877,148,1272,1.3,0,53.1,25.4,25.0,781.6
2025-10-26T19:18:27.287000+00:00,9877,291,1272,2.3,0,53.2,25.4,25.0,781.5
2025-10-26T19:19:27.286000+00:00,9877,317,1272,1.8,0,53.1,25.5,24.0,781.6
2025-10-26T19:20:27.296000+00:00,9877,216,1272,2.0,0,53.1,25.6,24.0,781.6
2025-10-26T19:21:27.295000+00:00,9877,287,1272,1.4,0,53.1,25.6,24.0,781.6
2025-10-26T19:22:27.284000+00:00,9877,337,1272,1.4,0,52.8,25.7,24.0,781.6
2025-10-26T19:23:27.288000+00:00,9877,310,1272,0.8,0,52.8,25.8,24.0,781.5
2025-10-26T19:24:27.293000+00:00,9877,244,1272,0.6,0,52.8,25.6,24.0,781.6
2025-10-26T19:25:27.287000+00:00,9877,238,1272,1.4,0,53.1,25.6,24.0,781.5
2025-10-26T19:26:27.299000+00:00,9877,226,1272,1.6,0,53.1,25.6,25.0,781.5
2025-10-26T19:27:27.298000+00:00,9877,0,1272,1.3,0,52.6,25.8,25.0,781.4
2025-10-26T19:28:27.294000+00:00,9877,149,1272,1.5,0,53.1,25.9,24.0,781.4
2025-10-26T19:29:27.292000+00:00,9877,141,1272,1.3,0,52.5,26.0,24.0,781.4
2025-10-26T19:30:27.299000+00:00,9877,144,1272,1.8,0,52.5,26.0,25.0,781.4
2025-10-26T19:31:27.301000+00:00,9877,43,1272,1.1,0,52.7,25.9,25.0,781.3
2025-10-26T19:32:27.334000+00:00,9877,219,1272,1.4,0,52.7,25.9,25.0,781.4
2025-10-26T19:33:27.301000+00:00,9877,330,1272,1.6,0,52.9,25.9,25.0,781.4
2025-10-26T19:34:27.300000+00:00,9877,302,1272,1.7,0,53.0,25.8,25.0,781.4
2025-10-26T19:35:27.300000+00:00,9877,300,1272,2.1,0,53.0,25.8,24.0,781.3
2025-10-26T19:36:27.302000+00:00,9877,279,1272,1.8,0,53.0,25.9,24.0,781.4
2025-10-26T19:37:27.317000+00:00,9877,318,1272,1.0,0,52.6,25.8,25.0,781.4
2025-10-26T19:38:27.305000+00:00,9877,228,1272,0.9,0,52.8,25.9,24.0,781.4
2025-10-26T19:39:27.302000+00:00,9877,270,1272,1.6,0,52.8,26.0,24.0,781.3
2025-10-26T19:40:27.302000+00:00,9877,293,1272,1.1,0,52.7,25.8,24.0,781.3
2025-10-26T19:41:27.302000+00:00,9877,293,1272,2.2,0,52.4,25.9,24.0,781.3
2025-10-26T19:42:27.308000+00:00,9877,268,1272,2.6,0,52.4,25.9,25.0,781.2
2025-10-26T19:43:27.299000+00:00,9877,259,1272,2.2,0,52.5,26.0,26.0,781.3
2025-10-26T19:44:27.307000+00:00,9877,250,1272,2.4,0,52.6,25.9,26.0,781.1
2025-10-26T19:45:27.307000+00:00,9877,246,1272,1.8,0,53.0,25.9,26.0,781.3
2025-10-26T19:46:27.305000+00:00,9877,142,1272,1.9,0,53.0,25.8,25.0,781.2
2025-10-26T19:47:27.311000+00:00,9877,193,1272,1.6,0,52.8,25.6,25.0,781.2
2025-10-26T19:48:27.306000+00:00,9877,170,1272,2.7,0,52.8,25.6,24.0,781.2
2025-10-26T19:49:27.320000+00:00,9877,230,1272,1.3,0,52.9,25.6,25.0,781.2
2025-10-26T19:50:27.305000+00:00,9877,121,1272,0.0,0,53.1,25.6,25.0,781.2
2025-10-26T19:51:27.316000+00:00,9877,162,1272,1.6,0,52.8,25.7,25.0,781.1
2025-10-26T19:52:27.306000+00:00,9877,39,1272,2.5,0,52.7,25.8,25.0,781.1
2025-10-26T19:53:27.318000+00:00,9877,308,1272,1.2,0,52.8,25.9,26.0,781.1
2025-10-26T19:54:27.307000+00:00,9877,207,1272,2.3,0,53.1,26.0,25.0,781.1
2025-10-26T19:55:27.307000+00:00,9877,224,1272,2.7,0,52.9,26.1,25.0,781.0
2025-10-26T19:56:27.309000+00:00,9877,228,1272,2.3,0,52.8,26.1,25.0,781.0
2025-10-26T19:57:27.325000+00:00,9877,129,1272,3.4,0,52.6,26.2,25.0,781.1
2025-10-26T19:58:27.315000+00:00,9877,256,1272,2.4,0,52.5,26.1,26.0,781.1
2025-10-26T19:59:27.322000+00:00,9877,265,1272,1.0,0,52.2,26.3,26.0,781.2
2025-10-26T20:00:27.324000+00:00,9877,274,1272,1.4,0,52.3,26.2,25.0,781.0
2025-10-26T20:01:27.324000+00:00,9877,283,1272,2.3,0,52.2,26.2,25.0,781.1
2025-10-26T20:02:27.322000+00:00,9877,212,1272,1.6,0,52.1,26.2,25.0,781.0
2025-10-26T20:03:27.327000+00:00,9877,168,1272,1.3,0,52.0,26.3,25.0,781.0
2025-10-26T20:04:27.319000+00:00,9877,243,1272,2.3,0,51.9,26.3,26.0,781.0
2025-10-26T20:05:27.321000+00:00,9877,238,1272,1.0,0,52.0,26.1,26.0,781.0
2025-10-26T20:06:27.314000+00:00,9877,165,1272,1.7,0,52.0,26.2,25.0,780.9
2025-10-26T20:07:27.319000+00:00,9877,103,1272,1.9,0,52.1,26.3,26.0,781.0
2025-10-26T20:08:27.329000+00:00,9877,108,1272,1.8,0,52.7,26.4,25.0,780.8
2025-10-26T20:09:27.330000+00:00,9877,299,1272,1.7,0,52.6,26.4,25.0,781.0
2025-10-26T20:10:27.328000+00:00,9877,237,1272,1.8,0,52.2,26.4,24.0,780.9
2025-10-26T20:11:27.336000+00:00,9877,278,1272,1.9,0,52.2,26.4,25.0,780.9
2025-10-26T20:12:27.333000+00:00,9877,267,1272,1.5,0,52.0,26.4,24.0,780.9
2025-10-26T20:13:27.328000+00:00,9877,258,1272,2.7,0,51.9,26.4,25.0,780.9
2025-10-26T20:14:27.330000+00:00,9877,273,1272,3.1,0,51.8,26.4,24.0,780.9
2025-10-26T20:15:27.335000+00:00,9877,297,1272,1.9,0,51.7,26.5,24.0,780.8
2025-10-26T20:16:27.332000+00:00,9877,297,1272,1.9,0,51.7,26.5,24.0,780.8
2025-10-26T20:17:27.333000+00:00,9877,297,1272,1.9,0,51.7,26.6,24.0,780.8
2025-10-26T20:18:27.334000+00:00,9877,289,1272,2.6,0,51.1,26.6,24.0,780.8
2025-10-26T20:19:27.332000+00:00,9877,273,1272,1.6,0,51.5,26.8,24.0,780.8
2025-10-26T20:20:27.340000+00:00,9877,268,1272,2.4,0,51.4,26.8,24.0,780.8
2025-10-26T20:21:27.342000+00:00,9877,274,1272,3.0,0,51.3,26.6,24.0,780.9
2025-10-26T20:22:27.331000+00:00,9877,275,1272,1.8,0,51.4,26.6,24.0,780.9
2025-10-26T20:23:27.325000+00:00,9877,300,1272,1.4,0,51.4,26.6,24.0,780.7
2025-10-26T20:24:27.336000+00:00,9877,256,1272,1.7,0,51.3,26.8,24.0,780.8
2025-10-26T20:25:27.326000+00:00,9877,237,1272,2.7,0,51.4,26.8,24.0,780.7
2025-10-26T20:26:27.342000+00:00,9877,249,1272,1.7,0,51.5,26.6,24.0,780.8
2025-10-26T20:27:27.335000+00:00,9877,248,1272,3.6,0,51.5,26.6,23.0,780.8
2025-10-26T20:28:27.345000+00:00,9877,249,1272,2.2,0,51.4,26.8,24.0,780.9
2025-10-26T20:29:27.340000+00:00,9877,263,1272,2.1,0,51.4,26.8,24.0,780.9
2025-10-26T20:30:27.340000+00:00,9877,285,1272,3.6,0,51.3,26.9,24.0,780.9
2025-10-26T20:31:27.336000+00:00,9877,242,1272,1.8,0,50.7,26.8,24.0,780.8
2025-10-26T20:32:27.345000+00:00,9877,286,1272,1.4,0,50.4,26.7,24.0,780.8
2025-10-26T20:33:27.348000+00:00,9877,298,1272,1.0,0,50.4,26.7,23.0,780.8
2025-10-26T20:34:27.391000+00:00,9877,292,1272,0.6,0,50.3,26.7,24.0,780.7
2025-10-26T20:35:27.377000+00:00,9877,199,1272,1.4,0,50.4,26.6,24.0,780.8
2025-10-26T20:36:27.360000+00:00,9877,180,1272,1.7,0,50.7,26.6,23.0,780.8
2025-10-26T20:37:27.382000+00:00,9877,248,1272,1.6,0,50.7,26.5,23.0,780.7
2025-10-26T20:38:27.379000+00:00,9877,296,1272,1.9,0,50.7,26.5,23.0,780.7
2025-10-26T20:39:27.381000+00:00,9877,145,1272,1.6,0,51.0,26.5,23.0,780.8
2025-10-26T20:40:27.388000+00:00,9877,151,1272,1.5,0,51.0,26.5,23.0,780.7
2025-10-26T20:41:27.437000+00:00,9877,256,1272,1.8,0,50.6,26.6,23.0,780.7
2025-10-26T20:42:27.403000+00:00,9877,279,1272,2.6,0,50.6,26.6,23.0,780.6
2025-10-26T20:43:27.422000+00:00,9877,233,1272,2.9,0,50.7,26.6,23.0,780.6
2025-10-26T20:44:27.410000+00:00,9877,183,1272,3.2,0,50.7,26.5,23.0,780.7
2025-10-26T20:45:27.406000+00:00,9877,254,1272,1.7,0,50.3,26.4,23.0,780.6
2025-10-26T20:46:27.394000+00:00,9877,239,1272,1.5,0,50.3,26.5,23.0,780.5
2025-10-26T20:47:27.407000+00:00,9877,158,1272,1.1,0,50.6,26.6,23.0,780.5
2025-10-26T20:48:27.424000+00:00,9877,246,1272,2.2,0,50.8,26.7,22.0,780.6
2025-10-26T20:49:27.444000+00:00,9877,21,1272,0.7,0,50.6,27.0,22.0,780.7
2025-10-26T20:50:27.457000+00:00,9877,306,1272,1.4,0,50.5,26.9,21.0,780.6
2025-10-26T20:51:27.450000+00:00,9877,252,1272,1.6,0,50.4,26.8,21.0,780.5
2025-10-26T20:52:27.465000+00:00,9877,283,1272,2.1,0,50.4,26.6,21.0,780.5
2025-10-26T20:53:27.466000+00:00,9877,262,1272,2.1,0,50.6,26.8,21.0,780.5
2025-10-26T20:54:27.454000+00:00,9877,203,1272,2.1,0,50.6,26.8,21.0,780.6
2025-10-26T20:55:27.465000+00:00,9877,237,1272,2.3,0,50.4,26.8,20.0,780.6
2025-10-26T20:56:27.462000+00:00,9877,201,1272,2.7,0,49.9,26.6,21.0,780.6
2025-10-26T20:57:27.491000+00:00,9877,178,1272,1.7,0,49.6,26.5,21.0,780.6
2025-10-26T20:58:27.491000+00:00,9877,247,1272,1.1,0,50.2,26.5,21.0,780.6
2025-10-26T20:59:27.505000+00:00,9877,243,1272,1.7,0,50.1,26.5,21.0,780.5
2025-10-26T21:00:27.490000+00:00,9877,144,1272,1.2,0,49.7,26.6,21.0,780.5
2025-10-26T21:01:27.493000+00:00,9877,126,1272,1.5,0,49.6,26.8,20.0,780.6
2025-10-26T21:02:27.491000+00:00,9877,113,1272,1.1,0,49.4,26.9,20.0,780.5
2025-10-26T21:03:27.495000+00:00,9877,201,1272,0.6,0,49.3,27.0,20.0,780.5
2025-10-26T21:04:27.500000+00:00,9877,333,1272,0.6,0,49.1,27.0,21.0,780.5
2025-10-26T21:05:27.506000+00:00,9877,295,1272,1.6,0,49.1,26.9,21.0,780.5
2025-10-26T21:06:27.492000+00:00,9877,300,1272,1.1,0,49.1,26.8,21.0,780.5
2025-10-26T21:07:27.492000+00:00,9877,272,1272,2.5,0,49.1,26.8,22.0,780.5
2025-10-26T21:08:27.509000+00:00,9877,265,1272,2.3,0,49.1,27.0,22.0,780.5
2025-10-26T21:09:27.493000+00:00,9877,246,1272,2.9,0,48.9,27.1,21.0,780.5
2025-10-26T21:10:27.497000+00:00,9877,249,1272,2.1,0,48.3,27.1,21.0,780.5
2025-10-26T21:11:27.501000+00:00,9877,262,1272,3.2,0,48.1,27.1,22.0,780.5
2025-10-26T21:12:27.506000+00:00,9877,261,1272,2.1,0,48.1,27.1,22.0,780.5
2025-10-26T21:13:27.509000+00:00,9877,245,1272,3.9,0,48.1,27.1,21.0,780.5
2025-10-26T21:14:27.506000+00:00,9877,277,1272,3.2,0,48.0,27.1,22.0,780.5
2025-10-26T21:15:27.500000+00:00,9877,280,1272,2.7,0,47.9,27.0,22.0,780.6
2025-10-26T21:16:27.504000+00:00,9877,262,1272,3.0,0,47.8,26.9,22.0,780.5
2025-10-26T21:17:27.512000+00:00,9877,259,1272,2.2,0,47.8,26.9,22.0,780.5
2025-10-26T21:18:27.507000+00:00,9877,294,1272,2.0,0,48.0,26.9,22.0,780.5
2025-10-26T21:19:27.504000+00:00,9877,253,1272,2.0,0,48.0,26.9,22.0,780.5
2025-10-26T21:20:27.510000+00:00,9877,273,1272,2.2,0,47.8,26.8,22.0,780.5
2025-10-26T21:21:27.511000+00:00,9877,288,1272,1.5,0,47.9,26.8,22.0,780.4
2025-10-26T21:22:27.511000+00:00,9877,285,1272,2.5,0,47.5,26.8,22.0,780.5
2025-10-26T21:23:27.509000+00:00,9877,237,1272,1.6,0,47.5,26.8,22.0,780.6
2025-10-26T21:24:27.513000+00:00,9877,275,1272,0.9,0,47.7,26.9,22.0,780.5
2025-10-26T21:25:27.512000+00:00,9877,284,1272,2.6,0,47.7,27.0,22.0,780.4
2025-10-26T21:26:27.514000+00:00,9877,288,1272,3.3,0,47.6,27.1,22.0,780.4
2025-10-26T21:27:27.513000+00:00,9877,287,1272,3.4,0,47.4,27.1,22.0,780.5
2025-10-26T21:28:27.511000+00:00,9877,247,1272,1.4,0,46.9,27.0,22.0,780.5
2025-10-26T21:29:27.516000+00:00,9877,222,1272,1.4,0,47.0,27.0,22.0,780.4
2025-10-26T21:30:27.508000+00:00,9877,277,1272,2.1,0,47.1,27.0,21.0,780.4
2025-10-26T21:31:27.526000+00:00,9877,245,1272,1.2,0,47.1,26.9,20.0,780.4
2025-10-26T21:32:27.525000+00:00,9877,287,1272,1.2,0,46.8,27.0,21.0,780.4
2025-10-26T21:33:27.515000+00:00,9877,257,1272,1.4,0,46.7,27.0,21.0,780.5
2025-10-26T21:34:27.523000+00:00,9877,249,1272,3.0,0,46.7,27.1,21.0,780.5
2025-10-26T21:35:27.516000+00:00,9877,157,1272,1.5,0,46.7,27.0,20.0,780.4
2025-10-26T21:36:27.540000+00:00,9877,146,1272,2.3,0,46.7,26.9,20.0,780.4
2025-10-26T21:37:27.556000+00:00,9877,264,1272,1.0,0,46.5,26.9,20.0,780.3
2025-10-26T21:38:27.567000+00:00,9877,117,1272,1.5,0,46.5,26.9,20.0,780.4
2025-10-26T21:39:27.579000+00:00,9877,174,1272,1.7,0,46.1,26.8,20.0,780.4
2025-10-26T21:40:27.559000+00:00,9877,237,1272,2.0,0,45.8,26.8,21.0,780.4
2025-10-26T21:41:27.566000+00:00,9877,308,1272,1.6,0,45.8,26.8,21.0,780.5
2025-10-26T21:42:27.617000+00:00,9877,147,1272,1.0,0,45.7,26.9,21.0,780.4
2025-10-26T21:43:27.584000+00:00,9877,264,1272,1.2,0,45.7,26.9,20.0,780.3
2025-10-26T21:44:27.569000+00:00,9877,247,1272,2.2,0,45.7,26.9,20.0,780.4
2025-10-26T21:45:27.583000+00:00,9877,245,1272,2.4,0,45.7,26.9,20.0,780.4
2025-10-26T21:46:27.585000+00:00,9877,285,1272,0.8,0,45.7,27.0,21.0,780.4
2025-10-26T21:47:27.620000+00:00,9877,284,1272,1.4,0,45.8,27.0,20.0,780.3
2025-11-09T16:07:20.633000+00:00,9869,124,1273,1.0,0,32.7,17.9,70.0,929.9
2025-11-09T16:08:20.631000+00:00,9869,160,1273,1.3,0,32.7,17.9,70.0,929.9
2025-11-09T16:09:20.631000+00:00,9869,178,1273,1.5,0,32.8,17.9,70.0,930.0
2025-11-09T16:10:20.633000+00:00,9869,158,1273,2.0,0,32.8,18.0,70.0,929.9
2025-11-09T16:11:20.632000+00:00,9869,177,1273,1.9,0,32.3,17.9,70.0,930.0
2025-11-09T16:12:20.633000+00:00,9869,194,1273,1.8,0,32.2,17.9,71.0,930.0
2025-11-09T16:13:20.641000+00:00,9869,181,1273,2.0,0,31.6,17.9,71.0,929.9
2025-11-09T16:14:20.635000+00:00,9869,154,1273,2.7,0,31.2,17.9,71.0,929.9
2025-11-09T16:15:20.634000+00:00,9869,203,1273,2.2,0,30.7,17.8,72.0,930.0
2025-11-09T16:16:20.641000+00:00,9869,194,1273,2.1,0,30.4,17.8,73.0,929.9
2025-11-09T16:17:20.633000+00:00,9869,141,1273,1.7,0,30.0,17.6,74.0,929.9
2025-11-09T16:18:20.635000+00:00,9869,203,1273,2.4,0,29.8,17.5,73.0,929.9
2025-11-09T16:19:20.634000+00:00,9869,196,1273,2.2,0,29.7,17.4,73.0,929.9
2025-11-09T16:20:20.634000+00:00,9869,206,1273,1.7,0,29.7,17.2,73.0,929.8
2025-11-09T16:21:20.634000+00:00,9869,153,1273,1.7,0,29.7,17.1,73.0,929.8
2025-11-09T16:22:20.647000+00:00,9869,189,1273,2.4,0,29.6,17.0,73.0,930.0
2025-11-09T16:23:20.640000+00:00,9869,156,1273,2.2,0,29.5,17.0,73.0,929.9
2025-11-09T16:24:20.656000+00:00,9869,200,1273,1.5,0,29.5,17.0,74.0,929.9
2025-11-09T16:25:20.665000+00:00,9869,190,1273,1.6,0,29.5,17.0,74.0,929.9
2025-11-09T16:26:20.678000+00:00,9869,0,1273,0.8,0,29.5,17.1,75.0,929.9
2025-11-09T16:27:20.701000+00:00,9869,335,1273,0.6,0,29.8,17.1,74.0,929.9
2025-11-09T16:28:20.691000+00:00,9869,147,1273,1.0,0,29.8,17.0,73.0,929.9
2025-11-09T16:29:20.691000+00:00,9869,181,1273,0.9,0,29.7,17.0,73.0,929.9
2025-11-09T16:30:20.707000+00:00,9869,183,1273,1.3,0,29.6,17.0,73.0,929.9
2025-11-09T16:31:20.723000+00:00,9869,128,1273,1.2,0,29.4,16.9,74.0,929.9
2025-11-09T16:32:20.737000+00:00,9869,202,1273,1.8,0,29.4,16.8,75.0,930.0
2025-11-09T16:33:20.730000+00:00,9869,177,1273,1.0,0,29.3,16.8,74.0,929.9
2025-11-09T16:34:20.727000+00:00,9869,199,1273,1.0,0,29.4,16.8,75.0,929.9
2025-11-09T16:35:20.755000+00:00,9869,161,1273,1.7,0,29.5,16.7,75.0,930.0
2025-11-09T16:36:20.774000+00:00,9869,194,1273,0.9,0,29.8,16.7,75.0,929.9
2025-11-09T16:37:20.778000+00:00,9869,206,1273,1.6,0,29.8,16.6,73.0,929.9
2025-11-09T16:38:20.777000+00:00,9869,176,1273,1.8,0,29.8,16.6,73.0,929.9
2025-11-09T16:39:20.775000+00:00,9869,177,1273,1.6,0,29.9,16.6,72.0,929.9
2025-11-09T16:40:20.768000+00:00,9869,167,1273,2.2,0,30.1,16.7,72.0,929.9
2025-11-09T16:41:20.771000+00:00,9869,161,1273,0.7,0,30.4,16.9,72.0,929.8
2025-11-09T16:42:20.764000+00:00,9869,129,1273,1.3,0,30.4,17.0,71.0,929.9
2025-11-09T16:43:20.777000+00:00,9869,178,1273,1.2,0,30.4,17.0,71.0,929.9
2025-11-09T16:44:20.779000+00:00,9869,138,1273,2.1,0,30.5,17.1,72.0,929.9
2025-11-09T16:45:20.772000+00:00,9869,197,1273,2.4,0,30.4,17.1,72.0,929.9
2025-11-09T16:46:20.782000+00:00,9869,133,1273,1.6,0,30.4,17.1,73.0,929.9
2025-11-09T16:47:20.778000+00:00,9869,171,1273,0.7,0,30.7,17.2,72.0,929.9
2025-11-09T16:48:20.784000+00:00,9869,162,1273,0.6,0,31.0,17.3,71.0,929.8
2025-11-09T16:49:20.787000+00:00,9869,125,1273,1.0,0,31.1,17.3,70.0,929.8
2025-11-09T16:50:20.793000+00:00,9869,203,1273,1.1,0,30.9,17.4,70.0,929.8
2025-11-09T16:51:20.817000+00:00,9869,154,1273,0.9,0,30.8,17.5,71.0,929.8
2025-11-09T16:52:20.836000+00:00,9869,170,1273,0.9,0,31.0,17.4,70.0,929.9
2025-11-09T16:53:20.836000+00:00,9869,144,1273,1.1,0,31.2,17.4,70.0,929.8
2025-11-09T16:54:20.836000+00:00,9869,212,1273,1.1,0,31.1,17.5,70.0,929.8
2025-11-09T16:55:20.833000+00:00,9869,149,1273,1.9,0,30.7,17.5,70.0,929.8
2025-11-09T16:56:20.845000+00:00,9869,162,1273,1.1,0,30.7,17.5,70.0,929.9
2025-11-09T16:57:20.868000+00:00,9869,122,1273,0.9,0,30.8,17.5,70.0,929.8
2025-11-09T16:58:20.884000+00:00,9869,130,1273,0.4,0,30.9,17.5,69.0,929.7
2025-11-09T16:59:20.887000+00:00,9869,149,1273,1.4,0,30.9,17.5,69.0,929.8
2025-11-09T17:00:20.867000+00:00,9869,171,1273,1.1,0,30.8,17.5,70.0,929.8
2025-11-09T17:01:20.880000+00:00,9869,162,1273,0.6,0,31.1,17.5,70.0,929.9
2025-11-09T17:02:20.888000+00:00,9869,0,1273,1.7,0,30.7,17.5,70.0,929.8
2025-11-09T17:03:20.886000+00:00,9869,123,1273,0.4,0,30.8,17.5,69.0,929.8
2025-11-09T17:04:20.899000+00:00,9869,158,1273,1.7,0,30.7,17.5,70.0,929.9
2025-11-09T17:05:20.919000+00:00,9869,161,1273,1.9,0,30.7,17.5,70.0,929.8
2025-11-09T17:06:20.924000+00:00,9869,140,1273,1.1,0,30.6,17.5,70.0,929.9
2025-11-09T17:07:20.922000+00:00,9869,175,1273,1.4,0,30.5,17.5,70.0,929.8
2025-11-09T17:08:20.924000+00:00,9869,152,1273,1.8,0,30.5,17.4,70.0,929.9
2025-11-09T17:09:20.925000+00:00,9869,118,1273,1.3,0,30.5,17.4,70.0,929.9
2025-11-09T17:10:20.928000+00:00,9869,139,1273,1.3,0,30.5,17.4,71.0,929.9
2025-11-09T17:11:20.923000+00:00,9869,155,1273,1.5,0,30.4,17.4,71.0,929.9
2025-11-09T17:12:20.924000+00:00,9869,219,1273,1.8,0,30.5,17.3,71.0,929.9
2025-11-09T17:13:20.921000+00:00,9869,192,1273,2.0,0,30.4,17.3,70.0,929.8
2025-11-09T17:14:20.933000+00:00,9869,220,1273,1.7,0,30.3,17.3,71.0,929.9
2025-11-09T17:15:20.932000+00:00,9869,169,1273,1.0,0,30.5,17.2,71.0,929.9
2025-11-09T17:16:20.940000+00:00,9869,181,1273,1.2,0,30.5,17.3,70.0,929.8
2025-11-09T17:17:20.922000+00:00,9869,182,1273,1.5,0,30.2,17.3,70.0,929.9
2025-11-09T17:18:20.933000+00:00,9869,143,1273,0.9,0,30.1,17.3,70.0,929.8
2025-11-09T17:19:20.928000+00:00,9869,0,1273,0.9,0,30.1,17.3,70.0,929.9
2025-11-09T17:20:20.934000+00:00,9869,173,1273,2.1,0,30.1,17.3,69.0,929.9
2025-11-09T17:21:20.938000+00:00,9869,174,1273,1.8,0,30.2,17.3,69.0,929.9
2025-11-09T17:22:20.936000+00:00,9869,179,1273,1.2,0,30.3,17.4,69.0,929.8
2025-11-09T17:23:20.929000+00:00,9869,212,1273,1.3,0,30.4,17.5,69.0,929.8
2025-11-09T17:24:20.935000+00:00,9869,353,1273,0.9,0,30.4,17.5,69.0,929.8
2025-11-09T17:25:20.936000+00:00,9869,181,1273,0.6,0,30.7,17.5,68.0,929.8
2025-11-09T17:26:20.936000+00:00,9869,173,1273,1.5,0,30.7,17.5,68.0,929.8
2025-11-09T17:27:20.936000+00:00,9869,0,1273,0.4,0,30.8,17.6,68.0,929.7
2025-11-09T17:28:20.936000+00:00,9869,197,1273,2.0,0,31.0,17.6,67.0,929.8
2025-11-09T17:29:20.955000+00:00,9869,157,1273,1.9,0,30.9,17.6,68.0,929.7
2025-11-09T17:30:20.958000+00:00,9869,158,1273,1.5,0,31.3,17.6,68.0,929.7
2025-11-09T17:31:20.976000+00:00,9869,168,1273,2.2,0,31.3,17.6,68.0,929.7
2025-11-09T17:32:20.969000+00:00,9869,150,1273,1.3,0,31.4,17.6,69.0,929.7
2025-11-09T17:33:20.980000+00:00,9869,160,1273,1.1,0,31.4,17.7,68.0,929.7
2025-11-09T17:34:21.038000+00:00,9869,165,1273,1.5,0,31.7,17.7,67.0,929.6
2025-11-09T17:35:21.006000+00:00,9869,185,1273,1.9,0,31.7,17.7,67.0,929.6
2025-11-09T17:36:21.008000+00:00,9869,149,1273,1.3,0,31.5,17.7,68.0,929.6
2025-11-09T17:37:21.010000+00:00,9869,181,1273,1.6,0,31.1,17.7,67.0,929.7
2025-11-09T17:38:21.010000+00:00,9869,170,1273,1.6,0,31.1,17.7,67.0,929.6
2025-11-09T17:39:21.008000+00:00,9869,179,1273,1.8,0,30.8,17.6,69.0,929.7
2025-11-09T17:40:21.030000+00:00,9869,220,1273,1.5,0,31.0,17.6,68.0,929.7
2025-11-09T17:41:21.040000+00:00,9869,174,1273,1.7,0,31.1,17.5,68.0,929.7
2025-11-09T17:42:21.053000+00:00,9869,0,1273,1.4,0,31.2,17.5,68.0,929.6
2025-11-09T17:43:21.054000+00:00,9869,164,1273,0.7,0,31.1,17.5,68.0,929.6
2025-11-09T17:44:21.081000+00:00,9869,257,1273,1.1,0,31.0,17.5,67.0,929.6
2025-11-09T17:45:21.076000+00:00,9869,140,1273,1.5,0,30.8,17.5,68.0,929.6
2025-11-09T17:46:21.074000+00:00,9869,194,1273,1.1,0,30.9,17.4,68.0,929.7
2025-11-09T17:47:21.077000+00:00,9869,204,1273,1.5,0,30.9,17.5,68.0,929.6
2025-11-09T17:48:21.064000+00:00,9869,127,1273,0.6,0,30.8,17.5,68.0,929.6
2025-11-09T17:49:21.080000+00:00,9869,188,1273,1.7,0,30.4,17.4,68.0,929.6
2025-11-09T17:50:21.079000+00:00,9869,167,1273,2.4,0,30.3,17.4,69.0,929.6
2025-11-09T17:51:21.067000+00:00,9869,143,1273,1.3,0,30.3,17.4,69.0,929.6
2025-11-09T17:52:21.079000+00:00,9869,199,1273,1.7,0,30.3,17.3,70.0,929.6
2025-11-09T17:53:21.083000+00:00,9869,175,1273,2.4,0,30.3,17.3,70.0,929.6
2025-11-09T17:54:21.073000+00:00,9869,183,1273,1.0,0,30.2,17.3,71.0,929.5
2025-11-09T17:55:21.085000+00:00,9869,201,1273,1.7,0,30.2,17.2,71.0,929.5
2025-11-09T17:56:21.085000+00:00,9869,139,1273,1.4,0,30.1,17.2,71.0,929.6
2025-11-09T17:57:21.079000+00:00,9869,170,1273,1.0,0,30.3,17.2,70.0,929.4
2025-11-09T17:58:21.087000+00:00,9869,196,1273,1.2,0,30.3,17.2,70.0,929.5
2025-11-09T17:59:21.077000+00:00,9869,140,1273,1.7,0,30.2,17.2,71.0,929.4
2025-11-09T18:00:21.078000+00:00,9869,132,1273,1.3,0,30.2,17.2,71.0,929.4
2025-11-09T18:01:21.088000+00:00,9869,187,1273,1.5,0,30.2,17.2,71.0,929.6
2025-11-09T18:02:21.092000+00:00,9869,167,1273,1.8,0,30.2,17.2,71.0,929.5
2025-11-09T18:03:21.093000+00:00,9869,187,1273,2.0,0,30.0,17.1,71.0,929.5
2025-11-09T18:04:21.090000+00:00,9869,183,1273,1.6,0,30.2,17.1,71.0,929.5
2025-11-09T18:05:21.094000+00:00,9869,156,1273,1.1,0,30.3,17.1,71.0,929.3
2025-11-09T18:06:21.086000+00:00,9869,204,1273,0.9,0,30.6,17.1,70.0,929.4
2025-11-09T18:07:21.213000+00:00,9869,161,1273,1.0,0,30.6,17.2,69.0,929.4
2025-11-09T18:08:21.217000+00:00,9869,150,1273,2.2,0,30.5,17.2,69.0,929.4
2025-11-09T18:09:21.237000+00:00,9869,143,1273,1.9,0,30.4,17.2,70.0,929.4
2025-11-09T18:10:21.240000+00:00,9869,126,1273,1.3,0,30.6,17.3,70.0,929.4
2025-11-09T18:11:21.254000+00:00,9869,156,1273,2.7,0,30.8,17.4,71.0,929.4
2025-11-09T18:12:21.265000+00:00,9869,168,1273,1.2,0,31.2,17.5,71.0,929.4
2025-11-09T18:13:21.265000+00:00,9869,171,1273,1.9,0,31.4,17.5,70.0,929.5
2025-11-09T18:14:21.277000+00:00,9869,0,1273,1.7,0,31.4,17.5,70.0,929.4
2025-11-09T18:15:21.271000+00:00,9869,170,1273,0.9,0,31.4,17.5,70.0,929.4
2025-11-09T18:16:21.261000+00:00,9869,171,1273,1.7,0,31.5,17.4,70.0,929.5
2025-11-09T18:17:21.265000+00:00,9869,194,1273,2.0,0,31.4,17.4,70.0,929.4
2025-11-09T18:18:21.261000+00:00,9869,207,1273,1.7,0,31.1,17.5,71.0,929.5
2025-11-09T18:19:21.278000+00:00,9869,165,1273,1.7,0,31.1,17.5,71.0,929.5
2025-11-09T18:20:21.285000+00:00,9869,267,1273,1.9,0,31.4,17.4,71.0,929.4
2025-11-09T18:21:21.297000+00:00,9869,182,1273,1.8,0,31.8,17.5,70.0,929.4
2025-11-09T18:22:21.317000+00:00,9869,169,1273,2.8,0,31.8,17.5,70.0,929.4
2025-11-09T18:23:21.315000+00:00,9869,245,1273,2.9,0,31.2,17.4,72.0,929.4
2025-11-09T18:24:21.317000+00:00,9869,198,1273,1.8,0,31.2,17.3,72.0,929.5
2025-11-09T18:25:21.325000+00:00,9869,194,1273,2.7,0,31.0,17.2,72.0,929.5
2025-11-09T18:26:21.318000+00:00,9869,128,1273,2.5,0,31.0,17.3,72.0,929.5
2025-11-09T18:27:21.343000+00:00,9869,203,1273,1.4,0,30.9,17.3,72.0,929.5
2025-11-09T18:28:21.364000+00:00,9869,144,1273,1.6,0,31.0,17.2,72.0,929.5
2025-11-09T18:29:21.353000+00:00,9869,179,1273,1.4,0,31.0,17.3,72.0,929.4
2025-11-09T18:30:21.362000+00:00,9869,146,1273,2.1,0,31.0,17.3,72.0,929.4
2025-11-09T18:31:21.367000+00:00,9869,130,1273,1.9,0,31.0,17.2,72.0,929.4
2025-11-09T18:32:21.361000+00:00,9869,148,1273,1.8,0,31.2,17.2,71.0,929.4
2025-11-09T18:33:21.363000+00:00,9869,155,1273,1.4,0,31.3,17.2,71.0,929.5
2025-11-09T18:34:21.372000+00:00,9869,165,1273,1.9,0,31.3,17.2,72.0,929.5
2025-11-09T18:35:21.399000+00:00,9869,190,1273,1.1,0,31.5,17.4,71.0,929.5
2025-11-09T18:36:21.402000+00:00,9869,189,1273,2.1,0,31.5,17.4,71.0,929.5
2025-11-09T18:37:21.408000+00:00,9869,122,1273,1.0,0,31.3,17.4,70.0,929.4
2025-11-09T18:38:21.409000+00:00,9869,196,1273,0.7,0,31.4,17.4,70.0,929.4
2025-11-23T03:06:32.953000+00:00,9858,126,1274,0.7,0,18.0,16.9,38.0,942.1
2025-11-23T03:07:32.950000+00:00,9858,133,1274,0.7,0,17.6,16.9,38.0,942.1
2025-11-23T03:08:32.953000+00:00,9858,80,1274,0.6,0,17.6,16.9,38.0,942.2
2025-11-23T03:09:32.953000+00:00,9858,62,1274,0.0,0,17.7,16.9,38.0,942.1
2025-11-23T03:10:32.955000+00:00,9858,269,1274,1.1,0,17.7,16.9,38.0,942.1
2025-11-23T03:11:32.956000+00:00,9858,66,1274,0.7,0,17.9,16.9,38.0,942.1
2025-11-23T03:12:32.955000+00:00,9858,0,1274,0.6,0,17.8,17.0,37.0,942.0
2025-11-23T03:13:32.955000+00:00,9858,179,1274,0.3,0,17.9,17.0,37.0,942.1
2025-11-23T03:14:32.949000+00:00,9858,93,1274,0.5,0,18.0,17.1,37.0,942.0
2025-11-23T03:15:32.957000+00:00,9858,101,1274,0.4,0,18.1,17.1,37.0,942.0
2025-11-23T03:16:32.965000+00:00,9858,207,1274,0.6,0,18.1,17.1,37.0,942.1
2025-11-23T03:17:32.959000+00:00,9858,0,1274,0.5,0,18.0,17.1,37.0,942.0
2025-11-23T03:18:32.974000+00:00,9858,184,1274,0.0,0,17.7,17.1,37.0,942.1
2025-11-23T03:19:32.962000+00:00,9858,124,1274,0.7,0,17.7,17.1,37.0,942.0
2025-11-23T03:20:32.966000+00:00,9858,159,1274,0.8,0,17.6,17.1,37.0,942.1
2025-11-23T03:21:32.975000+00:00,9858,0,1274,0.0,0,17.7,17.1,37.0,942.0
2025-11-23T03:22:32.967000+00:00,9858,143,1274,0.6,0,17.7,17.1,37.0,942.0
2025-11-23T03:23:32.961000+00:00,9858,147,1274,0.5,0,17.7,17.1,37.0,942.0
2025-11-23T03:24:32.965000+00:00,9858,82,1274,0.5,0,17.7,17.1,37.0,942.0
2025-11-23T03:25:32.968000+00:00,9858,107,1274,0.6,0,17.7,17.1,37.0,942.0
2025-11-23T03:26:32.971000+00:00,9858,123,1274,0.6,0,17.8,17.1,37.0,942.0
2025-11-23T03:27:32.968000+00:00,9858,94,1274,1.0,0,17.7,17.1,37.0,942.1
2025-11-23T03:28:32.962000+00:00,9858,200,1274,1.0,0,17.7,17.1,37.0,942.0
2025-11-23T03:29:32.972000+00:00,9858,189,1274,0.4,0,17.7,17.1,37.0,942.0
2025-11-23T03:30:32.963000+00:00,9858,187,1274,0.8,0,17.9,17.1,37.0,942.1
2025-11-23T03:31:32.965000+00:00,9858,14,1274,0.5,0,18.5,17.1,36.0,942.1
2025-11-23T03:32:32.966000+00:00,9858,125,1274,0.3,0,18.0,17.2,36.0,942.0
2025-11-23T03:33:32.967000+00:00,9858,181,1274,0.7,0,23.9,17.2,36.0,942.0
2025-11-23T03:34:32.979000+00:00,9858,0,1274,0.6,0,24.6,17.2,35.0,941.9
2025-11-23T03:35:32.973000+00:00,9858,136,1274,0.0,0,28.2,17.1,36.0,941.9
2025-11-23T03:36:32.966000+00:00,9858,142,1274,0.3,0,29.0,17.1,36.0,942.0
2025-11-23T03:37:32.978000+00:00,9858,110,1274,1.1,0,29.5,17.1,36.0,941.9
2025-11-23T03:38:32.977000+00:00,9858,110,1274,0.9,0,29.3,17.0,36.0,942.0
2025-11-23T03:39:32.992000+00:00,9858,165,1274,0.8,0,28.7,17.0,37.0,941.9
2025-11-23T03:40:33.019000+00:00,9858,126,1274,0.7,0,28.7,17.0,37.0,942.0
2025-11-23T03:41:33.026000+00:00,9858,224,1274,0.7,0,29.2,17.0,36.0,942.0
2025-11-23T03:42:33.032000+00:00,9858,126,1274,0.7,0,29.2,17.0,36.0,942.0
2025-11-23T03:43:33.025000+00:00,9858,148,1274,0.4,0,28.2,17.0,37.0,942.1
2025-11-23T03:44:33.034000+00:00,9858,187,1274,0.8,0,27.7,16.9,36.0,942.0
2025-11-23T03:45:33.057000+00:00,9858,130,1274,0.7,0,27.2,17.0,36.0,941.9
2025-11-23T03:46:33.054000+00:00,9858,211,1274,1.2,0,27.2,16.9,37.0,941.9
2025-11-23T03:47:33.071000+00:00,9858,212,1274,1.8,0,27.2,16.9,36.0,942.0
2025-11-23T03:48:33.058000+00:00,9858,0,1274,0.8,0,27.7,16.9,37.0,941.9
2025-11-23T03:49:33.058000+00:00,9858,250,1274,1.2,0,28.9,16.9,37.0,941.9
2025-11-23T03:50:33.076000+00:00,9858,188,1274,1.0,0,28.7,16.8,37.0,941.9
2025-11-23T03:51:33.146000+00:00,9858,163,1274,1.7,0,28.3,16.9,36.0,941.9
2025-11-23T03:52:33.121000+00:00,9858,197,1274,1.2,0,28.3,16.8,37.0,941.9
2025-11-23T03:53:33.113000+00:00,9858,153,1274,1.2,0,28.5,16.8,37.0,942.0
2025-11-23T03:54:33.110000+00:00,9858,190,1274,0.5,0,27.2,16.8,38.0,941.9
2025-11-23T03:55:33.126000+00:00,9858,166,1274,0.8,0,25.3,16.8,37.0,941.9
2025-11-23T03:56:33.122000+00:00,9858,179,1274,1.2,0,24.2,16.8,37.0,941.9
2025-11-23T03:57:33.124000+00:00,9858,163,1274,1.1,0,24.2,16.8,38.0,942.0
2025-11-23T03:58:33.122000+00:00,9858,240,1274,0.9,0,24.4,16.7,38.0,942.0
2025-11-23T03:59:33.130000+00:00,9858,126,1274,1.0,0,24.7,16.8,37.0,942.0
2025-11-23T04:00:33.126000+00:00,9858,192,1274,1.1,0,24.2,16.7,37.0,941.9
2025-11-23T04:01:33.127000+00:00,9858,166,1274,1.6,0,25.1,16.7,37.0,942.0
2025-11-23T04:02:33.148000+00:00,9858,162,1274,0.9,0,23.8,16.7,38.0,942.0
2025-11-23T04:03:33.146000+00:00,9858,197,1274,1.8,0,18.5,16.7,37.0,942.0
2025-11-23T04:04:33.140000+00:00,9858,183,1274,1.3,0,18.2,16.7,38.0,941.9
2025-11-23T04:05:33.143000+00:00,9858,208,1274,1.9,0,18.2,16.8,38.0,942.0
2025-11-23T04:06:33.169000+00:00,9858,182,1274,1.2,0,18.7,16.8,38.0,942.0
2025-11-23T04:07:33.154000+00:00,9858,178,1274,1.5,0,18.7,16.8,37.0,941.9
2025-11-23T04:08:33.179000+00:00,9858,175,1274,2.1,0,18.2,16.9,38.0,942.0
2025-11-23T04:09:33.198000+00:00,9858,189,1274,1.6,0,18.2,16.9,38.0,942.0
2025-11-23T04:10:33.231000+00:00,9858,186,1274,1.5,0,18.1,16.9,38.0,941.9
2025-11-23T04:11:33.231000+00:00,9858,197,1274,2.1,0,18.0,16.9,38.0,941.9
2025-11-23T04:12:33.233000+00:00,9858,185,1274,1.2,0,18.0,16.9,38.0,941.9
2025-11-23T04:13:33.231000+00:00,9858,187,1274,2.1,0,17.8,16.8,38.0,941.9
2025-11-23T04:14:33.240000+00:00,9858,185,1274,2.0,0,17.9,16.9,38.0,941.9
2025-11-23T04:15:33.256000+00:00,9858,206,1274,1.6,0,17.9,16.9,38.0,941.9
2025-11-23T04:16:33.266000+00:00,9858,193,1274,1.7,0,17.9,17.0,38.0,941.8
2025-11-23T04:17:33.290000+00:00,9858,180,1274,2.2,0,17.9,17.0,38.0,941.8
2025-11-23T04:18:33.268000+00:00,9858,191,1274,1.9,0,17.9,17.0,38.0,941.9
2025-11-23T04:19:33.272000+00:00,9858,206,1274,1.7,0,17.8,17.0,38.0,942.0
2025-11-23T04:20:33.261000+00:00,9858,177,1274,1.5,0,17.9,17.0,38.0,941.9
2025-11-23T04:21:33.272000+00:00,9858,185,1274,1.5,0,17.8,17.0,38.0,942.0
2025-11-23T04:22:33.268000+00:00,9858,181,1274,2.0,0,17.9,17.0,38.0,941.9
2025-11-23T04:23:33.277000+00:00,9858,194,1274,1.7,0,17.8,17.0,37.0,941.9
2025-11-23T04:24:33.287000+00:00,9858,192,1274,2.0,0,17.7,17.0,37.0,941.8
2025-11-23T04:25:33.287000+00:00,9858,197,1274,2.3,0,17.7,17.0,38.0,941.8
2025-11-23T04:26:33.313000+00:00,9858,191,1274,2.2,0,17.7,16.9,38.0,941.8
2025-11-23T04:27:33.316000+00:00,9858,174,1274,1.8,0,17.7,16.9,38.0,941.7
2025-11-23T04:28:33.316000+00:00,9858,200,1274,1.8,0,17.7,16.9,38.0,941.7
2025-11-23T04:29:33.326000+00:00,9858,201,1274,2.1,0,17.6,16.9,38.0,941.7
2025-11-23T04:30:33.321000+00:00,9858,188,1274,1.8,0,17.6,16.9,38.0,941.8
2025-11-23T04:31:33.332000+00:00,9858,197,1274,1.4,0,17.6,16.9,38.0,941.9
2025-11-23T04:32:33.323000+00:00,9858,178,1274,2.1,0,17.5,16.8,38.0,941.7
2025-11-23T04:33:33.340000+00:00,9858,209,1274,1.2,0,17.6,16.7,38.0,941.8
2025-11-23T04:34:33.480000+00:00,9858,231,1274,0.9,0,17.5,16.7,38.0,941.8
2025-11-23T04:35:33.321000+00:00,9858,192,1274,1.6,0,17.5,16.6,38.0,941.8
2025-11-23T04:36:33.324000+00:00,9858,187,1274,1.5,0,17.4,16.6,38.0,941.7
2025-11-23T04:37:33.349000+00:00,9858,212,1274,1.9,0,17.4,16.6,38.0,941.7
2025-11-23T04:38:33.370000+00:00,9858,188,1274,1.8,0,17.5,16.6,38.0,941.8
2025-11-23T04:39:33.384000+00:00,9858,192,1274,2.0,0,17.4,16.6,38.0,941.8
2025-11-23T04:40:33.382000+00:00,9858,191,1274,2.5,0,17.4,16.6,38.0,941.8
2025-11-23T04:41:33.400000+00:00,9858,187,1274,1.4,0,17.3,16.6,38.0,941.8
2025-11-23T04:42:33.410000+00:00,9858,194,1274,1.2,0,17.3,16.5,38.0,941.9
2025-11-23T04:43:33.417000+00:00,9858,183,1274,2.1,0,17.3,16.5,38.0,941.9
2025-11-23T04:44:33.476000+00:00,9858,217,1274,1.5,0,17.3,16.4,38.0,941.9
2025-11-23T04:45:33.429000+00:00,9858,207,1274,1.5,0,17.3,16.4,38.0,941.8
2025-11-23T04:46:33.430000+00:00,9858,221,1274,1.6,0,17.3,16.4,38.0,941.9
2025-11-23T04:47:33.451000+00:00,9858,194,1274,1.6,0,17.3,16.4,38.0,941.8
2025-11-23T04:48:33.468000+00:00,9858,198,1274,1.4,0,17.3,16.4,38.0,941.8
2025-11-23T04:49:33.487000+00:00,9858,178,1274,1.8,0,17.0,16.4,39.0,941.8
2025-11-23T04:50:33.480000+00:00,9858,179,1274,1.8,0,17.2,16.4,39.0,941.8
2025-11-23T04:51:33.502000+00:00,9858,200,1274,1.4,0,17.2,16.4,39.0,941.8
2025-11-23T04:52:33.528000+00:00,9858,186,1274,1.8,0,17.2,16.4,39.0,941.8
2025-11-23T04:53:33.520000+00:00,9858,183,1274,2.0,0,17.2,16.3,39.0,941.7
2025-11-23T04:54:33.535000+00:00,9858,214,1274,2.0,0,17.2,16.3,39.0,941.8
2025-11-23T04:55:33.528000+00:00,9858,180,1274,2.2,0,17.2,16.3,39.0,941.8
2025-11-23T04:56:33.529000+00:00,9858,212,1274,2.6,0,17.2,16.3,39.0,941.8
2025-11-23T04:57:33.542000+00:00,9858,194,1274,1.7,0,17.0,16.3,39.0,941.7
2025-11-23T04:58:33.556000+00:00,9858,187,1274,1.8,0,17.0,16.4,39.0,941.8
2025-11-23T04:59:33.553000+00:00,9858,203,1274,2.2,0,17.2,16.4,39.0,941.7
2025-11-23T05:00:33.568000+00:00,9858,194,1274,2.5,0,17.2,16.4,39.0,941.7
2025-11-23T05:01:33.561000+00:00,9858,190,1274,2.1,0,17.0,16.3,38.0,941.7
2025-11-23T05:02:33.565000+00:00,9858,187,1274,2.3,0,17.0,16.3,39.0,941.8
2025-11-23T05:03:33.555000+00:00,9858,187,1274,2.3,0,17.0,16.3,39.0,941.8
2025-11-23T05:04:33.568000+00:00,9858,188,1274,2.4,0,17.0,16.3,39.0,941.8
2025-11-23T05:05:33.566000+00:00,9858,184,1274,2.5,0,17.0,16.3,39.0,941.7
2025-11-23T05:06:33.561000+00:00,9858,189,1274,2.4,0,17.0,16.3,39.0,941.9
2025-11-23T05:07:33.564000+00:00,9858,186,1274,2.4,0,17.0,16.3,39.0,941.8
2025-11-23T05:08:33.591000+00:00,9858,179,1274,2.8,0,16.9,16.3,39.0,941.9
2025-11-23T05:09:33.561000+00:00,9858,179,1274,2.8,0,16.9,16.3,39.0,941.9
2025-11-23T05:10:33.569000+00:00,9858,199,1274,1.9,0,16.9,16.3,39.0,941.8
2025-11-23T05:11:33.566000+00:00,9858,201,1274,2.3,0,16.9,16.3,39.0,941.8
2025-11-23T05:12:33.552000+00:00,9858,198,1274,2.2,0,16.9,16.3,39.0,941.9
2025-11-23T05:13:33.580000+00:00,9858,191,1274,2.1,0,16.9,16.3,39.0,941.9
2025-11-23T05:14:33.572000+00:00,9858,199,1274,1.8,0,16.9,16.3,39.0,941.8
2025-11-23T05:15:33.593000+00:00,9858,183,1274,1.8,0,16.8,16.3,39.0,941.8
2025-11-23T05:16:33.565000+00:00,9858,184,1274,1.9,0,16.9,16.3,39.0,941.8
2025-11-23T05:17:33.578000+00:00,9858,187,1274,1.4,0,16.9,16.3,39.0,941.8
2025-11-23T05:18:33.572000+00:00,9858,211,1274,1.9,0,16.9,16.3,38.0,941.7
2025-11-23T05:19:33.571000+00:00,9858,211,1274,1.9,0,16.9,16.3,38.0,941.7
2025-11-23T05:20:33.573000+00:00,9858,192,1274,2.0,0,16.9,16.3,38.0,941.8
2025-11-23T05:21:33.563000+00:00,9858,205,1274,2.2,0,16.8,16.3,38.0,941.8
2025-11-23T05:22:33.576000+00:00,9858,207,1274,2.2,0,16.8,16.3,39.0,941.8
2025-11-23T05:23:33.589000+00:00,9858,195,1274,2.5,0,16.8,16.3,39.0,941.8
2025-11-23T05:24:33.579000+00:00,9858,189,1274,2.0,0,16.8,16.3,39.0,941.8
2025-11-23T05:25:33.568000+00:00,9858,213,1274,2.5,0,16.7,16.3,39.0,941.8
2025-11-23T05:26:33.572000+00:00,9858,200,1274,2.3,0,16.7,16.3,39.0,941.8
2025-11-30T15:05:41.032000+00:00,9850,356,1275,2.6,0,29.8,23.7,65.0,1015.6
2025-11-30T15:06:41.034000+00:00,9850,348,1275,2.1,0,29.8,23.6,65.0,1015.6
2025-11-30T15:07:41.047000+00:00,9850,335,1275,2.2,0,29.6,23.6,65.0,1015.6
2025-11-30T15:08:41.060000+00:00,9850,359,1275,2.5,0,29.6,23.6,66.0,1015.6
2025-11-30T15:09:41.070000+00:00,9850,353,1275,2.6,0,29.5,23.6,65.0,1015.6
2025-11-30T15:10:41.079000+00:00,9850,343,1275,1.8,0,29.5,23.6,66.0,1015.6
2025-11-30T15:11:41.083000+00:00,9850,358,1275,2.3,0,29.4,23.5,66.0,1015.5
2025-11-30T15:12:41.098000+00:00,9850,344,1275,2.4,0,29.4,23.5,66.0,1015.6
2025-11-30T15:13:41.098000+00:00,9850,343,1275,2.3,0,29.4,23.5,66.0,1015.7
2025-11-30T15:14:41.118000+00:00,9850,8,1275,1.9,0,29.4,23.5,66.0,1015.6
2025-11-30T15:15:41.107000+00:00,9850,351,1275,2.1,0,29.7,23.5,66.0,1015.7
2025-11-30T15:16:41.121000+00:00,9850,356,1275,2.0,0,29.6,23.5,66.0,1015.6
2025-11-30T15:17:41.112000+00:00,9850,344,1275,2.7,0,29.4,23.5,66.0,1015.7
2025-11-30T15:18:41.127000+00:00,9850,4,1275,2.1,0,29.6,23.4,66.0,1015.8
2025-11-30T15:19:41.122000+00:00,9850,355,1275,2.3,0,29.6,23.4,66.0,1015.7
2025-11-30T15:20:41.124000+00:00,9850,351,1275,2.4,0,29.5,23.4,66.0,1015.8
2025-11-30T15:21:41.123000+00:00,9850,341,1275,2.3,0,29.3,23.4,66.0,1015.7
2025-11-30T15:22:41.122000+00:00,9850,343,1275,1.9,0,29.3,23.4,66.0,1015.8
2025-11-30T15:23:41.123000+00:00,9850,359,1275,1.4,0,29.4,23.3,66.0,1015.8
2025-11-30T15:24:41.122000+00:00,9850,359,1275,1.4,0,29.4,23.4,66.0,1015.8
2025-11-30T15:25:41.122000+00:00,9850,359,1275,1.4,0,29.4,23.4,66.0,1015.8
2025-11-30T15:26:41.136000+00:00,9850,340,1275,1.6,0,29.6,23.4,65.0,1015.8
2025-11-30T15:27:41.127000+00:00,9850,16,1275,1.6,0,29.8,23.4,65.0,1015.8
2025-11-30T15:28:41.120000+00:00,9850,343,1275,1.9,0,29.7,23.4,65.0,1015.9
2025-11-30T15:29:41.130000+00:00,9850,325,1275,1.4,0,29.6,23.4,65.0,1015.9
2025-11-30T15:30:41.124000+00:00,9850,327,1275,1.6,0,29.6,23.3,65.0,1016.0
2025-11-30T15:31:41.124000+00:00,9850,334,1275,1.4,0,29.7,23.3,65.0,1015.8
2025-11-30T15:32:41.125000+00:00,9850,334,1275,1.6,0,29.8,23.3,65.0,1015.9
2025-11-30T15:33:41.138000+00:00,9850,353,1275,2.2,0,29.5,23.3,65.0,1016.0
2025-11-30T15:34:41.138000+00:00,9850,353,1275,2.2,0,29.5,23.3,65.0,1016.0
2025-11-30T15:35:41.138000+00:00,9850,331,1275,1.4,0,29.3,23.2,66.0,1016.0
2025-11-30T15:36:41.141000+00:00,9850,334,1275,1.1,0,29.2,23.2,66.0,1016.0
2025-11-30T15:37:41.160000+00:00,9850,358,1275,1.2,0,29.1,23.2,66.0,1016.0
2025-11-30T15:38:41.159000+00:00,9850,353,1275,2.2,0,28.9,23.1,66.0,1016.0
2025-11-30T15:39:41.151000+00:00,9850,351,1275,1.4,0,28.7,23.1,66.0,1016.1
2025-11-30T15:40:41.184000+00:00,9850,345,1275,1.7,0,28.9,23.1,66.0,1016.1
2025-11-30T15:41:41.174000+00:00,9850,338,1275,1.5,0,28.9,23.1,66.0,1016.0
2025-11-30T15:42:41.190000+00:00,9850,4,1275,2.0,0,28.9,23.0,67.0,1016.0
2025-11-30T15:43:41.195000+00:00,9850,9,1275,1.9,0,28.6,23.0,67.0,1016.1
2025-11-30T15:44:41.181000+00:00,9850,359,1275,1.9,0,28.6,23.0,67.0,1016.1
2025-11-30T15:45:41.209000+00:00,9850,335,1275,1.8,0,28.6,23.0,67.0,1016.1
2025-11-30T15:46:41.218000+00:00,9850,336,1275,1.8,0,28.6,23.0,67.0,1016.1
2025-11-30T15:47:41.205000+00:00,9850,9,1275,1.8,0,28.7,23.0,67.0,1016.1
2025-11-30T15:48:41.207000+00:00,9850,348,1275,1.9,0,28.7,22.9,67.0,1016.0
2025-11-30T15:49:41.232000+00:00,9850,348,1275,2.0,0,29.1,22.9,67.0,1016.0
2025-11-30T15:50:41.247000+00:00,9850,359,1275,1.6,0,28.5,22.9,67.0,1016.1
2025-11-30T15:51:41.258000+00:00,9850,355,1275,1.5,0,28.5,22.9,67.0,1016.0
2025-11-30T15:52:41.252000+00:00,9850,344,1275,1.8,0,28.5,22.9,67.0,1016.0
2025-11-30T15:53:41.238000+00:00,9850,351,1275,1.5,0,28.5,22.9,68.0,1016.2
2025-11-30T15:54:41.245000+00:00,9850,352,1275,1.6,0,28.4,22.8,68.0,1016.1
2025-11-30T15:55:41.244000+00:00,9850,347,1275,1.7,0,28.5,22.8,67.0,1016.1
2025-11-30T15:56:41.306000+00:00,9850,4,1275,1.3,0,28.7,22.8,68.0,1016.1
2025-11-30T15:57:41.326000+00:00,9850,353,1275,1.3,0,28.5,22.8,67.0,1016.0
2025-11-30T15:58:41.327000+00:00,9850,337,1275,1.2,0,28.6,22.8,68.0,1016.1
2025-11-30T15:59:41.327000+00:00,9850,354,1275,1.3,0,28.6,22.7,68.0,1016.1
2025-11-30T16:00:41.344000+00:00,9850,337,1275,1.0,0,28.6,22.7,68.0,1016.0
2025-11-30T16:01:41.359000+00:00,9850,342,1275,1.8,0,28.3,22.7,68.0,1016.1
2025-11-30T16:02:41.374000+00:00,9850,343,1275,1.3,0,28.3,22.7,68.0,1016.1
2025-11-30T16:03:41.407000+00:00,9850,345,1275,1.3,0,28.5,22.7,68.0,1016.0
2025-11-30T16:04:41.407000+00:00,9850,348,1275,1.6,0,28.6,22.6,68.0,1016.1
2025-11-30T16:05:41.417000+00:00,9850,343,1275,1.6,0,28.5,22.6,69.0,1016.1
2025-11-30T16:06:41.408000+00:00,9850,332,1275,1.4,0,28.4,22.7,69.0,1016.1
2025-11-30T16:07:41.414000+00:00,9850,342,1275,1.3,0,28.3,22.7,69.0,1016.2
2025-11-30T16:08:41.430000+00:00,9850,155,1275,1.4,0,28.1,22.7,69.0,1016.2
2025-11-30T16:09:41.430000+00:00,9850,331,1275,1.5,0,28.3,22.7,69.0,1016.1
2025-11-30T16:10:41.432000+00:00,9850,329,1275,1.2,0,28.4,22.7,69.0,1016.1
2025-11-30T16:11:41.436000+00:00,9850,202,1275,0.6,0,28.5,22.7,68.0,1016.1
2025-11-30T16:12:41.434000+00:00,9850,11,1275,0.6,0,28.4,22.7,68.0,1016.2
2025-11-30T16:13:41.438000+00:00,9850,301,1275,0.6,0,28.4,22.7,68.0,1016.2
2025-11-30T16:14:41.453000+00:00,9850,276,1275,1.2,0,28.4,22.7,68.0,1016.1
2025-11-30T16:15:41.465000+00:00,9850,0,1275,0.0,0,28.4,22.7,68.0,1016.1
2025-11-30T16:16:41.474000+00:00,9850,352,1275,0.0,0,28.3,22.7,68.0,1016.2
2025-11-30T16:17:41.473000+00:00,9850,331,1275,0.3,0,28.2,22.6,68.0,1016.2
2025-11-30T16:18:41.473000+00:00,9850,113,1275,0.9,0,28.1,22.6,68.0,1016.1
2025-11-30T16:19:41.473000+00:00,9850,9,1275,0.8,0,28.2,22.6,68.0,1016.2
2025-11-30T16:20:41.476000+00:00,9850,359,1275,0.7,0,28.2,22.6,68.0,1016.2
2025-11-30T16:21:41.499000+00:00,9850,327,1275,0.8,0,28.0,22.5,69.0,1016.1
2025-11-30T16:22:41.505000+00:00,9850,348,1275,0.9,0,27.9,22.5,69.0,1016.1
2025-11-30T16:23:41.514000+00:00,9850,7,1275,1.5,0,28.0,22.5,69.0,1016.2
2025-11-30T16:24:41.531000+00:00,9850,211,1275,1.0,0,28.0,22.5,69.0,1016.1
2025-11-30T16:25:41.550000+00:00,9850,306,1275,1.1,0,28.0,22.5,69.0,1016.1
2025-11-30T16:26:41.562000+00:00,9850,0,1275,1.3,0,27.9,22.5,69.0,1016.0
2025-11-30T16:27:41.564000+00:00,9850,242,1275,0.3,0,28.0,22.5,69.0,1016.1
2025-11-30T16:28:41.564000+00:00,9850,31,1275,1.3,0,28.0,22.5,69.0,1016.1
2025-11-30T16:29:41.564000+00:00,9850,79,1275,1.6,0,28.1,22.5,69.0,1016.1
2025-11-30T16:30:41.562000+00:00,9850,331,1275,0.6,0,27.8,22.5,69.0,1016.2
2025-11-30T16:31:41.553000+00:00,9850,358,1275,0.6,0,27.7,22.5,70.0,1016.2
2025-11-30T16:32:41.562000+00:00,9850,0,1275,1.1,0,27.9,22.4,70.0,1016.2
2025-11-30T16:33:41.554000+00:00,9850,25,1275,0.6,0,28.0,22.5,70.0,1016.3
2025-11-30T16:34:41.555000+00:00,9850,29,1275,0.8,0,27.9,22.5,69.0,1016.2
2025-11-30T16:35:41.573000+00:00,9850,342,1275,1.1,0,27.9,22.5,70.0,1016.3
2025-11-30T16:36:41.617000+00:00,9850,8,1275,1.4,0,27.8,22.5,70.0,1016.2
2025-11-30T16:37:41.555000+00:00,9850,25,1275,1.5,0,27.8,22.5,70.0,1016.2
2025-11-30T16:38:41.571000+00:00,9850,0,1275,0.5,0,27.8,22.4,71.0,1016.2
2025-11-30T16:39:41.570000+00:00,9850,305,1275,0.6,0,27.8,22.4,71.0,1016.2
2025-11-30T16:40:41.565000+00:00,9850,0,1275,1.2,0,27.7,22.4,71.0,1016.3
2025-11-30T16:41:41.568000+00:00,9850,354,1275,1.0,0,27.7,22.3,71.0,1016.2
2025-11-30T16:42:41.584000+00:00,9850,43,1275,0.9,0,27.6,22.3,71.0,1016.2
2025-11-30T16:43:41.569000+00:00,9850,318,1275,1.1,0,27.6,22.3,71.0,1016.2
2025-11-30T16:44:41.585000+00:00,9850,214,1275,1.2,0,27.6,22.3,71.0,1016.2
2025-11-30T16:45:41.576000+00:00,9850,177,1275,1.0,0,27.6,22.2,71.0,1016.2
2025-11-30T16:46:41.570000+00:00,9850,5,1275,0.6,0,27.6,22.2,71.0,1016.2
2025-11-30T16:47:41.582000+00:00,9850,113,1275,1.2,0,27.7,22.2,71.0,1016.3
2025-11-30T16:48:41.588000+00:00,9850,157,1275,0.8,0,27.6,22.2,71.0,1016.2
2025-11-30T16:49:41.572000+00:00,9850,0,1275,0.8,0,27.6,22.2,71.0,1016.2
2025-11-30T16:50:41.588000+00:00,9850,236,1275,0.5,0,27.7,22.2,71.0,1016.2
2025-11-30T16:51:41.588000+00:00,9850,230,1275,0.6,0,27.9,22.3,71.0,1016.2
2025-11-30T16:52:41.589000+00:00,9850,45,1275,1.1,0,27.8,22.2,71.0,1016.1
2025-11-30T16:53:41.580000+00:00,9850,38,1275,0.8,0,27.4,22.2,71.0,1016.2
2025-11-30T16:54:41.581000+00:00,9850,182,1275,0.6,0,27.4,22.2,71.0,1016.2
2025-11-30T16:55:41.578000+00:00,9850,342,1275,0.3,0,27.4,22.2,71.0,1016.2
2025-11-30T16:56:41.594000+00:00,9850,132,1275,0.6,0,27.4,22.2,71.0,1016.2
2025-11-30T16:57:41.580000+00:00,9850,272,1275,0.3,0,27.6,22.1,71.0,1016.3
2025-11-30T16:58:41.590000+00:00,9850,205,1275,0.4,0,27.8,22.1,71.0,1016.2
2025-11-30T16:59:41.612000+00:00,9850,246,1275,0.6,0,27.8,22.1,71.0,1016.3
2025-11-30T17:00:41.610000+00:00,9850,308,1275,0.7,0,27.6,22.1,71.0,1016.2
2025-11-30T17:01:41.602000+00:00,9850,11,1275,0.9,0,27.4,22.1,71.0,1016.2
2025-11-30T17:02:41.634000+00:00,9850,0,1275,0.7,0,27.4,22.1,71.0,1016.3
2025-11-30T17:03:41.622000+00:00,9850,39,1275,0.5,0,27.4,22.1,72.0,1016.2
2025-11-30T17:04:41.637000+00:00,9850,176,1275,0.7,0,27.3,22.0,72.0,1016.2
2025-11-30T17:05:41.642000+00:00,9850,35,1275,1.0,0,27.3,22.0,72.0,1016.2
2025-11-30T17:06:41.639000+00:00,9850,339,1275,1.1,0,27.3,22.0,72.0,1016.3
2025-11-30T17:07:41.658000+00:00,9850,63,1275,0.7,0,27.1,22.0,72.0,1016.3
2025-11-30T17:08:41.638000+00:00,9850,21,1275,0.0,0,27.4,22.0,72.0,1016.2
2025-11-30T17:09:41.651000+00:00,9850,346,1275,1.7,0,27.4,22.0,72.0,1016.3
2025-11-30T17:10:41.654000+00:00,9850,23,1275,1.0,0,27.3,22.0,72.0,1016.3
2025-11-30T17:11:41.654000+00:00,9850,18,1275,1.4,0,27.3,21.9,72.0,1016.3
2025-11-30T17:12:41.657000+00:00,9850,15,1275,1.3,0,27.2,21.9,73.0,1016.3
2025-11-30T17:13:41.656000+00:00,9850,8,1275,1.3,0,27.1,21.9,73.0,1016.2
2025-11-30T17:14:41.672000+00:00,9850,20,1275,1.1,0,27.2,21.9,73.0,1016.3
2025-11-30T17:15:41.703000+00:00,9850,269,1275,0.6,0,27.1,21.9,73.0,1016.4
2025-11-30T17:16:41.701000+00:00,9850,10,1275,0.6,0,27.1,21.9,73.0,1016.3
2025-11-30T17:17:41.693000+00:00,9850,45,1275,0.8,0,27.0,21.8,73.0,1016.4
2025-11-30T17:18:41.709000+00:00,9850,304,1275,1.3,0,27.1,21.8,73.0,1016.4
2025-11-30T17:19:41.740000+00:00,9850,327,1275,0.6,0,27.0,21.8,73.0,1016.4
2025-11-30T17:20:41.726000+00:00,9850,240,1275,0.9,0,27.0,21.7,73.0,1016.3
2025-11-30T17:21:41.731000+00:00,9850,3,1275,1.2,0,27.1,21.7,73.0,1016.3
2025-11-30T17:22:41.728000+00:00,9850,290,1275,0.7,0,27.1,21.7,73.0,1016.4
2025-11-30T17:23:41.728000+00:00,9850,20,1275,0.8,0,27.0,21.7,73.0,1016.4
2025-11-30T17:24:41.742000+00:00,9850,1,1275,1.1,0,26.8,21.7,73.0,1016.3
2025-11-30T17:25:41.743000+00:00,9850,0,1275,0.9,0,26.9,21.6,74.0,1016.3
2025-11-30T17:26:41.743000+00:00,9850,325,1275,0.9,0,26.9,21.6,73.0,1016.3
2025-11-30T17:27:41.748000+00:00,9850,8,1275,1.1,0,26.9,21.6,73.0,1016.4
2025-11-30T17:28:41.733000+00:00,9850,37,1275,1.4,0,26.5,21.6,73.0,1016.4
2025-11-30T17:29:41.743000+00:00,9850,92,1275,0.7,0,25.2,21.6,74.0,1016.3
2025-11-30T17:30:41.746000+00:00,9850,92,1275,0.7,0,25.2,21.6,74.0,1016.3
2025-11-30T17:31:41.748000+00:00,9850,92,1275,0.7,0,25.2,21.6,74.0,1016.3
2025-11-30T17:32:41.743000+00:00,9850,92,1275,0.7,0,25.2,21.6,74.0,1016.3
2025-11-30T17:33:41.744000+00:00,9850,92,1275,0.7,0,25.2,21.6,74.0,1016.3
2025-12-07T12:06:07.170000+00:00,9839,67,1276,3.0,0,34.6,27.4,55.0,1016.4
2025-12-07T12:07:07.186000+00:00,9839,290,1276,2.4,0,34.4,27.4,54.0,1016.4
2025-12-07T12:08:07.193000+00:00,9839,286,1276,1.4,0,34.4,27.5,54.0,1016.3
2025-12-07T12:09:07.206000+00:00,9839,350,1276,2.6,0,34.2,27.5,54.0,1016.5
2025-12-07T12:10:07.226000+00:00,9839,327,1276,3.2,0,34.0,27.5,55.0,1016.4
2025-12-07T12:11:07.229000+00:00,9839,299,1276,2.2,0,34.2,27.5,54.0,1016.4
2025-12-07T12:12:07.244000+00:00,9839,166,1276,1.6,0,34.4,27.4,55.0,1016.3
2025-12-07T12:13:07.264000+00:00,9839,340,1276,0.7,0,34.5,27.4,54.0,1016.5
2025-12-07T12:14:07.269000+00:00,9839,320,1276,1.1,0,34.5,27.4,54.0,1016.5
2025-12-07T12:15:07.284000+00:00,9839,308,1276,2.0,0,34.3,27.5,54.0,1016.5
2025-12-07T12:16:07.283000+00:00,9839,302,1276,1.4,0,34.1,27.5,53.0,1016.3
2025-12-07T12:17:07.285000+00:00,9839,340,1276,1.7,0,34.1,27.4,54.0,1016.4
2025-12-07T12:18:07.286000+00:00,9839,318,1276,2.2,0,34.3,27.4,54.0,1016.3
2025-12-07T12:19:07.284000+00:00,9839,306,1276,2.1,0,34.0,27.4,54.0,1016.4
2025-12-07T12:20:07.285000+00:00,9839,296,1276,2.5,0,33.8,27.4,54.0,1016.4
2025-12-07T12:21:07.297000+00:00,9839,103,1276,2.0,0,34.0,27.4,54.0,1016.4
2025-12-07T12:22:07.298000+00:00,9839,90,1276,1.3,0,34.0,27.4,55.0,1016.4
2025-12-07T12:23:07.318000+00:00,9839,102,1276,1.4,0,33.8,27.4,54.0,1016.4
2025-12-07T12:24:07.326000+00:00,9839,304,1276,0.9,0,33.8,27.5,55.0,1016.4
2025-12-07T12:25:07.325000+00:00,9839,224,1276,1.2,0,33.5,27.4,54.0,1016.3
2025-12-07T12:26:07.329000+00:00,9839,345,1276,1.2,0,33.1,27.4,54.0,1016.4
2025-12-07T12:27:07.320000+00:00,9839,89,1276,2.0,0,32.9,27.4,54.0,1016.4
2025-12-07T12:28:07.328000+00:00,9839,333,1276,0.9,0,32.8,27.4,54.0,1016.4
2025-12-07T12:29:07.329000+00:00,9839,199,1276,1.5,0,32.8,27.4,55.0,1016.4
2025-12-07T12:30:07.331000+00:00,9839,348,1276,0.3,0,32.7,27.4,55.0,1016.2
2025-12-07T12:31:07.330000+00:00,9839,67,1276,1.9,0,32.4,27.4,55.0,1016.4
2025-12-07T12:32:07.329000+00:00,9839,342,1276,1.0,0,32.0,27.3,55.0,1016.4
2025-12-07T12:33:07.315000+00:00,9839,86,1276,1.7,0,32.4,27.3,55.0,1016.5
2025-12-07T12:34:07.329000+00:00,9839,295,1276,2.5,0,32.4,27.3,56.0,1016.5
2025-12-07T12:35:07.320000+00:00,9839,296,1276,1.5,0,32.4,27.3,56.0,1016.5
2025-12-07T12:36:07.330000+00:00,9839,170,1276,0.8,0,32.3,27.2,56.0,1016.5
2025-12-07T12:37:07.350000+00:00,9839,333,1276,0.9,0,32.4,27.2,56.0,1016.5
2025-12-07T12:38:07.350000+00:00,9839,347,1276,1.1,0,32.4,27.3,55.0,1016.5
2025-12-07T12:39:07.351000+00:00,9839,125,1276,1.0,0,31.9,27.3,55.0,1016.5
2025-12-07T12:40:07.368000+00:00,9839,0,1276,1.1,0,31.8,27.2,54.0,1016.5
2025-12-07T12:41:07.384000+00:00,9839,348,1276,1.3,0,31.8,27.2,55.0,1016.5
2025-12-07T12:42:07.382000+00:00,9839,299,1276,2.5,0,31.8,27.1,56.0,1016.5
2025-12-07T12:43:07.382000+00:00,9839,25,1276,1.4,0,31.8,27.1,56.0,1016.5
2025-12-07T12:44:07.391000+00:00,9839,85,1276,0.8,0,32.0,27.1,55.0,1016.5
2025-12-07T12:45:07.404000+00:00,9839,101,1276,0.9,0,32.0,27.1,55.0,1016.5
2025-12-07T12:46:07.404000+00:00,9839,0,1276,1.1,0,32.0,27.1,56.0,1016.5
2025-12-07T12:47:07.419000+00:00,9839,97,1276,0.8,0,31.8,27.1,56.0,1016.5
2025-12-07T12:48:07.423000+00:00,9839,101,1276,1.1,0,31.7,27.1,55.0,1016.5
2025-12-07T12:49:07.444000+00:00,9839,161,1276,0.5,0,31.6,27.2,55.0,1016.5
2025-12-07T12:50:07.459000+00:00,9839,107,1276,0.6,0,31.4,27.2,55.0,1016.5
2025-12-07T12:51:07.451000+00:00,9839,62,1276,0.9,0,31.4,27.2,56.0,1016.5
2025-12-07T12:52:07.446000+00:00,9839,114,1276,1.0,0,31.0,27.2,55.0,1016.5
2025-12-07T12:53:07.463000+00:00,9839,351,1276,2.3,0,31.0,27.1,56.0,1016.4
2025-12-07T12:54:07.477000+00:00,9839,336,1276,2.0,0,30.3,27.1,56.0,1016.5
2025-12-07T12:55:07.462000+00:00,9839,352,1276,1.8,0,30.8,27.1,57.0,1016.4
2025-12-07T12:56:07.465000+00:00,9839,286,1276,2.4,0,30.3,27.1,57.0,1016.4
2025-12-07T12:57:07.481000+00:00,9839,326,1276,1.8,0,31.3,27.0,58.0,1016.5
2025-12-07T12:58:07.489000+00:00,9839,0,1276,1.5,0,31.8,27.0,57.0,1016.4
2025-12-07T12:59:07.482000+00:00,9839,336,1276,1.1,0,31.8,27.0,58.0,1016.4
2025-12-07T13:00:07.482000+00:00,9839,0,1276,0.9,0,31.6,26.9,58.0,1016.5
2025-12-07T13:01:07.486000+00:00,9839,68,1276,1.4,0,31.3,26.9,58.0,1016.5
2025-12-07T13:02:07.484000+00:00,9839,292,1276,1.4,0,31.2,26.9,59.0,1016.5
2025-12-07T13:03:07.485000+00:00,9839,10,1276,1.7,0,31.3,26.8,59.0,1016.5
2025-12-07T13:04:07.483000+00:00,9839,328,1276,2.9,0,31.4,26.8,60.0,1016.5
2025-12-07T13:05:07.487000+00:00,9839,310,1276,2.3,0,31.4,26.8,60.0,1016.5
2025-12-07T13:06:07.486000+00:00,9839,299,1276,2.3,0,31.5,26.8,60.0,1016.4
2025-12-07T13:07:07.491000+00:00,9839,306,1276,1.2,0,31.5,26.8,60.0,1016.5
2025-12-07T13:08:07.489000+00:00,9839,308,1276,2.0,0,31.4,26.8,60.0,1016.5
2025-12-07T13:09:07.490000+00:00,9839,337,1276,2.5,0,31.2,26.8,61.0,1016.5
2025-12-07T13:10:07.486000+00:00,9839,284,1276,2.9,0,31.3,26.8,61.0,1016.5
2025-12-07T13:11:07.491000+00:00,9839,310,1276,2.6,0,31.4,26.8,61.0,1016.5
2025-12-07T13:12:07.492000+00:00,9839,284,1276,3.1,0,31.4,26.7,61.0,1016.5
2025-12-07T13:13:07.494000+00:00,9839,304,1276,2.2,0,31.5,26.7,61.0,1016.6
2025-12-07T13:14:07.510000+00:00,9839,288,1276,1.7,0,31.5,26.7,61.0,1016.6
2025-12-07T13:15:07.491000+00:00,9839,310,1276,2.6,0,31.3,26.7,61.0,1016.5
2025-12-07T13:16:07.500000+00:00,9839,308,1276,1.8,0,31.4,26.7,61.0,1016.6
2025-12-07T13:17:07.494000+00:00,9839,278,1276,1.8,0,31.4,26.7,61.0,1016.5
2025-12-07T13:18:07.499000+00:00,9839,298,1276,2.1,0,31.3,26.7,61.0,1016.5
2025-12-07T13:19:07.497000+00:00,9839,275,1276,2.2,0,31.3,26.7,61.0,1016.5
2025-12-07T13:20:07.503000+00:00,9839,290,1276,0.8,0,31.3,26.7,62.0,1016.7
2025-12-07T13:21:07.501000+00:00,9839,356,1276,1.4,0,31.0,26.7,62.0,1016.6
2025-12-07T13:22:07.501000+00:00,9839,329,1276,2.4,0,31.2,26.7,62.0,1016.6
2025-12-07T13:23:07.508000+00:00,9839,291,1276,1.9,0,31.2,26.7,62.0,1016.6
2025-12-07T13:24:07.494000+00:00,9839,102,1276,1.8,0,31.1,26.6,62.0,1016.6
2025-12-07T13:25:07.502000+00:00,9839,0,1276,1.2,0,31.1,26.6,62.0,1016.5
2025-12-07T13:26:07.504000+00:00,9839,294,1276,0.8,0,30.8,26.6,62.0,1016.6
2025-12-07T13:27:07.524000+00:00,9839,11,1276,2.4,0,30.9,26.5,62.0,1016.6
2025-12-07T13:28:07.526000+00:00,9839,327,1276,2.0,0,30.9,26.5,62.0,1016.7
2025-12-07T13:29:07.539000+00:00,9839,295,1276,2.5,0,30.6,26.5,63.0,1016.6
2025-12-07T13:30:07.556000+00:00,9839,299,1276,2.1,0,30.6,26.5,62.0,1016.6
2025-12-07T13:31:07.574000+00:00,9839,307,1276,1.8,0,30.7,26.5,63.0,1016.7
2025-12-07T13:32:07.568000+00:00,9839,282,1276,2.1,0,30.5,26.5,63.0,1016.7
2025-12-07T13:33:07.592000+00:00,9839,332,1276,1.2,0,30.5,26.4,63.0,1016.7
2025-12-07T13:34:07.590000+00:00,9839,329,1276,0.7,0,30.5,26.4,63.0,1016.7
2025-12-07T13:35:07.611000+00:00,9839,273,1276,2.0,0,30.3,26.4,63.0,1016.8
2025-12-07T13:36:07.605000+00:00,9839,0,1276,1.8,0,30.4,26.4,63.0,1016.7
2025-12-07T13:37:07.627000+00:00,9839,316,1276,2.6,0,30.6,26.4,64.0,1016.7
2025-12-07T13:38:07.622000+00:00,9839,334,1276,2.4,0,30.4,26.4,64.0,1016.8
2025-12-07T13:39:07.620000+00:00,9839,320,1276,2.0,0,30.2,26.4,64.0,1016.8
2025-12-07T13:40:07.628000+00:00,9839,302,1276,1.8,0,30.3,26.4,64.0,1016.8
2025-12-07T13:41:07.634000+00:00,9839,7,1276,1.6,0,30.2,26.3,64.0,1016.8
2025-12-07T13:42:07.650000+00:00,9839,48,1276,1.1,0,30.2,26.3,64.0,1016.8
2025-12-07T13:43:07.639000+00:00,9839,291,1276,1.2,0,30.2,26.3,64.0,1016.9
2025-12-07T13:44:07.648000+00:00,9839,18,1276,1.2,0,30.1,26.3,64.0,1016.9
2025-12-07T13:45:07.633000+00:00,9839,317,1276,2.4,0,30.3,26.3,64.0,1016.9
2025-12-07T13:46:07.649000+00:00,9839,298,1276,1.9,0,30.3,26.3,64.0,1016.9
2025-12-07T13:47:07.649000+00:00,9839,290,1276,1.9,0,29.9,26.3,64.0,1016.9
2025-12-07T13:48:07.652000+00:00,9839,303,1276,1.9,0,30.1,26.3,64.0,1017.0
2025-12-07T13:49:07.651000+00:00,9839,310,1276,1.7,0,30.1,26.3,64.0,1016.9
2025-12-07T13:50:07.651000+00:00,9839,298,1276,2.5,0,29.8,26.3,64.0,1017.0
2025-12-07T13:51:07.651000+00:00,9839,286,1276,2.1,0,29.9,26.3,64.0,1016.9
2025-12-07T13:52:07.650000+00:00,9839,334,1276,1.0,0,30.0,26.2,64.0,1016.9
2025-12-07T13:53:07.656000+00:00,9839,307,1276,2.4,0,30.0,26.2,63.0,1017.0
2025-12-07T13:54:07.654000+00:00,9839,323,1276,1.9,0,30.0,26.2,64.0,1016.9
2025-12-07T13:55:07.651000+00:00,9839,291,1276,2.4,0,30.1,26.2,64.0,1017.0
2025-12-07T13:56:07.651000+00:00,9839,303,1276,2.4,0,29.8,26.2,64.0,1017.0
2025-12-07T13:57:07.652000+00:00,9839,326,1276,1.8,0,29.8,26.2,64.0,1017.1
2025-12-07T13:58:07.680000+00:00,9839,229,1276,1.7,0,29.7,26.2,64.0,1017.0
2025-12-07T13:59:07.677000+00:00,9839,303,1276,0.8,0,29.7,26.2,64.0,1017.1
2025-12-07T14:00:07.680000+00:00,9839,358,1276,1.2,0,29.7,26.2,64.0,1017.0
2025-12-07T14:01:07.694000+00:00,9839,302,1276,1.6,0,29.8,26.2,64.0,1017.0
2025-12-07T14:02:07.712000+00:00,9839,334,1276,2.3,0,29.6,26.2,64.0,1017.0
2025-12-07T14:03:07.713000+00:00,9839,325,1276,1.2,0,29.6,26.2,64.0,1017.0
2025-12-07T14:04:07.727000+00:00,9839,322,1276,1.0,0,29.6,26.1,64.0,1017.0
2025-12-07T14:05:07.732000+00:00,9839,78,1276,1.1,0,29.5,26.1,64.0,1017.0
2025-12-07T14:06:07.754000+00:00,9839,13,1276,1.2,0,29.5,26.1,64.0,1017.0
2025-12-07T14:07:07.754000+00:00,9839,286,1276,1.6,0,29.5,26.1,64.0,1017.0
2025-12-07T14:08:07.754000+00:00,9839,0,1276,0.8,0,29.4,26.1,64.0,1017.0
2025-12-07T14:09:07.770000+00:00,9839,337,1276,1.1,0,29.6,26.1,64.0,1017.0
2025-12-07T14:10:07.775000+00:00,9839,112,1276,1.1,0,29.7,26.1,64.0,1017.1
2025-12-07T14:11:07.800000+00:00,9839,0,1276,0.8,0,29.7,26.1,64.0,1017.1
2025-12-07T14:12:07.805000+00:00,9839,295,1276,1.4,0,29.7,26.1,64.0,1017.1
2025-12-07T14:13:07.803000+00:00,9839,290,1276,1.2,0,29.5,26.2,64.0,1017.1
2025-12-07T14:14:07.788000+00:00,9839,104,1276,1.2,0,29.5,26.1,64.0,1017.1
2025-12-07T14:15:07.796000+00:00,9839,101,1276,0.8,0,29.5,26.1,64.0,1017.1
2025-12-07T14:16:07.804000+00:00,9839,261,1276,1.2,0,29.5,26.1,65.0,1017.1
2025-12-07T14:17:07.808000+00:00,9839,85,1276,0.9,0,29.4,26.1,65.0,1017.1
2025-12-07T14:18:07.802000+00:00,9839,339,1276,0.9,0,29.4,26.1,65.0,1017.2
2025-12-07T14:19:07.808000+00:00,9839,140,1276,1.2,0,29.3,26.1,65.0,1017.1
2025-12-07T14:20:07.808000+00:00,9839,238,1276,1.3,0,29.3,26.1,65.0,1017.2
2025-12-07T14:21:07.811000+00:00,9839,134,1276,1.0,0,29.3,26.1,65.0,1017.2
2025-12-07T14:22:07.809000+00:00,9839,115,1276,1.1,0,29.5,26.1,65.0,1017.2
2025-12-07T14:23:08.033000+00:00,9839,125,1276,1.3,0,29.4,26.1,65.0,1017.2
2025-12-07T14:24:07.840000+00:00,9839,356,1276,1.1,0,29.6,26.1,65.0,1017.2
2025-12-07T14:25:07.846000+00:00,9839,287,1276,1.3,0,29.4,26.1,66.0,1017.2
2025-12-07T14:26:07.863000+00:00,9839,107,1276,1.3,0,29.3,26.1,66.0,1017.2
2025-12-07T14:27:07.855000+00:00,9839,166,1276,0.7,0,29.3,26.1,66.0,1017.1
2025-12-07T14:28:07.863000+00:00,9839,298,1276,0.9,0,29.3,26.0,66.0,1017.3
2025-12-07T14:29:07.893000+00:00,9839,93,1276,1.4,0,29.0,26.0,65.0,1017.2
2025-12-07T14:30:07.906000+00:00,9839,0,1276,0.8,0,29.0,26.0,66.0,1017.3
2025-12-07T14:31:07.910000+00:00,9839,104,1276,0.8,0,28.9,26.0,66.0,1017.3
2025-12-07T14:32:07.911000+00:00,9839,94,1276,1.5,0,28.8,26.0,66.0,1017.3
2025-12-07T14:33:07.911000+00:00,9839,107,1276,0.7,0,29.0,26.0,66.0,1017.3
2025-12-07T14:34:07.919000+00:00,9839,74,1276,1.6,0,28.9,26.0,66.0,1017.3
2025-12-07T14:35:07.945000+00:00,9839,88,1276,1.7,0,28.7,26.0,66.0,1017.4
2025-12-07T14:36:07.943000+00:00,9839,128,1276,1.4,0,28.9,26.0,66.0,1017.3
2025-12-07T14:37:07.949000+00:00,9839,101,1276,0.6,0,28.9,25.9,66.0,1017.4
2025-12-07T14:38:07.948000+00:00,9839,104,1276,1.2,0,29.0,25.9,66.0,1017.4
2025-12-07T14:39:07.948000+00:00,9839,84,1276,1.5,0,28.9,25.9,66.0,1017.3
